test,condition,hours,rms
2nd_test,accel_full,0.0,0.72052381
2nd_test,accel_full,0.1667,0.7377198
2nd_test,accel_full,0.3333,0.74552557
2nd_test,accel_full,0.5,0.77007661
2nd_test,accel_full,0.6667,0.76934157
2nd_test,accel_full,0.8333,0.76955684
2nd_test,accel_full,1.0,0.77079229
2nd_test,accel_full,1.1667,0.76203943
2nd_test,accel_full,1.3333,0.77313174
2nd_test,accel_full,1.5,0.74033175
2nd_test,accel_full,1.6667,0.7767546
2nd_test,accel_full,1.8333,0.76260779
2nd_test,accel_full,2.0,0.75680314
2nd_test,accel_full,2.1667,0.78037264
2nd_test,accel_full,2.3333,0.77553027
2nd_test,accel_full,2.5,0.77278948
2nd_test,accel_full,2.6667,0.76781326
2nd_test,accel_full,2.8333,0.76089585
2nd_test,accel_full,3.0,0.76189633
2nd_test,accel_full,3.1667,0.77341661
2nd_test,accel_full,3.3333,0.77558512
2nd_test,accel_full,3.5,0.77783649
2nd_test,accel_full,3.6667,0.77950616
2nd_test,accel_full,3.8333,0.78356081
2nd_test,accel_full,4.0,0.7771117
2nd_test,accel_full,4.1667,0.75931743
2nd_test,accel_full,4.3333,0.76305569
2nd_test,accel_full,4.5,0.75831157
2nd_test,accel_full,4.6667,0.76790784
2nd_test,accel_full,4.8333,0.77228244
2nd_test,accel_full,5.0,0.77205337
2nd_test,accel_full,5.1667,0.78654536
2nd_test,accel_full,5.3333,0.75846639
2nd_test,accel_full,5.5,0.77382773
2nd_test,accel_full,5.6667,0.7644867
2nd_test,accel_full,5.8333,0.76592737
2nd_test,accel_full,6.0,0.75285116
2nd_test,accel_full,6.1667,0.78165279
2nd_test,accel_full,6.3333,0.75999978
2nd_test,accel_full,6.5,0.76809162
2nd_test,accel_full,6.6667,0.76923679
2nd_test,accel_full,6.8333,0.77059893
2nd_test,accel_full,7.0,0.76104712
2nd_test,accel_full,7.1667,0.76507701
2nd_test,accel_full,7.3333,0.76442128
2nd_test,accel_full,7.5,0.74794906
2nd_test,accel_full,7.6667,0.7727875
2nd_test,accel_full,7.8333,0.75594928
2nd_test,accel_full,8.0,0.7654502
2nd_test,accel_full,8.1667,0.75459277
2nd_test,accel_full,8.3333,0.76905456
2nd_test,accel_full,8.5,0.76852449
2nd_test,accel_full,8.6667,0.77827771
2nd_test,accel_full,8.8333,0.75276021
2nd_test,accel_full,9.0,0.75040261
2nd_test,accel_full,9.1667,0.76253832
2nd_test,accel_full,9.3333,0.75557991
2nd_test,accel_full,9.5,0.7573996
2nd_test,accel_full,9.6667,0.74533396
2nd_test,accel_full,9.8333,0.76441659
2nd_test,accel_full,10.0,0.77159158
2nd_test,accel_full,10.1667,0.75635103
2nd_test,accel_full,10.3333,0.77737019
2nd_test,accel_full,10.5,0.75009453
2nd_test,accel_full,10.6667,0.753405
2nd_test,accel_full,10.8333,0.75243148
2nd_test,accel_full,11.0,0.75974502
2nd_test,accel_full,11.1667,0.75009361
2nd_test,accel_full,11.3333,0.7534762
2nd_test,accel_full,11.5,0.75589277
2nd_test,accel_full,11.6667,0.74396945
2nd_test,accel_full,11.8333,0.75091782
2nd_test,accel_full,12.0,0.75798793
2nd_test,accel_full,12.1667,0.76408596
2nd_test,accel_full,12.3333,0.77217329
2nd_test,accel_full,12.5,0.76005004
2nd_test,accel_full,12.6667,0.75277088
2nd_test,accel_full,12.8333,0.7655333
2nd_test,accel_full,13.0,0.75245732
2nd_test,accel_full,13.1667,0.75813869
2nd_test,accel_full,13.3333,0.75629307
2nd_test,accel_full,13.5,0.73317095
2nd_test,accel_full,13.6667,0.75638373
2nd_test,accel_full,13.8333,0.7521503
2nd_test,accel_full,14.0,0.75954214
2nd_test,accel_full,14.1667,0.75760114
2nd_test,accel_full,14.3333,0.75315616
2nd_test,accel_full,14.5,0.73039597
2nd_test,accel_full,14.6667,0.76062639
2nd_test,accel_full,14.8333,0.76278957
2nd_test,accel_full,15.0,0.76895306
2nd_test,accel_full,15.1667,0.74609003
2nd_test,accel_full,15.3333,0.75087309
2nd_test,accel_full,15.5,0.73535532
2nd_test,accel_full,15.6667,0.7652271
2nd_test,accel_full,15.8333,0.75669515
2nd_test,accel_full,16.0,0.76875311
2nd_test,accel_full,16.1667,0.74950258
2nd_test,accel_full,16.3333,0.76017581
2nd_test,accel_full,16.5,0.74322715
2nd_test,accel_full,16.6667,0.76066418
2nd_test,accel_full,16.8333,0.74975888
2nd_test,accel_full,17.0,0.74958685
2nd_test,accel_full,17.1667,0.74930998
2nd_test,accel_full,17.3333,0.75766119
2nd_test,accel_full,17.5,0.76240934
2nd_test,accel_full,17.6667,0.75353795
2nd_test,accel_full,17.8333,0.74576271
2nd_test,accel_full,18.0,0.74413366
2nd_test,accel_full,18.1667,0.75948018
2nd_test,accel_full,18.3333,0.75067556
2nd_test,accel_full,18.5,0.74735653
2nd_test,accel_full,18.6667,0.76242162
2nd_test,accel_full,18.8333,0.74483984
2nd_test,accel_full,19.0,0.75148904
2nd_test,accel_full,19.1667,0.73966292
2nd_test,accel_full,19.3333,0.77425691
2nd_test,accel_full,19.5,0.75535432
2nd_test,accel_full,19.6667,0.76357702
2nd_test,accel_full,19.8333,0.75508006
2nd_test,accel_full,20.0,0.75303232
2nd_test,accel_full,20.1667,0.76290705
2nd_test,accel_full,20.3333,0.76154838
2nd_test,accel_full,20.5,0.7755597
2nd_test,accel_full,20.6667,0.74847402
2nd_test,accel_full,20.8333,0.75191052
2nd_test,accel_full,21.0,0.74547565
2nd_test,accel_full,21.1667,0.74782173
2nd_test,accel_full,21.3333,0.7478028
2nd_test,accel_full,21.5,0.73293717
2nd_test,accel_full,21.6667,0.74209387
2nd_test,accel_full,21.8333,0.74743921
2nd_test,accel_full,22.0,0.74594152
2nd_test,accel_full,22.1667,0.75315706
2nd_test,accel_full,22.3333,0.76038398
2nd_test,accel_full,22.5,0.76428926
2nd_test,accel_full,22.6667,0.76225113
2nd_test,accel_full,22.8333,0.74811533
2nd_test,accel_full,23.0,0.76306005
2nd_test,accel_full,23.1667,0.73804169
2nd_test,accel_full,23.3333,0.75255622
2nd_test,accel_full,23.5,0.75963896
2nd_test,accel_full,23.6667,0.75198137
2nd_test,accel_full,23.8333,0.75147198
2nd_test,accel_full,24.0,0.74452401
2nd_test,accel_full,24.1667,0.74484184
2nd_test,accel_full,24.3333,0.74475458
2nd_test,accel_full,24.5,0.73997062
2nd_test,accel_full,24.6667,0.74799293
2nd_test,accel_full,24.8333,0.75268028
2nd_test,accel_full,25.0,0.73627287
2nd_test,accel_full,25.1667,0.76955215
2nd_test,accel_full,25.3333,0.7538295
2nd_test,accel_full,25.5,0.74978716
2nd_test,accel_full,25.6667,0.74883616
2nd_test,accel_full,25.8333,0.7580149
2nd_test,accel_full,26.0,0.7708643
2nd_test,accel_full,26.1667,0.77285992
2nd_test,accel_full,26.3333,0.75401439
2nd_test,accel_full,26.5,0.75728316
2nd_test,accel_full,26.6667,0.7488824
2nd_test,accel_full,26.8333,0.76954321
2nd_test,accel_full,27.0,0.75407804
2nd_test,accel_full,27.1667,0.75819267
2nd_test,accel_full,27.3333,0.7445292
2nd_test,accel_full,27.5,0.76143614
2nd_test,accel_full,27.6667,0.75655742
2nd_test,accel_full,27.8333,0.76107404
2nd_test,accel_full,28.0,0.76220133
2nd_test,accel_full,28.1667,0.75667166
2nd_test,accel_full,28.3333,0.74808441
2nd_test,accel_full,28.5,0.76484544
2nd_test,accel_full,28.6667,0.74729924
2nd_test,accel_full,28.8333,0.73886214
2nd_test,accel_full,29.0,0.75285375
2nd_test,accel_full,29.1667,0.73998602
2nd_test,accel_full,29.3333,0.76863551
2nd_test,accel_full,29.5,0.7399784
2nd_test,accel_full,29.6667,0.74059053
2nd_test,accel_full,29.8333,0.74994776
2nd_test,accel_full,30.0,0.75041138
2nd_test,accel_full,30.1667,0.74238367
2nd_test,accel_full,30.3333,0.73689466
2nd_test,accel_full,30.5,0.76465021
2nd_test,accel_full,30.6667,0.74756204
2nd_test,accel_full,30.8333,0.7629353
2nd_test,accel_full,31.0,0.75007902
2nd_test,accel_full,31.1667,0.77196628
2nd_test,accel_full,31.3333,0.74040032
2nd_test,accel_full,31.5,0.75684762
2nd_test,accel_full,31.6667,0.7371508
2nd_test,accel_full,31.8333,0.75977102
2nd_test,accel_full,32.0,0.75619537
2nd_test,accel_full,32.1667,0.76094233
2nd_test,accel_full,32.3333,0.76082093
2nd_test,accel_full,32.5,0.75087436
2nd_test,accel_full,32.6667,0.74742415
2nd_test,accel_full,32.8333,0.73558046
2nd_test,accel_full,33.0,0.75002036
2nd_test,accel_full,33.1667,0.75196775
2nd_test,accel_full,33.3333,0.77024717
2nd_test,accel_full,33.5,0.7540211
2nd_test,accel_full,33.6667,0.75177311
2nd_test,accel_full,33.8333,0.75861102
2nd_test,accel_full,34.0,0.74320783
2nd_test,accel_full,34.1667,0.74297758
2nd_test,accel_full,34.3333,0.74302121
2nd_test,accel_full,34.5,0.75519235
2nd_test,accel_full,34.6667,0.75006473
2nd_test,accel_full,34.8333,0.75109506
2nd_test,accel_full,35.0,0.74938362
2nd_test,accel_full,35.1667,0.76088999
2nd_test,accel_full,35.3333,0.75717279
2nd_test,accel_full,35.5,0.75202162
2nd_test,accel_full,35.6667,0.77212226
2nd_test,accel_full,35.8333,0.75731055
2nd_test,accel_full,36.0,0.75506598
2nd_test,accel_full,36.1667,0.75794142
2nd_test,accel_full,36.3333,0.76071426
2nd_test,accel_full,36.5,0.76881713
2nd_test,accel_full,36.6667,0.75954361
2nd_test,accel_full,36.8333,0.7542053
2nd_test,accel_full,37.0,0.7457953
2nd_test,accel_full,37.1667,0.75821586
2nd_test,accel_full,37.3333,0.75752596
2nd_test,accel_full,37.5,0.75502578
2nd_test,accel_full,37.6667,0.74880294
2nd_test,accel_full,37.8333,0.74688029
2nd_test,accel_full,38.0,0.76638729
2nd_test,accel_full,38.1667,0.7561468
2nd_test,accel_full,38.3333,0.7569357
2nd_test,accel_full,38.5,0.76314241
2nd_test,accel_full,38.6667,0.74457687
2nd_test,accel_full,38.8333,0.76289436
2nd_test,accel_full,39.0,0.74892499
2nd_test,accel_full,39.1667,0.76435001
2nd_test,accel_full,39.3333,0.76525883
2nd_test,accel_full,39.5,0.7680701
2nd_test,accel_full,39.6667,0.75916132
2nd_test,accel_full,39.8333,0.75579396
2nd_test,accel_full,40.0,0.76007019
2nd_test,accel_full,40.1667,0.74768175
2nd_test,accel_full,40.3333,0.75300839
2nd_test,accel_full,40.5,0.74147138
2nd_test,accel_full,40.6667,0.75446561
2nd_test,accel_full,40.8333,0.76493
2nd_test,accel_full,41.0,0.74702887
2nd_test,accel_full,41.1667,0.75694443
2nd_test,accel_full,41.3333,0.74316702
2nd_test,accel_full,41.5,0.74714898
2nd_test,accel_full,41.6667,0.74132929
2nd_test,accel_full,41.8333,0.74337704
2nd_test,accel_full,42.0,0.76908008
2nd_test,accel_full,42.1667,0.74802414
2nd_test,accel_full,42.3333,0.74957046
2nd_test,accel_full,42.5,0.7550061
2nd_test,accel_full,42.6667,0.75083461
2nd_test,accel_full,42.8333,0.75523797
2nd_test,accel_full,43.0,0.74032182
2nd_test,accel_full,43.1667,0.76786117
2nd_test,accel_full,43.3333,0.75710784
2nd_test,accel_full,43.5,0.75870393
2nd_test,accel_full,43.6667,0.75617768
2nd_test,accel_full,43.8333,0.7412102
2nd_test,accel_full,44.0,0.74424235
2nd_test,accel_full,44.1667,0.77114191
2nd_test,accel_full,44.3333,0.76278882
2nd_test,accel_full,44.5,0.76129181
2nd_test,accel_full,44.6667,0.76137292
2nd_test,accel_full,44.8333,0.74326391
2nd_test,accel_full,45.0,0.74762074
2nd_test,accel_full,45.1667,0.75764242
2nd_test,accel_full,45.3333,0.7710682
2nd_test,accel_full,45.5,0.74672984
2nd_test,accel_full,45.6667,0.76638673
2nd_test,accel_full,45.8333,0.76784914
2nd_test,accel_full,46.0,0.77084138
2nd_test,accel_full,46.1667,0.75529955
2nd_test,accel_full,46.3333,0.77260957
2nd_test,accel_full,46.5,0.74636766
2nd_test,accel_full,46.6667,0.76035063
2nd_test,accel_full,46.8333,0.75465105
2nd_test,accel_full,47.0,0.75260927
2nd_test,accel_full,47.1667,0.76224137
2nd_test,accel_full,47.3333,0.76315112
2nd_test,accel_full,47.5,0.74591005
2nd_test,accel_full,47.6667,0.76258233
2nd_test,accel_full,47.8333,0.74622758
2nd_test,accel_full,48.0,0.7550233
2nd_test,accel_full,48.1667,0.74629887
2nd_test,accel_full,48.3333,0.75706727
2nd_test,accel_full,48.5,0.75487036
2nd_test,accel_full,48.6667,0.76152481
2nd_test,accel_full,48.8333,0.75498104
2nd_test,accel_full,49.0,0.76468714
2nd_test,accel_full,49.1667,0.74947325
2nd_test,accel_full,49.3333,0.77098627
2nd_test,accel_full,49.5,0.7630046
2nd_test,accel_full,49.6667,0.75695213
2nd_test,accel_full,49.8333,0.76479391
2nd_test,accel_full,50.0,0.77757011
2nd_test,accel_full,50.1667,0.73681917
2nd_test,accel_full,50.3333,0.75265254
2nd_test,accel_full,50.5,0.74722177
2nd_test,accel_full,50.6667,0.76793214
2nd_test,accel_full,50.8333,0.75316205
2nd_test,accel_full,51.0,0.76119548
2nd_test,accel_full,51.1667,0.75600623
2nd_test,accel_full,51.3333,0.74414444
2nd_test,accel_full,51.5,0.76036602
2nd_test,accel_full,51.6667,0.76530887
2nd_test,accel_full,51.8333,0.77071987
2nd_test,accel_full,52.0,0.76218588
2nd_test,accel_full,52.1667,0.74996913
2nd_test,accel_full,52.3333,0.76049261
2nd_test,accel_full,52.5,0.75028163
2nd_test,accel_full,52.6667,0.76681924
2nd_test,accel_full,52.8333,0.7498049
2nd_test,accel_full,53.0,0.75343401
2nd_test,accel_full,53.1667,0.75000026
2nd_test,accel_full,53.3333,0.76656554
2nd_test,accel_full,53.5,0.7681421
2nd_test,accel_full,53.6667,0.74354562
2nd_test,accel_full,53.8333,0.75706977
2nd_test,accel_full,54.0,0.75927695
2nd_test,accel_full,54.1667,0.74908531
2nd_test,accel_full,54.3333,0.77057692
2nd_test,accel_full,54.5,0.74139346
2nd_test,accel_full,54.6667,0.76175114
2nd_test,accel_full,54.8333,0.76777651
2nd_test,accel_full,55.0,0.75903693
2nd_test,accel_full,55.1667,0.75260646
2nd_test,accel_full,55.3333,0.73491748
2nd_test,accel_full,55.5,0.73427877
2nd_test,accel_full,55.6667,0.7487501
2nd_test,accel_full,55.8333,0.76345339
2nd_test,accel_full,56.0,0.73821517
2nd_test,accel_full,56.1667,0.77663398
2nd_test,accel_full,56.3333,0.76508061
2nd_test,accel_full,56.5,0.76618324
2nd_test,accel_full,56.6667,0.75890745
2nd_test,accel_full,56.8333,0.75250856
2nd_test,accel_full,57.0,0.75203868
2nd_test,accel_full,57.1667,0.75658406
2nd_test,accel_full,57.3333,0.75008811
2nd_test,accel_full,57.5,0.76484699
2nd_test,accel_full,57.6667,0.75120986
2nd_test,accel_full,57.8333,0.76952747
2nd_test,accel_full,58.0,0.75816276
2nd_test,accel_full,58.1667,0.7497267
2nd_test,accel_full,58.3333,0.73853197
2nd_test,accel_full,58.5,0.74979461
2nd_test,accel_full,58.6667,0.75886564
2nd_test,accel_full,58.8333,0.75204233
2nd_test,accel_full,59.0,0.76332467
2nd_test,accel_full,59.1667,0.7457903
2nd_test,accel_full,59.3333,0.76857731
2nd_test,accel_full,59.5,0.7696085
2nd_test,accel_full,59.6667,0.74869597
2nd_test,accel_full,59.8333,0.76273254
2nd_test,accel_full,60.0,0.74498013
2nd_test,accel_full,60.1667,0.73902826
2nd_test,accel_full,60.3333,0.75265303
2nd_test,accel_full,60.5,0.76134762
2nd_test,accel_full,60.6667,0.75851112
2nd_test,accel_full,60.8333,0.74797272
2nd_test,accel_full,61.0,0.75837561
2nd_test,accel_full,61.1667,0.75982567
2nd_test,accel_full,61.3333,0.75484357
2nd_test,accel_full,61.5,0.76810036
2nd_test,accel_full,61.6667,0.74341249
2nd_test,accel_full,61.8333,0.73465209
2nd_test,accel_full,62.0,0.74482598
2nd_test,accel_full,62.1667,0.76401501
2nd_test,accel_full,62.3333,0.76288835
2nd_test,accel_full,62.5,0.74586995
2nd_test,accel_full,62.6667,0.76441811
2nd_test,accel_full,62.8333,0.75326356
2nd_test,accel_full,63.0,0.75250121
2nd_test,accel_full,63.1667,0.74403618
2nd_test,accel_full,63.3333,0.77072302
2nd_test,accel_full,63.5,0.7578187
2nd_test,accel_full,63.6667,0.75872034
2nd_test,accel_full,63.8333,0.75320014
2nd_test,accel_full,64.0,0.73629548
2nd_test,accel_full,64.1667,0.75188302
2nd_test,accel_full,64.3333,0.74698031
2nd_test,accel_full,64.5,0.74388648
2nd_test,accel_full,64.6667,0.73430328
2nd_test,accel_full,64.8333,0.7626242
2nd_test,accel_full,65.0,0.76314785
2nd_test,accel_full,65.1667,0.76351223
2nd_test,accel_full,65.3333,0.76263184
2nd_test,accel_full,65.5,0.77295775
2nd_test,accel_full,65.6667,0.77119795
2nd_test,accel_full,65.8333,0.75399679
2nd_test,accel_full,66.0,0.75313683
2nd_test,accel_full,66.1667,0.76982871
2nd_test,accel_full,66.3333,0.725207
2nd_test,accel_full,66.5,0.75444637
2nd_test,accel_full,66.6667,0.75963978
2nd_test,accel_full,66.8333,0.7383764
2nd_test,accel_full,67.0,0.74951373
2nd_test,accel_full,67.1667,0.72572113
2nd_test,accel_full,67.3333,0.7579033
2nd_test,accel_full,67.5,0.74875636
2nd_test,accel_full,67.6667,0.75039428
2nd_test,accel_full,67.8333,0.74720723
2nd_test,accel_full,68.0,0.74664253
2nd_test,accel_full,68.1667,0.74703696
2nd_test,accel_full,68.3333,0.75546003
2nd_test,accel_full,68.5,0.75837033
2nd_test,accel_full,68.6667,0.74532843
2nd_test,accel_full,68.8333,0.74843268
2nd_test,accel_full,69.0,0.75372967
2nd_test,accel_full,69.1667,0.75562879
2nd_test,accel_full,69.3333,0.7583771
2nd_test,accel_full,69.5,0.76297714
2nd_test,accel_full,69.6667,0.75242573
2nd_test,accel_full,69.8333,0.74883061
2nd_test,accel_full,70.0,0.74770919
2nd_test,accel_full,70.1667,0.76579367
2nd_test,accel_full,70.3333,0.75434878
2nd_test,accel_full,70.5,0.75080446
2nd_test,accel_full,70.6667,0.74682652
2nd_test,accel_full,70.8333,0.76192414
2nd_test,accel_full,71.0,0.75709576
2nd_test,accel_full,71.1667,0.74445575
2nd_test,accel_full,71.3333,0.74626464
2nd_test,accel_full,71.5,0.75207777
2nd_test,accel_full,71.6667,0.7614406
2nd_test,accel_full,71.8333,0.75988937
2nd_test,accel_full,72.0,0.75456731
2nd_test,accel_full,72.1667,0.74934362
2nd_test,accel_full,72.3333,0.76374653
2nd_test,accel_full,72.5,0.76316163
2nd_test,accel_full,72.6667,0.75465903
2nd_test,accel_full,72.8333,0.75147111
2nd_test,accel_full,73.0,0.76422697
2nd_test,accel_full,73.1667,0.7650599
2nd_test,accel_full,73.3333,0.75680172
2nd_test,accel_full,73.5,0.75615157
2nd_test,accel_full,73.6667,0.7552481
2nd_test,accel_full,73.8333,0.75134187
2nd_test,accel_full,74.0,0.75874835
2nd_test,accel_full,74.1667,0.76711351
2nd_test,accel_full,74.3333,0.76548128
2nd_test,accel_full,74.5,0.77126536
2nd_test,accel_full,74.6667,0.74430905
2nd_test,accel_full,74.8333,0.74221595
2nd_test,accel_full,75.0,0.75319143
2nd_test,accel_full,75.1667,0.77347873
2nd_test,accel_full,75.3333,0.75258812
2nd_test,accel_full,75.5,0.77082964
2nd_test,accel_full,75.6667,0.77622286
2nd_test,accel_full,75.8333,0.77067037
2nd_test,accel_full,76.0,0.76135688
2nd_test,accel_full,76.1667,0.75656897
2nd_test,accel_full,76.3333,0.77673244
2nd_test,accel_full,76.5,0.7700006
2nd_test,accel_full,76.6667,0.76354977
2nd_test,accel_full,76.8333,0.77741551
2nd_test,accel_full,77.0,0.76482907
2nd_test,accel_full,77.1667,0.7588749
2nd_test,accel_full,77.3333,0.75617973
2nd_test,accel_full,77.5,0.74178937
2nd_test,accel_full,77.6667,0.75801158
2nd_test,accel_full,77.8333,0.74875375
2nd_test,accel_full,78.0,0.76363425
2nd_test,accel_full,78.1667,0.74147356
2nd_test,accel_full,78.3333,0.75536758
2nd_test,accel_full,78.5,0.75618844
2nd_test,accel_full,78.6667,0.76916031
2nd_test,accel_full,78.8333,0.74300407
2nd_test,accel_full,79.0,0.76958987
2nd_test,accel_full,79.1667,0.76333648
2nd_test,accel_full,79.3333,0.75047351
2nd_test,accel_full,79.5,0.75658257
2nd_test,accel_full,79.6667,0.75093361
2nd_test,accel_full,79.8333,0.76188389
2nd_test,accel_full,80.0,0.74322249
2nd_test,accel_full,80.1667,0.75086406
2nd_test,accel_full,80.3333,0.75295827
2nd_test,accel_full,80.5,0.7396296
2nd_test,accel_full,80.6667,0.75187609
2nd_test,accel_full,80.8333,0.75100605
2nd_test,accel_full,81.0,0.74575048
2nd_test,accel_full,81.1667,0.74163615
2nd_test,accel_full,81.3333,0.76985741
2nd_test,accel_full,81.5,0.73238564
2nd_test,accel_full,81.6667,0.74081493
2nd_test,accel_full,81.8333,0.76032694
2nd_test,accel_full,82.0,0.76233951
2nd_test,accel_full,82.1667,0.76509966
2nd_test,accel_full,82.3333,0.74452536
2nd_test,accel_full,82.5,0.75822935
2nd_test,accel_full,82.6667,0.75233209
2nd_test,accel_full,82.8333,0.7666312
2nd_test,accel_full,83.0,0.7550279
2nd_test,accel_full,83.1667,0.75195692
2nd_test,accel_full,83.3333,0.74422485
2nd_test,accel_full,83.5,0.76029236
2nd_test,accel_full,83.6667,0.76483796
2nd_test,accel_full,83.8333,0.76052601
2nd_test,accel_full,84.0,0.77535743
2nd_test,accel_full,84.1667,0.75928099
2nd_test,accel_full,84.3333,0.77082728
2nd_test,accel_full,84.5,0.77403779
2nd_test,accel_full,84.6667,0.77650813
2nd_test,accel_full,84.8333,0.76601867
2nd_test,accel_full,85.0,0.7624063
2nd_test,accel_full,85.1667,0.75861361
2nd_test,accel_full,85.3333,0.79734246
2nd_test,accel_full,85.5,0.75277677
2nd_test,accel_full,85.6667,0.76511968
2nd_test,accel_full,85.8333,0.75726097
2nd_test,accel_full,86.0,0.77082727
2nd_test,accel_full,86.1667,0.75867218
2nd_test,accel_full,86.3333,0.74073166
2nd_test,accel_full,86.5,0.76406165
2nd_test,accel_full,86.6667,0.77338086
2nd_test,accel_full,86.8333,0.7465677
2nd_test,accel_full,87.0,0.76737077
2nd_test,accel_full,87.1667,0.77736707
2nd_test,accel_full,87.3333,0.77979588
2nd_test,accel_full,87.5,0.78420535
2nd_test,accel_full,87.6667,0.76375882
2nd_test,accel_full,87.8333,0.77026758
2nd_test,accel_full,88.0,0.76651539
2nd_test,accel_full,88.1667,0.76345293
2nd_test,accel_full,88.3333,0.77821073
2nd_test,accel_full,88.5,0.75462985
2nd_test,accel_full,88.6667,0.80472124
2nd_test,accel_full,88.8333,0.82672957
2nd_test,accel_full,89.0,0.82628356
2nd_test,accel_full,89.1667,0.8129034
2nd_test,accel_full,89.3333,0.80682707
2nd_test,accel_full,89.5,0.82857632
2nd_test,accel_full,89.6667,0.84124446
2nd_test,accel_full,89.8333,0.82646733
2nd_test,accel_full,90.0,0.80804525
2nd_test,accel_full,90.1667,0.8204249
2nd_test,accel_full,90.3333,0.81975465
2nd_test,accel_full,90.5,0.8372099
2nd_test,accel_full,90.6667,0.82469577
2nd_test,accel_full,90.8333,0.85175707
2nd_test,accel_full,91.0,0.83199104
2nd_test,accel_full,91.1667,0.83551942
2nd_test,accel_full,91.3333,0.85312095
2nd_test,accel_full,91.5,0.85311356
2nd_test,accel_full,91.6667,0.86275057
2nd_test,accel_full,91.8333,0.84028544
2nd_test,accel_full,92.0,0.8363245
2nd_test,accel_full,92.1667,0.8515108
2nd_test,accel_full,92.3333,0.85759148
2nd_test,accel_full,92.5,0.86688188
2nd_test,accel_full,92.6667,0.84250248
2nd_test,accel_full,92.8333,0.87481706
2nd_test,accel_full,93.0,0.83964316
2nd_test,accel_full,93.1667,0.86634667
2nd_test,accel_full,93.3333,0.87115219
2nd_test,accel_full,93.5,0.85478833
2nd_test,accel_full,93.6667,0.85792799
2nd_test,accel_full,93.8333,0.87002166
2nd_test,accel_full,94.0,0.84429146
2nd_test,accel_full,94.1667,0.86602736
2nd_test,accel_full,94.3333,0.85985918
2nd_test,accel_full,94.5,0.85048061
2nd_test,accel_full,94.6667,0.85154237
2nd_test,accel_full,94.8333,0.86775211
2nd_test,accel_full,95.0,0.86376079
2nd_test,accel_full,95.1667,0.88134826
2nd_test,accel_full,95.3333,0.86669701
2nd_test,accel_full,95.5,0.85878338
2nd_test,accel_full,95.6667,0.87473463
2nd_test,accel_full,95.8333,0.87524712
2nd_test,accel_full,96.0,0.8645187
2nd_test,accel_full,96.1667,0.8666243
2nd_test,accel_full,96.3333,0.88386155
2nd_test,accel_full,96.5,0.88944236
2nd_test,accel_full,96.6667,0.88170379
2nd_test,accel_full,96.8333,0.89363916
2nd_test,accel_full,97.0,0.88228867
2nd_test,accel_full,97.1667,0.90465553
2nd_test,accel_full,97.3333,0.8741577
2nd_test,accel_full,97.5,0.87797034
2nd_test,accel_full,97.6667,0.89351122
2nd_test,accel_full,97.8333,0.902457
2nd_test,accel_full,98.0,0.88100878
2nd_test,accel_full,98.1667,0.89504668
2nd_test,accel_full,98.3333,0.89119736
2nd_test,accel_full,98.5,0.87914719
2nd_test,accel_full,98.6667,0.88245625
2nd_test,accel_full,98.8333,0.8955474
2nd_test,accel_full,99.0,0.90003048
2nd_test,accel_full,99.1667,0.88566933
2nd_test,accel_full,99.3333,0.89705509
2nd_test,accel_full,99.5,0.89827223
2nd_test,accel_full,99.6667,0.88582804
2nd_test,accel_full,99.8333,0.89306477
2nd_test,accel_full,100.0,0.89443579
2nd_test,accel_full,100.1667,0.91186424
2nd_test,accel_full,100.3333,0.90166767
2nd_test,accel_full,100.5,0.90348556
2nd_test,accel_full,100.6667,0.90138513
2nd_test,accel_full,100.8333,0.91360207
2nd_test,accel_full,101.0,0.91558738
2nd_test,accel_full,101.1667,0.9167918
2nd_test,accel_full,101.3333,0.92590611
2nd_test,accel_full,101.5,0.93132951
2nd_test,accel_full,101.6667,0.93991461
2nd_test,accel_full,101.8333,0.92619233
2nd_test,accel_full,102.0,0.93019228
2nd_test,accel_full,102.1667,0.9382947
2nd_test,accel_full,102.3333,0.94056712
2nd_test,accel_full,102.5,0.94299569
2nd_test,accel_full,102.6667,0.93060147
2nd_test,accel_full,102.8333,0.93754951
2nd_test,accel_full,103.0,0.93089429
2nd_test,accel_full,103.1667,0.92360391
2nd_test,accel_full,103.3333,0.91633556
2nd_test,accel_full,103.5,0.96453604
2nd_test,accel_full,103.6667,0.93204171
2nd_test,accel_full,103.8333,0.93523716
2nd_test,accel_full,104.0,0.95098196
2nd_test,accel_full,104.1667,0.94377203
2nd_test,accel_full,104.3333,0.94138146
2nd_test,accel_full,104.5,0.94404098
2nd_test,accel_full,104.6667,0.93763515
2nd_test,accel_full,104.8333,0.94141573
2nd_test,accel_full,105.0,0.91733024
2nd_test,accel_full,105.1667,0.95791194
2nd_test,accel_full,105.3333,0.95265574
2nd_test,accel_full,105.5,0.92240001
2nd_test,accel_full,105.6667,0.94471354
2nd_test,accel_full,105.8333,0.93782636
2nd_test,accel_full,106.0,0.95682891
2nd_test,accel_full,106.1667,0.95861102
2nd_test,accel_full,106.3333,0.92837263
2nd_test,accel_full,106.5,0.95568557
2nd_test,accel_full,106.6667,0.96566531
2nd_test,accel_full,106.8333,0.97367319
2nd_test,accel_full,107.0,0.96303193
2nd_test,accel_full,107.1667,0.96120677
2nd_test,accel_full,107.3333,0.96063584
2nd_test,accel_full,107.5,0.95245198
2nd_test,accel_full,107.6667,0.96583465
2nd_test,accel_full,107.8333,1.016136
2nd_test,accel_full,108.0,1.0439438
2nd_test,accel_full,108.1667,1.0306033
2nd_test,accel_full,108.3333,1.0301525
2nd_test,accel_full,108.5,1.0397424
2nd_test,accel_full,108.6667,1.0229934
2nd_test,accel_full,108.8333,1.037183
2nd_test,accel_full,109.0,1.0418391
2nd_test,accel_full,109.1667,1.0122063
2nd_test,accel_full,109.3333,1.0370194
2nd_test,accel_full,109.5,1.0387518
2nd_test,accel_full,109.6667,1.0268897
2nd_test,accel_full,109.8333,1.0358105
2nd_test,accel_full,110.0,1.0244618
2nd_test,accel_full,110.1667,1.0450457
2nd_test,accel_full,110.3333,1.0426853
2nd_test,accel_full,110.5,1.027222
2nd_test,accel_full,110.6667,1.0206416
2nd_test,accel_full,110.8333,1.0401149
2nd_test,accel_full,111.0,1.0478318
2nd_test,accel_full,111.1667,1.0268976
2nd_test,accel_full,111.3333,1.0162998
2nd_test,accel_full,111.5,1.0389527
2nd_test,accel_full,111.6667,1.0415977
2nd_test,accel_full,111.8333,1.028935
2nd_test,accel_full,112.0,1.0067995
2nd_test,accel_full,112.1667,0.9975375
2nd_test,accel_full,112.3333,1.0272348
2nd_test,accel_full,112.5,1.0097931
2nd_test,accel_full,112.6667,1.0222401
2nd_test,accel_full,112.8333,1.0301022
2nd_test,accel_full,113.0,1.0333413
2nd_test,accel_full,113.1667,1.0107637
2nd_test,accel_full,113.3333,1.0188056
2nd_test,accel_full,113.5,1.0271554
2nd_test,accel_full,113.6667,1.0289998
2nd_test,accel_full,113.8333,1.0230103
2nd_test,accel_full,114.0,1.0332366
2nd_test,accel_full,114.1667,1.0526762
2nd_test,accel_full,114.3333,1.052882
2nd_test,accel_full,114.5,1.0299049
2nd_test,accel_full,114.6667,1.0328515
2nd_test,accel_full,114.8333,1.0380471
2nd_test,accel_full,115.0,1.0330836
2nd_test,accel_full,115.1667,1.0472281
2nd_test,accel_full,115.3333,1.050365
2nd_test,accel_full,115.5,1.0583592
2nd_test,accel_full,115.6667,1.0473258
2nd_test,accel_full,115.8333,1.0362012
2nd_test,accel_full,116.0,1.0535809
2nd_test,accel_full,116.1667,1.0697414
2nd_test,accel_full,116.3333,1.044461
2nd_test,accel_full,116.5,1.076589
2nd_test,accel_full,116.6667,1.1064546
2nd_test,accel_full,116.8333,1.1818745
2nd_test,accel_full,117.0,1.6382156
2nd_test,accel_full,117.1667,1.6832454
2nd_test,accel_full,117.3333,1.7047365
2nd_test,accel_full,117.5,1.681758
2nd_test,accel_full,117.6667,1.6581622
2nd_test,accel_full,117.8333,1.7025104
2nd_test,accel_full,118.0,1.6559432
2nd_test,accel_full,118.1667,1.6349519
2nd_test,accel_full,118.3333,1.6921312
2nd_test,accel_full,118.5,1.6680702
2nd_test,accel_full,118.6667,1.6562946
2nd_test,accel_full,118.8333,1.6503919
2nd_test,accel_full,119.0,1.6600795
2nd_test,accel_full,119.1667,1.6658418
2nd_test,accel_full,119.3333,1.6129713
2nd_test,accel_full,119.5,1.6239251
2nd_test,accel_full,119.6667,1.6171833
2nd_test,accel_full,119.8333,1.6482704
2nd_test,accel_full,120.0,1.6109442
2nd_test,accel_full,120.1667,1.6221677
2nd_test,accel_full,120.3333,1.6089802
2nd_test,accel_full,120.5,1.6037002
2nd_test,accel_full,120.6667,1.6020588
2nd_test,accel_full,120.8333,1.6500847
2nd_test,accel_full,121.0,1.6412059
2nd_test,accel_full,121.1667,1.6252111
2nd_test,accel_full,121.3333,1.6090007
2nd_test,accel_full,121.5,1.6254967
2nd_test,accel_full,121.6667,1.630202
2nd_test,accel_full,121.8333,1.5457895
2nd_test,accel_full,122.0,1.586823
2nd_test,accel_full,122.1667,1.528524
2nd_test,accel_full,122.3333,1.537106
2nd_test,accel_full,122.5,1.5128125
2nd_test,accel_full,122.6667,1.5244234
2nd_test,accel_full,122.8333,1.5156678
2nd_test,accel_full,123.0,1.4240108
2nd_test,accel_full,123.1667,1.3974214
2nd_test,accel_full,123.3333,1.447607
2nd_test,accel_full,123.5,1.4229434
2nd_test,accel_full,123.6667,1.4095251
2nd_test,accel_full,123.8333,1.3698192
2nd_test,accel_full,124.0,1.3679819
2nd_test,accel_full,124.1667,1.3702655
2nd_test,accel_full,124.3333,1.3957875
2nd_test,accel_full,124.5,1.3616861
2nd_test,accel_full,124.6667,1.381932
2nd_test,accel_full,124.8333,1.3141743
2nd_test,accel_full,125.0,1.3747479
2nd_test,accel_full,125.1667,1.3656474
2nd_test,accel_full,125.3333,1.3262385
2nd_test,accel_full,125.5,1.3249574
2nd_test,accel_full,125.6667,1.3222557
2nd_test,accel_full,125.8333,1.2911207
2nd_test,accel_full,126.0,1.2604015
2nd_test,accel_full,126.1667,1.2280746
2nd_test,accel_full,126.3333,1.23347
2nd_test,accel_full,126.5,1.2175153
2nd_test,accel_full,126.6667,1.2057143
2nd_test,accel_full,126.8333,1.1782447
2nd_test,accel_full,127.0,1.1445143
2nd_test,accel_full,127.1667,1.155321
2nd_test,accel_full,127.3333,1.1056526
2nd_test,accel_full,127.5,1.1042755
2nd_test,accel_full,127.6667,1.0930515
2nd_test,accel_full,127.8333,1.0900613
2nd_test,accel_full,128.0,1.0857184
2nd_test,accel_full,128.1667,1.0798372
2nd_test,accel_full,128.3333,1.0798371
2nd_test,accel_full,128.5,1.0502207
2nd_test,accel_full,128.6667,1.0518019
2nd_test,accel_full,128.8333,1.0572871
2nd_test,accel_full,129.0,1.0353449
2nd_test,accel_full,129.1667,1.0179836
2nd_test,accel_full,129.3333,1.0454608
2nd_test,accel_full,129.5,1.0328627
2nd_test,accel_full,129.6667,1.0196171
2nd_test,accel_full,129.8333,1.013946
2nd_test,accel_full,130.0,1.0096502
2nd_test,accel_full,130.1667,0.97287564
2nd_test,accel_full,130.3333,1.0078594
2nd_test,accel_full,130.5,0.99466779
2nd_test,accel_full,130.6667,0.98518715
2nd_test,accel_full,130.8333,0.97547431
2nd_test,accel_full,131.0,1.0077359
2nd_test,accel_full,131.1667,0.98007815
2nd_test,accel_full,131.3333,1.0060492
2nd_test,accel_full,131.5,0.98512833
2nd_test,accel_full,131.6667,0.9846845
2nd_test,accel_full,131.8333,0.99832612
2nd_test,accel_full,132.0,1.0084326
2nd_test,accel_full,132.1667,1.0122971
2nd_test,accel_full,132.3333,1.026573
2nd_test,accel_full,132.5,1.0318192
2nd_test,accel_full,132.6667,1.0194855
2nd_test,accel_full,132.8333,1.0290464
2nd_test,accel_full,133.0,1.0079885
2nd_test,accel_full,133.1667,1.0406619
2nd_test,accel_full,133.3333,1.035795
2nd_test,accel_full,133.5,1.0421996
2nd_test,accel_full,133.6667,1.0435143
2nd_test,accel_full,133.8333,1.0383545
2nd_test,accel_full,134.0,1.0685008
2nd_test,accel_full,134.1667,1.0523957
2nd_test,accel_full,134.3333,1.0658636
2nd_test,accel_full,134.5,1.0808707
2nd_test,accel_full,134.6667,1.0755253
2nd_test,accel_full,134.8333,1.0614584
2nd_test,accel_full,135.0,1.0748475
2nd_test,accel_full,135.1667,1.0809182
2nd_test,accel_full,135.3333,1.0632103
2nd_test,accel_full,135.5,1.0674693
2nd_test,accel_full,135.6667,1.0745795
2nd_test,accel_full,135.8333,1.0792117
2nd_test,accel_full,136.0,1.0805371
2nd_test,accel_full,136.1667,1.0820061
2nd_test,accel_full,136.3333,1.085406
2nd_test,accel_full,136.5,1.0957343
2nd_test,accel_full,136.6667,1.1129362
2nd_test,accel_full,136.8333,1.0908813
2nd_test,accel_full,137.0,1.1060951
2nd_test,accel_full,137.1667,1.3480847
2nd_test,accel_full,137.3333,1.346333
2nd_test,accel_full,137.5,1.3305262
2nd_test,accel_full,137.6667,1.3873546
2nd_test,accel_full,137.8333,1.3684575
2nd_test,accel_full,138.0,1.3898495
2nd_test,accel_full,138.1667,1.4243866
2nd_test,accel_full,138.3333,1.3962445
2nd_test,accel_full,138.5,1.4565193
2nd_test,accel_full,138.6667,1.4413919
2nd_test,accel_full,138.8333,1.4729229
2nd_test,accel_full,139.0,1.4938625
2nd_test,accel_full,139.1667,1.545978
2nd_test,accel_full,139.3333,1.5374704
2nd_test,accel_full,139.5,1.5553487
2nd_test,accel_full,139.6667,1.5890239
2nd_test,accel_full,139.8333,1.6046375
2nd_test,accel_full,140.0,1.5790824
2nd_test,accel_full,140.1667,1.6049418
2nd_test,accel_full,140.3333,1.6122135
2nd_test,accel_full,140.5,1.6207544
2nd_test,accel_full,140.6667,1.6367492
2nd_test,accel_full,140.8333,1.6412312
2nd_test,accel_full,141.0,1.6344744
2nd_test,accel_full,141.1667,1.6095031
2nd_test,accel_full,141.3333,1.6690075
2nd_test,accel_full,141.5,1.7020843
2nd_test,accel_full,141.6667,1.6954884
2nd_test,accel_full,141.8333,1.7023649
2nd_test,accel_full,142.0,1.6504613
2nd_test,accel_full,142.1667,1.5963762
2nd_test,accel_full,142.3333,1.5837865
2nd_test,accel_full,142.5,1.6014343
2nd_test,accel_full,142.6667,1.6219003
2nd_test,accel_full,142.8333,1.6828907
2nd_test,accel_full,143.0,1.5871555
2nd_test,accel_full,143.1667,1.5723396
2nd_test,accel_full,143.3333,1.5932685
2nd_test,accel_full,143.5,1.5644993
2nd_test,accel_full,143.6667,1.6241935
2nd_test,accel_full,143.8333,1.605441
2nd_test,accel_full,144.0,1.5870695
2nd_test,accel_full,144.1667,1.5733318
2nd_test,accel_full,144.3333,1.5083862
2nd_test,accel_full,144.5,1.4824662
2nd_test,accel_full,144.6667,1.466616
2nd_test,accel_full,144.8333,1.4633871
2nd_test,accel_full,145.0,1.4696665
2nd_test,accel_full,145.1667,1.4710814
2nd_test,accel_full,145.3333,1.6377347
2nd_test,accel_full,145.5,1.668633
2nd_test,accel_full,145.6667,1.5734533
2nd_test,accel_full,145.8333,1.562839
2nd_test,accel_full,146.0,1.563627
2nd_test,accel_full,146.1667,1.5097521
2nd_test,accel_full,146.3333,1.4758504
2nd_test,accel_full,146.5,1.5054893
2nd_test,accel_full,146.6667,1.5268324
2nd_test,accel_full,146.8333,1.4867883
2nd_test,accel_full,147.0,1.4757423
2nd_test,accel_full,147.1667,1.4911595
2nd_test,accel_full,147.3333,1.5234511
2nd_test,accel_full,147.5,1.5275917
2nd_test,accel_full,147.6667,1.5202529
2nd_test,accel_full,147.8333,1.5155839
2nd_test,accel_full,148.0,1.5228939
2nd_test,accel_full,148.1667,1.6058293
2nd_test,accel_full,148.3333,1.527573
2nd_test,accel_full,148.5,1.4232231
2nd_test,accel_full,148.6667,1.3335738
2nd_test,accel_full,148.8333,1.2930096
2nd_test,accel_full,149.0,1.2300415
2nd_test,accel_full,149.1667,1.2010965
2nd_test,accel_full,149.3333,1.1953499
2nd_test,accel_full,149.5,1.1659406
2nd_test,accel_full,149.6667,1.1891612
2nd_test,accel_full,149.8333,1.1787589
2nd_test,accel_full,150.0,1.1830804
2nd_test,accel_full,150.1667,1.2349138
2nd_test,accel_full,150.3333,1.2639382
2nd_test,accel_full,150.5,1.4117833
2nd_test,accel_full,150.6667,1.5004834
2nd_test,accel_full,150.8333,1.62768
2nd_test,accel_full,151.0,1.7179531
2nd_test,accel_full,151.1667,1.7946213
2nd_test,accel_full,151.3333,1.7960243
2nd_test,accel_full,151.5,1.8108411
2nd_test,accel_full,151.6667,1.7055715
2nd_test,accel_full,151.8333,1.6198593
2nd_test,accel_full,152.0,1.7005419
2nd_test,accel_full,152.1667,1.7420455
2nd_test,accel_full,152.3333,1.7341227
2nd_test,accel_full,152.5,1.8941527
2nd_test,accel_full,152.6667,1.7328441
2nd_test,accel_full,152.8333,1.6825424
2nd_test,accel_full,153.0,1.716695
2nd_test,accel_full,153.1667,1.6678771
2nd_test,accel_full,153.3333,1.7192916
2nd_test,accel_full,153.5,1.6655892
2nd_test,accel_full,153.6667,1.8097265
2nd_test,accel_full,153.8333,1.7567688
2nd_test,accel_full,154.0,1.682552
2nd_test,accel_full,154.1667,1.6604444
2nd_test,accel_full,154.3333,1.5472323
2nd_test,accel_full,154.5,1.4815252
2nd_test,accel_full,154.6667,1.5508145
2nd_test,accel_full,154.8333,1.6711525
2nd_test,accel_full,155.0,1.643407
2nd_test,accel_full,155.1667,1.7608315
2nd_test,accel_full,155.3333,1.8799964
2nd_test,accel_full,155.5,1.9602731
2nd_test,accel_full,155.6667,2.2045448
2nd_test,accel_full,155.8333,2.6107194
2nd_test,accel_full,156.0,1.9740393
2nd_test,accel_full,156.1667,1.9301172
2nd_test,accel_full,156.3333,1.9173779
2nd_test,accel_full,156.5,1.6314788
2nd_test,accel_full,156.6667,1.5934638
2nd_test,accel_full,156.8333,1.6688171
2nd_test,accel_full,157.0,1.598341
2nd_test,accel_full,157.1667,1.9459518
2nd_test,accel_full,157.3333,1.846682
2nd_test,accel_full,157.5,2.1167225
2nd_test,accel_full,157.6667,1.8034101
2nd_test,accel_full,157.8333,1.6080914
2nd_test,accel_full,158.0,1.5525128
2nd_test,accel_full,158.1667,1.5785376
2nd_test,accel_full,158.3333,1.796641
2nd_test,accel_full,158.5,2.0985071
2nd_test,accel_full,158.6667,2.3243677
2nd_test,accel_full,158.8333,1.951479
2nd_test,accel_full,159.0,2.3145148
2nd_test,accel_full,159.1667,1.9903843
2nd_test,accel_full,159.3333,2.1641925
2nd_test,accel_full,159.5,2.0309929
2nd_test,accel_full,159.6667,2.5645682
2nd_test,accel_full,159.8333,1.9745788
2nd_test,accel_full,160.0,2.1830135
2nd_test,accel_full,160.1667,2.5439266
2nd_test,accel_full,160.3333,2.2711955
2nd_test,accel_full,160.5,2.2994291
2nd_test,accel_full,160.6667,2.4253587
2nd_test,accel_full,160.8333,2.9136601
2nd_test,accel_full,161.0,2.8640266
2nd_test,accel_full,161.1667,3.3687109
2nd_test,accel_full,161.3333,3.0905147
2nd_test,accel_full,161.5,3.1904997
2nd_test,accel_full,161.6667,3.4556952
2nd_test,accel_full,161.8333,4.2115191
2nd_test,accel_full,162.0,4.0662886
2nd_test,accel_full,162.1667,3.6271197
2nd_test,accel_full,162.3333,4.3881726
2nd_test,accel_full,162.5,6.5899341
2nd_test,accel_full,162.6667,5.2137958
2nd_test,accel_full,162.8333,4.3728378
2nd_test,accel_full,163.0,3.7908488
2nd_test,accel_full,163.1667,7.1062832
2nd_test,accel_full,163.3333,4.5222923
2nd_test,accel_full,163.5,4.743656
2nd_test,disp_full_48kHz,0.0,0.047083977
2nd_test,disp_full_48kHz,0.1667,0.030152006
2nd_test,disp_full_48kHz,0.3333,0.02568557
2nd_test,disp_full_48kHz,0.5,0.0335962
2nd_test,disp_full_48kHz,0.6667,0.033760427
2nd_test,disp_full_48kHz,0.8333,0.035997203
2nd_test,disp_full_48kHz,1.0,0.021247316
2nd_test,disp_full_48kHz,1.1667,0.032490256
2nd_test,disp_full_48kHz,1.3333,0.03561031
2nd_test,disp_full_48kHz,1.5,0.040850725
2nd_test,disp_full_48kHz,1.6667,0.037813637
2nd_test,disp_full_48kHz,1.8333,0.025060086
2nd_test,disp_full_48kHz,2.0,0.030097087
2nd_test,disp_full_48kHz,2.1667,0.03364747
2nd_test,disp_full_48kHz,2.3333,0.030301247
2nd_test,disp_full_48kHz,2.5,0.030639053
2nd_test,disp_full_48kHz,2.6667,0.031322362
2nd_test,disp_full_48kHz,2.8333,0.027902453
2nd_test,disp_full_48kHz,3.0,0.037471564
2nd_test,disp_full_48kHz,3.1667,0.040139669
2nd_test,disp_full_48kHz,3.3333,0.028795533
2nd_test,disp_full_48kHz,3.5,0.031217884
2nd_test,disp_full_48kHz,3.6667,0.041893603
2nd_test,disp_full_48kHz,3.8333,0.036523584
2nd_test,disp_full_48kHz,4.0,0.035792078
2nd_test,disp_full_48kHz,4.1667,0.031384571
2nd_test,disp_full_48kHz,4.3333,0.029601808
2nd_test,disp_full_48kHz,4.5,0.025242366
2nd_test,disp_full_48kHz,4.6667,0.031278697
2nd_test,disp_full_48kHz,4.8333,0.044782772
2nd_test,disp_full_48kHz,5.0,0.035565526
2nd_test,disp_full_48kHz,5.1667,0.031832229
2nd_test,disp_full_48kHz,5.3333,0.042512284
2nd_test,disp_full_48kHz,5.5,0.033741925
2nd_test,disp_full_48kHz,5.6667,0.025884928
2nd_test,disp_full_48kHz,5.8333,0.025158476
2nd_test,disp_full_48kHz,6.0,0.032760454
2nd_test,disp_full_48kHz,6.1667,0.025669855
2nd_test,disp_full_48kHz,6.3333,0.033131166
2nd_test,disp_full_48kHz,6.5,0.030516129
2nd_test,disp_full_48kHz,6.6667,0.028897789
2nd_test,disp_full_48kHz,6.8333,0.031372067
2nd_test,disp_full_48kHz,7.0,0.025521522
2nd_test,disp_full_48kHz,7.1667,0.025572053
2nd_test,disp_full_48kHz,7.3333,0.029966865
2nd_test,disp_full_48kHz,7.5,0.032131958
2nd_test,disp_full_48kHz,7.6667,0.034699203
2nd_test,disp_full_48kHz,7.8333,0.044484573
2nd_test,disp_full_48kHz,8.0,0.024061099
2nd_test,disp_full_48kHz,8.1667,0.029751498
2nd_test,disp_full_48kHz,8.3333,0.041023864
2nd_test,disp_full_48kHz,8.5,0.029203875
2nd_test,disp_full_48kHz,8.6667,0.036271538
2nd_test,disp_full_48kHz,8.8333,0.024935468
2nd_test,disp_full_48kHz,9.0,0.033022305
2nd_test,disp_full_48kHz,9.1667,0.024536896
2nd_test,disp_full_48kHz,9.3333,0.023020847
2nd_test,disp_full_48kHz,9.5,0.034348795
2nd_test,disp_full_48kHz,9.6667,0.027139116
2nd_test,disp_full_48kHz,9.8333,0.047493382
2nd_test,disp_full_48kHz,10.0,0.030493153
2nd_test,disp_full_48kHz,10.1667,0.021603086
2nd_test,disp_full_48kHz,10.3333,0.037140463
2nd_test,disp_full_48kHz,10.5,0.027760448
2nd_test,disp_full_48kHz,10.6667,0.021359285
2nd_test,disp_full_48kHz,10.8333,0.026818693
2nd_test,disp_full_48kHz,11.0,0.036438566
2nd_test,disp_full_48kHz,11.1667,0.035703488
2nd_test,disp_full_48kHz,11.3333,0.028840009
2nd_test,disp_full_48kHz,11.5,0.02642984
2nd_test,disp_full_48kHz,11.6667,0.041505721
2nd_test,disp_full_48kHz,11.8333,0.033772345
2nd_test,disp_full_48kHz,12.0,0.036474586
2nd_test,disp_full_48kHz,12.1667,0.04079775
2nd_test,disp_full_48kHz,12.3333,0.021947835
2nd_test,disp_full_48kHz,12.5,0.027178291
2nd_test,disp_full_48kHz,12.6667,0.038995239
2nd_test,disp_full_48kHz,12.8333,0.032862727
2nd_test,disp_full_48kHz,13.0,0.032002529
2nd_test,disp_full_48kHz,13.1667,0.026778143
2nd_test,disp_full_48kHz,13.3333,0.031547614
2nd_test,disp_full_48kHz,13.5,0.029266182
2nd_test,disp_full_48kHz,13.6667,0.024432027
2nd_test,disp_full_48kHz,13.8333,0.031911524
2nd_test,disp_full_48kHz,14.0,0.044662042
2nd_test,disp_full_48kHz,14.1667,0.044237115
2nd_test,disp_full_48kHz,14.3333,0.020411866
2nd_test,disp_full_48kHz,14.5,0.032245431
2nd_test,disp_full_48kHz,14.6667,0.031866598
2nd_test,disp_full_48kHz,14.8333,0.036530649
2nd_test,disp_full_48kHz,15.0,0.02456011
2nd_test,disp_full_48kHz,15.1667,0.025555843
2nd_test,disp_full_48kHz,15.3333,0.029035457
2nd_test,disp_full_48kHz,15.5,0.025084386
2nd_test,disp_full_48kHz,15.6667,0.031623147
2nd_test,disp_full_48kHz,15.8333,0.036880705
2nd_test,disp_full_48kHz,16.0,0.032171281
2nd_test,disp_full_48kHz,16.1667,0.031916975
2nd_test,disp_full_48kHz,16.3333,0.049981627
2nd_test,disp_full_48kHz,16.5,0.039586511
2nd_test,disp_full_48kHz,16.6667,0.031950076
2nd_test,disp_full_48kHz,16.8333,0.03391891
2nd_test,disp_full_48kHz,17.0,0.027071714
2nd_test,disp_full_48kHz,17.1667,0.031521022
2nd_test,disp_full_48kHz,17.3333,0.023508304
2nd_test,disp_full_48kHz,17.5,0.040866942
2nd_test,disp_full_48kHz,17.6667,0.030484893
2nd_test,disp_full_48kHz,17.8333,0.029613231
2nd_test,disp_full_48kHz,18.0,0.030515159
2nd_test,disp_full_48kHz,18.1667,0.031329041
2nd_test,disp_full_48kHz,18.3333,0.031613556
2nd_test,disp_full_48kHz,18.5,0.044374481
2nd_test,disp_full_48kHz,18.6667,0.042804568
2nd_test,disp_full_48kHz,18.8333,0.020376789
2nd_test,disp_full_48kHz,19.0,0.025975021
2nd_test,disp_full_48kHz,19.1667,0.040232957
2nd_test,disp_full_48kHz,19.3333,0.028276842
2nd_test,disp_full_48kHz,19.5,0.033913628
2nd_test,disp_full_48kHz,19.6667,0.029127417
2nd_test,disp_full_48kHz,19.8333,0.023561037
2nd_test,disp_full_48kHz,20.0,0.035565716
2nd_test,disp_full_48kHz,20.1667,0.035456413
2nd_test,disp_full_48kHz,20.3333,0.034187853
2nd_test,disp_full_48kHz,20.5,0.037661871
2nd_test,disp_full_48kHz,20.6667,0.037549231
2nd_test,disp_full_48kHz,20.8333,0.033705695
2nd_test,disp_full_48kHz,21.0,0.029174973
2nd_test,disp_full_48kHz,21.1667,0.039500782
2nd_test,disp_full_48kHz,21.3333,0.030527468
2nd_test,disp_full_48kHz,21.5,0.02248104
2nd_test,disp_full_48kHz,21.6667,0.031971109
2nd_test,disp_full_48kHz,21.8333,0.032101346
2nd_test,disp_full_48kHz,22.0,0.021880164
2nd_test,disp_full_48kHz,22.1667,0.02411975
2nd_test,disp_full_48kHz,22.3333,0.045385992
2nd_test,disp_full_48kHz,22.5,0.030508587
2nd_test,disp_full_48kHz,22.6667,0.026303231
2nd_test,disp_full_48kHz,22.8333,0.035583895
2nd_test,disp_full_48kHz,23.0,0.02381397
2nd_test,disp_full_48kHz,23.1667,0.038086779
2nd_test,disp_full_48kHz,23.3333,0.026305354
2nd_test,disp_full_48kHz,23.5,0.034550578
2nd_test,disp_full_48kHz,23.6667,0.023427019
2nd_test,disp_full_48kHz,23.8333,0.028701881
2nd_test,disp_full_48kHz,24.0,0.020012365
2nd_test,disp_full_48kHz,24.1667,0.03916201
2nd_test,disp_full_48kHz,24.3333,0.030687596
2nd_test,disp_full_48kHz,24.5,0.035953699
2nd_test,disp_full_48kHz,24.6667,0.0239302
2nd_test,disp_full_48kHz,24.8333,0.029773101
2nd_test,disp_full_48kHz,25.0,0.044243968
2nd_test,disp_full_48kHz,25.1667,0.048641992
2nd_test,disp_full_48kHz,25.3333,0.040813221
2nd_test,disp_full_48kHz,25.5,0.035736865
2nd_test,disp_full_48kHz,25.6667,0.026107131
2nd_test,disp_full_48kHz,25.8333,0.026302146
2nd_test,disp_full_48kHz,26.0,0.030104166
2nd_test,disp_full_48kHz,26.1667,0.025881549
2nd_test,disp_full_48kHz,26.3333,0.026185977
2nd_test,disp_full_48kHz,26.5,0.032188051
2nd_test,disp_full_48kHz,26.6667,0.034402617
2nd_test,disp_full_48kHz,26.8333,0.03318194
2nd_test,disp_full_48kHz,27.0,0.025428439
2nd_test,disp_full_48kHz,27.1667,0.028490436
2nd_test,disp_full_48kHz,27.3333,0.035708976
2nd_test,disp_full_48kHz,27.5,0.03197117
2nd_test,disp_full_48kHz,27.6667,0.043176751
2nd_test,disp_full_48kHz,27.8333,0.031619198
2nd_test,disp_full_48kHz,28.0,0.037042511
2nd_test,disp_full_48kHz,28.1667,0.016615887
2nd_test,disp_full_48kHz,28.3333,0.042494181
2nd_test,disp_full_48kHz,28.5,0.036802408
2nd_test,disp_full_48kHz,28.6667,0.032763546
2nd_test,disp_full_48kHz,28.8333,0.026392949
2nd_test,disp_full_48kHz,29.0,0.035458017
2nd_test,disp_full_48kHz,29.1667,0.038144611
2nd_test,disp_full_48kHz,29.3333,0.040335675
2nd_test,disp_full_48kHz,29.5,0.034925656
2nd_test,disp_full_48kHz,29.6667,0.033513673
2nd_test,disp_full_48kHz,29.8333,0.029401583
2nd_test,disp_full_48kHz,30.0,0.035021799
2nd_test,disp_full_48kHz,30.1667,0.026606324
2nd_test,disp_full_48kHz,30.3333,0.035306606
2nd_test,disp_full_48kHz,30.5,0.025323196
2nd_test,disp_full_48kHz,30.6667,0.034833618
2nd_test,disp_full_48kHz,30.8333,0.030317166
2nd_test,disp_full_48kHz,31.0,0.026129293
2nd_test,disp_full_48kHz,31.1667,0.033882541
2nd_test,disp_full_48kHz,31.3333,0.045309696
2nd_test,disp_full_48kHz,31.5,0.028583963
2nd_test,disp_full_48kHz,31.6667,0.043331729
2nd_test,disp_full_48kHz,31.8333,0.043501654
2nd_test,disp_full_48kHz,32.0,0.039136928
2nd_test,disp_full_48kHz,32.1667,0.033780351
2nd_test,disp_full_48kHz,32.3333,0.033624636
2nd_test,disp_full_48kHz,32.5,0.032641458
2nd_test,disp_full_48kHz,32.6667,0.036090589
2nd_test,disp_full_48kHz,32.8333,0.035337853
2nd_test,disp_full_48kHz,33.0,0.058329264
2nd_test,disp_full_48kHz,33.1667,0.031593081
2nd_test,disp_full_48kHz,33.3333,0.026842151
2nd_test,disp_full_48kHz,33.5,0.035306082
2nd_test,disp_full_48kHz,33.6667,0.022547049
2nd_test,disp_full_48kHz,33.8333,0.023252374
2nd_test,disp_full_48kHz,34.0,0.041041517
2nd_test,disp_full_48kHz,34.1667,0.034277202
2nd_test,disp_full_48kHz,34.3333,0.030273601
2nd_test,disp_full_48kHz,34.5,0.027780526
2nd_test,disp_full_48kHz,34.6667,0.020799547
2nd_test,disp_full_48kHz,34.8333,0.035145443
2nd_test,disp_full_48kHz,35.0,0.037758908
2nd_test,disp_full_48kHz,35.1667,0.027517318
2nd_test,disp_full_48kHz,35.3333,0.046932281
2nd_test,disp_full_48kHz,35.5,0.02835974
2nd_test,disp_full_48kHz,35.6667,0.024415264
2nd_test,disp_full_48kHz,35.8333,0.03977829
2nd_test,disp_full_48kHz,36.0,0.029681374
2nd_test,disp_full_48kHz,36.1667,0.029548259
2nd_test,disp_full_48kHz,36.3333,0.027372882
2nd_test,disp_full_48kHz,36.5,0.028058519
2nd_test,disp_full_48kHz,36.6667,0.035076397
2nd_test,disp_full_48kHz,36.8333,0.024375596
2nd_test,disp_full_48kHz,37.0,0.034405288
2nd_test,disp_full_48kHz,37.1667,0.045041765
2nd_test,disp_full_48kHz,37.3333,0.024703055
2nd_test,disp_full_48kHz,37.5,0.035777047
2nd_test,disp_full_48kHz,37.6667,0.029556008
2nd_test,disp_full_48kHz,37.8333,0.026537248
2nd_test,disp_full_48kHz,38.0,0.03018611
2nd_test,disp_full_48kHz,38.1667,0.042280351
2nd_test,disp_full_48kHz,38.3333,0.033323008
2nd_test,disp_full_48kHz,38.5,0.022545825
2nd_test,disp_full_48kHz,38.6667,0.028209485
2nd_test,disp_full_48kHz,38.8333,0.022346315
2nd_test,disp_full_48kHz,39.0,0.023406733
2nd_test,disp_full_48kHz,39.1667,0.036143167
2nd_test,disp_full_48kHz,39.3333,0.031135661
2nd_test,disp_full_48kHz,39.5,0.046455176
2nd_test,disp_full_48kHz,39.6667,0.032729044
2nd_test,disp_full_48kHz,39.8333,0.032190539
2nd_test,disp_full_48kHz,40.0,0.032197471
2nd_test,disp_full_48kHz,40.1667,0.032963972
2nd_test,disp_full_48kHz,40.3333,0.03388085
2nd_test,disp_full_48kHz,40.5,0.029343721
2nd_test,disp_full_48kHz,40.6667,0.03476098
2nd_test,disp_full_48kHz,40.8333,0.025034918
2nd_test,disp_full_48kHz,41.0,0.02142387
2nd_test,disp_full_48kHz,41.1667,0.032664331
2nd_test,disp_full_48kHz,41.3333,0.036064979
2nd_test,disp_full_48kHz,41.5,0.028716262
2nd_test,disp_full_48kHz,41.6667,0.039115202
2nd_test,disp_full_48kHz,41.8333,0.032176711
2nd_test,disp_full_48kHz,42.0,0.028748655
2nd_test,disp_full_48kHz,42.1667,0.028558101
2nd_test,disp_full_48kHz,42.3333,0.02892999
2nd_test,disp_full_48kHz,42.5,0.035822655
2nd_test,disp_full_48kHz,42.6667,0.023120863
2nd_test,disp_full_48kHz,42.8333,0.043882711
2nd_test,disp_full_48kHz,43.0,0.021854833
2nd_test,disp_full_48kHz,43.1667,0.026659385
2nd_test,disp_full_48kHz,43.3333,0.03416459
2nd_test,disp_full_48kHz,43.5,0.02760113
2nd_test,disp_full_48kHz,43.6667,0.025480437
2nd_test,disp_full_48kHz,43.8333,0.025352097
2nd_test,disp_full_48kHz,44.0,0.026309726
2nd_test,disp_full_48kHz,44.1667,0.026624893
2nd_test,disp_full_48kHz,44.3333,0.037563053
2nd_test,disp_full_48kHz,44.5,0.033310573
2nd_test,disp_full_48kHz,44.6667,0.027967359
2nd_test,disp_full_48kHz,44.8333,0.028284451
2nd_test,disp_full_48kHz,45.0,0.035517575
2nd_test,disp_full_48kHz,45.1667,0.029734687
2nd_test,disp_full_48kHz,45.3333,0.031626995
2nd_test,disp_full_48kHz,45.5,0.024660956
2nd_test,disp_full_48kHz,45.6667,0.028551567
2nd_test,disp_full_48kHz,45.8333,0.030366266
2nd_test,disp_full_48kHz,46.0,0.017763648
2nd_test,disp_full_48kHz,46.1667,0.031412036
2nd_test,disp_full_48kHz,46.3333,0.041431868
2nd_test,disp_full_48kHz,46.5,0.034751777
2nd_test,disp_full_48kHz,46.6667,0.02606109
2nd_test,disp_full_48kHz,46.8333,0.03071439
2nd_test,disp_full_48kHz,47.0,0.028938985
2nd_test,disp_full_48kHz,47.1667,0.051038577
2nd_test,disp_full_48kHz,47.3333,0.038157648
2nd_test,disp_full_48kHz,47.5,0.038751815
2nd_test,disp_full_48kHz,47.6667,0.025584327
2nd_test,disp_full_48kHz,47.8333,0.028176084
2nd_test,disp_full_48kHz,48.0,0.026995815
2nd_test,disp_full_48kHz,48.1667,0.03018264
2nd_test,disp_full_48kHz,48.3333,0.025642162
2nd_test,disp_full_48kHz,48.5,0.037887938
2nd_test,disp_full_48kHz,48.6667,0.047989202
2nd_test,disp_full_48kHz,48.8333,0.029534006
2nd_test,disp_full_48kHz,49.0,0.032102968
2nd_test,disp_full_48kHz,49.1667,0.041109901
2nd_test,disp_full_48kHz,49.3333,0.027621499
2nd_test,disp_full_48kHz,49.5,0.042174571
2nd_test,disp_full_48kHz,49.6667,0.031423376
2nd_test,disp_full_48kHz,49.8333,0.021103333
2nd_test,disp_full_48kHz,50.0,0.027457183
2nd_test,disp_full_48kHz,50.1667,0.026061445
2nd_test,disp_full_48kHz,50.3333,0.025662842
2nd_test,disp_full_48kHz,50.5,0.0347704
2nd_test,disp_full_48kHz,50.6667,0.022735786
2nd_test,disp_full_48kHz,50.8333,0.033706693
2nd_test,disp_full_48kHz,51.0,0.044706328
2nd_test,disp_full_48kHz,51.1667,0.031143225
2nd_test,disp_full_48kHz,51.3333,0.032771311
2nd_test,disp_full_48kHz,51.5,0.025032045
2nd_test,disp_full_48kHz,51.6667,0.029184542
2nd_test,disp_full_48kHz,51.8333,0.032275381
2nd_test,disp_full_48kHz,52.0,0.03795681
2nd_test,disp_full_48kHz,52.1667,0.023589358
2nd_test,disp_full_48kHz,52.3333,0.030916283
2nd_test,disp_full_48kHz,52.5,0.024221566
2nd_test,disp_full_48kHz,52.6667,0.02988607
2nd_test,disp_full_48kHz,52.8333,0.045422177
2nd_test,disp_full_48kHz,53.0,0.041452357
2nd_test,disp_full_48kHz,53.1667,0.046196139
2nd_test,disp_full_48kHz,53.3333,0.026924617
2nd_test,disp_full_48kHz,53.5,0.02902826
2nd_test,disp_full_48kHz,53.6667,0.028897199
2nd_test,disp_full_48kHz,53.8333,0.040123163
2nd_test,disp_full_48kHz,54.0,0.038179311
2nd_test,disp_full_48kHz,54.1667,0.032041992
2nd_test,disp_full_48kHz,54.3333,0.021882661
2nd_test,disp_full_48kHz,54.5,0.028363539
2nd_test,disp_full_48kHz,54.6667,0.038437278
2nd_test,disp_full_48kHz,54.8333,0.031704019
2nd_test,disp_full_48kHz,55.0,0.035341272
2nd_test,disp_full_48kHz,55.1667,0.018693327
2nd_test,disp_full_48kHz,55.3333,0.025402973
2nd_test,disp_full_48kHz,55.5,0.032372141
2nd_test,disp_full_48kHz,55.6667,0.02885534
2nd_test,disp_full_48kHz,55.8333,0.022812143
2nd_test,disp_full_48kHz,56.0,0.030664421
2nd_test,disp_full_48kHz,56.1667,0.031263468
2nd_test,disp_full_48kHz,56.3333,0.043215101
2nd_test,disp_full_48kHz,56.5,0.029095491
2nd_test,disp_full_48kHz,56.6667,0.033253561
2nd_test,disp_full_48kHz,56.8333,0.02386763
2nd_test,disp_full_48kHz,57.0,0.044274895
2nd_test,disp_full_48kHz,57.1667,0.031993861
2nd_test,disp_full_48kHz,57.3333,0.027834776
2nd_test,disp_full_48kHz,57.5,0.036104089
2nd_test,disp_full_48kHz,57.6667,0.026589308
2nd_test,disp_full_48kHz,57.8333,0.03992126
2nd_test,disp_full_48kHz,58.0,0.030647535
2nd_test,disp_full_48kHz,58.1667,0.03002283
2nd_test,disp_full_48kHz,58.3333,0.026077808
2nd_test,disp_full_48kHz,58.5,0.025133526
2nd_test,disp_full_48kHz,58.6667,0.03257699
2nd_test,disp_full_48kHz,58.8333,0.035848747
2nd_test,disp_full_48kHz,59.0,0.028981947
2nd_test,disp_full_48kHz,59.1667,0.02866402
2nd_test,disp_full_48kHz,59.3333,0.026253514
2nd_test,disp_full_48kHz,59.5,0.030575424
2nd_test,disp_full_48kHz,59.6667,0.030369204
2nd_test,disp_full_48kHz,59.8333,0.04091081
2nd_test,disp_full_48kHz,60.0,0.026650882
2nd_test,disp_full_48kHz,60.1667,0.023949422
2nd_test,disp_full_48kHz,60.3333,0.030927517
2nd_test,disp_full_48kHz,60.5,0.027611658
2nd_test,disp_full_48kHz,60.6667,0.027841249
2nd_test,disp_full_48kHz,60.8333,0.031778991
2nd_test,disp_full_48kHz,61.0,0.025459408
2nd_test,disp_full_48kHz,61.1667,0.032180429
2nd_test,disp_full_48kHz,61.3333,0.033941189
2nd_test,disp_full_48kHz,61.5,0.028195971
2nd_test,disp_full_48kHz,61.6667,0.02178888
2nd_test,disp_full_48kHz,61.8333,0.040020476
2nd_test,disp_full_48kHz,62.0,0.036641174
2nd_test,disp_full_48kHz,62.1667,0.044483973
2nd_test,disp_full_48kHz,62.3333,0.029635437
2nd_test,disp_full_48kHz,62.5,0.028287172
2nd_test,disp_full_48kHz,62.6667,0.024980924
2nd_test,disp_full_48kHz,62.8333,0.033099044
2nd_test,disp_full_48kHz,63.0,0.020355188
2nd_test,disp_full_48kHz,63.1667,0.029089094
2nd_test,disp_full_48kHz,63.3333,0.037698825
2nd_test,disp_full_48kHz,63.5,0.048622322
2nd_test,disp_full_48kHz,63.6667,0.035569055
2nd_test,disp_full_48kHz,63.8333,0.02863695
2nd_test,disp_full_48kHz,64.0,0.024195164
2nd_test,disp_full_48kHz,64.1667,0.024224633
2nd_test,disp_full_48kHz,64.3333,0.04397373
2nd_test,disp_full_48kHz,64.5,0.033415259
2nd_test,disp_full_48kHz,64.6667,0.052154665
2nd_test,disp_full_48kHz,64.8333,0.033130451
2nd_test,disp_full_48kHz,65.0,0.026248495
2nd_test,disp_full_48kHz,65.1667,0.02580358
2nd_test,disp_full_48kHz,65.3333,0.040373643
2nd_test,disp_full_48kHz,65.5,0.048270041
2nd_test,disp_full_48kHz,65.6667,0.034121443
2nd_test,disp_full_48kHz,65.8333,0.02812982
2nd_test,disp_full_48kHz,66.0,0.040199505
2nd_test,disp_full_48kHz,66.1667,0.03806345
2nd_test,disp_full_48kHz,66.3333,0.028564095
2nd_test,disp_full_48kHz,66.5,0.022004478
2nd_test,disp_full_48kHz,66.6667,0.029953184
2nd_test,disp_full_48kHz,66.8333,0.03224999
2nd_test,disp_full_48kHz,67.0,0.031187123
2nd_test,disp_full_48kHz,67.1667,0.022344328
2nd_test,disp_full_48kHz,67.3333,0.042501331
2nd_test,disp_full_48kHz,67.5,0.028055664
2nd_test,disp_full_48kHz,67.6667,0.029482318
2nd_test,disp_full_48kHz,67.8333,0.030981671
2nd_test,disp_full_48kHz,68.0,0.039686722
2nd_test,disp_full_48kHz,68.1667,0.028707474
2nd_test,disp_full_48kHz,68.3333,0.028969917
2nd_test,disp_full_48kHz,68.5,0.026902894
2nd_test,disp_full_48kHz,68.6667,0.036236192
2nd_test,disp_full_48kHz,68.8333,0.019102368
2nd_test,disp_full_48kHz,69.0,0.061456741
2nd_test,disp_full_48kHz,69.1667,0.036072779
2nd_test,disp_full_48kHz,69.3333,0.032792405
2nd_test,disp_full_48kHz,69.5,0.024555019
2nd_test,disp_full_48kHz,69.6667,0.034055308
2nd_test,disp_full_48kHz,69.8333,0.033877052
2nd_test,disp_full_48kHz,70.0,0.024783345
2nd_test,disp_full_48kHz,70.1667,0.031062645
2nd_test,disp_full_48kHz,70.3333,0.036575649
2nd_test,disp_full_48kHz,70.5,0.028489596
2nd_test,disp_full_48kHz,70.6667,0.033407134
2nd_test,disp_full_48kHz,70.8333,0.037377307
2nd_test,disp_full_48kHz,71.0,0.019610412
2nd_test,disp_full_48kHz,71.1667,0.023002956
2nd_test,disp_full_48kHz,71.3333,0.022424777
2nd_test,disp_full_48kHz,71.5,0.032626088
2nd_test,disp_full_48kHz,71.6667,0.02467574
2nd_test,disp_full_48kHz,71.8333,0.021852038
2nd_test,disp_full_48kHz,72.0,0.03296783
2nd_test,disp_full_48kHz,72.1667,0.021187761
2nd_test,disp_full_48kHz,72.3333,0.034496488
2nd_test,disp_full_48kHz,72.5,0.03503596
2nd_test,disp_full_48kHz,72.6667,0.036222777
2nd_test,disp_full_48kHz,72.8333,0.042148238
2nd_test,disp_full_48kHz,73.0,0.026899891
2nd_test,disp_full_48kHz,73.1667,0.025680974
2nd_test,disp_full_48kHz,73.3333,0.035952821
2nd_test,disp_full_48kHz,73.5,0.021661826
2nd_test,disp_full_48kHz,73.6667,0.032439026
2nd_test,disp_full_48kHz,73.8333,0.027851404
2nd_test,disp_full_48kHz,74.0,0.030878178
2nd_test,disp_full_48kHz,74.1667,0.025854926
2nd_test,disp_full_48kHz,74.3333,0.034892825
2nd_test,disp_full_48kHz,74.5,0.04295879
2nd_test,disp_full_48kHz,74.6667,0.037429095
2nd_test,disp_full_48kHz,74.8333,0.03347363
2nd_test,disp_full_48kHz,75.0,0.031204425
2nd_test,disp_full_48kHz,75.1667,0.038240198
2nd_test,disp_full_48kHz,75.3333,0.038805648
2nd_test,disp_full_48kHz,75.5,0.02377722
2nd_test,disp_full_48kHz,75.6667,0.037870956
2nd_test,disp_full_48kHz,75.8333,0.034168261
2nd_test,disp_full_48kHz,76.0,0.037410663
2nd_test,disp_full_48kHz,76.1667,0.045065441
2nd_test,disp_full_48kHz,76.3333,0.042457985
2nd_test,disp_full_48kHz,76.5,0.02953952
2nd_test,disp_full_48kHz,76.6667,0.037966131
2nd_test,disp_full_48kHz,76.8333,0.037745545
2nd_test,disp_full_48kHz,77.0,0.019258693
2nd_test,disp_full_48kHz,77.1667,0.040082586
2nd_test,disp_full_48kHz,77.3333,0.032330904
2nd_test,disp_full_48kHz,77.5,0.036243501
2nd_test,disp_full_48kHz,77.6667,0.037613708
2nd_test,disp_full_48kHz,77.8333,0.03315888
2nd_test,disp_full_48kHz,78.0,0.026310164
2nd_test,disp_full_48kHz,78.1667,0.032711619
2nd_test,disp_full_48kHz,78.3333,0.031911126
2nd_test,disp_full_48kHz,78.5,0.021848934
2nd_test,disp_full_48kHz,78.6667,0.026430719
2nd_test,disp_full_48kHz,78.8333,0.031176549
2nd_test,disp_full_48kHz,79.0,0.02215242
2nd_test,disp_full_48kHz,79.1667,0.033246802
2nd_test,disp_full_48kHz,79.3333,0.032465284
2nd_test,disp_full_48kHz,79.5,0.022839611
2nd_test,disp_full_48kHz,79.6667,0.024993643
2nd_test,disp_full_48kHz,79.8333,0.039724524
2nd_test,disp_full_48kHz,80.0,0.031110946
2nd_test,disp_full_48kHz,80.1667,0.032749609
2nd_test,disp_full_48kHz,80.3333,0.029486232
2nd_test,disp_full_48kHz,80.5,0.040166145
2nd_test,disp_full_48kHz,80.6667,0.032980103
2nd_test,disp_full_48kHz,80.8333,0.025621446
2nd_test,disp_full_48kHz,81.0,0.028508902
2nd_test,disp_full_48kHz,81.1667,0.024450789
2nd_test,disp_full_48kHz,81.3333,0.032493287
2nd_test,disp_full_48kHz,81.5,0.040927794
2nd_test,disp_full_48kHz,81.6667,0.024665429
2nd_test,disp_full_48kHz,81.8333,0.03376346
2nd_test,disp_full_48kHz,82.0,0.030799519
2nd_test,disp_full_48kHz,82.1667,0.029803064
2nd_test,disp_full_48kHz,82.3333,0.036513002
2nd_test,disp_full_48kHz,82.5,0.026082251
2nd_test,disp_full_48kHz,82.6667,0.043245063
2nd_test,disp_full_48kHz,82.8333,0.026719104
2nd_test,disp_full_48kHz,83.0,0.035287996
2nd_test,disp_full_48kHz,83.1667,0.027423516
2nd_test,disp_full_48kHz,83.3333,0.023777372
2nd_test,disp_full_48kHz,83.5,0.037191454
2nd_test,disp_full_48kHz,83.6667,0.036708501
2nd_test,disp_full_48kHz,83.8333,0.036648596
2nd_test,disp_full_48kHz,84.0,0.028932131
2nd_test,disp_full_48kHz,84.1667,0.031845745
2nd_test,disp_full_48kHz,84.3333,0.049755493
2nd_test,disp_full_48kHz,84.5,0.048760428
2nd_test,disp_full_48kHz,84.6667,0.034123165
2nd_test,disp_full_48kHz,84.8333,0.049593933
2nd_test,disp_full_48kHz,85.0,0.020038925
2nd_test,disp_full_48kHz,85.1667,0.0262315
2nd_test,disp_full_48kHz,85.3333,0.04549783
2nd_test,disp_full_48kHz,85.5,0.031145154
2nd_test,disp_full_48kHz,85.6667,0.043813787
2nd_test,disp_full_48kHz,85.8333,0.02296643
2nd_test,disp_full_48kHz,86.0,0.039685522
2nd_test,disp_full_48kHz,86.1667,0.033439508
2nd_test,disp_full_48kHz,86.3333,0.029082548
2nd_test,disp_full_48kHz,86.5,0.030443588
2nd_test,disp_full_48kHz,86.6667,0.040509699
2nd_test,disp_full_48kHz,86.8333,0.031728436
2nd_test,disp_full_48kHz,87.0,0.02983823
2nd_test,disp_full_48kHz,87.1667,0.038742936
2nd_test,disp_full_48kHz,87.3333,0.028594711
2nd_test,disp_full_48kHz,87.5,0.034302513
2nd_test,disp_full_48kHz,87.6667,0.029313665
2nd_test,disp_full_48kHz,87.8333,0.027378888
2nd_test,disp_full_48kHz,88.0,0.036660169
2nd_test,disp_full_48kHz,88.1667,0.033960428
2nd_test,disp_full_48kHz,88.3333,0.044646077
2nd_test,disp_full_48kHz,88.5,0.03404674
2nd_test,disp_full_48kHz,88.6667,0.023049068
2nd_test,disp_full_48kHz,88.8333,0.033229894
2nd_test,disp_full_48kHz,89.0,0.025327612
2nd_test,disp_full_48kHz,89.1667,0.026416527
2nd_test,disp_full_48kHz,89.3333,0.038182786
2nd_test,disp_full_48kHz,89.5,0.033094827
2nd_test,disp_full_48kHz,89.6667,0.047061655
2nd_test,disp_full_48kHz,89.8333,0.041118851
2nd_test,disp_full_48kHz,90.0,0.028789626
2nd_test,disp_full_48kHz,90.1667,0.021719747
2nd_test,disp_full_48kHz,90.3333,0.034371708
2nd_test,disp_full_48kHz,90.5,0.024292668
2nd_test,disp_full_48kHz,90.6667,0.020263598
2nd_test,disp_full_48kHz,90.8333,0.028041533
2nd_test,disp_full_48kHz,91.0,0.028751901
2nd_test,disp_full_48kHz,91.1667,0.037730171
2nd_test,disp_full_48kHz,91.3333,0.033558297
2nd_test,disp_full_48kHz,91.5,0.027992012
2nd_test,disp_full_48kHz,91.6667,0.046288959
2nd_test,disp_full_48kHz,91.8333,0.026269071
2nd_test,disp_full_48kHz,92.0,0.031593753
2nd_test,disp_full_48kHz,92.1667,0.043786534
2nd_test,disp_full_48kHz,92.3333,0.024737468
2nd_test,disp_full_48kHz,92.5,0.030824027
2nd_test,disp_full_48kHz,92.6667,0.0243496
2nd_test,disp_full_48kHz,92.8333,0.045446965
2nd_test,disp_full_48kHz,93.0,0.034328172
2nd_test,disp_full_48kHz,93.1667,0.027513788
2nd_test,disp_full_48kHz,93.3333,0.028923134
2nd_test,disp_full_48kHz,93.5,0.032394081
2nd_test,disp_full_48kHz,93.6667,0.028649759
2nd_test,disp_full_48kHz,93.8333,0.022475378
2nd_test,disp_full_48kHz,94.0,0.03257381
2nd_test,disp_full_48kHz,94.1667,0.031505581
2nd_test,disp_full_48kHz,94.3333,0.02737336
2nd_test,disp_full_48kHz,94.5,0.037686215
2nd_test,disp_full_48kHz,94.6667,0.042016581
2nd_test,disp_full_48kHz,94.8333,0.04915132
2nd_test,disp_full_48kHz,95.0,0.034919732
2nd_test,disp_full_48kHz,95.1667,0.028089653
2nd_test,disp_full_48kHz,95.3333,0.035189188
2nd_test,disp_full_48kHz,95.5,0.032018108
2nd_test,disp_full_48kHz,95.6667,0.029066268
2nd_test,disp_full_48kHz,95.8333,0.031062021
2nd_test,disp_full_48kHz,96.0,0.027129988
2nd_test,disp_full_48kHz,96.1667,0.027261282
2nd_test,disp_full_48kHz,96.3333,0.041012551
2nd_test,disp_full_48kHz,96.5,0.040702655
2nd_test,disp_full_48kHz,96.6667,0.030022919
2nd_test,disp_full_48kHz,96.8333,0.045201217
2nd_test,disp_full_48kHz,97.0,0.027521072
2nd_test,disp_full_48kHz,97.1667,0.045180339
2nd_test,disp_full_48kHz,97.3333,0.023989246
2nd_test,disp_full_48kHz,97.5,0.04103624
2nd_test,disp_full_48kHz,97.6667,0.025368288
2nd_test,disp_full_48kHz,97.8333,0.038373962
2nd_test,disp_full_48kHz,98.0,0.04430989
2nd_test,disp_full_48kHz,98.1667,0.04174223
2nd_test,disp_full_48kHz,98.3333,0.024008142
2nd_test,disp_full_48kHz,98.5,0.02709827
2nd_test,disp_full_48kHz,98.6667,0.030062036
2nd_test,disp_full_48kHz,98.8333,0.032454831
2nd_test,disp_full_48kHz,99.0,0.033013217
2nd_test,disp_full_48kHz,99.1667,0.01824077
2nd_test,disp_full_48kHz,99.3333,0.036626943
2nd_test,disp_full_48kHz,99.5,0.021624829
2nd_test,disp_full_48kHz,99.6667,0.025388425
2nd_test,disp_full_48kHz,99.8333,0.042717738
2nd_test,disp_full_48kHz,100.0,0.026247411
2nd_test,disp_full_48kHz,100.1667,0.031203616
2nd_test,disp_full_48kHz,100.3333,0.032723505
2nd_test,disp_full_48kHz,100.5,0.038487325
2nd_test,disp_full_48kHz,100.6667,0.022443683
2nd_test,disp_full_48kHz,100.8333,0.045368933
2nd_test,disp_full_48kHz,101.0,0.024132016
2nd_test,disp_full_48kHz,101.1667,0.032080806
2nd_test,disp_full_48kHz,101.3333,0.035411531
2nd_test,disp_full_48kHz,101.5,0.026348196
2nd_test,disp_full_48kHz,101.6667,0.034135972
2nd_test,disp_full_48kHz,101.8333,0.028844407
2nd_test,disp_full_48kHz,102.0,0.039255076
2nd_test,disp_full_48kHz,102.1667,0.030624323
2nd_test,disp_full_48kHz,102.3333,0.03362626
2nd_test,disp_full_48kHz,102.5,0.029503954
2nd_test,disp_full_48kHz,102.6667,0.025788832
2nd_test,disp_full_48kHz,102.8333,0.040315228
2nd_test,disp_full_48kHz,103.0,0.025406336
2nd_test,disp_full_48kHz,103.1667,0.025492571
2nd_test,disp_full_48kHz,103.3333,0.034856298
2nd_test,disp_full_48kHz,103.5,0.030936058
2nd_test,disp_full_48kHz,103.6667,0.022168903
2nd_test,disp_full_48kHz,103.8333,0.028217073
2nd_test,disp_full_48kHz,104.0,0.038968562
2nd_test,disp_full_48kHz,104.1667,0.030780697
2nd_test,disp_full_48kHz,104.3333,0.032371464
2nd_test,disp_full_48kHz,104.5,0.041161874
2nd_test,disp_full_48kHz,104.6667,0.032389691
2nd_test,disp_full_48kHz,104.8333,0.034203553
2nd_test,disp_full_48kHz,105.0,0.026818594
2nd_test,disp_full_48kHz,105.1667,0.03289401
2nd_test,disp_full_48kHz,105.3333,0.032851202
2nd_test,disp_full_48kHz,105.5,0.035279299
2nd_test,disp_full_48kHz,105.6667,0.035001036
2nd_test,disp_full_48kHz,105.8333,0.027717026
2nd_test,disp_full_48kHz,106.0,0.023716243
2nd_test,disp_full_48kHz,106.1667,0.022939592
2nd_test,disp_full_48kHz,106.3333,0.025818538
2nd_test,disp_full_48kHz,106.5,0.031387814
2nd_test,disp_full_48kHz,106.6667,0.027698159
2nd_test,disp_full_48kHz,106.8333,0.034236013
2nd_test,disp_full_48kHz,107.0,0.030196285
2nd_test,disp_full_48kHz,107.1667,0.027502676
2nd_test,disp_full_48kHz,107.3333,0.028331086
2nd_test,disp_full_48kHz,107.5,0.036233406
2nd_test,disp_full_48kHz,107.6667,0.03347515
2nd_test,disp_full_48kHz,107.8333,0.027136321
2nd_test,disp_full_48kHz,108.0,0.032820237
2nd_test,disp_full_48kHz,108.1667,0.028117755
2nd_test,disp_full_48kHz,108.3333,0.021702962
2nd_test,disp_full_48kHz,108.5,0.022200582
2nd_test,disp_full_48kHz,108.6667,0.028398103
2nd_test,disp_full_48kHz,108.8333,0.025568604
2nd_test,disp_full_48kHz,109.0,0.027182206
2nd_test,disp_full_48kHz,109.1667,0.033388591
2nd_test,disp_full_48kHz,109.3333,0.020690218
2nd_test,disp_full_48kHz,109.5,0.021948637
2nd_test,disp_full_48kHz,109.6667,0.036588815
2nd_test,disp_full_48kHz,109.8333,0.031222303
2nd_test,disp_full_48kHz,110.0,0.047341088
2nd_test,disp_full_48kHz,110.1667,0.027848878
2nd_test,disp_full_48kHz,110.3333,0.03015726
2nd_test,disp_full_48kHz,110.5,0.040630852
2nd_test,disp_full_48kHz,110.6667,0.028854198
2nd_test,disp_full_48kHz,110.8333,0.029993225
2nd_test,disp_full_48kHz,111.0,0.029481717
2nd_test,disp_full_48kHz,111.1667,0.031525366
2nd_test,disp_full_48kHz,111.3333,0.045277582
2nd_test,disp_full_48kHz,111.5,0.039750414
2nd_test,disp_full_48kHz,111.6667,0.030710014
2nd_test,disp_full_48kHz,111.8333,0.03232456
2nd_test,disp_full_48kHz,112.0,0.031478584
2nd_test,disp_full_48kHz,112.1667,0.041661637
2nd_test,disp_full_48kHz,112.3333,0.029875375
2nd_test,disp_full_48kHz,112.5,0.03009156
2nd_test,disp_full_48kHz,112.6667,0.023029616
2nd_test,disp_full_48kHz,112.8333,0.03432867
2nd_test,disp_full_48kHz,113.0,0.035035226
2nd_test,disp_full_48kHz,113.1667,0.034975952
2nd_test,disp_full_48kHz,113.3333,0.038266953
2nd_test,disp_full_48kHz,113.5,0.025451311
2nd_test,disp_full_48kHz,113.6667,0.020028608
2nd_test,disp_full_48kHz,113.8333,0.039513077
2nd_test,disp_full_48kHz,114.0,0.027299325
2nd_test,disp_full_48kHz,114.1667,0.042938861
2nd_test,disp_full_48kHz,114.3333,0.029306818
2nd_test,disp_full_48kHz,114.5,0.044306666
2nd_test,disp_full_48kHz,114.6667,0.023695089
2nd_test,disp_full_48kHz,114.8333,0.043035743
2nd_test,disp_full_48kHz,115.0,0.031336362
2nd_test,disp_full_48kHz,115.1667,0.048479857
2nd_test,disp_full_48kHz,115.3333,0.046920541
2nd_test,disp_full_48kHz,115.5,0.039788318
2nd_test,disp_full_48kHz,115.6667,0.024838394
2nd_test,disp_full_48kHz,115.8333,0.035698451
2nd_test,disp_full_48kHz,116.0,0.024873987
2nd_test,disp_full_48kHz,116.1667,0.035286857
2nd_test,disp_full_48kHz,116.3333,0.032336543
2nd_test,disp_full_48kHz,116.5,0.041267608
2nd_test,disp_full_48kHz,116.6667,0.03385017
2nd_test,disp_full_48kHz,116.8333,0.029236154
2nd_test,disp_full_48kHz,117.0,0.040993556
2nd_test,disp_full_48kHz,117.1667,0.046567771
2nd_test,disp_full_48kHz,117.3333,0.02258805
2nd_test,disp_full_48kHz,117.5,0.032713983
2nd_test,disp_full_48kHz,117.6667,0.025110797
2nd_test,disp_full_48kHz,117.8333,0.037628293
2nd_test,disp_full_48kHz,118.0,0.026648117
2nd_test,disp_full_48kHz,118.1667,0.025454367
2nd_test,disp_full_48kHz,118.3333,0.034650882
2nd_test,disp_full_48kHz,118.5,0.035808261
2nd_test,disp_full_48kHz,118.6667,0.030978039
2nd_test,disp_full_48kHz,118.8333,0.02104415
2nd_test,disp_full_48kHz,119.0,0.032473157
2nd_test,disp_full_48kHz,119.1667,0.033823646
2nd_test,disp_full_48kHz,119.3333,0.023595279
2nd_test,disp_full_48kHz,119.5,0.037821063
2nd_test,disp_full_48kHz,119.6667,0.042439107
2nd_test,disp_full_48kHz,119.8333,0.043022666
2nd_test,disp_full_48kHz,120.0,0.024291654
2nd_test,disp_full_48kHz,120.1667,0.03314042
2nd_test,disp_full_48kHz,120.3333,0.023914893
2nd_test,disp_full_48kHz,120.5,0.027449294
2nd_test,disp_full_48kHz,120.6667,0.033469649
2nd_test,disp_full_48kHz,120.8333,0.028687948
2nd_test,disp_full_48kHz,121.0,0.024552607
2nd_test,disp_full_48kHz,121.1667,0.038615581
2nd_test,disp_full_48kHz,121.3333,0.031800147
2nd_test,disp_full_48kHz,121.5,0.047412751
2nd_test,disp_full_48kHz,121.6667,0.037646415
2nd_test,disp_full_48kHz,121.8333,0.035943911
2nd_test,disp_full_48kHz,122.0,0.039617943
2nd_test,disp_full_48kHz,122.1667,0.030118524
2nd_test,disp_full_48kHz,122.3333,0.03026505
2nd_test,disp_full_48kHz,122.5,0.028657671
2nd_test,disp_full_48kHz,122.6667,0.025373339
2nd_test,disp_full_48kHz,122.8333,0.043591713
2nd_test,disp_full_48kHz,123.0,0.031281179
2nd_test,disp_full_48kHz,123.1667,0.02764419
2nd_test,disp_full_48kHz,123.3333,0.030281261
2nd_test,disp_full_48kHz,123.5,0.030795785
2nd_test,disp_full_48kHz,123.6667,0.03127368
2nd_test,disp_full_48kHz,123.8333,0.042604368
2nd_test,disp_full_48kHz,124.0,0.040969472
2nd_test,disp_full_48kHz,124.1667,0.029892761
2nd_test,disp_full_48kHz,124.3333,0.023818601
2nd_test,disp_full_48kHz,124.5,0.030254402
2nd_test,disp_full_48kHz,124.6667,0.052880125
2nd_test,disp_full_48kHz,124.8333,0.028829573
2nd_test,disp_full_48kHz,125.0,0.01904537
2nd_test,disp_full_48kHz,125.1667,0.045235412
2nd_test,disp_full_48kHz,125.3333,0.03225665
2nd_test,disp_full_48kHz,125.5,0.045342506
2nd_test,disp_full_48kHz,125.6667,0.034291396
2nd_test,disp_full_48kHz,125.8333,0.027554682
2nd_test,disp_full_48kHz,126.0,0.039275353
2nd_test,disp_full_48kHz,126.1667,0.029908845
2nd_test,disp_full_48kHz,126.3333,0.034939166
2nd_test,disp_full_48kHz,126.5,0.030729882
2nd_test,disp_full_48kHz,126.6667,0.028108805
2nd_test,disp_full_48kHz,126.8333,0.031154382
2nd_test,disp_full_48kHz,127.0,0.030918553
2nd_test,disp_full_48kHz,127.1667,0.024856924
2nd_test,disp_full_48kHz,127.3333,0.031417081
2nd_test,disp_full_48kHz,127.5,0.04213399
2nd_test,disp_full_48kHz,127.6667,0.038640206
2nd_test,disp_full_48kHz,127.8333,0.044846445
2nd_test,disp_full_48kHz,128.0,0.036852122
2nd_test,disp_full_48kHz,128.1667,0.043497713
2nd_test,disp_full_48kHz,128.3333,0.035841492
2nd_test,disp_full_48kHz,128.5,0.029540256
2nd_test,disp_full_48kHz,128.6667,0.026506085
2nd_test,disp_full_48kHz,128.8333,0.043381787
2nd_test,disp_full_48kHz,129.0,0.034327056
2nd_test,disp_full_48kHz,129.1667,0.037778107
2nd_test,disp_full_48kHz,129.3333,0.029997574
2nd_test,disp_full_48kHz,129.5,0.044869232
2nd_test,disp_full_48kHz,129.6667,0.030775624
2nd_test,disp_full_48kHz,129.8333,0.028351259
2nd_test,disp_full_48kHz,130.0,0.040553352
2nd_test,disp_full_48kHz,130.1667,0.040313673
2nd_test,disp_full_48kHz,130.3333,0.025114583
2nd_test,disp_full_48kHz,130.5,0.045592702
2nd_test,disp_full_48kHz,130.6667,0.023966754
2nd_test,disp_full_48kHz,130.8333,0.026254865
2nd_test,disp_full_48kHz,131.0,0.027097421
2nd_test,disp_full_48kHz,131.1667,0.02949593
2nd_test,disp_full_48kHz,131.3333,0.030536464
2nd_test,disp_full_48kHz,131.5,0.025526893
2nd_test,disp_full_48kHz,131.6667,0.033421438
2nd_test,disp_full_48kHz,131.8333,0.027598907
2nd_test,disp_full_48kHz,132.0,0.029710467
2nd_test,disp_full_48kHz,132.1667,0.031645709
2nd_test,disp_full_48kHz,132.3333,0.031863352
2nd_test,disp_full_48kHz,132.5,0.037073096
2nd_test,disp_full_48kHz,132.6667,0.040847361
2nd_test,disp_full_48kHz,132.8333,0.02836198
2nd_test,disp_full_48kHz,133.0,0.026001641
2nd_test,disp_full_48kHz,133.1667,0.032488619
2nd_test,disp_full_48kHz,133.3333,0.043952726
2nd_test,disp_full_48kHz,133.5,0.029527991
2nd_test,disp_full_48kHz,133.6667,0.032381241
2nd_test,disp_full_48kHz,133.8333,0.038681715
2nd_test,disp_full_48kHz,134.0,0.024392882
2nd_test,disp_full_48kHz,134.1667,0.025412475
2nd_test,disp_full_48kHz,134.3333,0.03897099
2nd_test,disp_full_48kHz,134.5,0.031317248
2nd_test,disp_full_48kHz,134.6667,0.032987966
2nd_test,disp_full_48kHz,134.8333,0.037266546
2nd_test,disp_full_48kHz,135.0,0.047432336
2nd_test,disp_full_48kHz,135.1667,0.040007326
2nd_test,disp_full_48kHz,135.3333,0.030063719
2nd_test,disp_full_48kHz,135.5,0.035337924
2nd_test,disp_full_48kHz,135.6667,0.047456269
2nd_test,disp_full_48kHz,135.8333,0.03114335
2nd_test,disp_full_48kHz,136.0,0.028171784
2nd_test,disp_full_48kHz,136.1667,0.035645522
2nd_test,disp_full_48kHz,136.3333,0.025800399
2nd_test,disp_full_48kHz,136.5,0.024140512
2nd_test,disp_full_48kHz,136.6667,0.030456227
2nd_test,disp_full_48kHz,136.8333,0.027155334
2nd_test,disp_full_48kHz,137.0,0.051807339
2nd_test,disp_full_48kHz,137.1667,0.026538069
2nd_test,disp_full_48kHz,137.3333,0.025193634
2nd_test,disp_full_48kHz,137.5,0.04295139
2nd_test,disp_full_48kHz,137.6667,0.03725217
2nd_test,disp_full_48kHz,137.8333,0.028686787
2nd_test,disp_full_48kHz,138.0,0.026253377
2nd_test,disp_full_48kHz,138.1667,0.019069303
2nd_test,disp_full_48kHz,138.3333,0.048559883
2nd_test,disp_full_48kHz,138.5,0.032935847
2nd_test,disp_full_48kHz,138.6667,0.062821778
2nd_test,disp_full_48kHz,138.8333,0.032268643
2nd_test,disp_full_48kHz,139.0,0.033151036
2nd_test,disp_full_48kHz,139.1667,0.036240594
2nd_test,disp_full_48kHz,139.3333,0.051556371
2nd_test,disp_full_48kHz,139.5,0.036099468
2nd_test,disp_full_48kHz,139.6667,0.038512306
2nd_test,disp_full_48kHz,139.8333,0.037691442
2nd_test,disp_full_48kHz,140.0,0.036702396
2nd_test,disp_full_48kHz,140.1667,0.029512954
2nd_test,disp_full_48kHz,140.3333,0.033940645
2nd_test,disp_full_48kHz,140.5,0.050814127
2nd_test,disp_full_48kHz,140.6667,0.033193306
2nd_test,disp_full_48kHz,140.8333,0.034417007
2nd_test,disp_full_48kHz,141.0,0.058789149
2nd_test,disp_full_48kHz,141.1667,0.046112501
2nd_test,disp_full_48kHz,141.3333,0.041023723
2nd_test,disp_full_48kHz,141.5,0.035253434
2nd_test,disp_full_48kHz,141.6667,0.037446255
2nd_test,disp_full_48kHz,141.8333,0.045392737
2nd_test,disp_full_48kHz,142.0,0.034043096
2nd_test,disp_full_48kHz,142.1667,0.032960702
2nd_test,disp_full_48kHz,142.3333,0.035702372
2nd_test,disp_full_48kHz,142.5,0.028729457
2nd_test,disp_full_48kHz,142.6667,0.033505383
2nd_test,disp_full_48kHz,142.8333,0.056101729
2nd_test,disp_full_48kHz,143.0,0.034629409
2nd_test,disp_full_48kHz,143.1667,0.034170668
2nd_test,disp_full_48kHz,143.3333,0.041087829
2nd_test,disp_full_48kHz,143.5,0.029091708
2nd_test,disp_full_48kHz,143.6667,0.040339595
2nd_test,disp_full_48kHz,143.8333,0.037473887
2nd_test,disp_full_48kHz,144.0,0.04213865
2nd_test,disp_full_48kHz,144.1667,0.034083503
2nd_test,disp_full_48kHz,144.3333,0.031220923
2nd_test,disp_full_48kHz,144.5,0.033695518
2nd_test,disp_full_48kHz,144.6667,0.044310918
2nd_test,disp_full_48kHz,144.8333,0.027510739
2nd_test,disp_full_48kHz,145.0,0.036157
2nd_test,disp_full_48kHz,145.1667,0.048378503
2nd_test,disp_full_48kHz,145.3333,0.031018229
2nd_test,disp_full_48kHz,145.5,0.036811632
2nd_test,disp_full_48kHz,145.6667,0.036074181
2nd_test,disp_full_48kHz,145.8333,0.034507157
2nd_test,disp_full_48kHz,146.0,0.055061009
2nd_test,disp_full_48kHz,146.1667,0.04920053
2nd_test,disp_full_48kHz,146.3333,0.036560466
2nd_test,disp_full_48kHz,146.5,0.032551539
2nd_test,disp_full_48kHz,146.6667,0.048242141
2nd_test,disp_full_48kHz,146.8333,0.055179576
2nd_test,disp_full_48kHz,147.0,0.049093828
2nd_test,disp_full_48kHz,147.1667,0.051304292
2nd_test,disp_full_48kHz,147.3333,0.049643033
2nd_test,disp_full_48kHz,147.5,0.037608784
2nd_test,disp_full_48kHz,147.6667,0.038384327
2nd_test,disp_full_48kHz,147.8333,0.035861563
2nd_test,disp_full_48kHz,148.0,0.040029726
2nd_test,disp_full_48kHz,148.1667,0.034964054
2nd_test,disp_full_48kHz,148.3333,0.03853159
2nd_test,disp_full_48kHz,148.5,0.043968297
2nd_test,disp_full_48kHz,148.6667,0.035002983
2nd_test,disp_full_48kHz,148.8333,0.051543561
2nd_test,disp_full_48kHz,149.0,0.046668143
2nd_test,disp_full_48kHz,149.1667,0.037883163
2nd_test,disp_full_48kHz,149.3333,0.055370223
2nd_test,disp_full_48kHz,149.5,0.037708873
2nd_test,disp_full_48kHz,149.6667,0.042049076
2nd_test,disp_full_48kHz,149.8333,0.035540994
2nd_test,disp_full_48kHz,150.0,0.042621418
2nd_test,disp_full_48kHz,150.1667,0.049520467
2nd_test,disp_full_48kHz,150.3333,0.032967626
2nd_test,disp_full_48kHz,150.5,0.048925306
2nd_test,disp_full_48kHz,150.6667,0.030152962
2nd_test,disp_full_48kHz,150.8333,0.037058688
2nd_test,disp_full_48kHz,151.0,0.053309426
2nd_test,disp_full_48kHz,151.1667,0.060795691
2nd_test,disp_full_48kHz,151.3333,0.036150886
2nd_test,disp_full_48kHz,151.5,0.034406931
2nd_test,disp_full_48kHz,151.6667,0.043383827
2nd_test,disp_full_48kHz,151.8333,0.033526487
2nd_test,disp_full_48kHz,152.0,0.052539699
2nd_test,disp_full_48kHz,152.1667,0.057991053
2nd_test,disp_full_48kHz,152.3333,0.036959914
2nd_test,disp_full_48kHz,152.5,0.047267719
2nd_test,disp_full_48kHz,152.6667,0.036186361
2nd_test,disp_full_48kHz,152.8333,0.048079345
2nd_test,disp_full_48kHz,153.0,0.052278753
2nd_test,disp_full_48kHz,153.1667,0.049033056
2nd_test,disp_full_48kHz,153.3333,0.037907633
2nd_test,disp_full_48kHz,153.5,0.05022478
2nd_test,disp_full_48kHz,153.6667,0.039860714
2nd_test,disp_full_48kHz,153.8333,0.047630038
2nd_test,disp_full_48kHz,154.0,0.035324442
2nd_test,disp_full_48kHz,154.1667,0.040895949
2nd_test,disp_full_48kHz,154.3333,0.035961448
2nd_test,disp_full_48kHz,154.5,0.049613007
2nd_test,disp_full_48kHz,154.6667,0.033830338
2nd_test,disp_full_48kHz,154.8333,0.056835378
2nd_test,disp_full_48kHz,155.0,0.045102935
2nd_test,disp_full_48kHz,155.1667,0.039324525
2nd_test,disp_full_48kHz,155.3333,0.02979843
2nd_test,disp_full_48kHz,155.5,0.02251381
2nd_test,disp_full_48kHz,155.6667,0.025909029
2nd_test,disp_full_48kHz,155.8333,0.043538793
2nd_test,disp_full_48kHz,156.0,0.043923532
2nd_test,disp_full_48kHz,156.1667,0.045676277
2nd_test,disp_full_48kHz,156.3333,0.041546812
2nd_test,disp_full_48kHz,156.5,0.024668732
2nd_test,disp_full_48kHz,156.6667,0.051084545
2nd_test,disp_full_48kHz,156.8333,0.047644885
2nd_test,disp_full_48kHz,157.0,0.042871159
2nd_test,disp_full_48kHz,157.1667,0.041660147
2nd_test,disp_full_48kHz,157.3333,0.040587262
2nd_test,disp_full_48kHz,157.5,0.054480833
2nd_test,disp_full_48kHz,157.6667,0.048776596
2nd_test,disp_full_48kHz,157.8333,0.028920069
2nd_test,disp_full_48kHz,158.0,0.032767007
2nd_test,disp_full_48kHz,158.1667,0.033974437
2nd_test,disp_full_48kHz,158.3333,0.044534446
2nd_test,disp_full_48kHz,158.5,0.039049107
2nd_test,disp_full_48kHz,158.6667,0.044508159
2nd_test,disp_full_48kHz,158.8333,0.059639308
2nd_test,disp_full_48kHz,159.0,0.062654978
2nd_test,disp_full_48kHz,159.1667,0.065984533
2nd_test,disp_full_48kHz,159.3333,0.067459047
2nd_test,disp_full_48kHz,159.5,0.059696846
2nd_test,disp_full_48kHz,159.6667,0.031545323
2nd_test,disp_full_48kHz,159.8333,0.084574295
2nd_test,disp_full_48kHz,160.0,0.075289686
2nd_test,disp_full_48kHz,160.1667,0.050104573
2nd_test,disp_full_48kHz,160.3333,0.038597784
2nd_test,disp_full_48kHz,160.5,0.048169365
2nd_test,disp_full_48kHz,160.6667,0.054081867
2nd_test,disp_full_48kHz,160.8333,0.052534535
2nd_test,disp_full_48kHz,161.0,0.066886522
2nd_test,disp_full_48kHz,161.1667,0.075740038
2nd_test,disp_full_48kHz,161.3333,0.06880661
2nd_test,disp_full_48kHz,161.5,0.12165577
2nd_test,disp_full_48kHz,161.6667,0.21641532
2nd_test,disp_full_48kHz,161.8333,0.18529259
2nd_test,disp_full_48kHz,162.0,0.15475107
2nd_test,disp_full_48kHz,162.1667,0.2994835
2nd_test,disp_full_48kHz,162.3333,0.12278506
2nd_test,disp_full_48kHz,162.5,0.30972128
2nd_test,disp_full_48kHz,162.6667,0.26539603
2nd_test,disp_full_48kHz,162.8333,0.15722669
2nd_test,disp_full_48kHz,163.0,0.10543605
2nd_test,disp_full_48kHz,163.1667,0.35738517
2nd_test,disp_full_48kHz,163.3333,0.22913548
2nd_test,disp_full_48kHz,163.5,0.25251071
2nd_test,disp_240Hz_ideal,0.0,0.04708782
2nd_test,disp_240Hz_ideal,0.1667,0.030162778
2nd_test,disp_240Hz_ideal,0.3333,0.025673047
2nd_test,disp_240Hz_ideal,0.5,0.033600556
2nd_test,disp_240Hz_ideal,0.6667,0.033784719
2nd_test,disp_240Hz_ideal,0.8333,0.036027509
2nd_test,disp_240Hz_ideal,1.0,0.021180503
2nd_test,disp_240Hz_ideal,1.1667,0.032457117
2nd_test,disp_240Hz_ideal,1.3333,0.035616072
2nd_test,disp_240Hz_ideal,1.5,0.040874998
2nd_test,disp_240Hz_ideal,1.6667,0.037839761
2nd_test,disp_240Hz_ideal,1.8333,0.024955774
2nd_test,disp_240Hz_ideal,2.0,0.03011134
2nd_test,disp_240Hz_ideal,2.1667,0.033631943
2nd_test,disp_240Hz_ideal,2.3333,0.030253728
2nd_test,disp_240Hz_ideal,2.5,0.030644128
2nd_test,disp_240Hz_ideal,2.6667,0.031330956
2nd_test,disp_240Hz_ideal,2.8333,0.027898655
2nd_test,disp_240Hz_ideal,3.0,0.037487054
2nd_test,disp_240Hz_ideal,3.1667,0.040155273
2nd_test,disp_240Hz_ideal,3.3333,0.028761077
2nd_test,disp_240Hz_ideal,3.5,0.03122381
2nd_test,disp_240Hz_ideal,3.6667,0.041671891
2nd_test,disp_240Hz_ideal,3.8333,0.036387296
2nd_test,disp_240Hz_ideal,4.0,0.035744018
2nd_test,disp_240Hz_ideal,4.1667,0.031307232
2nd_test,disp_240Hz_ideal,4.3333,0.029546949
2nd_test,disp_240Hz_ideal,4.5,0.025275662
2nd_test,disp_240Hz_ideal,4.6667,0.031268394
2nd_test,disp_240Hz_ideal,4.8333,0.044772472
2nd_test,disp_240Hz_ideal,5.0,0.035526234
2nd_test,disp_240Hz_ideal,5.1667,0.031775985
2nd_test,disp_240Hz_ideal,5.3333,0.042243127
2nd_test,disp_240Hz_ideal,5.5,0.033663288
2nd_test,disp_240Hz_ideal,5.6667,0.025912292
2nd_test,disp_240Hz_ideal,5.8333,0.02518392
2nd_test,disp_240Hz_ideal,6.0,0.032771744
2nd_test,disp_240Hz_ideal,6.1667,0.025617033
2nd_test,disp_240Hz_ideal,6.3333,0.033014917
2nd_test,disp_240Hz_ideal,6.5,0.030428768
2nd_test,disp_240Hz_ideal,6.6667,0.02890636
2nd_test,disp_240Hz_ideal,6.8333,0.031059079
2nd_test,disp_240Hz_ideal,7.0,0.025523061
2nd_test,disp_240Hz_ideal,7.1667,0.025587268
2nd_test,disp_240Hz_ideal,7.3333,0.029989628
2nd_test,disp_240Hz_ideal,7.5,0.032124107
2nd_test,disp_240Hz_ideal,7.6667,0.034734844
2nd_test,disp_240Hz_ideal,7.8333,0.044478555
2nd_test,disp_240Hz_ideal,8.0,0.02403035
2nd_test,disp_240Hz_ideal,8.1667,0.029773246
2nd_test,disp_240Hz_ideal,8.3333,0.040762792
2nd_test,disp_240Hz_ideal,8.5,0.029167091
2nd_test,disp_240Hz_ideal,8.6667,0.036301885
2nd_test,disp_240Hz_ideal,8.8333,0.024967606
2nd_test,disp_240Hz_ideal,9.0,0.032913279
2nd_test,disp_240Hz_ideal,9.1667,0.024534879
2nd_test,disp_240Hz_ideal,9.3333,0.023039499
2nd_test,disp_240Hz_ideal,9.5,0.034309267
2nd_test,disp_240Hz_ideal,9.6667,0.027123834
2nd_test,disp_240Hz_ideal,9.8333,0.047506455
2nd_test,disp_240Hz_ideal,10.0,0.030518776
2nd_test,disp_240Hz_ideal,10.1667,0.021565136
2nd_test,disp_240Hz_ideal,10.3333,0.037049231
2nd_test,disp_240Hz_ideal,10.5,0.027649659
2nd_test,disp_240Hz_ideal,10.6667,0.021335015
2nd_test,disp_240Hz_ideal,10.8333,0.026749387
2nd_test,disp_240Hz_ideal,11.0,0.036463634
2nd_test,disp_240Hz_ideal,11.1667,0.03570835
2nd_test,disp_240Hz_ideal,11.3333,0.028633063
2nd_test,disp_240Hz_ideal,11.5,0.026307898
2nd_test,disp_240Hz_ideal,11.6667,0.040961566
2nd_test,disp_240Hz_ideal,11.8333,0.033798482
2nd_test,disp_240Hz_ideal,12.0,0.036391968
2nd_test,disp_240Hz_ideal,12.1667,0.04078764
2nd_test,disp_240Hz_ideal,12.3333,0.021928163
2nd_test,disp_240Hz_ideal,12.5,0.027199259
2nd_test,disp_240Hz_ideal,12.6667,0.039025807
2nd_test,disp_240Hz_ideal,12.8333,0.032868836
2nd_test,disp_240Hz_ideal,13.0,0.031991533
2nd_test,disp_240Hz_ideal,13.1667,0.026802198
2nd_test,disp_240Hz_ideal,13.3333,0.031544839
2nd_test,disp_240Hz_ideal,13.5,0.029047652
2nd_test,disp_240Hz_ideal,13.6667,0.024451571
2nd_test,disp_240Hz_ideal,13.8333,0.031903435
2nd_test,disp_240Hz_ideal,14.0,0.044648104
2nd_test,disp_240Hz_ideal,14.1667,0.044260404
2nd_test,disp_240Hz_ideal,14.3333,0.020442008
2nd_test,disp_240Hz_ideal,14.5,0.032166442
2nd_test,disp_240Hz_ideal,14.6667,0.031862019
2nd_test,disp_240Hz_ideal,14.8333,0.036544764
2nd_test,disp_240Hz_ideal,15.0,0.024579157
2nd_test,disp_240Hz_ideal,15.1667,0.025572508
2nd_test,disp_240Hz_ideal,15.3333,0.029043717
2nd_test,disp_240Hz_ideal,15.5,0.025115244
2nd_test,disp_240Hz_ideal,15.6667,0.031572201
2nd_test,disp_240Hz_ideal,15.8333,0.036887111
2nd_test,disp_240Hz_ideal,16.0,0.032016104
2nd_test,disp_240Hz_ideal,16.1667,0.031892189
2nd_test,disp_240Hz_ideal,16.3333,0.049850202
2nd_test,disp_240Hz_ideal,16.5,0.039579838
2nd_test,disp_240Hz_ideal,16.6667,0.031891526
2nd_test,disp_240Hz_ideal,16.8333,0.033828654
2nd_test,disp_240Hz_ideal,17.0,0.027020858
2nd_test,disp_240Hz_ideal,17.1667,0.031505379
2nd_test,disp_240Hz_ideal,17.3333,0.023507186
2nd_test,disp_240Hz_ideal,17.5,0.040895869
2nd_test,disp_240Hz_ideal,17.6667,0.030470126
2nd_test,disp_240Hz_ideal,17.8333,0.029637582
2nd_test,disp_240Hz_ideal,18.0,0.030538864
2nd_test,disp_240Hz_ideal,18.1667,0.031273477
2nd_test,disp_240Hz_ideal,18.3333,0.031526388
2nd_test,disp_240Hz_ideal,18.5,0.044142559
2nd_test,disp_240Hz_ideal,18.6667,0.042794902
2nd_test,disp_240Hz_ideal,18.8333,0.020395541
2nd_test,disp_240Hz_ideal,19.0,0.025944067
2nd_test,disp_240Hz_ideal,19.1667,0.04015368
2nd_test,disp_240Hz_ideal,19.3333,0.028315574
2nd_test,disp_240Hz_ideal,19.5,0.033933605
2nd_test,disp_240Hz_ideal,19.6667,0.029162623
2nd_test,disp_240Hz_ideal,19.8333,0.023525541
2nd_test,disp_240Hz_ideal,20.0,0.035580542
2nd_test,disp_240Hz_ideal,20.1667,0.035420193
2nd_test,disp_240Hz_ideal,20.3333,0.034139151
2nd_test,disp_240Hz_ideal,20.5,0.0376477
2nd_test,disp_240Hz_ideal,20.6667,0.037543315
2nd_test,disp_240Hz_ideal,20.8333,0.033707488
2nd_test,disp_240Hz_ideal,21.0,0.029135534
2nd_test,disp_240Hz_ideal,21.1667,0.039415685
2nd_test,disp_240Hz_ideal,21.3333,0.030547804
2nd_test,disp_240Hz_ideal,21.5,0.022506859
2nd_test,disp_240Hz_ideal,21.6667,0.031897282
2nd_test,disp_240Hz_ideal,21.8333,0.032079432
2nd_test,disp_240Hz_ideal,22.0,0.021881077
2nd_test,disp_240Hz_ideal,22.1667,0.024074002
2nd_test,disp_240Hz_ideal,22.3333,0.045410894
2nd_test,disp_240Hz_ideal,22.5,0.030434253
2nd_test,disp_240Hz_ideal,22.6667,0.02633087
2nd_test,disp_240Hz_ideal,22.8333,0.035432814
2nd_test,disp_240Hz_ideal,23.0,0.023825694
2nd_test,disp_240Hz_ideal,23.1667,0.03810042
2nd_test,disp_240Hz_ideal,23.3333,0.026294882
2nd_test,disp_240Hz_ideal,23.5,0.034589587
2nd_test,disp_240Hz_ideal,23.6667,0.023404608
2nd_test,disp_240Hz_ideal,23.8333,0.028661465
2nd_test,disp_240Hz_ideal,24.0,0.020041794
2nd_test,disp_240Hz_ideal,24.1667,0.03913833
2nd_test,disp_240Hz_ideal,24.3333,0.030704149
2nd_test,disp_240Hz_ideal,24.5,0.035929335
2nd_test,disp_240Hz_ideal,24.6667,0.023931525
2nd_test,disp_240Hz_ideal,24.8333,0.029780715
2nd_test,disp_240Hz_ideal,25.0,0.044264209
2nd_test,disp_240Hz_ideal,25.1667,0.048533037
2nd_test,disp_240Hz_ideal,25.3333,0.040654377
2nd_test,disp_240Hz_ideal,25.5,0.035735831
2nd_test,disp_240Hz_ideal,25.6667,0.026126348
2nd_test,disp_240Hz_ideal,25.8333,0.026244549
2nd_test,disp_240Hz_ideal,26.0,0.030123516
2nd_test,disp_240Hz_ideal,26.1667,0.025898939
2nd_test,disp_240Hz_ideal,26.3333,0.026193218
2nd_test,disp_240Hz_ideal,26.5,0.032223332
2nd_test,disp_240Hz_ideal,26.6667,0.034308611
2nd_test,disp_240Hz_ideal,26.8333,0.033191742
2nd_test,disp_240Hz_ideal,27.0,0.025443736
2nd_test,disp_240Hz_ideal,27.1667,0.028334651
2nd_test,disp_240Hz_ideal,27.3333,0.035682088
2nd_test,disp_240Hz_ideal,27.5,0.031953195
2nd_test,disp_240Hz_ideal,27.6667,0.043191614
2nd_test,disp_240Hz_ideal,27.8333,0.031646523
2nd_test,disp_240Hz_ideal,28.0,0.036985681
2nd_test,disp_240Hz_ideal,28.1667,0.016629536
2nd_test,disp_240Hz_ideal,28.3333,0.042417362
2nd_test,disp_240Hz_ideal,28.5,0.036751531
2nd_test,disp_240Hz_ideal,28.6667,0.032758612
2nd_test,disp_240Hz_ideal,28.8333,0.026403653
2nd_test,disp_240Hz_ideal,29.0,0.035463107
2nd_test,disp_240Hz_ideal,29.1667,0.038074432
2nd_test,disp_240Hz_ideal,29.3333,0.040332847
2nd_test,disp_240Hz_ideal,29.5,0.034672646
2nd_test,disp_240Hz_ideal,29.6667,0.033428455
2nd_test,disp_240Hz_ideal,29.8333,0.029429511
2nd_test,disp_240Hz_ideal,30.0,0.035019462
2nd_test,disp_240Hz_ideal,30.1667,0.026623369
2nd_test,disp_240Hz_ideal,30.3333,0.035331566
2nd_test,disp_240Hz_ideal,30.5,0.025338552
2nd_test,disp_240Hz_ideal,30.6667,0.034791937
2nd_test,disp_240Hz_ideal,30.8333,0.030336369
2nd_test,disp_240Hz_ideal,31.0,0.026049548
2nd_test,disp_240Hz_ideal,31.1667,0.033807015
2nd_test,disp_240Hz_ideal,31.3333,0.045245194
2nd_test,disp_240Hz_ideal,31.5,0.028562132
2nd_test,disp_240Hz_ideal,31.6667,0.043332808
2nd_test,disp_240Hz_ideal,31.8333,0.043480729
2nd_test,disp_240Hz_ideal,32.0,0.039049103
2nd_test,disp_240Hz_ideal,32.1667,0.033696449
2nd_test,disp_240Hz_ideal,32.3333,0.033322053
2nd_test,disp_240Hz_ideal,32.5,0.032603116
2nd_test,disp_240Hz_ideal,32.6667,0.036114511
2nd_test,disp_240Hz_ideal,32.8333,0.035302543
2nd_test,disp_240Hz_ideal,33.0,0.058372708
2nd_test,disp_240Hz_ideal,33.1667,0.031583112
2nd_test,disp_240Hz_ideal,33.3333,0.02678973
2nd_test,disp_240Hz_ideal,33.5,0.035337196
2nd_test,disp_240Hz_ideal,33.6667,0.022473637
2nd_test,disp_240Hz_ideal,33.8333,0.023279028
2nd_test,disp_240Hz_ideal,34.0,0.041046758
2nd_test,disp_240Hz_ideal,34.1667,0.034303059
2nd_test,disp_240Hz_ideal,34.3333,0.030250126
2nd_test,disp_240Hz_ideal,34.5,0.027807849
2nd_test,disp_240Hz_ideal,34.6667,0.020785592
2nd_test,disp_240Hz_ideal,34.8333,0.035112755
2nd_test,disp_240Hz_ideal,35.0,0.037760679
2nd_test,disp_240Hz_ideal,35.1667,0.027512994
2nd_test,disp_240Hz_ideal,35.3333,0.046811728
2nd_test,disp_240Hz_ideal,35.5,0.028328771
2nd_test,disp_240Hz_ideal,35.6667,0.024384523
2nd_test,disp_240Hz_ideal,35.8333,0.039813107
2nd_test,disp_240Hz_ideal,36.0,0.029715461
2nd_test,disp_240Hz_ideal,36.1667,0.029569893
2nd_test,disp_240Hz_ideal,36.3333,0.02739648
2nd_test,disp_240Hz_ideal,36.5,0.027975588
2nd_test,disp_240Hz_ideal,36.6667,0.034977913
2nd_test,disp_240Hz_ideal,36.8333,0.024405625
2nd_test,disp_240Hz_ideal,37.0,0.034415199
2nd_test,disp_240Hz_ideal,37.1667,0.044626407
2nd_test,disp_240Hz_ideal,37.3333,0.024689577
2nd_test,disp_240Hz_ideal,37.5,0.035777683
2nd_test,disp_240Hz_ideal,37.6667,0.029526396
2nd_test,disp_240Hz_ideal,37.8333,0.026541233
2nd_test,disp_240Hz_ideal,38.0,0.030195919
2nd_test,disp_240Hz_ideal,38.1667,0.042314806
2nd_test,disp_240Hz_ideal,38.3333,0.033355229
2nd_test,disp_240Hz_ideal,38.5,0.022535245
2nd_test,disp_240Hz_ideal,38.6667,0.028221787
2nd_test,disp_240Hz_ideal,38.8333,0.022347905
2nd_test,disp_240Hz_ideal,39.0,0.023394687
2nd_test,disp_240Hz_ideal,39.1667,0.036091604
2nd_test,disp_240Hz_ideal,39.3333,0.031154398
2nd_test,disp_240Hz_ideal,39.5,0.046427179
2nd_test,disp_240Hz_ideal,39.6667,0.032648841
2nd_test,disp_240Hz_ideal,39.8333,0.032189569
2nd_test,disp_240Hz_ideal,40.0,0.03216028
2nd_test,disp_240Hz_ideal,40.1667,0.032918222
2nd_test,disp_240Hz_ideal,40.3333,0.033757203
2nd_test,disp_240Hz_ideal,40.5,0.029369515
2nd_test,disp_240Hz_ideal,40.6667,0.034755286
2nd_test,disp_240Hz_ideal,40.8333,0.024988521
2nd_test,disp_240Hz_ideal,41.0,0.021429415
2nd_test,disp_240Hz_ideal,41.1667,0.032561572
2nd_test,disp_240Hz_ideal,41.3333,0.035779689
2nd_test,disp_240Hz_ideal,41.5,0.028626319
2nd_test,disp_240Hz_ideal,41.6667,0.039027633
2nd_test,disp_240Hz_ideal,41.8333,0.032111474
2nd_test,disp_240Hz_ideal,42.0,0.028723587
2nd_test,disp_240Hz_ideal,42.1667,0.028476906
2nd_test,disp_240Hz_ideal,42.3333,0.028949044
2nd_test,disp_240Hz_ideal,42.5,0.035848191
2nd_test,disp_240Hz_ideal,42.6667,0.023145678
2nd_test,disp_240Hz_ideal,42.8333,0.043773695
2nd_test,disp_240Hz_ideal,43.0,0.021878458
2nd_test,disp_240Hz_ideal,43.1667,0.026544196
2nd_test,disp_240Hz_ideal,43.3333,0.03410379
2nd_test,disp_240Hz_ideal,43.5,0.027622744
2nd_test,disp_240Hz_ideal,43.6667,0.02551652
2nd_test,disp_240Hz_ideal,43.8333,0.025380918
2nd_test,disp_240Hz_ideal,44.0,0.026293041
2nd_test,disp_240Hz_ideal,44.1667,0.026651548
2nd_test,disp_240Hz_ideal,44.3333,0.037595076
2nd_test,disp_240Hz_ideal,44.5,0.03314117
2nd_test,disp_240Hz_ideal,44.6667,0.02795526
2nd_test,disp_240Hz_ideal,44.8333,0.028161159
2nd_test,disp_240Hz_ideal,45.0,0.035489936
2nd_test,disp_240Hz_ideal,45.1667,0.029747167
2nd_test,disp_240Hz_ideal,45.3333,0.031664207
2nd_test,disp_240Hz_ideal,45.5,0.024653905
2nd_test,disp_240Hz_ideal,45.6667,0.028522417
2nd_test,disp_240Hz_ideal,45.8333,0.030253835
2nd_test,disp_240Hz_ideal,46.0,0.017778945
2nd_test,disp_240Hz_ideal,46.1667,0.03144252
2nd_test,disp_240Hz_ideal,46.3333,0.041436057
2nd_test,disp_240Hz_ideal,46.5,0.034760575
2nd_test,disp_240Hz_ideal,46.6667,0.026070397
2nd_test,disp_240Hz_ideal,46.8333,0.030737954
2nd_test,disp_240Hz_ideal,47.0,0.028953515
2nd_test,disp_240Hz_ideal,47.1667,0.05107649
2nd_test,disp_240Hz_ideal,47.3333,0.038187574
2nd_test,disp_240Hz_ideal,47.5,0.038773354
2nd_test,disp_240Hz_ideal,47.6667,0.025568601
2nd_test,disp_240Hz_ideal,47.8333,0.02821503
2nd_test,disp_240Hz_ideal,48.0,0.026944549
2nd_test,disp_240Hz_ideal,48.1667,0.030181375
2nd_test,disp_240Hz_ideal,48.3333,0.025661656
2nd_test,disp_240Hz_ideal,48.5,0.03792656
2nd_test,disp_240Hz_ideal,48.6667,0.048000499
2nd_test,disp_240Hz_ideal,48.8333,0.029445105
2nd_test,disp_240Hz_ideal,49.0,0.032123747
2nd_test,disp_240Hz_ideal,49.1667,0.041131177
2nd_test,disp_240Hz_ideal,49.3333,0.027492569
2nd_test,disp_240Hz_ideal,49.5,0.042144984
2nd_test,disp_240Hz_ideal,49.6667,0.031424565
2nd_test,disp_240Hz_ideal,49.8333,0.021055576
2nd_test,disp_240Hz_ideal,50.0,0.027460529
2nd_test,disp_240Hz_ideal,50.1667,0.026066332
2nd_test,disp_240Hz_ideal,50.3333,0.025494015
2nd_test,disp_240Hz_ideal,50.5,0.034631638
2nd_test,disp_240Hz_ideal,50.6667,0.022673907
2nd_test,disp_240Hz_ideal,50.8333,0.033717819
2nd_test,disp_240Hz_ideal,51.0,0.04449068
2nd_test,disp_240Hz_ideal,51.1667,0.031139481
2nd_test,disp_240Hz_ideal,51.3333,0.032642812
2nd_test,disp_240Hz_ideal,51.5,0.025063989
2nd_test,disp_240Hz_ideal,51.6667,0.029210613
2nd_test,disp_240Hz_ideal,51.8333,0.032293927
2nd_test,disp_240Hz_ideal,52.0,0.037806372
2nd_test,disp_240Hz_ideal,52.1667,0.023611931
2nd_test,disp_240Hz_ideal,52.3333,0.030922411
2nd_test,disp_240Hz_ideal,52.5,0.024227875
2nd_test,disp_240Hz_ideal,52.6667,0.029828271
2nd_test,disp_240Hz_ideal,52.8333,0.045094672
2nd_test,disp_240Hz_ideal,53.0,0.041475368
2nd_test,disp_240Hz_ideal,53.1667,0.046150793
2nd_test,disp_240Hz_ideal,53.3333,0.026940767
2nd_test,disp_240Hz_ideal,53.5,0.029060516
2nd_test,disp_240Hz_ideal,53.6667,0.028880818
2nd_test,disp_240Hz_ideal,53.8333,0.040082717
2nd_test,disp_240Hz_ideal,54.0,0.038202455
2nd_test,disp_240Hz_ideal,54.1667,0.031916244
2nd_test,disp_240Hz_ideal,54.3333,0.021877632
2nd_test,disp_240Hz_ideal,54.5,0.028386102
2nd_test,disp_240Hz_ideal,54.6667,0.038311619
2nd_test,disp_240Hz_ideal,54.8333,0.031744554
2nd_test,disp_240Hz_ideal,55.0,0.035336649
2nd_test,disp_240Hz_ideal,55.1667,0.018646619
2nd_test,disp_240Hz_ideal,55.3333,0.025408684
2nd_test,disp_240Hz_ideal,55.5,0.032375605
2nd_test,disp_240Hz_ideal,55.6667,0.028815896
2nd_test,disp_240Hz_ideal,55.8333,0.022827597
2nd_test,disp_240Hz_ideal,56.0,0.030683946
2nd_test,disp_240Hz_ideal,56.1667,0.031086535
2nd_test,disp_240Hz_ideal,56.3333,0.043072688
2nd_test,disp_240Hz_ideal,56.5,0.029125936
2nd_test,disp_240Hz_ideal,56.6667,0.033075023
2nd_test,disp_240Hz_ideal,56.8333,0.02385763
2nd_test,disp_240Hz_ideal,57.0,0.044211982
2nd_test,disp_240Hz_ideal,57.1667,0.032022293
2nd_test,disp_240Hz_ideal,57.3333,0.027858525
2nd_test,disp_240Hz_ideal,57.5,0.036130691
2nd_test,disp_240Hz_ideal,57.6667,0.026570501
2nd_test,disp_240Hz_ideal,57.8333,0.039911045
2nd_test,disp_240Hz_ideal,58.0,0.030614397
2nd_test,disp_240Hz_ideal,58.1667,0.030040644
2nd_test,disp_240Hz_ideal,58.3333,0.026071181
2nd_test,disp_240Hz_ideal,58.5,0.025120767
2nd_test,disp_240Hz_ideal,58.6667,0.032564849
2nd_test,disp_240Hz_ideal,58.8333,0.035856889
2nd_test,disp_240Hz_ideal,59.0,0.029010967
2nd_test,disp_240Hz_ideal,59.1667,0.028653769
2nd_test,disp_240Hz_ideal,59.3333,0.026255786
2nd_test,disp_240Hz_ideal,59.5,0.030609053
2nd_test,disp_240Hz_ideal,59.6667,0.030327313
2nd_test,disp_240Hz_ideal,59.8333,0.040942424
2nd_test,disp_240Hz_ideal,60.0,0.026671398
2nd_test,disp_240Hz_ideal,60.1667,0.023967526
2nd_test,disp_240Hz_ideal,60.3333,0.030937377
2nd_test,disp_240Hz_ideal,60.5,0.027556712
2nd_test,disp_240Hz_ideal,60.6667,0.027847789
2nd_test,disp_240Hz_ideal,60.8333,0.031762816
2nd_test,disp_240Hz_ideal,61.0,0.025388131
2nd_test,disp_240Hz_ideal,61.1667,0.032192836
2nd_test,disp_240Hz_ideal,61.3333,0.033672974
2nd_test,disp_240Hz_ideal,61.5,0.028220691
2nd_test,disp_240Hz_ideal,61.6667,0.021517731
2nd_test,disp_240Hz_ideal,61.8333,0.04005072
2nd_test,disp_240Hz_ideal,62.0,0.036657774
2nd_test,disp_240Hz_ideal,62.1667,0.04449112
2nd_test,disp_240Hz_ideal,62.3333,0.029667124
2nd_test,disp_240Hz_ideal,62.5,0.028232446
2nd_test,disp_240Hz_ideal,62.6667,0.024992891
2nd_test,disp_240Hz_ideal,62.8333,0.03309878
2nd_test,disp_240Hz_ideal,63.0,0.020379949
2nd_test,disp_240Hz_ideal,63.1667,0.029092932
2nd_test,disp_240Hz_ideal,63.3333,0.037722961
2nd_test,disp_240Hz_ideal,63.5,0.048586887
2nd_test,disp_240Hz_ideal,63.6667,0.035515991
2nd_test,disp_240Hz_ideal,63.8333,0.02858297
2nd_test,disp_240Hz_ideal,64.0,0.024179255
2nd_test,disp_240Hz_ideal,64.1667,0.024250119
2nd_test,disp_240Hz_ideal,64.3333,0.043921695
2nd_test,disp_240Hz_ideal,64.5,0.033446648
2nd_test,disp_240Hz_ideal,64.6667,0.051956991
2nd_test,disp_240Hz_ideal,64.8333,0.033114234
2nd_test,disp_240Hz_ideal,65.0,0.026275425
2nd_test,disp_240Hz_ideal,65.1667,0.025838393
2nd_test,disp_240Hz_ideal,65.3333,0.040328487
2nd_test,disp_240Hz_ideal,65.5,0.048165489
2nd_test,disp_240Hz_ideal,65.6667,0.034105034
2nd_test,disp_240Hz_ideal,65.8333,0.02816714
2nd_test,disp_240Hz_ideal,66.0,0.04024478
2nd_test,disp_240Hz_ideal,66.1667,0.038088135
2nd_test,disp_240Hz_ideal,66.3333,0.028582504
2nd_test,disp_240Hz_ideal,66.5,0.021990008
2nd_test,disp_240Hz_ideal,66.6667,0.02995511
2nd_test,disp_240Hz_ideal,66.8333,0.03214838
2nd_test,disp_240Hz_ideal,67.0,0.031203383
2nd_test,disp_240Hz_ideal,67.1667,0.02234393
2nd_test,disp_240Hz_ideal,67.3333,0.042431958
2nd_test,disp_240Hz_ideal,67.5,0.028070703
2nd_test,disp_240Hz_ideal,67.6667,0.029480726
2nd_test,disp_240Hz_ideal,67.8333,0.030961261
2nd_test,disp_240Hz_ideal,68.0,0.039714628
2nd_test,disp_240Hz_ideal,68.1667,0.028729127
2nd_test,disp_240Hz_ideal,68.3333,0.02898727
2nd_test,disp_240Hz_ideal,68.5,0.026930919
2nd_test,disp_240Hz_ideal,68.6667,0.036265765
2nd_test,disp_240Hz_ideal,68.8333,0.019117141
2nd_test,disp_240Hz_ideal,69.0,0.061376093
2nd_test,disp_240Hz_ideal,69.1667,0.036064951
2nd_test,disp_240Hz_ideal,69.3333,0.032532528
2nd_test,disp_240Hz_ideal,69.5,0.02454135
2nd_test,disp_240Hz_ideal,69.6667,0.034003562
2nd_test,disp_240Hz_ideal,69.8333,0.033872941
2nd_test,disp_240Hz_ideal,70.0,0.024774351
2nd_test,disp_240Hz_ideal,70.1667,0.031043393
2nd_test,disp_240Hz_ideal,70.3333,0.036577077
2nd_test,disp_240Hz_ideal,70.5,0.028522943
2nd_test,disp_240Hz_ideal,70.6667,0.033339016
2nd_test,disp_240Hz_ideal,70.8333,0.037384874
2nd_test,disp_240Hz_ideal,71.0,0.019599858
2nd_test,disp_240Hz_ideal,71.1667,0.02290943
2nd_test,disp_240Hz_ideal,71.3333,0.022428685
2nd_test,disp_240Hz_ideal,71.5,0.032472951
2nd_test,disp_240Hz_ideal,71.6667,0.024645343
2nd_test,disp_240Hz_ideal,71.8333,0.021852496
2nd_test,disp_240Hz_ideal,72.0,0.032876568
2nd_test,disp_240Hz_ideal,72.1667,0.021176631
2nd_test,disp_240Hz_ideal,72.3333,0.034521463
2nd_test,disp_240Hz_ideal,72.5,0.034917804
2nd_test,disp_240Hz_ideal,72.6667,0.036192839
2nd_test,disp_240Hz_ideal,72.8333,0.041948584
2nd_test,disp_240Hz_ideal,73.0,0.026863543
2nd_test,disp_240Hz_ideal,73.1667,0.025697576
2nd_test,disp_240Hz_ideal,73.3333,0.03594142
2nd_test,disp_240Hz_ideal,73.5,0.021666961
2nd_test,disp_240Hz_ideal,73.6667,0.032430462
2nd_test,disp_240Hz_ideal,73.8333,0.027835563
2nd_test,disp_240Hz_ideal,74.0,0.030793528
2nd_test,disp_240Hz_ideal,74.1667,0.025862515
2nd_test,disp_240Hz_ideal,74.3333,0.03492017
2nd_test,disp_240Hz_ideal,74.5,0.042926424
2nd_test,disp_240Hz_ideal,74.6667,0.037450052
2nd_test,disp_240Hz_ideal,74.8333,0.033398199
2nd_test,disp_240Hz_ideal,75.0,0.031105719
2nd_test,disp_240Hz_ideal,75.1667,0.038208867
2nd_test,disp_240Hz_ideal,75.3333,0.038612188
2nd_test,disp_240Hz_ideal,75.5,0.023703085
2nd_test,disp_240Hz_ideal,75.6667,0.03775229
2nd_test,disp_240Hz_ideal,75.8333,0.034164016
2nd_test,disp_240Hz_ideal,76.0,0.037458855
2nd_test,disp_240Hz_ideal,76.1667,0.04498044
2nd_test,disp_240Hz_ideal,76.3333,0.042479357
2nd_test,disp_240Hz_ideal,76.5,0.029570828
2nd_test,disp_240Hz_ideal,76.6667,0.037929606
2nd_test,disp_240Hz_ideal,76.8333,0.037757786
2nd_test,disp_240Hz_ideal,77.0,0.019291766
2nd_test,disp_240Hz_ideal,77.1667,0.040095949
2nd_test,disp_240Hz_ideal,77.3333,0.032345894
2nd_test,disp_240Hz_ideal,77.5,0.036013222
2nd_test,disp_240Hz_ideal,77.6667,0.0375825
2nd_test,disp_240Hz_ideal,77.8333,0.033135765
2nd_test,disp_240Hz_ideal,78.0,0.026332337
2nd_test,disp_240Hz_ideal,78.1667,0.032723195
2nd_test,disp_240Hz_ideal,78.3333,0.031835683
2nd_test,disp_240Hz_ideal,78.5,0.021850048
2nd_test,disp_240Hz_ideal,78.6667,0.026433442
2nd_test,disp_240Hz_ideal,78.8333,0.030871771
2nd_test,disp_240Hz_ideal,79.0,0.022106234
2nd_test,disp_240Hz_ideal,79.1667,0.033247897
2nd_test,disp_240Hz_ideal,79.3333,0.032338695
2nd_test,disp_240Hz_ideal,79.5,0.02284962
2nd_test,disp_240Hz_ideal,79.6667,0.02502533
2nd_test,disp_240Hz_ideal,79.8333,0.039738307
2nd_test,disp_240Hz_ideal,80.0,0.031129585
2nd_test,disp_240Hz_ideal,80.1667,0.032775066
2nd_test,disp_240Hz_ideal,80.3333,0.029497032
2nd_test,disp_240Hz_ideal,80.5,0.040190862
2nd_test,disp_240Hz_ideal,80.6667,0.032983462
2nd_test,disp_240Hz_ideal,80.8333,0.025582487
2nd_test,disp_240Hz_ideal,81.0,0.028529024
2nd_test,disp_240Hz_ideal,81.1667,0.024427752
2nd_test,disp_240Hz_ideal,81.3333,0.032244021
2nd_test,disp_240Hz_ideal,81.5,0.040784778
2nd_test,disp_240Hz_ideal,81.6667,0.024681996
2nd_test,disp_240Hz_ideal,81.8333,0.033712474
2nd_test,disp_240Hz_ideal,82.0,0.030790913
2nd_test,disp_240Hz_ideal,82.1667,0.029682376
2nd_test,disp_240Hz_ideal,82.3333,0.036385853
2nd_test,disp_240Hz_ideal,82.5,0.026097776
2nd_test,disp_240Hz_ideal,82.6667,0.043253345
2nd_test,disp_240Hz_ideal,82.8333,0.026625358
2nd_test,disp_240Hz_ideal,83.0,0.035305383
2nd_test,disp_240Hz_ideal,83.1667,0.027389449
2nd_test,disp_240Hz_ideal,83.3333,0.023747043
2nd_test,disp_240Hz_ideal,83.5,0.036911056
2nd_test,disp_240Hz_ideal,83.6667,0.036732882
2nd_test,disp_240Hz_ideal,83.8333,0.036658599
2nd_test,disp_240Hz_ideal,84.0,0.028960621
2nd_test,disp_240Hz_ideal,84.1667,0.03186476
2nd_test,disp_240Hz_ideal,84.3333,0.049769241
2nd_test,disp_240Hz_ideal,84.5,0.048409719
2nd_test,disp_240Hz_ideal,84.6667,0.034121134
2nd_test,disp_240Hz_ideal,84.8333,0.049620016
2nd_test,disp_240Hz_ideal,85.0,0.020057638
2nd_test,disp_240Hz_ideal,85.1667,0.026266829
2nd_test,disp_240Hz_ideal,85.3333,0.045343766
2nd_test,disp_240Hz_ideal,85.5,0.03105835
2nd_test,disp_240Hz_ideal,85.6667,0.043787775
2nd_test,disp_240Hz_ideal,85.8333,0.022972033
2nd_test,disp_240Hz_ideal,86.0,0.039670917
2nd_test,disp_240Hz_ideal,86.1667,0.033200803
2nd_test,disp_240Hz_ideal,86.3333,0.028971567
2nd_test,disp_240Hz_ideal,86.5,0.030368795
2nd_test,disp_240Hz_ideal,86.6667,0.040490407
2nd_test,disp_240Hz_ideal,86.8333,0.031757746
2nd_test,disp_240Hz_ideal,87.0,0.02978434
2nd_test,disp_240Hz_ideal,87.1667,0.038764309
2nd_test,disp_240Hz_ideal,87.3333,0.028602618
2nd_test,disp_240Hz_ideal,87.5,0.034211607
2nd_test,disp_240Hz_ideal,87.6667,0.029218592
2nd_test,disp_240Hz_ideal,87.8333,0.027271935
2nd_test,disp_240Hz_ideal,88.0,0.036688689
2nd_test,disp_240Hz_ideal,88.1667,0.033971811
2nd_test,disp_240Hz_ideal,88.3333,0.044631131
2nd_test,disp_240Hz_ideal,88.5,0.034030913
2nd_test,disp_240Hz_ideal,88.6667,0.023069985
2nd_test,disp_240Hz_ideal,88.8333,0.03315188
2nd_test,disp_240Hz_ideal,89.0,0.025185123
2nd_test,disp_240Hz_ideal,89.1667,0.026445115
2nd_test,disp_240Hz_ideal,89.3333,0.038181941
2nd_test,disp_240Hz_ideal,89.5,0.033108495
2nd_test,disp_240Hz_ideal,89.6667,0.046903068
2nd_test,disp_240Hz_ideal,89.8333,0.041034077
2nd_test,disp_240Hz_ideal,90.0,0.028614208
2nd_test,disp_240Hz_ideal,90.1667,0.021735783
2nd_test,disp_240Hz_ideal,90.3333,0.034210459
2nd_test,disp_240Hz_ideal,90.5,0.024319304
2nd_test,disp_240Hz_ideal,90.6667,0.020286577
2nd_test,disp_240Hz_ideal,90.8333,0.028021189
2nd_test,disp_240Hz_ideal,91.0,0.028544081
2nd_test,disp_240Hz_ideal,91.1667,0.037703134
2nd_test,disp_240Hz_ideal,91.3333,0.033487328
2nd_test,disp_240Hz_ideal,91.5,0.028024069
2nd_test,disp_240Hz_ideal,91.6667,0.046309233
2nd_test,disp_240Hz_ideal,91.8333,0.026240792
2nd_test,disp_240Hz_ideal,92.0,0.031621697
2nd_test,disp_240Hz_ideal,92.1667,0.043767736
2nd_test,disp_240Hz_ideal,92.3333,0.024719412
2nd_test,disp_240Hz_ideal,92.5,0.030826501
2nd_test,disp_240Hz_ideal,92.6667,0.024372988
2nd_test,disp_240Hz_ideal,92.8333,0.045395934
2nd_test,disp_240Hz_ideal,93.0,0.034324747
2nd_test,disp_240Hz_ideal,93.1667,0.02753505
2nd_test,disp_240Hz_ideal,93.3333,0.028901431
2nd_test,disp_240Hz_ideal,93.5,0.032368949
2nd_test,disp_240Hz_ideal,93.6667,0.028523594
2nd_test,disp_240Hz_ideal,93.8333,0.022511776
2nd_test,disp_240Hz_ideal,94.0,0.032558969
2nd_test,disp_240Hz_ideal,94.1667,0.031535118
2nd_test,disp_240Hz_ideal,94.3333,0.027225944
2nd_test,disp_240Hz_ideal,94.5,0.037722363
2nd_test,disp_240Hz_ideal,94.6667,0.041940006
2nd_test,disp_240Hz_ideal,94.8333,0.049138765
2nd_test,disp_240Hz_ideal,95.0,0.034906677
2nd_test,disp_240Hz_ideal,95.1667,0.028121268
2nd_test,disp_240Hz_ideal,95.3333,0.035087669
2nd_test,disp_240Hz_ideal,95.5,0.031917234
2nd_test,disp_240Hz_ideal,95.6667,0.028943046
2nd_test,disp_240Hz_ideal,95.8333,0.031060852
2nd_test,disp_240Hz_ideal,96.0,0.027130931
2nd_test,disp_240Hz_ideal,96.1667,0.027274071
2nd_test,disp_240Hz_ideal,96.3333,0.041039137
2nd_test,disp_240Hz_ideal,96.5,0.040576593
2nd_test,disp_240Hz_ideal,96.6667,0.029872367
2nd_test,disp_240Hz_ideal,96.8333,0.045214105
2nd_test,disp_240Hz_ideal,97.0,0.027550722
2nd_test,disp_240Hz_ideal,97.1667,0.04520224
2nd_test,disp_240Hz_ideal,97.3333,0.023985763
2nd_test,disp_240Hz_ideal,97.5,0.041028118
2nd_test,disp_240Hz_ideal,97.6667,0.02539482
2nd_test,disp_240Hz_ideal,97.8333,0.038370837
2nd_test,disp_240Hz_ideal,98.0,0.044336213
2nd_test,disp_240Hz_ideal,98.1667,0.041569073
2nd_test,disp_240Hz_ideal,98.3333,0.023989144
2nd_test,disp_240Hz_ideal,98.5,0.027110551
2nd_test,disp_240Hz_ideal,98.6667,0.030063828
2nd_test,disp_240Hz_ideal,98.8333,0.032474998
2nd_test,disp_240Hz_ideal,99.0,0.03301102
2nd_test,disp_240Hz_ideal,99.1667,0.018263795
2nd_test,disp_240Hz_ideal,99.3333,0.036590851
2nd_test,disp_240Hz_ideal,99.5,0.021644452
2nd_test,disp_240Hz_ideal,99.6667,0.025327187
2nd_test,disp_240Hz_ideal,99.8333,0.042613913
2nd_test,disp_240Hz_ideal,100.0,0.026278177
2nd_test,disp_240Hz_ideal,100.1667,0.030993769
2nd_test,disp_240Hz_ideal,100.3333,0.032717283
2nd_test,disp_240Hz_ideal,100.5,0.038488045
2nd_test,disp_240Hz_ideal,100.6667,0.022224001
2nd_test,disp_240Hz_ideal,100.8333,0.04539369
2nd_test,disp_240Hz_ideal,101.0,0.024108452
2nd_test,disp_240Hz_ideal,101.1667,0.032085395
2nd_test,disp_240Hz_ideal,101.3333,0.035294514
2nd_test,disp_240Hz_ideal,101.5,0.026365578
2nd_test,disp_240Hz_ideal,101.6667,0.034162557
2nd_test,disp_240Hz_ideal,101.8333,0.0288606
2nd_test,disp_240Hz_ideal,102.0,0.039172584
2nd_test,disp_240Hz_ideal,102.1667,0.030633356
2nd_test,disp_240Hz_ideal,102.3333,0.033589982
2nd_test,disp_240Hz_ideal,102.5,0.029469073
2nd_test,disp_240Hz_ideal,102.6667,0.0257895
2nd_test,disp_240Hz_ideal,102.8333,0.040147977
2nd_test,disp_240Hz_ideal,103.0,0.025386113
2nd_test,disp_240Hz_ideal,103.1667,0.025508405
2nd_test,disp_240Hz_ideal,103.3333,0.034798502
2nd_test,disp_240Hz_ideal,103.5,0.030953737
2nd_test,disp_240Hz_ideal,103.6667,0.022195623
2nd_test,disp_240Hz_ideal,103.8333,0.028202429
2nd_test,disp_240Hz_ideal,104.0,0.038954982
2nd_test,disp_240Hz_ideal,104.1667,0.030804764
2nd_test,disp_240Hz_ideal,104.3333,0.032412187
2nd_test,disp_240Hz_ideal,104.5,0.04109871
2nd_test,disp_240Hz_ideal,104.6667,0.032362957
2nd_test,disp_240Hz_ideal,104.8333,0.034193756
2nd_test,disp_240Hz_ideal,105.0,0.026833541
2nd_test,disp_240Hz_ideal,105.1667,0.032888841
2nd_test,disp_240Hz_ideal,105.3333,0.032869229
2nd_test,disp_240Hz_ideal,105.5,0.035308632
2nd_test,disp_240Hz_ideal,105.6667,0.034941222
2nd_test,disp_240Hz_ideal,105.8333,0.02773113
2nd_test,disp_240Hz_ideal,106.0,0.023722179
2nd_test,disp_240Hz_ideal,106.1667,0.022936343
2nd_test,disp_240Hz_ideal,106.3333,0.025826007
2nd_test,disp_240Hz_ideal,106.5,0.031395691
2nd_test,disp_240Hz_ideal,106.6667,0.027625824
2nd_test,disp_240Hz_ideal,106.8333,0.03424332
2nd_test,disp_240Hz_ideal,107.0,0.030223265
2nd_test,disp_240Hz_ideal,107.1667,0.027521574
2nd_test,disp_240Hz_ideal,107.3333,0.028331254
2nd_test,disp_240Hz_ideal,107.5,0.036182518
2nd_test,disp_240Hz_ideal,107.6667,0.033426403
2nd_test,disp_240Hz_ideal,107.8333,0.02713604
2nd_test,disp_240Hz_ideal,108.0,0.032852866
2nd_test,disp_240Hz_ideal,108.1667,0.028151012
2nd_test,disp_240Hz_ideal,108.3333,0.02172801
2nd_test,disp_240Hz_ideal,108.5,0.022218079
2nd_test,disp_240Hz_ideal,108.6667,0.028433801
2nd_test,disp_240Hz_ideal,108.8333,0.025528388
2nd_test,disp_240Hz_ideal,109.0,0.02721644
2nd_test,disp_240Hz_ideal,109.1667,0.033406472
2nd_test,disp_240Hz_ideal,109.3333,0.020694111
2nd_test,disp_240Hz_ideal,109.5,0.02187721
2nd_test,disp_240Hz_ideal,109.6667,0.036594724
2nd_test,disp_240Hz_ideal,109.8333,0.031091677
2nd_test,disp_240Hz_ideal,110.0,0.047313518
2nd_test,disp_240Hz_ideal,110.1667,0.027884593
2nd_test,disp_240Hz_ideal,110.3333,0.030191855
2nd_test,disp_240Hz_ideal,110.5,0.040655161
2nd_test,disp_240Hz_ideal,110.6667,0.028822319
2nd_test,disp_240Hz_ideal,110.8333,0.030013035
2nd_test,disp_240Hz_ideal,111.0,0.029450551
2nd_test,disp_240Hz_ideal,111.1667,0.031524071
2nd_test,disp_240Hz_ideal,111.3333,0.045194755
2nd_test,disp_240Hz_ideal,111.5,0.039717363
2nd_test,disp_240Hz_ideal,111.6667,0.03075555
2nd_test,disp_240Hz_ideal,111.8333,0.032348151
2nd_test,disp_240Hz_ideal,112.0,0.031492859
2nd_test,disp_240Hz_ideal,112.1667,0.041698318
2nd_test,disp_240Hz_ideal,112.3333,0.029883381
2nd_test,disp_240Hz_ideal,112.5,0.030132383
2nd_test,disp_240Hz_ideal,112.6667,0.023029842
2nd_test,disp_240Hz_ideal,112.8333,0.034195266
2nd_test,disp_240Hz_ideal,113.0,0.035026283
2nd_test,disp_240Hz_ideal,113.1667,0.034794201
2nd_test,disp_240Hz_ideal,113.3333,0.038222116
2nd_test,disp_240Hz_ideal,113.5,0.025434176
2nd_test,disp_240Hz_ideal,113.6667,0.019974389
2nd_test,disp_240Hz_ideal,113.8333,0.039421727
2nd_test,disp_240Hz_ideal,114.0,0.027261794
2nd_test,disp_240Hz_ideal,114.1667,0.042781642
2nd_test,disp_240Hz_ideal,114.3333,0.029281924
2nd_test,disp_240Hz_ideal,114.5,0.044268972
2nd_test,disp_240Hz_ideal,114.6667,0.02371924
2nd_test,disp_240Hz_ideal,114.8333,0.043039653
2nd_test,disp_240Hz_ideal,115.0,0.031345288
2nd_test,disp_240Hz_ideal,115.1667,0.048488022
2nd_test,disp_240Hz_ideal,115.3333,0.04695018
2nd_test,disp_240Hz_ideal,115.5,0.039768678
2nd_test,disp_240Hz_ideal,115.6667,0.024806427
2nd_test,disp_240Hz_ideal,115.8333,0.035526276
2nd_test,disp_240Hz_ideal,116.0,0.024892873
2nd_test,disp_240Hz_ideal,116.1667,0.035233856
2nd_test,disp_240Hz_ideal,116.3333,0.032302512
2nd_test,disp_240Hz_ideal,116.5,0.041080332
2nd_test,disp_240Hz_ideal,116.6667,0.033884859
2nd_test,disp_240Hz_ideal,116.8333,0.029276376
2nd_test,disp_240Hz_ideal,117.0,0.041022281
2nd_test,disp_240Hz_ideal,117.1667,0.046572833
2nd_test,disp_240Hz_ideal,117.3333,0.022624067
2nd_test,disp_240Hz_ideal,117.5,0.032567513
2nd_test,disp_240Hz_ideal,117.6667,0.025053933
2nd_test,disp_240Hz_ideal,117.8333,0.037656345
2nd_test,disp_240Hz_ideal,118.0,0.026662154
2nd_test,disp_240Hz_ideal,118.1667,0.025435476
2nd_test,disp_240Hz_ideal,118.3333,0.034653262
2nd_test,disp_240Hz_ideal,118.5,0.035808705
2nd_test,disp_240Hz_ideal,118.6667,0.030988904
2nd_test,disp_240Hz_ideal,118.8333,0.021052898
2nd_test,disp_240Hz_ideal,119.0,0.032507899
2nd_test,disp_240Hz_ideal,119.1667,0.033838468
2nd_test,disp_240Hz_ideal,119.3333,0.023606231
2nd_test,disp_240Hz_ideal,119.5,0.037838849
2nd_test,disp_240Hz_ideal,119.6667,0.042405834
2nd_test,disp_240Hz_ideal,119.8333,0.043064276
2nd_test,disp_240Hz_ideal,120.0,0.024312144
2nd_test,disp_240Hz_ideal,120.1667,0.033104554
2nd_test,disp_240Hz_ideal,120.3333,0.023843074
2nd_test,disp_240Hz_ideal,120.5,0.027415551
2nd_test,disp_240Hz_ideal,120.6667,0.033433817
2nd_test,disp_240Hz_ideal,120.8333,0.028697313
2nd_test,disp_240Hz_ideal,121.0,0.024457506
2nd_test,disp_240Hz_ideal,121.1667,0.038395092
2nd_test,disp_240Hz_ideal,121.3333,0.031833195
2nd_test,disp_240Hz_ideal,121.5,0.047450594
2nd_test,disp_240Hz_ideal,121.6667,0.037662615
2nd_test,disp_240Hz_ideal,121.8333,0.035913039
2nd_test,disp_240Hz_ideal,122.0,0.039649864
2nd_test,disp_240Hz_ideal,122.1667,0.030146578
2nd_test,disp_240Hz_ideal,122.3333,0.030184069
2nd_test,disp_240Hz_ideal,122.5,0.028565096
2nd_test,disp_240Hz_ideal,122.6667,0.025406435
2nd_test,disp_240Hz_ideal,122.8333,0.043450604
2nd_test,disp_240Hz_ideal,123.0,0.031278143
2nd_test,disp_240Hz_ideal,123.1667,0.027638268
2nd_test,disp_240Hz_ideal,123.3333,0.030209212
2nd_test,disp_240Hz_ideal,123.5,0.030806366
2nd_test,disp_240Hz_ideal,123.6667,0.031300921
2nd_test,disp_240Hz_ideal,123.8333,0.042612458
2nd_test,disp_240Hz_ideal,124.0,0.040724486
2nd_test,disp_240Hz_ideal,124.1667,0.029882723
2nd_test,disp_240Hz_ideal,124.3333,0.023849777
2nd_test,disp_240Hz_ideal,124.5,0.030187974
2nd_test,disp_240Hz_ideal,124.6667,0.05274876
2nd_test,disp_240Hz_ideal,124.8333,0.028725763
2nd_test,disp_240Hz_ideal,125.0,0.019076851
2nd_test,disp_240Hz_ideal,125.1667,0.045228774
2nd_test,disp_240Hz_ideal,125.3333,0.032254615
2nd_test,disp_240Hz_ideal,125.5,0.045376403
2nd_test,disp_240Hz_ideal,125.6667,0.034284275
2nd_test,disp_240Hz_ideal,125.8333,0.027515497
2nd_test,disp_240Hz_ideal,126.0,0.039252823
2nd_test,disp_240Hz_ideal,126.1667,0.029885131
2nd_test,disp_240Hz_ideal,126.3333,0.03497346
2nd_test,disp_240Hz_ideal,126.5,0.030759018
2nd_test,disp_240Hz_ideal,126.6667,0.028101237
2nd_test,disp_240Hz_ideal,126.8333,0.031168123
2nd_test,disp_240Hz_ideal,127.0,0.03092799
2nd_test,disp_240Hz_ideal,127.1667,0.024886894
2nd_test,disp_240Hz_ideal,127.3333,0.031451311
2nd_test,disp_240Hz_ideal,127.5,0.042093019
2nd_test,disp_240Hz_ideal,127.6667,0.038664924
2nd_test,disp_240Hz_ideal,127.8333,0.044767443
2nd_test,disp_240Hz_ideal,128.0,0.036887188
2nd_test,disp_240Hz_ideal,128.1667,0.043447389
2nd_test,disp_240Hz_ideal,128.3333,0.035847078
2nd_test,disp_240Hz_ideal,128.5,0.029570977
2nd_test,disp_240Hz_ideal,128.6667,0.026530245
2nd_test,disp_240Hz_ideal,128.8333,0.043399858
2nd_test,disp_240Hz_ideal,129.0,0.034351112
2nd_test,disp_240Hz_ideal,129.1667,0.037795656
2nd_test,disp_240Hz_ideal,129.3333,0.029962531
2nd_test,disp_240Hz_ideal,129.5,0.044908839
2nd_test,disp_240Hz_ideal,129.6667,0.030788794
2nd_test,disp_240Hz_ideal,129.8333,0.028382909
2nd_test,disp_240Hz_ideal,130.0,0.040589926
2nd_test,disp_240Hz_ideal,130.1667,0.040324365
2nd_test,disp_240Hz_ideal,130.3333,0.025136704
2nd_test,disp_240Hz_ideal,130.5,0.045581019
2nd_test,disp_240Hz_ideal,130.6667,0.023947
2nd_test,disp_240Hz_ideal,130.8333,0.026282536
2nd_test,disp_240Hz_ideal,131.0,0.027123853
2nd_test,disp_240Hz_ideal,131.1667,0.02950516
2nd_test,disp_240Hz_ideal,131.3333,0.03056678
2nd_test,disp_240Hz_ideal,131.5,0.025557742
2nd_test,disp_240Hz_ideal,131.6667,0.033399428
2nd_test,disp_240Hz_ideal,131.8333,0.027591649
2nd_test,disp_240Hz_ideal,132.0,0.029746405
2nd_test,disp_240Hz_ideal,132.1667,0.031636455
2nd_test,disp_240Hz_ideal,132.3333,0.031865629
2nd_test,disp_240Hz_ideal,132.5,0.0370663
2nd_test,disp_240Hz_ideal,132.6667,0.040674149
2nd_test,disp_240Hz_ideal,132.8333,0.028322331
2nd_test,disp_240Hz_ideal,133.0,0.025988525
2nd_test,disp_240Hz_ideal,133.1667,0.032486991
2nd_test,disp_240Hz_ideal,133.3333,0.043899035
2nd_test,disp_240Hz_ideal,133.5,0.029318131
2nd_test,disp_240Hz_ideal,133.6667,0.032424262
2nd_test,disp_240Hz_ideal,133.8333,0.038671177
2nd_test,disp_240Hz_ideal,134.0,0.024405773
2nd_test,disp_240Hz_ideal,134.1667,0.025431407
2nd_test,disp_240Hz_ideal,134.3333,0.038818478
2nd_test,disp_240Hz_ideal,134.5,0.031265577
2nd_test,disp_240Hz_ideal,134.6667,0.032987151
2nd_test,disp_240Hz_ideal,134.8333,0.036882677
2nd_test,disp_240Hz_ideal,135.0,0.047460461
2nd_test,disp_240Hz_ideal,135.1667,0.040015775
2nd_test,disp_240Hz_ideal,135.3333,0.030096688
2nd_test,disp_240Hz_ideal,135.5,0.035368903
2nd_test,disp_240Hz_ideal,135.6667,0.047474369
2nd_test,disp_240Hz_ideal,135.8333,0.031158531
2nd_test,disp_240Hz_ideal,136.0,0.02817847
2nd_test,disp_240Hz_ideal,136.1667,0.035671913
2nd_test,disp_240Hz_ideal,136.3333,0.025795707
2nd_test,disp_240Hz_ideal,136.5,0.0241664
2nd_test,disp_240Hz_ideal,136.6667,0.030381489
2nd_test,disp_240Hz_ideal,136.8333,0.027130559
2nd_test,disp_240Hz_ideal,137.0,0.051840702
2nd_test,disp_240Hz_ideal,137.1667,0.026327472
2nd_test,disp_240Hz_ideal,137.3333,0.025060475
2nd_test,disp_240Hz_ideal,137.5,0.042981397
2nd_test,disp_240Hz_ideal,137.6667,0.037221721
2nd_test,disp_240Hz_ideal,137.8333,0.028712889
2nd_test,disp_240Hz_ideal,138.0,0.026281046
2nd_test,disp_240Hz_ideal,138.1667,0.019068486
2nd_test,disp_240Hz_ideal,138.3333,0.048610399
2nd_test,disp_240Hz_ideal,138.5,0.032957216
2nd_test,disp_240Hz_ideal,138.6667,0.062793273
2nd_test,disp_240Hz_ideal,138.8333,0.032220848
2nd_test,disp_240Hz_ideal,139.0,0.033151576
2nd_test,disp_240Hz_ideal,139.1667,0.036263714
2nd_test,disp_240Hz_ideal,139.3333,0.051463067
2nd_test,disp_240Hz_ideal,139.5,0.036130385
2nd_test,disp_240Hz_ideal,139.6667,0.038526996
2nd_test,disp_240Hz_ideal,139.8333,0.037666838
2nd_test,disp_240Hz_ideal,140.0,0.036657511
2nd_test,disp_240Hz_ideal,140.1667,0.029548337
2nd_test,disp_240Hz_ideal,140.3333,0.033747326
2nd_test,disp_240Hz_ideal,140.5,0.050590196
2nd_test,disp_240Hz_ideal,140.6667,0.033126114
2nd_test,disp_240Hz_ideal,140.8333,0.03439354
2nd_test,disp_240Hz_ideal,141.0,0.058681599
2nd_test,disp_240Hz_ideal,141.1667,0.046145776
2nd_test,disp_240Hz_ideal,141.3333,0.041027546
2nd_test,disp_240Hz_ideal,141.5,0.035086268
2nd_test,disp_240Hz_ideal,141.6667,0.037475788
2nd_test,disp_240Hz_ideal,141.8333,0.045398825
2nd_test,disp_240Hz_ideal,142.0,0.034025268
2nd_test,disp_240Hz_ideal,142.1667,0.032911881
2nd_test,disp_240Hz_ideal,142.3333,0.035682867
2nd_test,disp_240Hz_ideal,142.5,0.028753137
2nd_test,disp_240Hz_ideal,142.6667,0.033535577
2nd_test,disp_240Hz_ideal,142.8333,0.056072936
2nd_test,disp_240Hz_ideal,143.0,0.03462269
2nd_test,disp_240Hz_ideal,143.1667,0.034017093
2nd_test,disp_240Hz_ideal,143.3333,0.04109567
2nd_test,disp_240Hz_ideal,143.5,0.029054652
2nd_test,disp_240Hz_ideal,143.6667,0.040327021
2nd_test,disp_240Hz_ideal,143.8333,0.03742566
2nd_test,disp_240Hz_ideal,144.0,0.042144984
2nd_test,disp_240Hz_ideal,144.1667,0.034105911
2nd_test,disp_240Hz_ideal,144.3333,0.031230718
2nd_test,disp_240Hz_ideal,144.5,0.033670321
2nd_test,disp_240Hz_ideal,144.6667,0.044319085
2nd_test,disp_240Hz_ideal,144.8333,0.027369003
2nd_test,disp_240Hz_ideal,145.0,0.036181421
2nd_test,disp_240Hz_ideal,145.1667,0.048294762
2nd_test,disp_240Hz_ideal,145.3333,0.030961486
2nd_test,disp_240Hz_ideal,145.5,0.036855474
2nd_test,disp_240Hz_ideal,145.6667,0.035899905
2nd_test,disp_240Hz_ideal,145.8333,0.034505031
2nd_test,disp_240Hz_ideal,146.0,0.05497627
2nd_test,disp_240Hz_ideal,146.1667,0.04921114
2nd_test,disp_240Hz_ideal,146.3333,0.036567753
2nd_test,disp_240Hz_ideal,146.5,0.03257754
2nd_test,disp_240Hz_ideal,146.6667,0.048118502
2nd_test,disp_240Hz_ideal,146.8333,0.055002021
2nd_test,disp_240Hz_ideal,147.0,0.049053836
2nd_test,disp_240Hz_ideal,147.1667,0.051317957
2nd_test,disp_240Hz_ideal,147.3333,0.049688717
2nd_test,disp_240Hz_ideal,147.5,0.03761788
2nd_test,disp_240Hz_ideal,147.6667,0.038415228
2nd_test,disp_240Hz_ideal,147.8333,0.035878374
2nd_test,disp_240Hz_ideal,148.0,0.04005195
2nd_test,disp_240Hz_ideal,148.1667,0.034996201
2nd_test,disp_240Hz_ideal,148.3333,0.0385574
2nd_test,disp_240Hz_ideal,148.5,0.04392796
2nd_test,disp_240Hz_ideal,148.6667,0.035034963
2nd_test,disp_240Hz_ideal,148.8333,0.051557785
2nd_test,disp_240Hz_ideal,149.0,0.04661064
2nd_test,disp_240Hz_ideal,149.1667,0.037837128
2nd_test,disp_240Hz_ideal,149.3333,0.055180461
2nd_test,disp_240Hz_ideal,149.5,0.037723008
2nd_test,disp_240Hz_ideal,149.6667,0.042083634
2nd_test,disp_240Hz_ideal,149.8333,0.035424687
2nd_test,disp_240Hz_ideal,150.0,0.042632591
2nd_test,disp_240Hz_ideal,150.1667,0.049491356
2nd_test,disp_240Hz_ideal,150.3333,0.032984444
2nd_test,disp_240Hz_ideal,150.5,0.048816806
2nd_test,disp_240Hz_ideal,150.6667,0.030179632
2nd_test,disp_240Hz_ideal,150.8333,0.036907756
2nd_test,disp_240Hz_ideal,151.0,0.053174076
2nd_test,disp_240Hz_ideal,151.1667,0.060641065
2nd_test,disp_240Hz_ideal,151.3333,0.036181147
2nd_test,disp_240Hz_ideal,151.5,0.034441771
2nd_test,disp_240Hz_ideal,151.6667,0.043394958
2nd_test,disp_240Hz_ideal,151.8333,0.03354052
2nd_test,disp_240Hz_ideal,152.0,0.052501576
2nd_test,disp_240Hz_ideal,152.1667,0.057916911
2nd_test,disp_240Hz_ideal,152.3333,0.036973641
2nd_test,disp_240Hz_ideal,152.5,0.047242638
2nd_test,disp_240Hz_ideal,152.6667,0.036189733
2nd_test,disp_240Hz_ideal,152.8333,0.04803247
2nd_test,disp_240Hz_ideal,153.0,0.052103361
2nd_test,disp_240Hz_ideal,153.1667,0.049069749
2nd_test,disp_240Hz_ideal,153.3333,0.037880376
2nd_test,disp_240Hz_ideal,153.5,0.050243638
2nd_test,disp_240Hz_ideal,153.6667,0.039879488
2nd_test,disp_240Hz_ideal,153.8333,0.047537062
2nd_test,disp_240Hz_ideal,154.0,0.035334452
2nd_test,disp_240Hz_ideal,154.1667,0.040892952
2nd_test,disp_240Hz_ideal,154.3333,0.035993042
2nd_test,disp_240Hz_ideal,154.5,0.049598202
2nd_test,disp_240Hz_ideal,154.6667,0.033855216
2nd_test,disp_240Hz_ideal,154.8333,0.05685555
2nd_test,disp_240Hz_ideal,155.0,0.045158016
2nd_test,disp_240Hz_ideal,155.1667,0.039142983
2nd_test,disp_240Hz_ideal,155.3333,0.029822716
2nd_test,disp_240Hz_ideal,155.5,0.022538561
2nd_test,disp_240Hz_ideal,155.6667,0.025853588
2nd_test,disp_240Hz_ideal,155.8333,0.043523459
2nd_test,disp_240Hz_ideal,156.0,0.04391555
2nd_test,disp_240Hz_ideal,156.1667,0.045448958
2nd_test,disp_240Hz_ideal,156.3333,0.04149411
2nd_test,disp_240Hz_ideal,156.5,0.024691088
2nd_test,disp_240Hz_ideal,156.6667,0.050827032
2nd_test,disp_240Hz_ideal,156.8333,0.047622547
2nd_test,disp_240Hz_ideal,157.0,0.042814337
2nd_test,disp_240Hz_ideal,157.1667,0.041697539
2nd_test,disp_240Hz_ideal,157.3333,0.040589341
2nd_test,disp_240Hz_ideal,157.5,0.054143097
2nd_test,disp_240Hz_ideal,157.6667,0.048739377
2nd_test,disp_240Hz_ideal,157.8333,0.028924521
2nd_test,disp_240Hz_ideal,158.0,0.032813485
2nd_test,disp_240Hz_ideal,158.1667,0.034000541
2nd_test,disp_240Hz_ideal,158.3333,0.044563691
2nd_test,disp_240Hz_ideal,158.5,0.03883968
2nd_test,disp_240Hz_ideal,158.6667,0.04455211
2nd_test,disp_240Hz_ideal,158.8333,0.059509124
2nd_test,disp_240Hz_ideal,159.0,0.062574449
2nd_test,disp_240Hz_ideal,159.1667,0.06599668
2nd_test,disp_240Hz_ideal,159.3333,0.067352452
2nd_test,disp_240Hz_ideal,159.5,0.059488277
2nd_test,disp_240Hz_ideal,159.6667,0.031500084
2nd_test,disp_240Hz_ideal,159.8333,0.084634334
2nd_test,disp_240Hz_ideal,160.0,0.075365295
2nd_test,disp_240Hz_ideal,160.1667,0.050069569
2nd_test,disp_240Hz_ideal,160.3333,0.038596926
2nd_test,disp_240Hz_ideal,160.5,0.04821259
2nd_test,disp_240Hz_ideal,160.6667,0.053935783
2nd_test,disp_240Hz_ideal,160.8333,0.052584042
2nd_test,disp_240Hz_ideal,161.0,0.066929556
2nd_test,disp_240Hz_ideal,161.1667,0.075710543
2nd_test,disp_240Hz_ideal,161.3333,0.068272746
2nd_test,disp_240Hz_ideal,161.5,0.12155493
2nd_test,disp_240Hz_ideal,161.6667,0.21655084
2nd_test,disp_240Hz_ideal,161.8333,0.18545831
2nd_test,disp_240Hz_ideal,162.0,0.15431753
2nd_test,disp_240Hz_ideal,162.1667,0.29972108
2nd_test,disp_240Hz_ideal,162.3333,0.12279698
2nd_test,disp_240Hz_ideal,162.5,0.31003388
2nd_test,disp_240Hz_ideal,162.6667,0.26549976
2nd_test,disp_240Hz_ideal,162.8333,0.15727673
2nd_test,disp_240Hz_ideal,163.0,0.10556195
2nd_test,disp_240Hz_ideal,163.1667,0.35772446
2nd_test,disp_240Hz_ideal,163.3333,0.22897434
2nd_test,disp_240Hz_ideal,163.5,0.25253133
2nd_test,disp_240Hz_boxcar,0.0,0.046988886
2nd_test,disp_240Hz_boxcar,0.1667,0.030061172
2nd_test,disp_240Hz_boxcar,0.3333,0.025516614
2nd_test,disp_240Hz_boxcar,0.5,0.033475158
2nd_test,disp_240Hz_boxcar,0.6667,0.033634543
2nd_test,disp_240Hz_boxcar,0.8333,0.035912209
2nd_test,disp_240Hz_boxcar,1.0,0.021014186
2nd_test,disp_240Hz_boxcar,1.1667,0.032309707
2nd_test,disp_240Hz_boxcar,1.3333,0.035481904
2nd_test,disp_240Hz_boxcar,1.5,0.040768878
2nd_test,disp_240Hz_boxcar,1.6667,0.037721339
2nd_test,disp_240Hz_boxcar,1.8333,0.024806962
2nd_test,disp_240Hz_boxcar,2.0,0.029983977
2nd_test,disp_240Hz_boxcar,2.1667,0.033454696
2nd_test,disp_240Hz_boxcar,2.3333,0.030091225
2nd_test,disp_240Hz_boxcar,2.5,0.030496385
2nd_test,disp_240Hz_boxcar,2.6667,0.031210675
2nd_test,disp_240Hz_boxcar,2.8333,0.027721849
2nd_test,disp_240Hz_boxcar,3.0,0.037339972
2nd_test,disp_240Hz_boxcar,3.1667,0.039995874
2nd_test,disp_240Hz_boxcar,3.3333,0.028612014
2nd_test,disp_240Hz_boxcar,3.5,0.031030556
2nd_test,disp_240Hz_boxcar,3.6667,0.041382933
2nd_test,disp_240Hz_boxcar,3.8333,0.036231387
2nd_test,disp_240Hz_boxcar,4.0,0.035601284
2nd_test,disp_240Hz_boxcar,4.1667,0.031077832
2nd_test,disp_240Hz_boxcar,4.3333,0.029380302
2nd_test,disp_240Hz_boxcar,4.5,0.025121963
2nd_test,disp_240Hz_boxcar,4.6667,0.031091549
2nd_test,disp_240Hz_boxcar,4.8333,0.04462142
2nd_test,disp_240Hz_boxcar,5.0,0.035355686
2nd_test,disp_240Hz_boxcar,5.1667,0.031617104
2nd_test,disp_240Hz_boxcar,5.3333,0.042018447
2nd_test,disp_240Hz_boxcar,5.5,0.033438825
2nd_test,disp_240Hz_boxcar,5.6667,0.025749292
2nd_test,disp_240Hz_boxcar,5.8333,0.025036592
2nd_test,disp_240Hz_boxcar,6.0,0.032596207
2nd_test,disp_240Hz_boxcar,6.1667,0.025369308
2nd_test,disp_240Hz_boxcar,6.3333,0.032807687
2nd_test,disp_240Hz_boxcar,6.5,0.030236389
2nd_test,disp_240Hz_boxcar,6.6667,0.028713939
2nd_test,disp_240Hz_boxcar,6.8333,0.030857608
2nd_test,disp_240Hz_boxcar,7.0,0.025334298
2nd_test,disp_240Hz_boxcar,7.1667,0.025447604
2nd_test,disp_240Hz_boxcar,7.3333,0.029865524
2nd_test,disp_240Hz_boxcar,7.5,0.031980729
2nd_test,disp_240Hz_boxcar,7.6667,0.034613839
2nd_test,disp_240Hz_boxcar,7.8333,0.04436335
2nd_test,disp_240Hz_boxcar,8.0,0.023885245
2nd_test,disp_240Hz_boxcar,8.1667,0.029663995
2nd_test,disp_240Hz_boxcar,8.3333,0.040608251
2nd_test,disp_240Hz_boxcar,8.5,0.029011995
2nd_test,disp_240Hz_boxcar,8.6667,0.036183462
2nd_test,disp_240Hz_boxcar,8.8333,0.024793991
2nd_test,disp_240Hz_boxcar,9.0,0.032677705
2nd_test,disp_240Hz_boxcar,9.1667,0.024384158
2nd_test,disp_240Hz_boxcar,9.3333,0.022915487
2nd_test,disp_240Hz_boxcar,9.5,0.034111809
2nd_test,disp_240Hz_boxcar,9.6667,0.026946661
2nd_test,disp_240Hz_boxcar,9.8333,0.047380473
2nd_test,disp_240Hz_boxcar,10.0,0.030382563
2nd_test,disp_240Hz_boxcar,10.1667,0.021388438
2nd_test,disp_240Hz_boxcar,10.3333,0.036808205
2nd_test,disp_240Hz_boxcar,10.5,0.027496776
2nd_test,disp_240Hz_boxcar,10.6667,0.021179918
2nd_test,disp_240Hz_boxcar,10.8333,0.026561727
2nd_test,disp_240Hz_boxcar,11.0,0.036333705
2nd_test,disp_240Hz_boxcar,11.1667,0.035592867
2nd_test,disp_240Hz_boxcar,11.3333,0.02844753
2nd_test,disp_240Hz_boxcar,11.5,0.026041765
2nd_test,disp_240Hz_boxcar,11.6667,0.040735426
2nd_test,disp_240Hz_boxcar,11.8333,0.033690896
2nd_test,disp_240Hz_boxcar,12.0,0.036221221
2nd_test,disp_240Hz_boxcar,12.1667,0.040668633
2nd_test,disp_240Hz_boxcar,12.3333,0.021764278
2nd_test,disp_240Hz_boxcar,12.5,0.027045975
2nd_test,disp_240Hz_boxcar,12.6667,0.038861852
2nd_test,disp_240Hz_boxcar,12.8333,0.032696863
2nd_test,disp_240Hz_boxcar,13.0,0.031858359
2nd_test,disp_240Hz_boxcar,13.1667,0.026681751
2nd_test,disp_240Hz_boxcar,13.3333,0.03141744
2nd_test,disp_240Hz_boxcar,13.5,0.028912186
2nd_test,disp_240Hz_boxcar,13.6667,0.024305066
2nd_test,disp_240Hz_boxcar,13.8333,0.031781065
2nd_test,disp_240Hz_boxcar,14.0,0.044418527
2nd_test,disp_240Hz_boxcar,14.1667,0.044131668
2nd_test,disp_240Hz_boxcar,14.3333,0.02027648
2nd_test,disp_240Hz_boxcar,14.5,0.0320243
2nd_test,disp_240Hz_boxcar,14.6667,0.031671151
2nd_test,disp_240Hz_boxcar,14.8333,0.036420804
2nd_test,disp_240Hz_boxcar,15.0,0.024408858
2nd_test,disp_240Hz_boxcar,15.1667,0.025409563
2nd_test,disp_240Hz_boxcar,15.3333,0.028923325
2nd_test,disp_240Hz_boxcar,15.5,0.024994874
2nd_test,disp_240Hz_boxcar,15.6667,0.031426025
2nd_test,disp_240Hz_boxcar,15.8333,0.036729552
2nd_test,disp_240Hz_boxcar,16.0,0.031734423
2nd_test,disp_240Hz_boxcar,16.1667,0.03166485
2nd_test,disp_240Hz_boxcar,16.3333,0.049701667
2nd_test,disp_240Hz_boxcar,16.5,0.039424434
2nd_test,disp_240Hz_boxcar,16.6667,0.031709898
2nd_test,disp_240Hz_boxcar,16.8333,0.033579904
2nd_test,disp_240Hz_boxcar,17.0,0.0268173
2nd_test,disp_240Hz_boxcar,17.1667,0.0312466
2nd_test,disp_240Hz_boxcar,17.3333,0.023338904
2nd_test,disp_240Hz_boxcar,17.5,0.040797049
2nd_test,disp_240Hz_boxcar,17.6667,0.030297859
2nd_test,disp_240Hz_boxcar,17.8333,0.029503799
2nd_test,disp_240Hz_boxcar,18.0,0.030422557
2nd_test,disp_240Hz_boxcar,18.1667,0.031109369
2nd_test,disp_240Hz_boxcar,18.3333,0.031358404
2nd_test,disp_240Hz_boxcar,18.5,0.043839267
2nd_test,disp_240Hz_boxcar,18.6667,0.042587111
2nd_test,disp_240Hz_boxcar,18.8333,0.020222195
2nd_test,disp_240Hz_boxcar,19.0,0.025771975
2nd_test,disp_240Hz_boxcar,19.1667,0.040010158
2nd_test,disp_240Hz_boxcar,19.3333,0.028176021
2nd_test,disp_240Hz_boxcar,19.5,0.033760046
2nd_test,disp_240Hz_boxcar,19.6667,0.029014102
2nd_test,disp_240Hz_boxcar,19.8333,0.023279468
2nd_test,disp_240Hz_boxcar,20.0,0.035435291
2nd_test,disp_240Hz_boxcar,20.1667,0.035257653
2nd_test,disp_240Hz_boxcar,20.3333,0.033990722
2nd_test,disp_240Hz_boxcar,20.5,0.037456553
2nd_test,disp_240Hz_boxcar,20.6667,0.037383398
2nd_test,disp_240Hz_boxcar,20.8333,0.0335033
2nd_test,disp_240Hz_boxcar,21.0,0.02890271
2nd_test,disp_240Hz_boxcar,21.1667,0.039228407
2nd_test,disp_240Hz_boxcar,21.3333,0.030421216
2nd_test,disp_240Hz_boxcar,21.5,0.022383258
2nd_test,disp_240Hz_boxcar,21.6667,0.031720583
2nd_test,disp_240Hz_boxcar,21.8333,0.031964548
2nd_test,disp_240Hz_boxcar,22.0,0.021743521
2nd_test,disp_240Hz_boxcar,22.1667,0.023905127
2nd_test,disp_240Hz_boxcar,22.3333,0.045297784
2nd_test,disp_240Hz_boxcar,22.5,0.030240611
2nd_test,disp_240Hz_boxcar,22.6667,0.026175261
2nd_test,disp_240Hz_boxcar,22.8333,0.035166188
2nd_test,disp_240Hz_boxcar,23.0,0.023629404
2nd_test,disp_240Hz_boxcar,23.1667,0.037958603
2nd_test,disp_240Hz_boxcar,23.3333,0.026116678
2nd_test,disp_240Hz_boxcar,23.5,0.034437112
2nd_test,disp_240Hz_boxcar,23.6667,0.023247632
2nd_test,disp_240Hz_boxcar,23.8333,0.028532713
2nd_test,disp_240Hz_boxcar,24.0,0.019895383
2nd_test,disp_240Hz_boxcar,24.1667,0.039044052
2nd_test,disp_240Hz_boxcar,24.3333,0.030602377
2nd_test,disp_240Hz_boxcar,24.5,0.035774333
2nd_test,disp_240Hz_boxcar,24.6667,0.023745352
2nd_test,disp_240Hz_boxcar,24.8333,0.029670096
2nd_test,disp_240Hz_boxcar,25.0,0.044150599
2nd_test,disp_240Hz_boxcar,25.1667,0.048298011
2nd_test,disp_240Hz_boxcar,25.3333,0.04042499
2nd_test,disp_240Hz_boxcar,25.5,0.035556174
2nd_test,disp_240Hz_boxcar,25.6667,0.025964678
2nd_test,disp_240Hz_boxcar,25.8333,0.02608197
2nd_test,disp_240Hz_boxcar,26.0,0.029977437
2nd_test,disp_240Hz_boxcar,26.1667,0.025714827
2nd_test,disp_240Hz_boxcar,26.3333,0.026041369
2nd_test,disp_240Hz_boxcar,26.5,0.032071799
2nd_test,disp_240Hz_boxcar,26.6667,0.034145114
2nd_test,disp_240Hz_boxcar,26.8333,0.033000091
2nd_test,disp_240Hz_boxcar,27.0,0.025227382
2nd_test,disp_240Hz_boxcar,27.1667,0.028063114
2nd_test,disp_240Hz_boxcar,27.3333,0.035489111
2nd_test,disp_240Hz_boxcar,27.5,0.031767879
2nd_test,disp_240Hz_boxcar,27.6667,0.043006287
2nd_test,disp_240Hz_boxcar,27.8333,0.031462099
2nd_test,disp_240Hz_boxcar,28.0,0.03679927
2nd_test,disp_240Hz_boxcar,28.1667,0.016413629
2nd_test,disp_240Hz_boxcar,28.3333,0.042162059
2nd_test,disp_240Hz_boxcar,28.5,0.036616406
2nd_test,disp_240Hz_boxcar,28.6667,0.032614152
2nd_test,disp_240Hz_boxcar,28.8333,0.026237462
2nd_test,disp_240Hz_boxcar,29.0,0.035281555
2nd_test,disp_240Hz_boxcar,29.1667,0.037955971
2nd_test,disp_240Hz_boxcar,29.3333,0.040224386
2nd_test,disp_240Hz_boxcar,29.5,0.03446091
2nd_test,disp_240Hz_boxcar,29.6667,0.033272145
2nd_test,disp_240Hz_boxcar,29.8333,0.029288376
2nd_test,disp_240Hz_boxcar,30.0,0.034898065
2nd_test,disp_240Hz_boxcar,30.1667,0.026498332
2nd_test,disp_240Hz_boxcar,30.3333,0.035217139
2nd_test,disp_240Hz_boxcar,30.5,0.025203278
2nd_test,disp_240Hz_boxcar,30.6667,0.034660601
2nd_test,disp_240Hz_boxcar,30.8333,0.030193318
2nd_test,disp_240Hz_boxcar,31.0,0.025775578
2nd_test,disp_240Hz_boxcar,31.1667,0.033628151
2nd_test,disp_240Hz_boxcar,31.3333,0.045073966
2nd_test,disp_240Hz_boxcar,31.5,0.028363555
2nd_test,disp_240Hz_boxcar,31.6667,0.043217845
2nd_test,disp_240Hz_boxcar,31.8333,0.043301411
2nd_test,disp_240Hz_boxcar,32.0,0.038801323
2nd_test,disp_240Hz_boxcar,32.1667,0.033478013
2nd_test,disp_240Hz_boxcar,32.3333,0.032977386
2nd_test,disp_240Hz_boxcar,32.5,0.032497371
2nd_test,disp_240Hz_boxcar,32.6667,0.036005732
2nd_test,disp_240Hz_boxcar,32.8333,0.035164526
2nd_test,disp_240Hz_boxcar,33.0,0.058253509
2nd_test,disp_240Hz_boxcar,33.1667,0.031442857
2nd_test,disp_240Hz_boxcar,33.3333,0.026624598
2nd_test,disp_240Hz_boxcar,33.5,0.035196745
2nd_test,disp_240Hz_boxcar,33.6667,0.022305486
2nd_test,disp_240Hz_boxcar,33.8333,0.023130658
2nd_test,disp_240Hz_boxcar,34.0,0.040945554
2nd_test,disp_240Hz_boxcar,34.1667,0.034196257
2nd_test,disp_240Hz_boxcar,34.3333,0.030108431
2nd_test,disp_240Hz_boxcar,34.5,0.027668432
2nd_test,disp_240Hz_boxcar,34.6667,0.020568546
2nd_test,disp_240Hz_boxcar,34.8333,0.034943674
2nd_test,disp_240Hz_boxcar,35.0,0.037606813
2nd_test,disp_240Hz_boxcar,35.1667,0.027376283
2nd_test,disp_240Hz_boxcar,35.3333,0.046603504
2nd_test,disp_240Hz_boxcar,35.5,0.028188637
2nd_test,disp_240Hz_boxcar,35.6667,0.024247771
2nd_test,disp_240Hz_boxcar,35.8333,0.039682574
2nd_test,disp_240Hz_boxcar,36.0,0.029567848
2nd_test,disp_240Hz_boxcar,36.1667,0.029419577
2nd_test,disp_240Hz_boxcar,36.3333,0.027211691
2nd_test,disp_240Hz_boxcar,36.5,0.027746542
2nd_test,disp_240Hz_boxcar,36.6667,0.034861813
2nd_test,disp_240Hz_boxcar,36.8333,0.024276304
2nd_test,disp_240Hz_boxcar,37.0,0.034253842
2nd_test,disp_240Hz_boxcar,37.1667,0.044328999
2nd_test,disp_240Hz_boxcar,37.3333,0.024545572
2nd_test,disp_240Hz_boxcar,37.5,0.03563543
2nd_test,disp_240Hz_boxcar,37.6667,0.029331143
2nd_test,disp_240Hz_boxcar,37.8333,0.026374378
2nd_test,disp_240Hz_boxcar,38.0,0.030028527
2nd_test,disp_240Hz_boxcar,38.1667,0.042214327
2nd_test,disp_240Hz_boxcar,38.3333,0.033236383
2nd_test,disp_240Hz_boxcar,38.5,0.022409433
2nd_test,disp_240Hz_boxcar,38.6667,0.028099704
2nd_test,disp_240Hz_boxcar,38.8333,0.022203665
2nd_test,disp_240Hz_boxcar,39.0,0.023237561
2nd_test,disp_240Hz_boxcar,39.1667,0.035923796
2nd_test,disp_240Hz_boxcar,39.3333,0.030998046
2nd_test,disp_240Hz_boxcar,39.5,0.046236444
2nd_test,disp_240Hz_boxcar,39.6667,0.032414938
2nd_test,disp_240Hz_boxcar,39.8333,0.032038269
2nd_test,disp_240Hz_boxcar,40.0,0.03202397
2nd_test,disp_240Hz_boxcar,40.1667,0.032716537
2nd_test,disp_240Hz_boxcar,40.3333,0.03361685
2nd_test,disp_240Hz_boxcar,40.5,0.029258511
2nd_test,disp_240Hz_boxcar,40.6667,0.03463874
2nd_test,disp_240Hz_boxcar,40.8333,0.024797165
2nd_test,disp_240Hz_boxcar,41.0,0.021278048
2nd_test,disp_240Hz_boxcar,41.1667,0.032421029
2nd_test,disp_240Hz_boxcar,41.3333,0.035501586
2nd_test,disp_240Hz_boxcar,41.5,0.028500276
2nd_test,disp_240Hz_boxcar,41.6667,0.038890116
2nd_test,disp_240Hz_boxcar,41.8333,0.031974004
2nd_test,disp_240Hz_boxcar,42.0,0.028573773
2nd_test,disp_240Hz_boxcar,42.1667,0.028325556
2nd_test,disp_240Hz_boxcar,42.3333,0.028837701
2nd_test,disp_240Hz_boxcar,42.5,0.035718268
2nd_test,disp_240Hz_boxcar,42.6667,0.022997718
2nd_test,disp_240Hz_boxcar,42.8333,0.043564161
2nd_test,disp_240Hz_boxcar,43.0,0.021723117
2nd_test,disp_240Hz_boxcar,43.1667,0.026389134
2nd_test,disp_240Hz_boxcar,43.3333,0.033948607
2nd_test,disp_240Hz_boxcar,43.5,0.027433357
2nd_test,disp_240Hz_boxcar,43.6667,0.02535661
2nd_test,disp_240Hz_boxcar,43.8333,0.025240921
2nd_test,disp_240Hz_boxcar,44.0,0.026083756
2nd_test,disp_240Hz_boxcar,44.1667,0.026501205
2nd_test,disp_240Hz_boxcar,44.3333,0.037476173
2nd_test,disp_240Hz_boxcar,44.5,0.032928105
2nd_test,disp_240Hz_boxcar,44.6667,0.027831621
2nd_test,disp_240Hz_boxcar,44.8333,0.027977026
2nd_test,disp_240Hz_boxcar,45.0,0.035330888
2nd_test,disp_240Hz_boxcar,45.1667,0.029607458
2nd_test,disp_240Hz_boxcar,45.3333,0.031505733
2nd_test,disp_240Hz_boxcar,45.5,0.0244446
2nd_test,disp_240Hz_boxcar,45.6667,0.028377373
2nd_test,disp_240Hz_boxcar,45.8333,0.030059411
2nd_test,disp_240Hz_boxcar,46.0,0.017586623
2nd_test,disp_240Hz_boxcar,46.1667,0.031318088
2nd_test,disp_240Hz_boxcar,46.3333,0.041335651
2nd_test,disp_240Hz_boxcar,46.5,0.034654059
2nd_test,disp_240Hz_boxcar,46.6667,0.025932711
2nd_test,disp_240Hz_boxcar,46.8333,0.030619506
2nd_test,disp_240Hz_boxcar,47.0,0.028799551
2nd_test,disp_240Hz_boxcar,47.1667,0.050972331
2nd_test,disp_240Hz_boxcar,47.3333,0.038047525
2nd_test,disp_240Hz_boxcar,47.5,0.038631288
2nd_test,disp_240Hz_boxcar,47.6667,0.025395953
2nd_test,disp_240Hz_boxcar,47.8333,0.028065308
2nd_test,disp_240Hz_boxcar,48.0,0.026737398
2nd_test,disp_240Hz_boxcar,48.1667,0.030044803
2nd_test,disp_240Hz_boxcar,48.3333,0.02552811
2nd_test,disp_240Hz_boxcar,48.5,0.037800975
2nd_test,disp_240Hz_boxcar,48.6667,0.047913196
2nd_test,disp_240Hz_boxcar,48.8333,0.029261668
2nd_test,disp_240Hz_boxcar,49.0,0.031984381
2nd_test,disp_240Hz_boxcar,49.1667,0.040984783
2nd_test,disp_240Hz_boxcar,49.3333,0.02730245
2nd_test,disp_240Hz_boxcar,49.5,0.041930157
2nd_test,disp_240Hz_boxcar,49.6667,0.031262985
2nd_test,disp_240Hz_boxcar,49.8333,0.020844487
2nd_test,disp_240Hz_boxcar,50.0,0.027299714
2nd_test,disp_240Hz_boxcar,50.1667,0.025913206
2nd_test,disp_240Hz_boxcar,50.3333,0.025275281
2nd_test,disp_240Hz_boxcar,50.5,0.034472672
2nd_test,disp_240Hz_boxcar,50.6667,0.022444408
2nd_test,disp_240Hz_boxcar,50.8333,0.033572243
2nd_test,disp_240Hz_boxcar,51.0,0.044172542
2nd_test,disp_240Hz_boxcar,51.1667,0.030984177
2nd_test,disp_240Hz_boxcar,51.3333,0.032370597
2nd_test,disp_240Hz_boxcar,51.5,0.024897499
2nd_test,disp_240Hz_boxcar,51.6667,0.029080898
2nd_test,disp_240Hz_boxcar,51.8333,0.032156431
2nd_test,disp_240Hz_boxcar,52.0,0.037618785
2nd_test,disp_240Hz_boxcar,52.1667,0.023435641
2nd_test,disp_240Hz_boxcar,52.3333,0.030730137
2nd_test,disp_240Hz_boxcar,52.5,0.024058954
2nd_test,disp_240Hz_boxcar,52.6667,0.029606393
2nd_test,disp_240Hz_boxcar,52.8333,0.044799305
2nd_test,disp_240Hz_boxcar,53.0,0.041337569
2nd_test,disp_240Hz_boxcar,53.1667,0.04599131
2nd_test,disp_240Hz_boxcar,53.3333,0.026787454
2nd_test,disp_240Hz_boxcar,53.5,0.028905454
2nd_test,disp_240Hz_boxcar,53.6667,0.028655214
2nd_test,disp_240Hz_boxcar,53.8333,0.039813525
2nd_test,disp_240Hz_boxcar,54.0,0.038065614
2nd_test,disp_240Hz_boxcar,54.1667,0.031653088
2nd_test,disp_240Hz_boxcar,54.3333,0.021659039
2nd_test,disp_240Hz_boxcar,54.5,0.028233805
2nd_test,disp_240Hz_boxcar,54.6667,0.038094579
2nd_test,disp_240Hz_boxcar,54.8333,0.031608728
2nd_test,disp_240Hz_boxcar,55.0,0.035227623
2nd_test,disp_240Hz_boxcar,55.1667,0.018489437
2nd_test,disp_240Hz_boxcar,55.3333,0.025254051
2nd_test,disp_240Hz_boxcar,55.5,0.032214439
2nd_test,disp_240Hz_boxcar,55.6667,0.02857139
2nd_test,disp_240Hz_boxcar,55.8333,0.02266361
2nd_test,disp_240Hz_boxcar,56.0,0.030541418
2nd_test,disp_240Hz_boxcar,56.1667,0.030858038
2nd_test,disp_240Hz_boxcar,56.3333,0.04278541
2nd_test,disp_240Hz_boxcar,56.5,0.028962154
2nd_test,disp_240Hz_boxcar,56.6667,0.03285885
2nd_test,disp_240Hz_boxcar,56.8333,0.02367383
2nd_test,disp_240Hz_boxcar,57.0,0.044069436
2nd_test,disp_240Hz_boxcar,57.1667,0.031907094
2nd_test,disp_240Hz_boxcar,57.3333,0.027751438
2nd_test,disp_240Hz_boxcar,57.5,0.036031884
2nd_test,disp_240Hz_boxcar,57.6667,0.026402535
2nd_test,disp_240Hz_boxcar,57.8333,0.03978568
2nd_test,disp_240Hz_boxcar,58.0,0.030438859
2nd_test,disp_240Hz_boxcar,58.1667,0.029910411
2nd_test,disp_240Hz_boxcar,58.3333,0.025924888
2nd_test,disp_240Hz_boxcar,58.5,0.024977118
2nd_test,disp_240Hz_boxcar,58.6667,0.032414991
2nd_test,disp_240Hz_boxcar,58.8333,0.035706509
2nd_test,disp_240Hz_boxcar,59.0,0.028867506
2nd_test,disp_240Hz_boxcar,59.1667,0.028533259
2nd_test,disp_240Hz_boxcar,59.3333,0.02610323
2nd_test,disp_240Hz_boxcar,59.5,0.030461928
2nd_test,disp_240Hz_boxcar,59.6667,0.030094941
2nd_test,disp_240Hz_boxcar,59.8333,0.040826753
2nd_test,disp_240Hz_boxcar,60.0,0.026540125
2nd_test,disp_240Hz_boxcar,60.1667,0.02383129
2nd_test,disp_240Hz_boxcar,60.3333,0.030798008
2nd_test,disp_240Hz_boxcar,60.5,0.02742548
2nd_test,disp_240Hz_boxcar,60.6667,0.027683074
2nd_test,disp_240Hz_boxcar,60.8333,0.031591553
2nd_test,disp_240Hz_boxcar,61.0,0.025149654
2nd_test,disp_240Hz_boxcar,61.1667,0.032061212
2nd_test,disp_240Hz_boxcar,61.3333,0.033406761
2nd_test,disp_240Hz_boxcar,61.5,0.028087611
2nd_test,disp_240Hz_boxcar,61.6667,0.021377009
2nd_test,disp_240Hz_boxcar,61.8333,0.039927124
2nd_test,disp_240Hz_boxcar,62.0,0.036490862
2nd_test,disp_240Hz_boxcar,62.1667,0.044382739
2nd_test,disp_240Hz_boxcar,62.3333,0.029506631
2nd_test,disp_240Hz_boxcar,62.5,0.028001713
2nd_test,disp_240Hz_boxcar,62.6667,0.024855982
2nd_test,disp_240Hz_boxcar,62.8333,0.032951845
2nd_test,disp_240Hz_boxcar,63.0,0.020244963
2nd_test,disp_240Hz_boxcar,63.1667,0.028980593
2nd_test,disp_240Hz_boxcar,63.3333,0.037583223
2nd_test,disp_240Hz_boxcar,63.5,0.048447089
2nd_test,disp_240Hz_boxcar,63.6667,0.035278241
2nd_test,disp_240Hz_boxcar,63.8333,0.028400156
2nd_test,disp_240Hz_boxcar,64.0,0.023993151
2nd_test,disp_240Hz_boxcar,64.1667,0.024132442
2nd_test,disp_240Hz_boxcar,64.3333,0.043749832
2nd_test,disp_240Hz_boxcar,64.5,0.03332422
2nd_test,disp_240Hz_boxcar,64.6667,0.051661349
2nd_test,disp_240Hz_boxcar,64.8333,0.032971464
2nd_test,disp_240Hz_boxcar,65.0,0.026103407
2nd_test,disp_240Hz_boxcar,65.1667,0.025658852
2nd_test,disp_240Hz_boxcar,65.3333,0.04012568
2nd_test,disp_240Hz_boxcar,65.5,0.047881841
2nd_test,disp_240Hz_boxcar,65.6667,0.033895885
2nd_test,disp_240Hz_boxcar,65.8333,0.028017184
2nd_test,disp_240Hz_boxcar,66.0,0.0401145
2nd_test,disp_240Hz_boxcar,66.1667,0.037964591
2nd_test,disp_240Hz_boxcar,66.3333,0.02846861
2nd_test,disp_240Hz_boxcar,66.5,0.021842784
2nd_test,disp_240Hz_boxcar,66.6667,0.029840947
2nd_test,disp_240Hz_boxcar,66.8333,0.03193396
2nd_test,disp_240Hz_boxcar,67.0,0.031093549
2nd_test,disp_240Hz_boxcar,67.1667,0.022205508
2nd_test,disp_240Hz_boxcar,67.3333,0.04226599
2nd_test,disp_240Hz_boxcar,67.5,0.027911742
2nd_test,disp_240Hz_boxcar,67.6667,0.029303006
2nd_test,disp_240Hz_boxcar,67.8333,0.030783287
2nd_test,disp_240Hz_boxcar,68.0,0.039564313
2nd_test,disp_240Hz_boxcar,68.1667,0.028575488
2nd_test,disp_240Hz_boxcar,68.3333,0.028818697
2nd_test,disp_240Hz_boxcar,68.5,0.026771822
2nd_test,disp_240Hz_boxcar,68.6667,0.036143181
2nd_test,disp_240Hz_boxcar,68.8333,0.018975905
2nd_test,disp_240Hz_boxcar,69.0,0.061177703
2nd_test,disp_240Hz_boxcar,69.1667,0.035927904
2nd_test,disp_240Hz_boxcar,69.3333,0.032287401
2nd_test,disp_240Hz_boxcar,69.5,0.024406887
2nd_test,disp_240Hz_boxcar,69.6667,0.033837298
2nd_test,disp_240Hz_boxcar,69.8333,0.033711929
2nd_test,disp_240Hz_boxcar,70.0,0.024600508
2nd_test,disp_240Hz_boxcar,70.1667,0.030881656
2nd_test,disp_240Hz_boxcar,70.3333,0.036367904
2nd_test,disp_240Hz_boxcar,70.5,0.028381996
2nd_test,disp_240Hz_boxcar,70.6667,0.033198978
2nd_test,disp_240Hz_boxcar,70.8333,0.037271176
2nd_test,disp_240Hz_boxcar,71.0,0.019396421
2nd_test,disp_240Hz_boxcar,71.1667,0.022761787
2nd_test,disp_240Hz_boxcar,71.3333,0.022292301
2nd_test,disp_240Hz_boxcar,71.5,0.032269796
2nd_test,disp_240Hz_boxcar,71.6667,0.024448755
2nd_test,disp_240Hz_boxcar,71.8333,0.021701567
2nd_test,disp_240Hz_boxcar,72.0,0.032720723
2nd_test,disp_240Hz_boxcar,72.1667,0.021013756
2nd_test,disp_240Hz_boxcar,72.3333,0.034392025
2nd_test,disp_240Hz_boxcar,72.5,0.034680331
2nd_test,disp_240Hz_boxcar,72.6667,0.036001521
2nd_test,disp_240Hz_boxcar,72.8333,0.041735337
2nd_test,disp_240Hz_boxcar,73.0,0.026728147
2nd_test,disp_240Hz_boxcar,73.1667,0.025582756
2nd_test,disp_240Hz_boxcar,73.3333,0.035786336
2nd_test,disp_240Hz_boxcar,73.5,0.021509639
2nd_test,disp_240Hz_boxcar,73.6667,0.032317752
2nd_test,disp_240Hz_boxcar,73.8333,0.027726714
2nd_test,disp_240Hz_boxcar,74.0,0.030636184
2nd_test,disp_240Hz_boxcar,74.1667,0.025709337
2nd_test,disp_240Hz_boxcar,74.3333,0.034803028
2nd_test,disp_240Hz_boxcar,74.5,0.042819575
2nd_test,disp_240Hz_boxcar,74.6667,0.037320181
2nd_test,disp_240Hz_boxcar,74.8333,0.033179563
2nd_test,disp_240Hz_boxcar,75.0,0.030934624
2nd_test,disp_240Hz_boxcar,75.1667,0.038024577
2nd_test,disp_240Hz_boxcar,75.3333,0.03835495
2nd_test,disp_240Hz_boxcar,75.5,0.023491231
2nd_test,disp_240Hz_boxcar,75.6667,0.03746809
2nd_test,disp_240Hz_boxcar,75.8333,0.033973569
2nd_test,disp_240Hz_boxcar,76.0,0.037280425
2nd_test,disp_240Hz_boxcar,76.1667,0.044707812
2nd_test,disp_240Hz_boxcar,76.3333,0.042345638
2nd_test,disp_240Hz_boxcar,76.5,0.029402761
2nd_test,disp_240Hz_boxcar,76.6667,0.037714745
2nd_test,disp_240Hz_boxcar,76.8333,0.03760698
2nd_test,disp_240Hz_boxcar,77.0,0.019099218
2nd_test,disp_240Hz_boxcar,77.1667,0.039966785
2nd_test,disp_240Hz_boxcar,77.3333,0.032206846
2nd_test,disp_240Hz_boxcar,77.5,0.035727476
2nd_test,disp_240Hz_boxcar,77.6667,0.037446406
2nd_test,disp_240Hz_boxcar,77.8333,0.032967619
2nd_test,disp_240Hz_boxcar,78.0,0.026207713
2nd_test,disp_240Hz_boxcar,78.1667,0.032621322
2nd_test,disp_240Hz_boxcar,78.3333,0.031697048
2nd_test,disp_240Hz_boxcar,78.5,0.021727801
2nd_test,disp_240Hz_boxcar,78.6667,0.026296667
2nd_test,disp_240Hz_boxcar,78.8333,0.030514327
2nd_test,disp_240Hz_boxcar,79.0,0.021953358
2nd_test,disp_240Hz_boxcar,79.1667,0.03311164
2nd_test,disp_240Hz_boxcar,79.3333,0.032173214
2nd_test,disp_240Hz_boxcar,79.5,0.022651339
2nd_test,disp_240Hz_boxcar,79.6667,0.024870592
2nd_test,disp_240Hz_boxcar,79.8333,0.039640574
2nd_test,disp_240Hz_boxcar,80.0,0.031019534
2nd_test,disp_240Hz_boxcar,80.1667,0.032667887
2nd_test,disp_240Hz_boxcar,80.3333,0.029369161
2nd_test,disp_240Hz_boxcar,80.5,0.040068587
2nd_test,disp_240Hz_boxcar,80.6667,0.03280839
2nd_test,disp_240Hz_boxcar,80.8333,0.025427028
2nd_test,disp_240Hz_boxcar,81.0,0.028360866
2nd_test,disp_240Hz_boxcar,81.1667,0.024194491
2nd_test,disp_240Hz_boxcar,81.3333,0.031963511
2nd_test,disp_240Hz_boxcar,81.5,0.040598928
2nd_test,disp_240Hz_boxcar,81.6667,0.024561538
2nd_test,disp_240Hz_boxcar,81.8333,0.033538043
2nd_test,disp_240Hz_boxcar,82.0,0.030645028
2nd_test,disp_240Hz_boxcar,82.1667,0.029448822
2nd_test,disp_240Hz_boxcar,82.3333,0.036239058
2nd_test,disp_240Hz_boxcar,82.5,0.025956174
2nd_test,disp_240Hz_boxcar,82.6667,0.043139013
2nd_test,disp_240Hz_boxcar,82.8333,0.026424644
2nd_test,disp_240Hz_boxcar,83.0,0.035189349
2nd_test,disp_240Hz_boxcar,83.1667,0.027221236
2nd_test,disp_240Hz_boxcar,83.3333,0.023589261
2nd_test,disp_240Hz_boxcar,83.5,0.036710966
2nd_test,disp_240Hz_boxcar,83.6667,0.036600782
2nd_test,disp_240Hz_boxcar,83.8333,0.0364873
2nd_test,disp_240Hz_boxcar,84.0,0.028793689
2nd_test,disp_240Hz_boxcar,84.1667,0.031691847
2nd_test,disp_240Hz_boxcar,84.3333,0.049600173
2nd_test,disp_240Hz_boxcar,84.5,0.048201531
2nd_test,disp_240Hz_boxcar,84.6667,0.033917073
2nd_test,disp_240Hz_boxcar,84.8333,0.049489841
2nd_test,disp_240Hz_boxcar,85.0,0.01985103
2nd_test,disp_240Hz_boxcar,85.1667,0.026076286
2nd_test,disp_240Hz_boxcar,85.3333,0.045095543
2nd_test,disp_240Hz_boxcar,85.5,0.03091283
2nd_test,disp_240Hz_boxcar,85.6667,0.043619122
2nd_test,disp_240Hz_boxcar,85.8333,0.022811974
2nd_test,disp_240Hz_boxcar,86.0,0.039549652
2nd_test,disp_240Hz_boxcar,86.1667,0.032979429
2nd_test,disp_240Hz_boxcar,86.3333,0.028837351
2nd_test,disp_240Hz_boxcar,86.5,0.03024365
2nd_test,disp_240Hz_boxcar,86.6667,0.040336065
2nd_test,disp_240Hz_boxcar,86.8333,0.031603454
2nd_test,disp_240Hz_boxcar,87.0,0.029622333
2nd_test,disp_240Hz_boxcar,87.1667,0.038594151
2nd_test,disp_240Hz_boxcar,87.3333,0.028394604
2nd_test,disp_240Hz_boxcar,87.5,0.033983847
2nd_test,disp_240Hz_boxcar,87.6667,0.029048795
2nd_test,disp_240Hz_boxcar,87.8333,0.027081372
2nd_test,disp_240Hz_boxcar,88.0,0.036572224
2nd_test,disp_240Hz_boxcar,88.1667,0.033830968
2nd_test,disp_240Hz_boxcar,88.3333,0.044487939
2nd_test,disp_240Hz_boxcar,88.5,0.033903552
2nd_test,disp_240Hz_boxcar,88.6667,0.022907547
2nd_test,disp_240Hz_boxcar,88.8333,0.033019362
2nd_test,disp_240Hz_boxcar,89.0,0.025000707
2nd_test,disp_240Hz_boxcar,89.1667,0.026271735
2nd_test,disp_240Hz_boxcar,89.3333,0.038006609
2nd_test,disp_240Hz_boxcar,89.5,0.032975322
2nd_test,disp_240Hz_boxcar,89.6667,0.046675048
2nd_test,disp_240Hz_boxcar,89.8333,0.040833558
2nd_test,disp_240Hz_boxcar,90.0,0.028346432
2nd_test,disp_240Hz_boxcar,90.1667,0.021593348
2nd_test,disp_240Hz_boxcar,90.3333,0.034054312
2nd_test,disp_240Hz_boxcar,90.5,0.024200197
2nd_test,disp_240Hz_boxcar,90.6667,0.020146795
2nd_test,disp_240Hz_boxcar,90.8333,0.027903362
2nd_test,disp_240Hz_boxcar,91.0,0.028294857
2nd_test,disp_240Hz_boxcar,91.1667,0.037534097
2nd_test,disp_240Hz_boxcar,91.3333,0.03332358
2nd_test,disp_240Hz_boxcar,91.5,0.027855211
2nd_test,disp_240Hz_boxcar,91.6667,0.046179231
2nd_test,disp_240Hz_boxcar,91.8333,0.026053654
2nd_test,disp_240Hz_boxcar,92.0,0.03148518
2nd_test,disp_240Hz_boxcar,92.1667,0.04361002
2nd_test,disp_240Hz_boxcar,92.3333,0.024585081
2nd_test,disp_240Hz_boxcar,92.5,0.030646128
2nd_test,disp_240Hz_boxcar,92.6667,0.024268586
2nd_test,disp_240Hz_boxcar,92.8333,0.045144902
2nd_test,disp_240Hz_boxcar,93.0,0.03421227
2nd_test,disp_240Hz_boxcar,93.1667,0.027394047
2nd_test,disp_240Hz_boxcar,93.3333,0.028665625
2nd_test,disp_240Hz_boxcar,93.5,0.03209469
2nd_test,disp_240Hz_boxcar,93.6667,0.028290082
2nd_test,disp_240Hz_boxcar,93.8333,0.022320762
2nd_test,disp_240Hz_boxcar,94.0,0.032350591
2nd_test,disp_240Hz_boxcar,94.1667,0.031397312
2nd_test,disp_240Hz_boxcar,94.3333,0.026973896
2nd_test,disp_240Hz_boxcar,94.5,0.037598856
2nd_test,disp_240Hz_boxcar,94.6667,0.041733499
2nd_test,disp_240Hz_boxcar,94.8333,0.048942363
2nd_test,disp_240Hz_boxcar,95.0,0.034736303
2nd_test,disp_240Hz_boxcar,95.1667,0.027987095
2nd_test,disp_240Hz_boxcar,95.3333,0.034916822
2nd_test,disp_240Hz_boxcar,95.5,0.031715545
2nd_test,disp_240Hz_boxcar,95.6667,0.028700136
2nd_test,disp_240Hz_boxcar,95.8333,0.030904353
2nd_test,disp_240Hz_boxcar,96.0,0.027017421
2nd_test,disp_240Hz_boxcar,96.1667,0.027121296
2nd_test,disp_240Hz_boxcar,96.3333,0.040930758
2nd_test,disp_240Hz_boxcar,96.5,0.040409283
2nd_test,disp_240Hz_boxcar,96.6667,0.029647702
2nd_test,disp_240Hz_boxcar,96.8333,0.045088044
2nd_test,disp_240Hz_boxcar,97.0,0.027403839
2nd_test,disp_240Hz_boxcar,97.1667,0.045071322
2nd_test,disp_240Hz_boxcar,97.3333,0.02381101
2nd_test,disp_240Hz_boxcar,97.5,0.040879389
2nd_test,disp_240Hz_boxcar,97.6667,0.025227663
2nd_test,disp_240Hz_boxcar,97.8333,0.038162146
2nd_test,disp_240Hz_boxcar,98.0,0.044212141
2nd_test,disp_240Hz_boxcar,98.1667,0.041278746
2nd_test,disp_240Hz_boxcar,98.3333,0.023823704
2nd_test,disp_240Hz_boxcar,98.5,0.026966093
2nd_test,disp_240Hz_boxcar,98.6667,0.029906746
2nd_test,disp_240Hz_boxcar,98.8333,0.032339594
2nd_test,disp_240Hz_boxcar,99.0,0.032849336
2nd_test,disp_240Hz_boxcar,99.1667,0.018052984
2nd_test,disp_240Hz_boxcar,99.3333,0.036426471
2nd_test,disp_240Hz_boxcar,99.5,0.021405658
2nd_test,disp_240Hz_boxcar,99.6667,0.025136928
2nd_test,disp_240Hz_boxcar,99.8333,0.04236138
2nd_test,disp_240Hz_boxcar,100.0,0.026135035
2nd_test,disp_240Hz_boxcar,100.1667,0.030782826
2nd_test,disp_240Hz_boxcar,100.3333,0.032575754
2nd_test,disp_240Hz_boxcar,100.5,0.038353561
2nd_test,disp_240Hz_boxcar,100.6667,0.021955248
2nd_test,disp_240Hz_boxcar,100.8333,0.045265216
2nd_test,disp_240Hz_boxcar,101.0,0.023885389
2nd_test,disp_240Hz_boxcar,101.1667,0.031930868
2nd_test,disp_240Hz_boxcar,101.3333,0.035141814
2nd_test,disp_240Hz_boxcar,101.5,0.026209407
2nd_test,disp_240Hz_boxcar,101.6667,0.034032925
2nd_test,disp_240Hz_boxcar,101.8333,0.028713187
2nd_test,disp_240Hz_boxcar,102.0,0.038999094
2nd_test,disp_240Hz_boxcar,102.1667,0.030489328
2nd_test,disp_240Hz_boxcar,102.3333,0.033433072
2nd_test,disp_240Hz_boxcar,102.5,0.02932103
2nd_test,disp_240Hz_boxcar,102.6667,0.025595012
2nd_test,disp_240Hz_boxcar,102.8333,0.039819877
2nd_test,disp_240Hz_boxcar,103.0,0.025222144
2nd_test,disp_240Hz_boxcar,103.1667,0.025323431
2nd_test,disp_240Hz_boxcar,103.3333,0.034601482
2nd_test,disp_240Hz_boxcar,103.5,0.03081631
2nd_test,disp_240Hz_boxcar,103.6667,0.022070539
2nd_test,disp_240Hz_boxcar,103.8333,0.028092328
2nd_test,disp_240Hz_boxcar,104.0,0.038852933
2nd_test,disp_240Hz_boxcar,104.1667,0.030664066
2nd_test,disp_240Hz_boxcar,104.3333,0.032281198
2nd_test,disp_240Hz_boxcar,104.5,0.040973642
2nd_test,disp_240Hz_boxcar,104.6667,0.032225929
2nd_test,disp_240Hz_boxcar,104.8333,0.034079226
2nd_test,disp_240Hz_boxcar,105.0,0.026682129
2nd_test,disp_240Hz_boxcar,105.1667,0.032755176
2nd_test,disp_240Hz_boxcar,105.3333,0.032715236
2nd_test,disp_240Hz_boxcar,105.5,0.035202227
2nd_test,disp_240Hz_boxcar,105.6667,0.034817728
2nd_test,disp_240Hz_boxcar,105.8333,0.027603937
2nd_test,disp_240Hz_boxcar,106.0,0.023561138
2nd_test,disp_240Hz_boxcar,106.1667,0.02281497
2nd_test,disp_240Hz_boxcar,106.3333,0.025688963
2nd_test,disp_240Hz_boxcar,106.5,0.031280487
2nd_test,disp_240Hz_boxcar,106.6667,0.027425498
2nd_test,disp_240Hz_boxcar,106.8333,0.034129291
2nd_test,disp_240Hz_boxcar,107.0,0.03011167
2nd_test,disp_240Hz_boxcar,107.1667,0.027405074
2nd_test,disp_240Hz_boxcar,107.3333,0.028194448
2nd_test,disp_240Hz_boxcar,107.5,0.03608646
2nd_test,disp_240Hz_boxcar,107.6667,0.033276466
2nd_test,disp_240Hz_boxcar,107.8333,0.026954402
2nd_test,disp_240Hz_boxcar,108.0,0.032717966
2nd_test,disp_240Hz_boxcar,108.1667,0.027993912
2nd_test,disp_240Hz_boxcar,108.3333,0.021523151
2nd_test,disp_240Hz_boxcar,108.5,0.022014218
2nd_test,disp_240Hz_boxcar,108.6667,0.028271799
2nd_test,disp_240Hz_boxcar,108.8333,0.025317361
2nd_test,disp_240Hz_boxcar,109.0,0.027054456
2nd_test,disp_240Hz_boxcar,109.1667,0.033248923
2nd_test,disp_240Hz_boxcar,109.3333,0.020524052
2nd_test,disp_240Hz_boxcar,109.5,0.02172716
2nd_test,disp_240Hz_boxcar,109.6667,0.036490077
2nd_test,disp_240Hz_boxcar,109.8333,0.030864605
2nd_test,disp_240Hz_boxcar,110.0,0.047092633
2nd_test,disp_240Hz_boxcar,110.1667,0.027717233
2nd_test,disp_240Hz_boxcar,110.3333,0.030027858
2nd_test,disp_240Hz_boxcar,110.5,0.040522117
2nd_test,disp_240Hz_boxcar,110.6667,0.028687744
2nd_test,disp_240Hz_boxcar,110.8333,0.029890759
2nd_test,disp_240Hz_boxcar,111.0,0.029308775
2nd_test,disp_240Hz_boxcar,111.1667,0.031365875
2nd_test,disp_240Hz_boxcar,111.3333,0.044963594
2nd_test,disp_240Hz_boxcar,111.5,0.039586719
2nd_test,disp_240Hz_boxcar,111.6667,0.030588949
2nd_test,disp_240Hz_boxcar,111.8333,0.032184125
2nd_test,disp_240Hz_boxcar,112.0,0.031320534
2nd_test,disp_240Hz_boxcar,112.1667,0.041586103
2nd_test,disp_240Hz_boxcar,112.3333,0.02972932
2nd_test,disp_240Hz_boxcar,112.5,0.03000233
2nd_test,disp_240Hz_boxcar,112.6667,0.022875267
2nd_test,disp_240Hz_boxcar,112.8333,0.033986504
2nd_test,disp_240Hz_boxcar,113.0,0.034883414
2nd_test,disp_240Hz_boxcar,113.1667,0.034564174
2nd_test,disp_240Hz_boxcar,113.3333,0.038043352
2nd_test,disp_240Hz_boxcar,113.5,0.025294836
2nd_test,disp_240Hz_boxcar,113.6667,0.01978946
2nd_test,disp_240Hz_boxcar,113.8333,0.03931316
2nd_test,disp_240Hz_boxcar,114.0,0.027140488
2nd_test,disp_240Hz_boxcar,114.1667,0.04261446
2nd_test,disp_240Hz_boxcar,114.3333,0.029092412
2nd_test,disp_240Hz_boxcar,114.5,0.044161722
2nd_test,disp_240Hz_boxcar,114.6667,0.023543758
2nd_test,disp_240Hz_boxcar,114.8333,0.042885673
2nd_test,disp_240Hz_boxcar,115.0,0.031170422
2nd_test,disp_240Hz_boxcar,115.1667,0.048349468
2nd_test,disp_240Hz_boxcar,115.3333,0.046816343
2nd_test,disp_240Hz_boxcar,115.5,0.039636628
2nd_test,disp_240Hz_boxcar,115.6667,0.024620462
2nd_test,disp_240Hz_boxcar,115.8333,0.03530044
2nd_test,disp_240Hz_boxcar,116.0,0.024744779
2nd_test,disp_240Hz_boxcar,116.1667,0.035083227
2nd_test,disp_240Hz_boxcar,116.3333,0.03214041
2nd_test,disp_240Hz_boxcar,116.5,0.040827613
2nd_test,disp_240Hz_boxcar,116.6667,0.033748271
2nd_test,disp_240Hz_boxcar,116.8333,0.02912461
2nd_test,disp_240Hz_boxcar,117.0,0.040879059
2nd_test,disp_240Hz_boxcar,117.1667,0.046447418
2nd_test,disp_240Hz_boxcar,117.3333,0.022456766
2nd_test,disp_240Hz_boxcar,117.5,0.032320967
2nd_test,disp_240Hz_boxcar,117.6667,0.024823087
2nd_test,disp_240Hz_boxcar,117.8333,0.037486255
2nd_test,disp_240Hz_boxcar,118.0,0.026488247
2nd_test,disp_240Hz_boxcar,118.1667,0.02526411
2nd_test,disp_240Hz_boxcar,118.3333,0.034462883
2nd_test,disp_240Hz_boxcar,118.5,0.035668725
2nd_test,disp_240Hz_boxcar,118.6667,0.030815891
2nd_test,disp_240Hz_boxcar,118.8333,0.020879386
2nd_test,disp_240Hz_boxcar,119.0,0.032391086
2nd_test,disp_240Hz_boxcar,119.1667,0.033689814
2nd_test,disp_240Hz_boxcar,119.3333,0.023491172
2nd_test,disp_240Hz_boxcar,119.5,0.037727581
2nd_test,disp_240Hz_boxcar,119.6667,0.04226865
2nd_test,disp_240Hz_boxcar,119.8333,0.042943003
2nd_test,disp_240Hz_boxcar,120.0,0.024190284
2nd_test,disp_240Hz_boxcar,120.1667,0.03291553
2nd_test,disp_240Hz_boxcar,120.3333,0.023659406
2nd_test,disp_240Hz_boxcar,120.5,0.027241411
2nd_test,disp_240Hz_boxcar,120.6667,0.033247259
2nd_test,disp_240Hz_boxcar,120.8333,0.028566238
2nd_test,disp_240Hz_boxcar,121.0,0.024306348
2nd_test,disp_240Hz_boxcar,121.1667,0.038150821
2nd_test,disp_240Hz_boxcar,121.3333,0.0317113
2nd_test,disp_240Hz_boxcar,121.5,0.047313097
2nd_test,disp_240Hz_boxcar,121.6667,0.037536837
2nd_test,disp_240Hz_boxcar,121.8333,0.035759757
2nd_test,disp_240Hz_boxcar,122.0,0.039496866
2nd_test,disp_240Hz_boxcar,122.1667,0.030003643
2nd_test,disp_240Hz_boxcar,122.3333,0.02994178
2nd_test,disp_240Hz_boxcar,122.5,0.028443558
2nd_test,disp_240Hz_boxcar,122.6667,0.025263173
2nd_test,disp_240Hz_boxcar,122.8333,0.043335108
2nd_test,disp_240Hz_boxcar,123.0,0.031134367
2nd_test,disp_240Hz_boxcar,123.1667,0.027476013
2nd_test,disp_240Hz_boxcar,123.3333,0.029994646
2nd_test,disp_240Hz_boxcar,123.5,0.030671089
2nd_test,disp_240Hz_boxcar,123.6667,0.03116933
2nd_test,disp_240Hz_boxcar,123.8333,0.042478725
2nd_test,disp_240Hz_boxcar,124.0,0.040467581
2nd_test,disp_240Hz_boxcar,124.1667,0.029724333
2nd_test,disp_240Hz_boxcar,124.3333,0.023661502
2nd_test,disp_240Hz_boxcar,124.5,0.030001737
2nd_test,disp_240Hz_boxcar,124.6667,0.052520336
2nd_test,disp_240Hz_boxcar,124.8333,0.028521098
2nd_test,disp_240Hz_boxcar,125.0,0.018889573
2nd_test,disp_240Hz_boxcar,125.1667,0.045027603
2nd_test,disp_240Hz_boxcar,125.3333,0.032010244
2nd_test,disp_240Hz_boxcar,125.5,0.045260518
2nd_test,disp_240Hz_boxcar,125.6667,0.034128212
2nd_test,disp_240Hz_boxcar,125.8333,0.027352039
2nd_test,disp_240Hz_boxcar,126.0,0.039088822
2nd_test,disp_240Hz_boxcar,126.1667,0.029673745
2nd_test,disp_240Hz_boxcar,126.3333,0.03483225
2nd_test,disp_240Hz_boxcar,126.5,0.030621375
2nd_test,disp_240Hz_boxcar,126.6667,0.027973074
2nd_test,disp_240Hz_boxcar,126.8333,0.031033968
2nd_test,disp_240Hz_boxcar,127.0,0.030776234
2nd_test,disp_240Hz_boxcar,127.1667,0.024708373
2nd_test,disp_240Hz_boxcar,127.3333,0.031300722
2nd_test,disp_240Hz_boxcar,127.5,0.041934658
2nd_test,disp_240Hz_boxcar,127.6667,0.038498211
2nd_test,disp_240Hz_boxcar,127.8333,0.044508459
2nd_test,disp_240Hz_boxcar,128.0,0.036750921
2nd_test,disp_240Hz_boxcar,128.1667,0.043246858
2nd_test,disp_240Hz_boxcar,128.3333,0.035675161
2nd_test,disp_240Hz_boxcar,128.5,0.029393511
2nd_test,disp_240Hz_boxcar,128.6667,0.026359432
2nd_test,disp_240Hz_boxcar,128.8333,0.043220324
2nd_test,disp_240Hz_boxcar,129.0,0.034210993
2nd_test,disp_240Hz_boxcar,129.1667,0.037650877
2nd_test,disp_240Hz_boxcar,129.3333,0.029712789
2nd_test,disp_240Hz_boxcar,129.5,0.044760151
2nd_test,disp_240Hz_boxcar,129.6667,0.030637984
2nd_test,disp_240Hz_boxcar,129.8333,0.028228268
2nd_test,disp_240Hz_boxcar,130.0,0.040465222
2nd_test,disp_240Hz_boxcar,130.1667,0.040207643
2nd_test,disp_240Hz_boxcar,130.3333,0.024958495
2nd_test,disp_240Hz_boxcar,130.5,0.045429531
2nd_test,disp_240Hz_boxcar,130.6667,0.023769278
2nd_test,disp_240Hz_boxcar,130.8333,0.026109311
2nd_test,disp_240Hz_boxcar,131.0,0.026968191
2nd_test,disp_240Hz_boxcar,131.1667,0.029299767
2nd_test,disp_240Hz_boxcar,131.3333,0.030395092
2nd_test,disp_240Hz_boxcar,131.5,0.025395126
2nd_test,disp_240Hz_boxcar,131.6667,0.03323573
2nd_test,disp_240Hz_boxcar,131.8333,0.027425097
2nd_test,disp_240Hz_boxcar,132.0,0.029592701
2nd_test,disp_240Hz_boxcar,132.1667,0.031482605
2nd_test,disp_240Hz_boxcar,132.3333,0.031698398
2nd_test,disp_240Hz_boxcar,132.5,0.036917636
2nd_test,disp_240Hz_boxcar,132.6667,0.040398529
2nd_test,disp_240Hz_boxcar,132.8333,0.028194947
2nd_test,disp_240Hz_boxcar,133.0,0.025858702
2nd_test,disp_240Hz_boxcar,133.1667,0.032357675
2nd_test,disp_240Hz_boxcar,133.3333,0.043727043
2nd_test,disp_240Hz_boxcar,133.5,0.029091221
2nd_test,disp_240Hz_boxcar,133.6667,0.032279601
2nd_test,disp_240Hz_boxcar,133.8333,0.038472316
2nd_test,disp_240Hz_boxcar,134.0,0.024225256
2nd_test,disp_240Hz_boxcar,134.1667,0.02525231
2nd_test,disp_240Hz_boxcar,134.3333,0.038625999
2nd_test,disp_240Hz_boxcar,134.5,0.031105334
2nd_test,disp_240Hz_boxcar,134.6667,0.03275382
2nd_test,disp_240Hz_boxcar,134.8333,0.036583101
2nd_test,disp_240Hz_boxcar,135.0,0.04731369
2nd_test,disp_240Hz_boxcar,135.1667,0.039868969
2nd_test,disp_240Hz_boxcar,135.3333,0.029961067
2nd_test,disp_240Hz_boxcar,135.5,0.035254905
2nd_test,disp_240Hz_boxcar,135.6667,0.047341723
2nd_test,disp_240Hz_boxcar,135.8333,0.031004726
2nd_test,disp_240Hz_boxcar,136.0,0.02799785
2nd_test,disp_240Hz_boxcar,136.1667,0.035524927
2nd_test,disp_240Hz_boxcar,136.3333,0.025640637
2nd_test,disp_240Hz_boxcar,136.5,0.023971401
2nd_test,disp_240Hz_boxcar,136.6667,0.030165654
2nd_test,disp_240Hz_boxcar,136.8333,0.026990288
2nd_test,disp_240Hz_boxcar,137.0,0.051709354
2nd_test,disp_240Hz_boxcar,137.1667,0.026090303
2nd_test,disp_240Hz_boxcar,137.3333,0.024834848
2nd_test,disp_240Hz_boxcar,137.5,0.042838481
2nd_test,disp_240Hz_boxcar,137.6667,0.037092996
2nd_test,disp_240Hz_boxcar,137.8333,0.028534569
2nd_test,disp_240Hz_boxcar,138.0,0.026122558
2nd_test,disp_240Hz_boxcar,138.1667,0.01879114
2nd_test,disp_240Hz_boxcar,138.3333,0.048465942
2nd_test,disp_240Hz_boxcar,138.5,0.032802012
2nd_test,disp_240Hz_boxcar,138.6667,0.062683262
2nd_test,disp_240Hz_boxcar,138.8333,0.032009455
2nd_test,disp_240Hz_boxcar,139.0,0.03303116
2nd_test,disp_240Hz_boxcar,139.1667,0.03615272
2nd_test,disp_240Hz_boxcar,139.3333,0.051287556
2nd_test,disp_240Hz_boxcar,139.5,0.03600254
2nd_test,disp_240Hz_boxcar,139.6667,0.038392489
2nd_test,disp_240Hz_boxcar,139.8333,0.037513561
2nd_test,disp_240Hz_boxcar,140.0,0.036480978
2nd_test,disp_240Hz_boxcar,140.1667,0.029383844
2nd_test,disp_240Hz_boxcar,140.3333,0.033475096
2nd_test,disp_240Hz_boxcar,140.5,0.050307734
2nd_test,disp_240Hz_boxcar,140.6667,0.032917559
2nd_test,disp_240Hz_boxcar,140.8333,0.034167895
2nd_test,disp_240Hz_boxcar,141.0,0.058471648
2nd_test,disp_240Hz_boxcar,141.1667,0.046004697
2nd_test,disp_240Hz_boxcar,141.3333,0.040877374
2nd_test,disp_240Hz_boxcar,141.5,0.034822656
2nd_test,disp_240Hz_boxcar,141.6667,0.037337208
2nd_test,disp_240Hz_boxcar,141.8333,0.04524699
2nd_test,disp_240Hz_boxcar,142.0,0.033892493
2nd_test,disp_240Hz_boxcar,142.1667,0.032735331
2nd_test,disp_240Hz_boxcar,142.3333,0.035580035
2nd_test,disp_240Hz_boxcar,142.5,0.028599801
2nd_test,disp_240Hz_boxcar,142.6667,0.033409323
2nd_test,disp_240Hz_boxcar,142.8333,0.055933777
2nd_test,disp_240Hz_boxcar,143.0,0.034503351
2nd_test,disp_240Hz_boxcar,143.1667,0.033886597
2nd_test,disp_240Hz_boxcar,143.3333,0.040966093
2nd_test,disp_240Hz_boxcar,143.5,0.028877625
2nd_test,disp_240Hz_boxcar,143.6667,0.040160334
2nd_test,disp_240Hz_boxcar,143.8333,0.037301343
2nd_test,disp_240Hz_boxcar,144.0,0.041935726
2nd_test,disp_240Hz_boxcar,144.1667,0.033947966
2nd_test,disp_240Hz_boxcar,144.3333,0.031033813
2nd_test,disp_240Hz_boxcar,144.5,0.033435993
2nd_test,disp_240Hz_boxcar,144.6667,0.044181405
2nd_test,disp_240Hz_boxcar,144.8333,0.027166653
2nd_test,disp_240Hz_boxcar,145.0,0.036044758
2nd_test,disp_240Hz_boxcar,145.1667,0.048027832
2nd_test,disp_240Hz_boxcar,145.3333,0.030768983
2nd_test,disp_240Hz_boxcar,145.5,0.036708748
2nd_test,disp_240Hz_boxcar,145.6667,0.035634614
2nd_test,disp_240Hz_boxcar,145.8333,0.034372967
2nd_test,disp_240Hz_boxcar,146.0,0.054707138
2nd_test,disp_240Hz_boxcar,146.1667,0.049098238
2nd_test,disp_240Hz_boxcar,146.3333,0.036448304
2nd_test,disp_240Hz_boxcar,146.5,0.032436002
2nd_test,disp_240Hz_boxcar,146.6667,0.047796507
2nd_test,disp_240Hz_boxcar,146.8333,0.054777283
2nd_test,disp_240Hz_boxcar,147.0,0.048773748
2nd_test,disp_240Hz_boxcar,147.1667,0.051149112
2nd_test,disp_240Hz_boxcar,147.3333,0.049547345
2nd_test,disp_240Hz_boxcar,147.5,0.037459781
2nd_test,disp_240Hz_boxcar,147.6667,0.038266544
2nd_test,disp_240Hz_boxcar,147.8333,0.035701975
2nd_test,disp_240Hz_boxcar,148.0,0.03992286
2nd_test,disp_240Hz_boxcar,148.1667,0.034857914
2nd_test,disp_240Hz_boxcar,148.3333,0.038395072
2nd_test,disp_240Hz_boxcar,148.5,0.043755012
2nd_test,disp_240Hz_boxcar,148.6667,0.034906586
2nd_test,disp_240Hz_boxcar,148.8333,0.051410234
2nd_test,disp_240Hz_boxcar,149.0,0.046388441
2nd_test,disp_240Hz_boxcar,149.1667,0.037636167
2nd_test,disp_240Hz_boxcar,149.3333,0.05481782
2nd_test,disp_240Hz_boxcar,149.5,0.037578337
2nd_test,disp_240Hz_boxcar,149.6667,0.041912098
2nd_test,disp_240Hz_boxcar,149.8333,0.035226914
2nd_test,disp_240Hz_boxcar,150.0,0.042426761
2nd_test,disp_240Hz_boxcar,150.1667,0.049313795
2nd_test,disp_240Hz_boxcar,150.3333,0.03283023
2nd_test,disp_240Hz_boxcar,150.5,0.048591196
2nd_test,disp_240Hz_boxcar,150.6667,0.030030778
2nd_test,disp_240Hz_boxcar,150.8333,0.036767732
2nd_test,disp_240Hz_boxcar,151.0,0.052931877
2nd_test,disp_240Hz_boxcar,151.1667,0.060469383
2nd_test,disp_240Hz_boxcar,151.3333,0.036067393
2nd_test,disp_240Hz_boxcar,151.5,0.034317962
2nd_test,disp_240Hz_boxcar,151.6667,0.043268178
2nd_test,disp_240Hz_boxcar,151.8333,0.033429973
2nd_test,disp_240Hz_boxcar,152.0,0.052366694
2nd_test,disp_240Hz_boxcar,152.1667,0.057708859
2nd_test,disp_240Hz_boxcar,152.3333,0.036835862
2nd_test,disp_240Hz_boxcar,152.5,0.047024624
2nd_test,disp_240Hz_boxcar,152.6667,0.036058207
2nd_test,disp_240Hz_boxcar,152.8333,0.04788205
2nd_test,disp_240Hz_boxcar,153.0,0.051826952
2nd_test,disp_240Hz_boxcar,153.1667,0.048911386
2nd_test,disp_240Hz_boxcar,153.3333,0.037720156
2nd_test,disp_240Hz_boxcar,153.5,0.050088682
2nd_test,disp_240Hz_boxcar,153.6667,0.039689308
2nd_test,disp_240Hz_boxcar,153.8333,0.047363635
2nd_test,disp_240Hz_boxcar,154.0,0.035191496
2nd_test,disp_240Hz_boxcar,154.1667,0.040758873
2nd_test,disp_240Hz_boxcar,154.3333,0.035827883
2nd_test,disp_240Hz_boxcar,154.5,0.049474573
2nd_test,disp_240Hz_boxcar,154.6667,0.033735127
2nd_test,disp_240Hz_boxcar,154.8333,0.056723805
2nd_test,disp_240Hz_boxcar,155.0,0.045008602
2nd_test,disp_240Hz_boxcar,155.1667,0.039022052
2nd_test,disp_240Hz_boxcar,155.3333,0.02964984
2nd_test,disp_240Hz_boxcar,155.5,0.022343059
2nd_test,disp_240Hz_boxcar,155.6667,0.025579035
2nd_test,disp_240Hz_boxcar,155.8333,0.043401922
2nd_test,disp_240Hz_boxcar,156.0,0.043738346
2nd_test,disp_240Hz_boxcar,156.1667,0.045240011
2nd_test,disp_240Hz_boxcar,156.3333,0.041362479
2nd_test,disp_240Hz_boxcar,156.5,0.024521952
2nd_test,disp_240Hz_boxcar,156.6667,0.050488866
2nd_test,disp_240Hz_boxcar,156.8333,0.047475964
2nd_test,disp_240Hz_boxcar,157.0,0.042656352
2nd_test,disp_240Hz_boxcar,157.1667,0.04155137
2nd_test,disp_240Hz_boxcar,157.3333,0.040452146
2nd_test,disp_240Hz_boxcar,157.5,0.053849286
2nd_test,disp_240Hz_boxcar,157.6667,0.048554312
2nd_test,disp_240Hz_boxcar,157.8333,0.028747114
2nd_test,disp_240Hz_boxcar,158.0,0.032651859
2nd_test,disp_240Hz_boxcar,158.1667,0.033825363
2nd_test,disp_240Hz_boxcar,158.3333,0.044424547
2nd_test,disp_240Hz_boxcar,158.5,0.038586499
2nd_test,disp_240Hz_boxcar,158.6667,0.044393475
2nd_test,disp_240Hz_boxcar,158.8333,0.059366803
2nd_test,disp_240Hz_boxcar,159.0,0.062334534
2nd_test,disp_240Hz_boxcar,159.1667,0.065804823
2nd_test,disp_240Hz_boxcar,159.3333,0.067191434
2nd_test,disp_240Hz_boxcar,159.5,0.059357552
2nd_test,disp_240Hz_boxcar,159.6667,0.031280278
2nd_test,disp_240Hz_boxcar,159.8333,0.084492985
2nd_test,disp_240Hz_boxcar,160.0,0.075197098
2nd_test,disp_240Hz_boxcar,160.1667,0.049885888
2nd_test,disp_240Hz_boxcar,160.3333,0.038402383
2nd_test,disp_240Hz_boxcar,160.5,0.048037224
2nd_test,disp_240Hz_boxcar,160.6667,0.053715637
2nd_test,disp_240Hz_boxcar,160.8333,0.052391124
2nd_test,disp_240Hz_boxcar,161.0,0.066787948
2nd_test,disp_240Hz_boxcar,161.1667,0.075506835
2nd_test,disp_240Hz_boxcar,161.3333,0.067840933
2nd_test,disp_240Hz_boxcar,161.5,0.12124011
2nd_test,disp_240Hz_boxcar,161.6667,0.21631002
2nd_test,disp_240Hz_boxcar,161.8333,0.18503255
2nd_test,disp_240Hz_boxcar,162.0,0.15389862
2nd_test,disp_240Hz_boxcar,162.1667,0.29929106
2nd_test,disp_240Hz_boxcar,162.3333,0.12246834
2nd_test,disp_240Hz_boxcar,162.5,0.30938089
2nd_test,disp_240Hz_boxcar,162.6667,0.26499059
2nd_test,disp_240Hz_boxcar,162.8333,0.15688957
2nd_test,disp_240Hz_boxcar,163.0,0.10527828
2nd_test,disp_240Hz_boxcar,163.1667,0.3569315
2nd_test,disp_240Hz_boxcar,163.3333,0.22839326
2nd_test,disp_240Hz_boxcar,163.5,0.2519809
2nd_test,disp_240Hz_naive,0.0,0.047090927
2nd_test,disp_240Hz_naive,0.1667,0.030132771
2nd_test,disp_240Hz_naive,0.3333,0.025689481
2nd_test,disp_240Hz_naive,0.5,0.033650494
2nd_test,disp_240Hz_naive,0.6667,0.033850711
2nd_test,disp_240Hz_naive,0.8333,0.035985304
2nd_test,disp_240Hz_naive,1.0,0.021271607
2nd_test,disp_240Hz_naive,1.1667,0.032616028
2nd_test,disp_240Hz_naive,1.3333,0.035553752
2nd_test,disp_240Hz_naive,1.5,0.040861136
2nd_test,disp_240Hz_naive,1.6667,0.037833783
2nd_test,disp_240Hz_naive,1.8333,0.025034754
2nd_test,disp_240Hz_naive,2.0,0.030165745
2nd_test,disp_240Hz_naive,2.1667,0.033841561
2nd_test,disp_240Hz_naive,2.3333,0.030376807
2nd_test,disp_240Hz_naive,2.5,0.030702272
2nd_test,disp_240Hz_naive,2.6667,0.031288794
2nd_test,disp_240Hz_naive,2.8333,0.028001503
2nd_test,disp_240Hz_naive,3.0,0.03756478
2nd_test,disp_240Hz_naive,3.1667,0.040239159
2nd_test,disp_240Hz_naive,3.3333,0.028824705
2nd_test,disp_240Hz_naive,3.5,0.031365461
2nd_test,disp_240Hz_naive,3.6667,0.042261912
2nd_test,disp_240Hz_naive,3.8333,0.036561806
2nd_test,disp_240Hz_naive,4.0,0.035738484
2nd_test,disp_240Hz_naive,4.1667,0.031525574
2nd_test,disp_240Hz_naive,4.3333,0.029619845
2nd_test,disp_240Hz_naive,4.5,0.025249498
2nd_test,disp_240Hz_naive,4.6667,0.031308844
2nd_test,disp_240Hz_naive,4.8333,0.044778044
2nd_test,disp_240Hz_naive,5.0,0.035604722
2nd_test,disp_240Hz_naive,5.1667,0.031768476
2nd_test,disp_240Hz_naive,5.3333,0.042622897
2nd_test,disp_240Hz_naive,5.5,0.033968015
2nd_test,disp_240Hz_naive,5.6667,0.02589961
2nd_test,disp_240Hz_naive,5.8333,0.025144924
2nd_test,disp_240Hz_naive,6.0,0.0328471
2nd_test,disp_240Hz_naive,6.1667,0.025920252
2nd_test,disp_240Hz_naive,6.3333,0.033270673
2nd_test,disp_240Hz_naive,6.5,0.030585639
2nd_test,disp_240Hz_naive,6.6667,0.029031629
2nd_test,disp_240Hz_naive,6.8333,0.031294381
2nd_test,disp_240Hz_naive,7.0,0.025681467
2nd_test,disp_240Hz_naive,7.1667,0.025643557
2nd_test,disp_240Hz_naive,7.3333,0.029964037
2nd_test,disp_240Hz_naive,7.5,0.032204624
2nd_test,disp_240Hz_naive,7.6667,0.034729065
2nd_test,disp_240Hz_naive,7.8333,0.044573873
2nd_test,disp_240Hz_naive,8.0,0.024057388
2nd_test,disp_240Hz_naive,8.1667,0.029752733
2nd_test,disp_240Hz_naive,8.3333,0.040899033
2nd_test,disp_240Hz_naive,8.5,0.029192414
2nd_test,disp_240Hz_naive,8.6667,0.036273825
2nd_test,disp_240Hz_naive,8.8333,0.024968262
2nd_test,disp_240Hz_naive,9.0,0.033270464
2nd_test,disp_240Hz_naive,9.1667,0.024563135
2nd_test,disp_240Hz_naive,9.3333,0.023046981
2nd_test,disp_240Hz_naive,9.5,0.034559372
2nd_test,disp_240Hz_naive,9.6667,0.027197113
2nd_test,disp_240Hz_naive,9.8333,0.047479821
2nd_test,disp_240Hz_naive,10.0,0.03050192
2nd_test,disp_240Hz_naive,10.1667,0.021528714
2nd_test,disp_240Hz_naive,10.3333,0.037387152
2nd_test,disp_240Hz_naive,10.5,0.027616791
2nd_test,disp_240Hz_naive,10.6667,0.021304716
2nd_test,disp_240Hz_naive,10.8333,0.026944473
2nd_test,disp_240Hz_naive,11.0,0.036454207
2nd_test,disp_240Hz_naive,11.1667,0.035689794
2nd_test,disp_240Hz_naive,11.3333,0.028788816
2nd_test,disp_240Hz_naive,11.5,0.026915103
2nd_test,disp_240Hz_naive,11.6667,0.04137192
2nd_test,disp_240Hz_naive,11.8333,0.033802724
2nd_test,disp_240Hz_naive,12.0,0.036562351
2nd_test,disp_240Hz_naive,12.1667,0.040796745
2nd_test,disp_240Hz_naive,12.3333,0.021893058
2nd_test,disp_240Hz_naive,12.5,0.027265248
2nd_test,disp_240Hz_naive,12.6667,0.039075673
2nd_test,disp_240Hz_naive,12.8333,0.03301447
2nd_test,disp_240Hz_naive,13.0,0.032023041
2nd_test,disp_240Hz_naive,13.1667,0.02677024
2nd_test,disp_240Hz_naive,13.3333,0.031575237
2nd_test,disp_240Hz_naive,13.5,0.029123771
2nd_test,disp_240Hz_naive,13.6667,0.024426525
2nd_test,disp_240Hz_naive,13.8333,0.031882513
2nd_test,disp_240Hz_naive,14.0,0.044981338
2nd_test,disp_240Hz_naive,14.1667,0.044251194
2nd_test,disp_240Hz_naive,14.3333,0.020409157
2nd_test,disp_240Hz_naive,14.5,0.032340948
2nd_test,disp_240Hz_naive,14.6667,0.032060242
2nd_test,disp_240Hz_naive,14.8333,0.036555509
2nd_test,disp_240Hz_naive,15.0,0.02454369
2nd_test,disp_240Hz_naive,15.1667,0.025638726
2nd_test,disp_240Hz_naive,15.3333,0.029031439
2nd_test,disp_240Hz_naive,15.5,0.025087836
2nd_test,disp_240Hz_naive,15.6667,0.031653772
2nd_test,disp_240Hz_naive,15.8333,0.036946947
2nd_test,disp_240Hz_naive,16.0,0.032486301
2nd_test,disp_240Hz_naive,16.1667,0.03212681
2nd_test,disp_240Hz_naive,16.3333,0.049945786
2nd_test,disp_240Hz_naive,16.5,0.039727639
2nd_test,disp_240Hz_naive,16.6667,0.032072399
2nd_test,disp_240Hz_naive,16.8333,0.034217069
2nd_test,disp_240Hz_naive,17.0,0.027189199
2nd_test,disp_240Hz_naive,17.1667,0.031827402
2nd_test,disp_240Hz_naive,17.3333,0.023550507
2nd_test,disp_240Hz_naive,17.5,0.040858508
2nd_test,disp_240Hz_naive,17.6667,0.030686136
2nd_test,disp_240Hz_naive,17.8333,0.029635688
2nd_test,disp_240Hz_naive,18.0,0.03053231
2nd_test,disp_240Hz_naive,18.1667,0.031408238
2nd_test,disp_240Hz_naive,18.3333,0.031608677
2nd_test,disp_240Hz_naive,18.5,0.044755353
2nd_test,disp_240Hz_naive,18.6667,0.04297517
2nd_test,disp_240Hz_naive,18.8333,0.02037284
2nd_test,disp_240Hz_naive,19.0,0.026156123
2nd_test,disp_240Hz_naive,19.1667,0.040213562
2nd_test,disp_240Hz_naive,19.3333,0.028270327
2nd_test,disp_240Hz_naive,19.5,0.034023469
2nd_test,disp_240Hz_naive,19.6667,0.029114114
2nd_test,disp_240Hz_naive,19.8333,0.023806992
2nd_test,disp_240Hz_naive,20.0,0.03557232
2nd_test,disp_240Hz_naive,20.1667,0.035451169
2nd_test,disp_240Hz_naive,20.3333,0.034150529
2nd_test,disp_240Hz_naive,20.5,0.037813486
2nd_test,disp_240Hz_naive,20.6667,0.037639293
2nd_test,disp_240Hz_naive,20.8333,0.033919843
2nd_test,disp_240Hz_naive,21.0,0.029465837
2nd_test,disp_240Hz_naive,21.1667,0.039648543
2nd_test,disp_240Hz_naive,21.3333,0.030573234
2nd_test,disp_240Hz_naive,21.5,0.022490581
2nd_test,disp_240Hz_naive,21.6667,0.032145812
2nd_test,disp_240Hz_naive,21.8333,0.032131595
2nd_test,disp_240Hz_naive,22.0,0.02189302
2nd_test,disp_240Hz_naive,22.1667,0.024159053
2nd_test,disp_240Hz_naive,22.3333,0.045361807
2nd_test,disp_240Hz_naive,22.5,0.030662638
2nd_test,disp_240Hz_naive,22.6667,0.026306335
2nd_test,disp_240Hz_naive,22.8333,0.035905648
2nd_test,disp_240Hz_naive,23.0,0.02393386
2nd_test,disp_240Hz_naive,23.1667,0.03809901
2nd_test,disp_240Hz_naive,23.3333,0.026352083
2nd_test,disp_240Hz_naive,23.5,0.034578942
2nd_test,disp_240Hz_naive,23.6667,0.023357219
2nd_test,disp_240Hz_naive,23.8333,0.028654896
2nd_test,disp_240Hz_naive,24.0,0.020032849
2nd_test,disp_240Hz_naive,24.1667,0.039121787
2nd_test,disp_240Hz_naive,24.3333,0.030702439
2nd_test,disp_240Hz_naive,24.5,0.03616357
2nd_test,disp_240Hz_naive,24.6667,0.02413013
2nd_test,disp_240Hz_naive,24.8333,0.029749629
2nd_test,disp_240Hz_naive,25.0,0.044232909
2nd_test,disp_240Hz_naive,25.1667,0.048835423
2nd_test,disp_240Hz_naive,25.3333,0.041017681
2nd_test,disp_240Hz_naive,25.5,0.035902796
2nd_test,disp_240Hz_naive,25.6667,0.026098206
2nd_test,disp_240Hz_naive,25.8333,0.026302348
2nd_test,disp_240Hz_naive,26.0,0.030158392
2nd_test,disp_240Hz_naive,26.1667,0.02597408
2nd_test,disp_240Hz_naive,26.3333,0.026173835
2nd_test,disp_240Hz_naive,26.5,0.032203644
2nd_test,disp_240Hz_naive,26.6667,0.034401604
2nd_test,disp_240Hz_naive,26.8333,0.033331219
2nd_test,disp_240Hz_naive,27.0,0.025568567
2nd_test,disp_240Hz_naive,27.1667,0.028821082
2nd_test,disp_240Hz_naive,27.3333,0.035853037
2nd_test,disp_240Hz_naive,27.5,0.032007167
2nd_test,disp_240Hz_naive,27.6667,0.043323999
2nd_test,disp_240Hz_naive,27.8333,0.031667532
2nd_test,disp_240Hz_naive,28.0,0.03709077
2nd_test,disp_240Hz_naive,28.1667,0.016592211
2nd_test,disp_240Hz_naive,28.3333,0.042852454
2nd_test,disp_240Hz_naive,28.5,0.036731842
2nd_test,disp_240Hz_naive,28.6667,0.032751519
2nd_test,disp_240Hz_naive,28.8333,0.026497156
2nd_test,disp_240Hz_naive,29.0,0.035564116
2nd_test,disp_240Hz_naive,29.1667,0.038067623
2nd_test,disp_240Hz_naive,29.3333,0.040291044
2nd_test,disp_240Hz_naive,29.5,0.035022055
2nd_test,disp_240Hz_naive,29.6667,0.03360332
2nd_test,disp_240Hz_naive,29.8333,0.029430703
2nd_test,disp_240Hz_naive,30.0,0.03498868
2nd_test,disp_240Hz_naive,30.1667,0.026620768
2nd_test,disp_240Hz_naive,30.3333,0.03530356
2nd_test,disp_240Hz_naive,30.5,0.025312292
2nd_test,disp_240Hz_naive,30.6667,0.034866798
2nd_test,disp_240Hz_naive,30.8333,0.030363555
2nd_test,disp_240Hz_naive,31.0,0.026423338
2nd_test,disp_240Hz_naive,31.1667,0.03392592
2nd_test,disp_240Hz_naive,31.3333,0.045414612
2nd_test,disp_240Hz_naive,31.5,0.028743207
2nd_test,disp_240Hz_naive,31.6667,0.043288292
2nd_test,disp_240Hz_naive,31.8333,0.043711004
2nd_test,disp_240Hz_naive,32.0,0.039507324
2nd_test,disp_240Hz_naive,32.1667,0.03399801
2nd_test,disp_240Hz_naive,32.3333,0.034093548
2nd_test,disp_240Hz_naive,32.5,0.032593172
2nd_test,disp_240Hz_naive,32.6667,0.036103777
2nd_test,disp_240Hz_naive,32.8333,0.035334766
2nd_test,disp_240Hz_naive,33.0,0.058335012
2nd_test,disp_240Hz_naive,33.1667,0.031551263
2nd_test,disp_240Hz_naive,33.3333,0.026773844
2nd_test,disp_240Hz_naive,33.5,0.035332393
2nd_test,disp_240Hz_naive,33.6667,0.02243024
2nd_test,disp_240Hz_naive,33.8333,0.023244222
2nd_test,disp_240Hz_naive,34.0,0.04102822
2nd_test,disp_240Hz_naive,34.1667,0.034302835
2nd_test,disp_240Hz_naive,34.3333,0.030364041
2nd_test,disp_240Hz_naive,34.5,0.027779867
2nd_test,disp_240Hz_naive,34.6667,0.020892612
2nd_test,disp_240Hz_naive,34.8333,0.035264118
2nd_test,disp_240Hz_naive,35.0,0.037832654
2nd_test,disp_240Hz_naive,35.1667,0.027545325
2nd_test,disp_240Hz_naive,35.3333,0.047136127
2nd_test,disp_240Hz_naive,35.5,0.028342593
2nd_test,disp_240Hz_naive,35.6667,0.024443239
2nd_test,disp_240Hz_naive,35.8333,0.039812377
2nd_test,disp_240Hz_naive,36.0,0.02971042
2nd_test,disp_240Hz_naive,36.1667,0.029532747
2nd_test,disp_240Hz_naive,36.3333,0.027464855
2nd_test,disp_240Hz_naive,36.5,0.028285461
2nd_test,disp_240Hz_naive,36.6667,0.03498066
2nd_test,disp_240Hz_naive,36.8333,0.024388824
2nd_test,disp_240Hz_naive,37.0,0.034563438
2nd_test,disp_240Hz_naive,37.1667,0.045306654
2nd_test,disp_240Hz_naive,37.3333,0.024646867
2nd_test,disp_240Hz_naive,37.5,0.03578255
2nd_test,disp_240Hz_naive,37.6667,0.029677389
2nd_test,disp_240Hz_naive,37.8333,0.026624719
2nd_test,disp_240Hz_naive,38.0,0.030321347
2nd_test,disp_240Hz_naive,38.1667,0.042267621
2nd_test,disp_240Hz_naive,38.3333,0.033322453
2nd_test,disp_240Hz_naive,38.5,0.022515962
2nd_test,disp_240Hz_naive,38.6667,0.028188112
2nd_test,disp_240Hz_naive,38.8333,0.022409139
2nd_test,disp_240Hz_naive,39.0,0.023356284
2nd_test,disp_240Hz_naive,39.1667,0.036143352
2nd_test,disp_240Hz_naive,39.3333,0.031196895
2nd_test,disp_240Hz_naive,39.5,0.04661169
2nd_test,disp_240Hz_naive,39.6667,0.032919383
2nd_test,disp_240Hz_naive,39.8333,0.032187673
2nd_test,disp_240Hz_naive,40.0,0.032117026
2nd_test,disp_240Hz_naive,40.1667,0.033195989
2nd_test,disp_240Hz_naive,40.3333,0.033805817
2nd_test,disp_240Hz_naive,40.5,0.029346444
2nd_test,disp_240Hz_naive,40.6667,0.034727601
2nd_test,disp_240Hz_naive,40.8333,0.025294283
2nd_test,disp_240Hz_naive,41.0,0.021443513
2nd_test,disp_240Hz_naive,41.1667,0.032691034
2nd_test,disp_240Hz_naive,41.3333,0.036393047
2nd_test,disp_240Hz_naive,41.5,0.028609469
2nd_test,disp_240Hz_naive,41.6667,0.039129192
2nd_test,disp_240Hz_naive,41.8333,0.032143873
2nd_test,disp_240Hz_naive,42.0,0.028838779
2nd_test,disp_240Hz_naive,42.1667,0.028616401
2nd_test,disp_240Hz_naive,42.3333,0.028924991
2nd_test,disp_240Hz_naive,42.5,0.035821576
2nd_test,disp_240Hz_naive,42.6667,0.023128131
2nd_test,disp_240Hz_naive,42.8333,0.044064893
2nd_test,disp_240Hz_naive,43.0,0.021879324
2nd_test,disp_240Hz_naive,43.1667,0.026543783
2nd_test,disp_240Hz_naive,43.3333,0.034170933
2nd_test,disp_240Hz_naive,43.5,0.027668908
2nd_test,disp_240Hz_naive,43.6667,0.025468395
2nd_test,disp_240Hz_naive,43.8333,0.025382054
2nd_test,disp_240Hz_naive,44.0,0.026541412
2nd_test,disp_240Hz_naive,44.1667,0.026692112
2nd_test,disp_240Hz_naive,44.3333,0.037582982
2nd_test,disp_240Hz_naive,44.5,0.033494436
2nd_test,disp_240Hz_naive,44.6667,0.027936666
2nd_test,disp_240Hz_naive,44.8333,0.028354242
2nd_test,disp_240Hz_naive,45.0,0.035562158
2nd_test,disp_240Hz_naive,45.1667,0.029733594
2nd_test,disp_240Hz_naive,45.3333,0.031613929
2nd_test,disp_240Hz_naive,45.5,0.02481247
2nd_test,disp_240Hz_naive,45.6667,0.028488932
2nd_test,disp_240Hz_naive,45.8333,0.03048946
2nd_test,disp_240Hz_naive,46.0,0.017847605
2nd_test,disp_240Hz_naive,46.1667,0.031423588
2nd_test,disp_240Hz_naive,46.3333,0.041422335
2nd_test,disp_240Hz_naive,46.5,0.034735252
2nd_test,disp_240Hz_naive,46.6667,0.026089313
2nd_test,disp_240Hz_naive,46.8333,0.030727647
2nd_test,disp_240Hz_naive,47.0,0.028989694
2nd_test,disp_240Hz_naive,47.1667,0.051047311
2nd_test,disp_240Hz_naive,47.3333,0.038190183
2nd_test,disp_240Hz_naive,47.5,0.038781628
2nd_test,disp_240Hz_naive,47.6667,0.025621559
2nd_test,disp_240Hz_naive,47.8333,0.028210398
2nd_test,disp_240Hz_naive,48.0,0.027277336
2nd_test,disp_240Hz_naive,48.1667,0.030317953
2nd_test,disp_240Hz_naive,48.3333,0.02567385
2nd_test,disp_240Hz_naive,48.5,0.037882245
2nd_test,disp_240Hz_naive,48.6667,0.047963769
2nd_test,disp_240Hz_naive,48.8333,0.029650151
2nd_test,disp_240Hz_naive,49.0,0.032134083
2nd_test,disp_240Hz_naive,49.1667,0.041220241
2nd_test,disp_240Hz_naive,49.3333,0.027732062
2nd_test,disp_240Hz_naive,49.5,0.042472899
2nd_test,disp_240Hz_naive,49.6667,0.031507354
2nd_test,disp_240Hz_naive,49.8333,0.021324843
2nd_test,disp_240Hz_naive,50.0,0.027562
2nd_test,disp_240Hz_naive,50.1667,0.026116692
2nd_test,disp_240Hz_naive,50.3333,0.025806227
2nd_test,disp_240Hz_naive,50.5,0.034729338
2nd_test,disp_240Hz_naive,50.6667,0.022930927
2nd_test,disp_240Hz_naive,50.8333,0.033739113
2nd_test,disp_240Hz_naive,51.0,0.045181264
2nd_test,disp_240Hz_naive,51.1667,0.031140416
2nd_test,disp_240Hz_naive,51.3333,0.033073883
2nd_test,disp_240Hz_naive,51.5,0.025030299
2nd_test,disp_240Hz_naive,51.6667,0.02919233
2nd_test,disp_240Hz_naive,51.8333,0.032271602
2nd_test,disp_240Hz_naive,52.0,0.037999315
2nd_test,disp_240Hz_naive,52.1667,0.023633426
2nd_test,disp_240Hz_naive,52.3333,0.031063585
2nd_test,disp_240Hz_naive,52.5,0.024201625
2nd_test,disp_240Hz_naive,52.6667,0.030005752
2nd_test,disp_240Hz_naive,52.8333,0.045667731
2nd_test,disp_240Hz_naive,53.0,0.041478276
2nd_test,disp_240Hz_naive,53.1667,0.046274185
2nd_test,disp_240Hz_naive,53.3333,0.026932646
2nd_test,disp_240Hz_naive,53.5,0.029048061
2nd_test,disp_240Hz_naive,53.6667,0.029094016
2nd_test,disp_240Hz_naive,53.8333,0.040465467
2nd_test,disp_240Hz_naive,54.0,0.038175296
2nd_test,disp_240Hz_naive,54.1667,0.032328427
2nd_test,disp_240Hz_naive,54.3333,0.022011845
2nd_test,disp_240Hz_naive,54.5,0.028399908
2nd_test,disp_240Hz_naive,54.6667,0.038650092
2nd_test,disp_240Hz_naive,54.8333,0.031702628
2nd_test,disp_240Hz_naive,55.0,0.035303428
2nd_test,disp_240Hz_naive,55.1667,0.01859814
2nd_test,disp_240Hz_naive,55.3333,0.025414412
2nd_test,disp_240Hz_naive,55.5,0.032491242
2nd_test,disp_240Hz_naive,55.6667,0.029146003
2nd_test,disp_240Hz_naive,55.8333,0.022805422
2nd_test,disp_240Hz_naive,56.0,0.030677087
2nd_test,disp_240Hz_naive,56.1667,0.031374017
2nd_test,disp_240Hz_naive,56.3333,0.04354679
2nd_test,disp_240Hz_naive,56.5,0.029132693
2nd_test,disp_240Hz_naive,56.6667,0.033315729
2nd_test,disp_240Hz_naive,56.8333,0.02396234
2nd_test,disp_240Hz_naive,57.0,0.044295518
2nd_test,disp_240Hz_naive,57.1667,0.031990657
2nd_test,disp_240Hz_naive,57.3333,0.027832492
2nd_test,disp_240Hz_naive,57.5,0.036126079
2nd_test,disp_240Hz_naive,57.6667,0.026629944
2nd_test,disp_240Hz_naive,57.8333,0.039908016
2nd_test,disp_240Hz_naive,58.0,0.030703383
2nd_test,disp_240Hz_naive,58.1667,0.030040622
2nd_test,disp_240Hz_naive,58.3333,0.026048577
2nd_test,disp_240Hz_naive,58.5,0.02512599
2nd_test,disp_240Hz_naive,58.6667,0.032661506
2nd_test,disp_240Hz_naive,58.8333,0.035958555
2nd_test,disp_240Hz_naive,59.0,0.029015231
2nd_test,disp_240Hz_naive,59.1667,0.028632175
2nd_test,disp_240Hz_naive,59.3333,0.026269953
2nd_test,disp_240Hz_naive,59.5,0.030571909
2nd_test,disp_240Hz_naive,59.6667,0.030594154
2nd_test,disp_240Hz_naive,59.8333,0.040931292
2nd_test,disp_240Hz_naive,60.0,0.02663401
2nd_test,disp_240Hz_naive,60.1667,0.023940845
2nd_test,disp_240Hz_naive,60.3333,0.031019761
2nd_test,disp_240Hz_naive,60.5,0.027624175
2nd_test,disp_240Hz_naive,60.6667,0.027948237
2nd_test,disp_240Hz_naive,60.8333,0.031861821
2nd_test,disp_240Hz_naive,61.0,0.02562628
2nd_test,disp_240Hz_naive,61.1667,0.032151525
2nd_test,disp_240Hz_naive,61.3333,0.034191897
2nd_test,disp_240Hz_naive,61.5,0.028237356
2nd_test,disp_240Hz_naive,61.6667,0.021560206
2nd_test,disp_240Hz_naive,61.8333,0.040079351
2nd_test,disp_240Hz_naive,62.0,0.036785247
2nd_test,disp_240Hz_naive,62.1667,0.044469426
2nd_test,disp_240Hz_naive,62.3333,0.029655886
2nd_test,disp_240Hz_naive,62.5,0.028485279
2nd_test,disp_240Hz_naive,62.6667,0.024957436
2nd_test,disp_240Hz_naive,62.8333,0.033228135
2nd_test,disp_240Hz_naive,63.0,0.020387952
2nd_test,disp_240Hz_naive,63.1667,0.02907067
2nd_test,disp_240Hz_naive,63.3333,0.037763404
2nd_test,disp_240Hz_naive,63.5,0.048647766
2nd_test,disp_240Hz_naive,63.6667,0.03582378
2nd_test,disp_240Hz_naive,63.8333,0.028757033
2nd_test,disp_240Hz_naive,64.0,0.024401808
2nd_test,disp_240Hz_naive,64.1667,0.024228083
2nd_test,disp_240Hz_naive,64.3333,0.044124864
2nd_test,disp_240Hz_naive,64.5,0.033436651
2nd_test,disp_240Hz_naive,64.6667,0.052576742
2nd_test,disp_240Hz_naive,64.8333,0.03309303
2nd_test,disp_240Hz_naive,65.0,0.026272231
2nd_test,disp_240Hz_naive,65.1667,0.025833024
2nd_test,disp_240Hz_naive,65.3333,0.040574356
2nd_test,disp_240Hz_naive,65.5,0.048696312
2nd_test,disp_240Hz_naive,65.6667,0.034363481
2nd_test,disp_240Hz_naive,65.8333,0.028126004
2nd_test,disp_240Hz_naive,66.0,0.040210758
2nd_test,disp_240Hz_naive,66.1667,0.038084258
2nd_test,disp_240Hz_naive,66.3333,0.028567637
2nd_test,disp_240Hz_naive,66.5,0.02200866
2nd_test,disp_240Hz_naive,66.6667,0.029952788
2nd_test,disp_240Hz_naive,66.8333,0.032518584
2nd_test,disp_240Hz_naive,67.0,0.031170144
2nd_test,disp_240Hz_naive,67.1667,0.022314216
2nd_test,disp_240Hz_naive,67.3333,0.042537035
2nd_test,disp_240Hz_naive,67.5,0.028038074
2nd_test,disp_240Hz_naive,67.6667,0.029569801
2nd_test,disp_240Hz_naive,67.8333,0.031089003
2nd_test,disp_240Hz_naive,68.0,0.039738321
2nd_test,disp_240Hz_naive,68.1667,0.028690456
2nd_test,disp_240Hz_naive,68.3333,0.029033434
2nd_test,disp_240Hz_naive,68.5,0.026915352
2nd_test,disp_240Hz_naive,68.6667,0.036221712
2nd_test,disp_240Hz_naive,68.8333,0.019089217
2nd_test,disp_240Hz_naive,69.0,0.0617334
2nd_test,disp_240Hz_naive,69.1667,0.036095421
2nd_test,disp_240Hz_naive,69.3333,0.032940837
2nd_test,disp_240Hz_naive,69.5,0.024522018
2nd_test,disp_240Hz_naive,69.6667,0.034095407
2nd_test,disp_240Hz_naive,69.8333,0.033959487
2nd_test,disp_240Hz_naive,70.0,0.024806194
2nd_test,disp_240Hz_naive,70.1667,0.031093475
2nd_test,disp_240Hz_naive,70.3333,0.036773996
2nd_test,disp_240Hz_naive,70.5,0.028514639
2nd_test,disp_240Hz_naive,70.6667,0.033417114
2nd_test,disp_240Hz_naive,70.8333,0.037341201
2nd_test,disp_240Hz_naive,71.0,0.019709567
2nd_test,disp_240Hz_naive,71.1667,0.022959804
2nd_test,disp_240Hz_naive,71.3333,0.022403837
2nd_test,disp_240Hz_naive,71.5,0.032707974
2nd_test,disp_240Hz_naive,71.6667,0.024870157
2nd_test,disp_240Hz_naive,71.8333,0.021826266
2nd_test,disp_240Hz_naive,72.0,0.032995153
2nd_test,disp_240Hz_naive,72.1667,0.021185722
2nd_test,disp_240Hz_naive,72.3333,0.034531388
2nd_test,disp_240Hz_naive,72.5,0.035253684
2nd_test,disp_240Hz_naive,72.6667,0.036405505
2nd_test,disp_240Hz_naive,72.8333,0.042233386
2nd_test,disp_240Hz_naive,73.0,0.026844734
2nd_test,disp_240Hz_naive,73.1667,0.025661447
2nd_test,disp_240Hz_naive,73.3333,0.036090332
2nd_test,disp_240Hz_naive,73.5,0.021747915
2nd_test,disp_240Hz_naive,73.6667,0.032489953
2nd_test,disp_240Hz_naive,73.8333,0.027819662
2nd_test,disp_240Hz_naive,74.0,0.031007605
2nd_test,disp_240Hz_naive,74.1667,0.025895344
2nd_test,disp_240Hz_naive,74.3333,0.034899104
2nd_test,disp_240Hz_naive,74.5,0.042887488
2nd_test,disp_240Hz_naive,74.6667,0.037450706
2nd_test,disp_240Hz_naive,74.8333,0.033664779
2nd_test,disp_240Hz_naive,75.0,0.031166388
2nd_test,disp_240Hz_naive,75.1667,0.038423863
2nd_test,disp_240Hz_naive,75.3333,0.039025887
2nd_test,disp_240Hz_naive,75.5,0.023890708
2nd_test,disp_240Hz_naive,75.6667,0.038289571
2nd_test,disp_240Hz_naive,75.8333,0.03436704
2nd_test,disp_240Hz_naive,76.0,0.037442002
2nd_test,disp_240Hz_naive,76.1667,0.04544065
2nd_test,disp_240Hz_naive,76.3333,0.04247625
2nd_test,disp_240Hz_naive,76.5,0.029552251
2nd_test,disp_240Hz_naive,76.6667,0.038163067
2nd_test,disp_240Hz_naive,76.8333,0.037762386
2nd_test,disp_240Hz_naive,77.0,0.01927922
2nd_test,disp_240Hz_naive,77.1667,0.040066549
2nd_test,disp_240Hz_naive,77.3333,0.032414487
2nd_test,disp_240Hz_naive,77.5,0.036609719
2nd_test,disp_240Hz_naive,77.6667,0.037612898
2nd_test,disp_240Hz_naive,77.8333,0.033365435
2nd_test,disp_240Hz_naive,78.0,0.026310579
2nd_test,disp_240Hz_naive,78.1667,0.032685419
2nd_test,disp_240Hz_naive,78.3333,0.031914202
2nd_test,disp_240Hz_naive,78.5,0.021830978
2nd_test,disp_240Hz_naive,78.6667,0.026449551
2nd_test,disp_240Hz_naive,78.8333,0.031690106
2nd_test,disp_240Hz_naive,79.0,0.022113737
2nd_test,disp_240Hz_naive,79.1667,0.03318574
2nd_test,disp_240Hz_naive,79.3333,0.032451772
2nd_test,disp_240Hz_naive,79.5,0.022971917
2nd_test,disp_240Hz_naive,79.6667,0.02501783
2nd_test,disp_240Hz_naive,79.8333,0.039732988
2nd_test,disp_240Hz_naive,80.0,0.031087991
2nd_test,disp_240Hz_naive,80.1667,0.032735324
2nd_test,disp_240Hz_naive,80.3333,0.029525587
2nd_test,disp_240Hz_naive,80.5,0.040168271
2nd_test,disp_240Hz_naive,80.6667,0.033086681
2nd_test,disp_240Hz_naive,80.8333,0.025592588
2nd_test,disp_240Hz_naive,81.0,0.028546019
2nd_test,disp_240Hz_naive,81.1667,0.024620163
2nd_test,disp_240Hz_naive,81.3333,0.03277438
2nd_test,disp_240Hz_naive,81.5,0.041042298
2nd_test,disp_240Hz_naive,81.6667,0.024640789
2nd_test,disp_240Hz_naive,81.8333,0.033951633
2nd_test,disp_240Hz_naive,82.0,0.030937831
2nd_test,disp_240Hz_naive,82.1667,0.030106137
2nd_test,disp_240Hz_naive,82.3333,0.036588023
2nd_test,disp_240Hz_naive,82.5,0.026164841
2nd_test,disp_240Hz_naive,82.6667,0.04333566
2nd_test,disp_240Hz_naive,82.8333,0.026918013
2nd_test,disp_240Hz_naive,83.0,0.035306489
2nd_test,disp_240Hz_naive,83.1667,0.027461633
2nd_test,disp_240Hz_naive,83.3333,0.023755455
2nd_test,disp_240Hz_naive,83.5,0.037168815
2nd_test,disp_240Hz_naive,83.6667,0.036735183
2nd_test,disp_240Hz_naive,83.8333,0.036737748
2nd_test,disp_240Hz_naive,84.0,0.028952291
2nd_test,disp_240Hz_naive,84.1667,0.03192739
2nd_test,disp_240Hz_naive,84.3333,0.049912524
2nd_test,disp_240Hz_naive,84.5,0.048784468
2nd_test,disp_240Hz_naive,84.6667,0.034296022
2nd_test,disp_240Hz_naive,84.8333,0.049630096
2nd_test,disp_240Hz_naive,85.0,0.02005144
2nd_test,disp_240Hz_naive,85.1667,0.026278782
2nd_test,disp_240Hz_naive,85.3333,0.04574815
2nd_test,disp_240Hz_naive,85.5,0.03108377
2nd_test,disp_240Hz_naive,85.6667,0.043926639
2nd_test,disp_240Hz_naive,85.8333,0.022953991
2nd_test,disp_240Hz_naive,86.0,0.039771597
2nd_test,disp_240Hz_naive,86.1667,0.03363177
2nd_test,disp_240Hz_naive,86.3333,0.028988608
2nd_test,disp_240Hz_naive,86.5,0.030372429
2nd_test,disp_240Hz_naive,86.6667,0.040629859
2nd_test,disp_240Hz_naive,86.8333,0.031789209
2nd_test,disp_240Hz_naive,87.0,0.029866253
2nd_test,disp_240Hz_naive,87.1667,0.038802437
2nd_test,disp_240Hz_naive,87.3333,0.028705787
2nd_test,disp_240Hz_naive,87.5,0.034455785
2nd_test,disp_240Hz_naive,87.6667,0.029304129
2nd_test,disp_240Hz_naive,87.8333,0.027422068
2nd_test,disp_240Hz_naive,88.0,0.036678076
2nd_test,disp_240Hz_naive,88.1667,0.034039654
2nd_test,disp_240Hz_naive,88.3333,0.044706131
2nd_test,disp_240Hz_naive,88.5,0.034064659
2nd_test,disp_240Hz_naive,88.6667,0.023009637
2nd_test,disp_240Hz_naive,88.8333,0.03311644
2nd_test,disp_240Hz_naive,89.0,0.025194992
2nd_test,disp_240Hz_naive,89.1667,0.026431275
2nd_test,disp_240Hz_naive,89.3333,0.038307611
2nd_test,disp_240Hz_naive,89.5,0.033108358
2nd_test,disp_240Hz_naive,89.6667,0.047272859
2nd_test,disp_240Hz_naive,89.8333,0.041332792
2nd_test,disp_240Hz_naive,90.0,0.029120223
2nd_test,disp_240Hz_naive,90.1667,0.021713114
2nd_test,disp_240Hz_naive,90.3333,0.034410966
2nd_test,disp_240Hz_naive,90.5,0.024275267
2nd_test,disp_240Hz_naive,90.6667,0.020271378
2nd_test,disp_240Hz_naive,90.8333,0.028030928
2nd_test,disp_240Hz_naive,91.0,0.028949853
2nd_test,disp_240Hz_naive,91.1667,0.037808235
2nd_test,disp_240Hz_naive,91.3333,0.033488903
2nd_test,disp_240Hz_naive,91.5,0.027996487
2nd_test,disp_240Hz_naive,91.6667,0.046258676
2nd_test,disp_240Hz_naive,91.8333,0.026375779
2nd_test,disp_240Hz_naive,92.0,0.031627481
2nd_test,disp_240Hz_naive,92.1667,0.043889901
2nd_test,disp_240Hz_naive,92.3333,0.024664115
2nd_test,disp_240Hz_naive,92.5,0.031017048
2nd_test,disp_240Hz_naive,92.6667,0.024347953
2nd_test,disp_240Hz_naive,92.8333,0.045905844
2nd_test,disp_240Hz_naive,93.0,0.034334781
2nd_test,disp_240Hz_naive,93.1667,0.027495961
2nd_test,disp_240Hz_naive,93.3333,0.029105521
2nd_test,disp_240Hz_naive,93.5,0.032757528
2nd_test,disp_240Hz_naive,93.6667,0.028802152
2nd_test,disp_240Hz_naive,93.8333,0.022489535
2nd_test,disp_240Hz_naive,94.0,0.032735496
2nd_test,disp_240Hz_naive,94.1667,0.031503079
2nd_test,disp_240Hz_naive,94.3333,0.027615857
2nd_test,disp_240Hz_naive,94.5,0.037701867
2nd_test,disp_240Hz_naive,94.6667,0.042230339
2nd_test,disp_240Hz_naive,94.8333,0.04939826
2nd_test,disp_240Hz_naive,95.0,0.035033429
2nd_test,disp_240Hz_naive,95.1667,0.028092085
2nd_test,disp_240Hz_naive,95.3333,0.035294249
2nd_test,disp_240Hz_naive,95.5,0.032175301
2nd_test,disp_240Hz_naive,95.6667,0.029260576
2nd_test,disp_240Hz_naive,95.8333,0.031142581
2nd_test,disp_240Hz_naive,96.0,0.027162956
2nd_test,disp_240Hz_naive,96.1667,0.027301703
2nd_test,disp_240Hz_naive,96.3333,0.040999908
2nd_test,disp_240Hz_naive,96.5,0.040836222
2nd_test,disp_240Hz_naive,96.6667,0.030149737
2nd_test,disp_240Hz_naive,96.8333,0.045216423
2nd_test,disp_240Hz_naive,97.0,0.027529143
2nd_test,disp_240Hz_naive,97.1667,0.045205585
2nd_test,disp_240Hz_naive,97.3333,0.024133283
2nd_test,disp_240Hz_naive,97.5,0.04107349
2nd_test,disp_240Hz_naive,97.6667,0.025391491
2nd_test,disp_240Hz_naive,97.8333,0.038576831
2nd_test,disp_240Hz_naive,98.0,0.044331397
2nd_test,disp_240Hz_naive,98.1667,0.042114116
2nd_test,disp_240Hz_naive,98.3333,0.024003123
2nd_test,disp_240Hz_naive,98.5,0.027103217
2nd_test,disp_240Hz_naive,98.6667,0.030046041
2nd_test,disp_240Hz_naive,98.8333,0.032452631
2nd_test,disp_240Hz_naive,99.0,0.032999743
2nd_test,disp_240Hz_naive,99.1667,0.018298097
2nd_test,disp_240Hz_naive,99.3333,0.036686731
2nd_test,disp_240Hz_naive,99.5,0.021768357
2nd_test,disp_240Hz_naive,99.6667,0.025360251
2nd_test,disp_240Hz_naive,99.8333,0.04296029
2nd_test,disp_240Hz_naive,100.0,0.026243846
2nd_test,disp_240Hz_naive,100.1667,0.031237614
2nd_test,disp_240Hz_naive,100.3333,0.032758638
2nd_test,disp_240Hz_naive,100.5,0.038514957
2nd_test,disp_240Hz_naive,100.6667,0.022544614
2nd_test,disp_240Hz_naive,100.8333,0.045404941
2nd_test,disp_240Hz_naive,101.0,0.024277101
2nd_test,disp_240Hz_naive,101.1667,0.032144044
2nd_test,disp_240Hz_naive,101.3333,0.035414727
2nd_test,disp_240Hz_naive,101.5,0.026381218
2nd_test,disp_240Hz_naive,101.6667,0.034157354
2nd_test,disp_240Hz_naive,101.8333,0.028833954
2nd_test,disp_240Hz_naive,102.0,0.039332009
2nd_test,disp_240Hz_naive,102.1667,0.03066439
2nd_test,disp_240Hz_naive,102.3333,0.033653226
2nd_test,disp_240Hz_naive,102.5,0.029433425
2nd_test,disp_240Hz_naive,102.6667,0.025856891
2nd_test,disp_240Hz_naive,102.8333,0.040812948
2nd_test,disp_240Hz_naive,103.0,0.025342778
2nd_test,disp_240Hz_naive,103.1667,0.025462794
2nd_test,disp_240Hz_naive,103.3333,0.035039011
2nd_test,disp_240Hz_naive,103.5,0.030983921
2nd_test,disp_240Hz_naive,103.6667,0.022150222
2nd_test,disp_240Hz_naive,103.8333,0.028174612
2nd_test,disp_240Hz_naive,104.0,0.038934221
2nd_test,disp_240Hz_naive,104.1667,0.030835675
2nd_test,disp_240Hz_naive,104.3333,0.032379964
2nd_test,disp_240Hz_naive,104.5,0.041091978
2nd_test,disp_240Hz_naive,104.6667,0.032391365
2nd_test,disp_240Hz_naive,104.8333,0.034208105
2nd_test,disp_240Hz_naive,105.0,0.026904461
2nd_test,disp_240Hz_naive,105.1667,0.032910559
2nd_test,disp_240Hz_naive,105.3333,0.032934189
2nd_test,disp_240Hz_naive,105.5,0.035286328
2nd_test,disp_240Hz_naive,105.6667,0.03494842
2nd_test,disp_240Hz_naive,105.8333,0.027753411
2nd_test,disp_240Hz_naive,106.0,0.023789027
2nd_test,disp_240Hz_naive,106.1667,0.022900396
2nd_test,disp_240Hz_naive,106.3333,0.02581967
2nd_test,disp_240Hz_naive,106.5,0.031425023
2nd_test,disp_240Hz_naive,106.6667,0.027865336
2nd_test,disp_240Hz_naive,106.8333,0.034212158
2nd_test,disp_240Hz_naive,107.0,0.030214335
2nd_test,disp_240Hz_naive,107.1667,0.02749333
2nd_test,disp_240Hz_naive,107.3333,0.028299115
2nd_test,disp_240Hz_naive,107.5,0.036167507
2nd_test,disp_240Hz_naive,107.6667,0.033387202
2nd_test,disp_240Hz_naive,107.8333,0.027291977
2nd_test,disp_240Hz_naive,108.0,0.032803789
2nd_test,disp_240Hz_naive,108.1667,0.028116554
2nd_test,disp_240Hz_naive,108.3333,0.021786674
2nd_test,disp_240Hz_naive,108.5,0.022258337
2nd_test,disp_240Hz_naive,108.6667,0.028402934
2nd_test,disp_240Hz_naive,108.8333,0.025739167
2nd_test,disp_240Hz_naive,109.0,0.02716058
2nd_test,disp_240Hz_naive,109.1667,0.0334904
2nd_test,disp_240Hz_naive,109.3333,0.02074746
2nd_test,disp_240Hz_naive,109.5,0.021848356
2nd_test,disp_240Hz_naive,109.6667,0.036577133
2nd_test,disp_240Hz_naive,109.8333,0.031376025
2nd_test,disp_240Hz_naive,110.0,0.047554248
2nd_test,disp_240Hz_naive,110.1667,0.02786219
2nd_test,disp_240Hz_naive,110.3333,0.030172892
2nd_test,disp_240Hz_naive,110.5,0.040692581
2nd_test,disp_240Hz_naive,110.6667,0.028855702
2nd_test,disp_240Hz_naive,110.8333,0.030028732
2nd_test,disp_240Hz_naive,111.0,0.029500227
2nd_test,disp_240Hz_naive,111.1667,0.031632553
2nd_test,disp_240Hz_naive,111.3333,0.045566424
2nd_test,disp_240Hz_naive,111.5,0.039675985
2nd_test,disp_240Hz_naive,111.6667,0.030701721
2nd_test,disp_240Hz_naive,111.8333,0.032389345
2nd_test,disp_240Hz_naive,112.0,0.031592336
2nd_test,disp_240Hz_naive,112.1667,0.041660265
2nd_test,disp_240Hz_naive,112.3333,0.029955878
2nd_test,disp_240Hz_naive,112.5,0.03010093
2nd_test,disp_240Hz_naive,112.6667,0.022987375
2nd_test,disp_240Hz_naive,112.8333,0.034330925
2nd_test,disp_240Hz_naive,113.0,0.034990248
2nd_test,disp_240Hz_naive,113.1667,0.035144522
2nd_test,disp_240Hz_naive,113.3333,0.038466691
2nd_test,disp_240Hz_naive,113.5,0.025481913
2nd_test,disp_240Hz_naive,113.6667,0.020042957
2nd_test,disp_240Hz_naive,113.8333,0.039518587
2nd_test,disp_240Hz_naive,114.0,0.027247515
2nd_test,disp_240Hz_naive,114.1667,0.042986879
2nd_test,disp_240Hz_naive,114.3333,0.029455869
2nd_test,disp_240Hz_naive,114.5,0.044277789
2nd_test,disp_240Hz_naive,114.6667,0.023747365
2nd_test,disp_240Hz_naive,114.8333,0.043128925
2nd_test,disp_240Hz_naive,115.0,0.031412649
2nd_test,disp_240Hz_naive,115.1667,0.048526128
2nd_test,disp_240Hz_naive,115.3333,0.046920312
2nd_test,disp_240Hz_naive,115.5,0.039820657
2nd_test,disp_240Hz_naive,115.6667,0.024949894
2nd_test,disp_240Hz_naive,115.8333,0.03584059
2nd_test,disp_240Hz_naive,116.0,0.024908787
2nd_test,disp_240Hz_naive,116.1667,0.035406139
2nd_test,disp_240Hz_naive,116.3333,0.032393744
2nd_test,disp_240Hz_naive,116.5,0.041531597
2nd_test,disp_240Hz_naive,116.6667,0.033844833
2nd_test,disp_240Hz_naive,116.8333,0.029243206
2nd_test,disp_240Hz_naive,117.0,0.041011035
2nd_test,disp_240Hz_naive,117.1667,0.046531997
2nd_test,disp_240Hz_naive,117.3333,0.022568421
2nd_test,disp_240Hz_naive,117.5,0.032876838
2nd_test,disp_240Hz_naive,117.6667,0.025235773
2nd_test,disp_240Hz_naive,117.8333,0.037691403
2nd_test,disp_240Hz_naive,118.0,0.026672137
2nd_test,disp_240Hz_naive,118.1667,0.025392742
2nd_test,disp_240Hz_naive,118.3333,0.03472949
2nd_test,disp_240Hz_naive,118.5,0.035785825
2nd_test,disp_240Hz_naive,118.6667,0.031090909
2nd_test,disp_240Hz_naive,118.8333,0.021152554
2nd_test,disp_240Hz_naive,119.0,0.032457393
2nd_test,disp_240Hz_naive,119.1667,0.033909552
2nd_test,disp_240Hz_naive,119.3333,0.023591199
2nd_test,disp_240Hz_naive,119.5,0.037835564
2nd_test,disp_240Hz_naive,119.6667,0.042519099
2nd_test,disp_240Hz_naive,119.8333,0.043020707
2nd_test,disp_240Hz_naive,120.0,0.024308909
2nd_test,disp_240Hz_naive,120.1667,0.033360993
2nd_test,disp_240Hz_naive,120.3333,0.024068067
2nd_test,disp_240Hz_naive,120.5,0.027571091
2nd_test,disp_240Hz_naive,120.6667,0.033617744
2nd_test,disp_240Hz_naive,120.8333,0.02875064
2nd_test,disp_240Hz_naive,121.0,0.024480041
2nd_test,disp_240Hz_naive,121.1667,0.038811151
2nd_test,disp_240Hz_naive,121.3333,0.031806095
2nd_test,disp_240Hz_naive,121.5,0.047421747
2nd_test,disp_240Hz_naive,121.6667,0.037617722
2nd_test,disp_240Hz_naive,121.8333,0.035884885
2nd_test,disp_240Hz_naive,122.0,0.039665831
2nd_test,disp_240Hz_naive,122.1667,0.030118173
2nd_test,disp_240Hz_naive,122.3333,0.030608323
2nd_test,disp_240Hz_naive,122.5,0.028531919
2nd_test,disp_240Hz_naive,122.6667,0.025367237
2nd_test,disp_240Hz_naive,122.8333,0.043412694
2nd_test,disp_240Hz_naive,123.0,0.03126864
2nd_test,disp_240Hz_naive,123.1667,0.027697715
2nd_test,disp_240Hz_naive,123.3333,0.030425375
2nd_test,disp_240Hz_naive,123.5,0.030772737
2nd_test,disp_240Hz_naive,123.6667,0.031299242
2nd_test,disp_240Hz_naive,123.8333,0.042621797
2nd_test,disp_240Hz_naive,124.0,0.041133656
2nd_test,disp_240Hz_naive,124.1667,0.029922104
2nd_test,disp_240Hz_naive,124.3333,0.023825112
2nd_test,disp_240Hz_naive,124.5,0.030245105
2nd_test,disp_240Hz_naive,124.6667,0.053074836
2nd_test,disp_240Hz_naive,124.8333,0.028828438
2nd_test,disp_240Hz_naive,125.0,0.01904209
2nd_test,disp_240Hz_naive,125.1667,0.045368674
2nd_test,disp_240Hz_naive,125.3333,0.032531846
2nd_test,disp_240Hz_naive,125.5,0.045363734
2nd_test,disp_240Hz_naive,125.6667,0.034345121
2nd_test,disp_240Hz_naive,125.8333,0.027548851
2nd_test,disp_240Hz_naive,126.0,0.039348906
2nd_test,disp_240Hz_naive,126.1667,0.030079014
2nd_test,disp_240Hz_naive,126.3333,0.034976591
2nd_test,disp_240Hz_naive,126.5,0.030766611
2nd_test,disp_240Hz_naive,126.6667,0.02810694
2nd_test,disp_240Hz_naive,126.8333,0.031202276
2nd_test,disp_240Hz_naive,127.0,0.03094615
2nd_test,disp_240Hz_naive,127.1667,0.02488135
2nd_test,disp_240Hz_naive,127.3333,0.031415615
2nd_test,disp_240Hz_naive,127.5,0.042147748
2nd_test,disp_240Hz_naive,127.6667,0.038585501
2nd_test,disp_240Hz_naive,127.8333,0.045174121
2nd_test,disp_240Hz_naive,128.0,0.036859182
2nd_test,disp_240Hz_naive,128.1667,0.043547105
2nd_test,disp_240Hz_naive,128.3333,0.035916904
2nd_test,disp_240Hz_naive,128.5,0.02959237
2nd_test,disp_240Hz_naive,128.6667,0.026524583
2nd_test,disp_240Hz_naive,128.8333,0.043514981
2nd_test,disp_240Hz_naive,129.0,0.034333885
2nd_test,disp_240Hz_naive,129.1667,0.03780006
2nd_test,disp_240Hz_naive,129.3333,0.030300101
2nd_test,disp_240Hz_naive,129.5,0.044886139
2nd_test,disp_240Hz_naive,129.6667,0.030785761
2nd_test,disp_240Hz_naive,129.8333,0.028410241
2nd_test,disp_240Hz_naive,130.0,0.040541155
2nd_test,disp_240Hz_naive,130.1667,0.040274445
2nd_test,disp_240Hz_naive,130.3333,0.025150689
2nd_test,disp_240Hz_naive,130.5,0.045666588
2nd_test,disp_240Hz_naive,130.6667,0.023925111
2nd_test,disp_240Hz_naive,130.8333,0.026269071
2nd_test,disp_240Hz_naive,131.0,0.027090301
2nd_test,disp_240Hz_naive,131.1667,0.029665597
2nd_test,disp_240Hz_naive,131.3333,0.030597998
2nd_test,disp_240Hz_naive,131.5,0.025522642
2nd_test,disp_240Hz_naive,131.6667,0.033456369
2nd_test,disp_240Hz_naive,131.8333,0.027641811
2nd_test,disp_240Hz_naive,132.0,0.029714562
2nd_test,disp_240Hz_naive,132.1667,0.03169278
2nd_test,disp_240Hz_naive,132.3333,0.031885693
2nd_test,disp_240Hz_naive,132.5,0.03705973
2nd_test,disp_240Hz_naive,132.6667,0.041181181
2nd_test,disp_240Hz_naive,132.8333,0.028300461
2nd_test,disp_240Hz_naive,133.0,0.025970531
2nd_test,disp_240Hz_naive,133.1667,0.032458769
2nd_test,disp_240Hz_naive,133.3333,0.044122392
2nd_test,disp_240Hz_naive,133.5,0.029673667
2nd_test,disp_240Hz_naive,133.6667,0.03237666
2nd_test,disp_240Hz_naive,133.8333,0.038947597
2nd_test,disp_240Hz_naive,134.0,0.024393615
2nd_test,disp_240Hz_naive,134.1667,0.025494614
2nd_test,disp_240Hz_naive,134.3333,0.039078027
2nd_test,disp_240Hz_naive,134.5,0.031334911
2nd_test,disp_240Hz_naive,134.6667,0.0332219
2nd_test,disp_240Hz_naive,134.8333,0.037444554
2nd_test,disp_240Hz_naive,135.0,0.047529199
2nd_test,disp_240Hz_naive,135.1667,0.040124918
2nd_test,disp_240Hz_naive,135.3333,0.030057635
2nd_test,disp_240Hz_naive,135.5,0.035367528
2nd_test,disp_240Hz_naive,135.6667,0.047532199
2nd_test,disp_240Hz_naive,135.8333,0.03120302
2nd_test,disp_240Hz_naive,136.0,0.028212854
2nd_test,disp_240Hz_naive,136.1667,0.035698339
2nd_test,disp_240Hz_naive,136.3333,0.025772329
2nd_test,disp_240Hz_naive,136.5,0.024169013
2nd_test,disp_240Hz_naive,136.6667,0.030761821
2nd_test,disp_240Hz_naive,136.8333,0.027164615
2nd_test,disp_240Hz_naive,137.0,0.051868163
2nd_test,disp_240Hz_naive,137.1667,0.026700705
2nd_test,disp_240Hz_naive,137.3333,0.025255311
2nd_test,disp_240Hz_naive,137.5,0.042991606
2nd_test,disp_240Hz_naive,137.6667,0.037182519
2nd_test,disp_240Hz_naive,137.8333,0.028748736
2nd_test,disp_240Hz_naive,138.0,0.026241256
2nd_test,disp_240Hz_naive,138.1667,0.019274571
2nd_test,disp_240Hz_naive,138.3333,0.048550275
2nd_test,disp_240Hz_naive,138.5,0.032948546
2nd_test,disp_240Hz_naive,138.6667,0.062784702
2nd_test,disp_240Hz_naive,138.8333,0.032505496
2nd_test,disp_240Hz_naive,139.0,0.033105791
2nd_test,disp_240Hz_naive,139.1667,0.036287804
2nd_test,disp_240Hz_naive,139.3333,0.051701305
2nd_test,disp_240Hz_naive,139.5,0.036090066
2nd_test,disp_240Hz_naive,139.6667,0.038590598
2nd_test,disp_240Hz_naive,139.8333,0.037658277
2nd_test,disp_240Hz_naive,140.0,0.036729941
2nd_test,disp_240Hz_naive,140.1667,0.029514927
2nd_test,disp_240Hz_naive,140.3333,0.034213634
2nd_test,disp_240Hz_naive,140.5,0.051083656
2nd_test,disp_240Hz_naive,140.6667,0.033200146
2nd_test,disp_240Hz_naive,140.8333,0.034569684
2nd_test,disp_240Hz_naive,141.0,0.058997314
2nd_test,disp_240Hz_naive,141.1667,0.046135083
2nd_test,disp_240Hz_naive,141.3333,0.041084583
2nd_test,disp_240Hz_naive,141.5,0.035470433
2nd_test,disp_240Hz_naive,141.6667,0.037473478
2nd_test,disp_240Hz_naive,141.8333,0.0453505
2nd_test,disp_240Hz_naive,142.0,0.034039826
2nd_test,disp_240Hz_naive,142.1667,0.033081668
2nd_test,disp_240Hz_naive,142.3333,0.035647448
2nd_test,disp_240Hz_naive,142.5,0.028774334
2nd_test,disp_240Hz_naive,142.6667,0.033481612
2nd_test,disp_240Hz_naive,142.8333,0.05611396
2nd_test,disp_240Hz_naive,143.0,0.034599021
2nd_test,disp_240Hz_naive,143.1667,0.034030364
2nd_test,disp_240Hz_naive,143.3333,0.041059539
2nd_test,disp_240Hz_naive,143.5,0.029177852
2nd_test,disp_240Hz_naive,143.6667,0.040374812
2nd_test,disp_240Hz_naive,143.8333,0.037378604
2nd_test,disp_240Hz_naive,144.0,0.04237491
2nd_test,disp_240Hz_naive,144.1667,0.034107829
2nd_test,disp_240Hz_naive,144.3333,0.031279356
2nd_test,disp_240Hz_naive,144.5,0.033939639
2nd_test,disp_240Hz_naive,144.6667,0.044301157
2nd_test,disp_240Hz_naive,144.8333,0.027502584
2nd_test,disp_240Hz_naive,145.0,0.036154267
2nd_test,disp_240Hz_naive,145.1667,0.048722555
2nd_test,disp_240Hz_naive,145.3333,0.031017583
2nd_test,disp_240Hz_naive,145.5,0.036818773
2nd_test,disp_240Hz_naive,145.6667,0.036326197
2nd_test,disp_240Hz_naive,145.8333,0.034488856
2nd_test,disp_240Hz_naive,146.0,0.055501037
2nd_test,disp_240Hz_naive,146.1667,0.049170567
2nd_test,disp_240Hz_naive,146.3333,0.036554201
2nd_test,disp_240Hz_naive,146.5,0.032585019
2nd_test,disp_240Hz_naive,146.6667,0.048687404
2nd_test,disp_240Hz_naive,146.8333,0.0552354
2nd_test,disp_240Hz_naive,147.0,0.049484701
2nd_test,disp_240Hz_naive,147.1667,0.051378607
2nd_test,disp_240Hz_naive,147.3333,0.049651703
2nd_test,disp_240Hz_naive,147.5,0.037598211
2nd_test,disp_240Hz_naive,147.6667,0.038421716
2nd_test,disp_240Hz_naive,147.8333,0.035945868
2nd_test,disp_240Hz_naive,148.0,0.040060704
2nd_test,disp_240Hz_naive,148.1667,0.034987744
2nd_test,disp_240Hz_naive,148.3333,0.038614296
2nd_test,disp_240Hz_naive,148.5,0.044038892
2nd_test,disp_240Hz_naive,148.6667,0.034984825
2nd_test,disp_240Hz_naive,148.8333,0.051615689
2nd_test,disp_240Hz_naive,149.0,0.046862721
2nd_test,disp_240Hz_naive,149.1667,0.038021858
2nd_test,disp_240Hz_naive,149.3333,0.055893089
2nd_test,disp_240Hz_naive,149.5,0.037687371
2nd_test,disp_240Hz_naive,149.6667,0.042094333
2nd_test,disp_240Hz_naive,149.8333,0.035658714
2nd_test,disp_240Hz_naive,150.0,0.042811609
2nd_test,disp_240Hz_naive,150.1667,0.049612439
2nd_test,disp_240Hz_naive,150.3333,0.033015813
2nd_test,disp_240Hz_naive,150.5,0.049096234
2nd_test,disp_240Hz_naive,150.6667,0.030139415
2nd_test,disp_240Hz_naive,150.8333,0.036878034
2nd_test,disp_240Hz_naive,151.0,0.053598466
2nd_test,disp_240Hz_naive,151.1667,0.060825433
2nd_test,disp_240Hz_naive,151.3333,0.036124042
2nd_test,disp_240Hz_naive,151.5,0.034401593
2nd_test,disp_240Hz_naive,151.6667,0.043428258
2nd_test,disp_240Hz_naive,151.8333,0.033521267
2nd_test,disp_240Hz_naive,152.0,0.05258172
2nd_test,disp_240Hz_naive,152.1667,0.058204266
2nd_test,disp_240Hz_naive,152.3333,0.03706662
2nd_test,disp_240Hz_naive,152.5,0.047560678
2nd_test,disp_240Hz_naive,152.6667,0.036155939
2nd_test,disp_240Hz_naive,152.8333,0.048033583
2nd_test,disp_240Hz_naive,153.0,0.052511155
2nd_test,disp_240Hz_naive,153.1667,0.049013773
2nd_test,disp_240Hz_naive,153.3333,0.037908868
2nd_test,disp_240Hz_naive,153.5,0.050230472
2nd_test,disp_240Hz_naive,153.6667,0.039920361
2nd_test,disp_240Hz_naive,153.8333,0.047627572
2nd_test,disp_240Hz_naive,154.0,0.035359368
2nd_test,disp_240Hz_naive,154.1667,0.040860066
2nd_test,disp_240Hz_naive,154.3333,0.03600224
2nd_test,disp_240Hz_naive,154.5,0.049571954
2nd_test,disp_240Hz_naive,154.6667,0.033816523
2nd_test,disp_240Hz_naive,154.8333,0.056815157
2nd_test,disp_240Hz_naive,155.0,0.045122645
2nd_test,disp_240Hz_naive,155.1667,0.039149142
2nd_test,disp_240Hz_naive,155.3333,0.029900549
2nd_test,disp_240Hz_naive,155.5,0.022601328
2nd_test,disp_240Hz_naive,155.6667,0.026333849
2nd_test,disp_240Hz_naive,155.8333,0.043533485
2nd_test,disp_240Hz_naive,156.0,0.044132281
2nd_test,disp_240Hz_naive,156.1667,0.045653781
2nd_test,disp_240Hz_naive,156.3333,0.041521966
2nd_test,disp_240Hz_naive,156.5,0.024718185
2nd_test,disp_240Hz_naive,156.6667,0.051481357
2nd_test,disp_240Hz_naive,156.8333,0.047567867
2nd_test,disp_240Hz_naive,157.0,0.042819046
2nd_test,disp_240Hz_naive,157.1667,0.041674472
2nd_test,disp_240Hz_naive,157.3333,0.0405865
2nd_test,disp_240Hz_naive,157.5,0.054661485
2nd_test,disp_240Hz_naive,157.6667,0.04875021
2nd_test,disp_240Hz_naive,157.8333,0.028888536
2nd_test,disp_240Hz_naive,158.0,0.032765441
2nd_test,disp_240Hz_naive,158.1667,0.03409789
2nd_test,disp_240Hz_naive,158.3333,0.044592303
2nd_test,disp_240Hz_naive,158.5,0.039228874
2nd_test,disp_240Hz_naive,158.6667,0.044564438
2nd_test,disp_240Hz_naive,158.8333,0.059538191
2nd_test,disp_240Hz_naive,159.0,0.062900693
2nd_test,disp_240Hz_naive,159.1667,0.066070278
2nd_test,disp_240Hz_naive,159.3333,0.067440391
2nd_test,disp_240Hz_naive,159.5,0.059453691
2nd_test,disp_240Hz_naive,159.6667,0.03171842
2nd_test,disp_240Hz_naive,159.8333,0.084567475
2nd_test,disp_240Hz_naive,160.0,0.075303764
2nd_test,disp_240Hz_naive,160.1667,0.050069048
2nd_test,disp_240Hz_naive,160.3333,0.038617612
2nd_test,disp_240Hz_naive,160.5,0.048169888
2nd_test,disp_240Hz_naive,160.6667,0.054171932
2nd_test,disp_240Hz_naive,160.8333,0.05263663
2nd_test,disp_240Hz_naive,161.0,0.066865065
2nd_test,disp_240Hz_naive,161.1667,0.075712501
2nd_test,disp_240Hz_naive,161.3333,0.06916161
2nd_test,disp_240Hz_naive,161.5,0.12179413
2nd_test,disp_240Hz_naive,161.6667,0.21641249
2nd_test,disp_240Hz_naive,161.8333,0.18537673
2nd_test,disp_240Hz_naive,162.0,0.15447945
2nd_test,disp_240Hz_naive,162.1667,0.29943579
2nd_test,disp_240Hz_naive,162.3333,0.12280682
2nd_test,disp_240Hz_naive,162.5,0.30976635
2nd_test,disp_240Hz_naive,162.6667,0.26519458
2nd_test,disp_240Hz_naive,162.8333,0.15715166
2nd_test,disp_240Hz_naive,163.0,0.10544769
2nd_test,disp_240Hz_naive,163.1667,0.35744477
2nd_test,disp_240Hz_naive,163.3333,0.22933458
2nd_test,disp_240Hz_naive,163.5,0.25225908
3rd_test,accel_full,0.0,0.64688109
3rd_test,accel_full,0.25,0.67633864
3rd_test,accel_full,0.5833,0.65958136
3rd_test,accel_full,0.9167,0.67860638
3rd_test,accel_full,1.25,0.68252554
3rd_test,accel_full,1.5833,0.66924209
3rd_test,accel_full,1.9167,0.67974522
3rd_test,accel_full,2.25,0.67860439
3rd_test,accel_full,2.5833,0.69452176
3rd_test,accel_full,2.9167,0.70540541
3rd_test,accel_full,3.25,0.68670169
3rd_test,accel_full,3.5833,0.71777883
3rd_test,accel_full,3.9167,0.70911221
3rd_test,accel_full,4.25,0.69941538
3rd_test,accel_full,4.5833,0.67305937
3rd_test,accel_full,4.9167,0.67737451
3rd_test,accel_full,5.25,0.68122413
3rd_test,accel_full,5.5833,0.70305922
3rd_test,accel_full,5.9167,0.67162808
3rd_test,accel_full,6.25,0.69197687
3rd_test,accel_full,6.5833,0.67906714
3rd_test,accel_full,6.9167,0.67771585
3rd_test,accel_full,7.25,0.66035566
3rd_test,accel_full,7.5833,0.66687621
3rd_test,accel_full,7.9167,0.68826222
3rd_test,accel_full,8.25,0.66646492
3rd_test,accel_full,8.5833,0.65704573
3rd_test,accel_full,8.9167,0.66311267
3rd_test,accel_full,9.25,0.67393129
3rd_test,accel_full,9.5833,0.66476703
3rd_test,accel_full,9.9167,0.66557729
3rd_test,accel_full,10.25,0.69350922
3rd_test,accel_full,10.5833,0.69754984
3rd_test,accel_full,10.9167,0.66734905
3rd_test,accel_full,11.25,0.68527642
3rd_test,accel_full,11.5833,0.66545115
3rd_test,accel_full,11.9167,0.67293854
3rd_test,accel_full,12.25,0.65953454
3rd_test,accel_full,12.5833,0.66914108
3rd_test,accel_full,12.9167,0.68701092
3rd_test,accel_full,13.25,0.65863557
3rd_test,accel_full,13.5833,0.65244128
3rd_test,accel_full,13.9167,0.65811124
3rd_test,accel_full,14.25,0.68970851
3rd_test,accel_full,14.5833,0.66275504
3rd_test,accel_full,14.9167,0.65558932
3rd_test,accel_full,15.25,0.68315834
3rd_test,accel_full,15.5833,0.65634988
3rd_test,accel_full,15.9167,0.67380927
3rd_test,accel_full,16.25,0.65691517
3rd_test,accel_full,16.5833,0.66677194
3rd_test,accel_full,16.9167,0.65892946
3rd_test,accel_full,17.25,0.64327758
3rd_test,accel_full,17.5833,0.66087411
3rd_test,accel_full,17.9167,0.66203186
3rd_test,accel_full,18.25,0.66794784
3rd_test,accel_full,18.5833,0.64655744
3rd_test,accel_full,18.9167,0.65882911
3rd_test,accel_full,19.25,0.66046135
3rd_test,accel_full,19.5833,0.6602499
3rd_test,accel_full,19.9167,0.68558008
3rd_test,accel_full,20.25,0.65675278
3rd_test,accel_full,20.5833,0.65459473
3rd_test,accel_full,20.9167,0.65478542
3rd_test,accel_full,21.25,0.65700178
3rd_test,accel_full,21.5833,0.6480029
3rd_test,accel_full,21.9167,0.64460152
3rd_test,accel_full,22.25,0.66236643
3rd_test,accel_full,22.5833,0.66569957
3rd_test,accel_full,22.9167,0.65050907
3rd_test,accel_full,23.25,0.66155245
3rd_test,accel_full,23.5833,0.6462636
3rd_test,accel_full,23.9167,0.6574304
3rd_test,accel_full,24.25,0.6510092
3rd_test,accel_full,24.5833,0.64852772
3rd_test,accel_full,24.9167,0.65982322
3rd_test,accel_full,25.25,0.63958472
3rd_test,accel_full,25.5833,0.63317224
3rd_test,accel_full,25.9167,0.66817951
3rd_test,accel_full,26.25,0.64576357
3rd_test,accel_full,26.5833,0.63991957
3rd_test,accel_full,26.9167,0.643987
3rd_test,accel_full,27.25,0.63323437
3rd_test,accel_full,27.5833,0.63908055
3rd_test,accel_full,27.9167,0.6579736
3rd_test,accel_full,28.25,0.65582301
3rd_test,accel_full,28.5833,0.66705862
3rd_test,accel_full,28.9167,0.63604974
3rd_test,accel_full,29.25,0.65109349
3rd_test,accel_full,29.5833,0.65030598
3rd_test,accel_full,29.9167,0.67132711
3rd_test,accel_full,30.25,0.65171068
3rd_test,accel_full,30.5833,0.65052208
3rd_test,accel_full,30.9167,0.65371458
3rd_test,accel_full,31.25,0.66020937
3rd_test,accel_full,31.5833,0.64429338
3rd_test,accel_full,31.9167,0.62641094
3rd_test,accel_full,32.25,0.64818667
3rd_test,accel_full,32.5833,0.63443805
3rd_test,accel_full,32.9167,0.64412612
3rd_test,accel_full,33.25,0.65119629
3rd_test,accel_full,33.5833,0.64130801
3rd_test,accel_full,33.9167,0.65164321
3rd_test,accel_full,34.25,0.63627667
3rd_test,accel_full,34.5833,0.65697094
3rd_test,accel_full,34.9167,0.65014253
3rd_test,accel_full,35.25,0.64961164
3rd_test,accel_full,35.5833,0.6427434
3rd_test,accel_full,35.9167,0.64426553
3rd_test,accel_full,36.25,0.64972658
3rd_test,accel_full,36.5833,0.6611175
3rd_test,accel_full,36.9167,0.62815597
3rd_test,accel_full,37.25,0.64899374
3rd_test,accel_full,37.5833,0.64156812
3rd_test,accel_full,37.9167,0.64840368
3rd_test,accel_full,38.25,0.62155641
3rd_test,accel_full,38.5833,0.6573285
3rd_test,accel_full,38.9167,0.65077006
3rd_test,accel_full,39.25,0.66898264
3rd_test,accel_full,39.5833,0.63204939
3rd_test,accel_full,39.9167,0.66106987
3rd_test,accel_full,40.25,0.64492526
3rd_test,accel_full,40.5833,0.64322064
3rd_test,accel_full,40.9167,0.6459487
3rd_test,accel_full,41.25,0.64951801
3rd_test,accel_full,41.5833,0.64045943
3rd_test,accel_full,41.9167,0.64178134
3rd_test,accel_full,42.25,0.62574613
3rd_test,accel_full,42.5833,0.63920672
3rd_test,accel_full,42.9167,0.62017047
3rd_test,accel_full,43.25,0.63353088
3rd_test,accel_full,43.5833,0.65737005
3rd_test,accel_full,43.9167,0.6164778
3rd_test,accel_full,44.25,0.61667783
3rd_test,accel_full,44.5833,0.63587143
3rd_test,accel_full,44.9167,0.63690387
3rd_test,accel_full,45.25,0.63444469
3rd_test,accel_full,45.5833,0.65380715
3rd_test,accel_full,45.9167,0.64149443
3rd_test,accel_full,46.25,0.62170524
3rd_test,accel_full,46.5833,0.62816217
3rd_test,accel_full,46.9167,0.62591859
3rd_test,accel_full,47.25,0.63357159
3rd_test,accel_full,47.5833,0.6392316
3rd_test,accel_full,47.9167,0.65681446
3rd_test,accel_full,48.25,0.652237
3rd_test,accel_full,48.5833,0.62981858
3rd_test,accel_full,48.9167,0.66182641
3rd_test,accel_full,49.25,0.63835708
3rd_test,accel_full,49.5833,0.63481877
3rd_test,accel_full,49.9167,0.64229301
3rd_test,accel_full,50.25,0.6296922
3rd_test,accel_full,50.5833,0.6378728
3rd_test,accel_full,50.9167,0.64685582
3rd_test,accel_full,51.25,0.63206882
3rd_test,accel_full,51.5833,0.63013602
3rd_test,accel_full,51.9167,0.63381804
3rd_test,accel_full,52.25,0.65025987
3rd_test,accel_full,52.5833,0.63915465
3rd_test,accel_full,52.9167,0.6424835
3rd_test,accel_full,53.25,0.62608966
3rd_test,accel_full,53.5833,0.65729076
3rd_test,accel_full,53.9167,0.63669167
3rd_test,accel_full,54.25,0.66129909
3rd_test,accel_full,54.5833,0.62542775
3rd_test,accel_full,54.9167,0.63513741
3rd_test,accel_full,55.25,0.6448295
3rd_test,accel_full,55.5833,0.65070345
3rd_test,accel_full,55.9167,0.65504955
3rd_test,accel_full,56.25,0.63891857
3rd_test,accel_full,56.5833,0.64891863
3rd_test,accel_full,56.9167,0.62432415
3rd_test,accel_full,57.25,0.63371954
3rd_test,accel_full,57.5833,0.65768139
3rd_test,accel_full,57.9167,0.65299845
3rd_test,accel_full,58.25,0.63994358
3rd_test,accel_full,58.5833,0.62637939
3rd_test,accel_full,58.9167,0.63478454
3rd_test,accel_full,59.25,0.65040118
3rd_test,accel_full,59.5833,0.6301609
3rd_test,accel_full,59.9167,0.63312769
3rd_test,accel_full,60.25,0.64117065
3rd_test,accel_full,60.5833,0.63018079
3rd_test,accel_full,60.9167,0.63935545
3rd_test,accel_full,61.25,0.63733036
3rd_test,accel_full,61.5833,0.62842399
3rd_test,accel_full,61.9167,0.64616792
3rd_test,accel_full,62.25,0.63225015
3rd_test,accel_full,62.5833,0.65520579
3rd_test,accel_full,62.9167,0.62666114
3rd_test,accel_full,63.25,0.64643868
3rd_test,accel_full,63.5833,0.64405464
3rd_test,accel_full,63.9167,0.61873767
3rd_test,accel_full,64.25,0.63444558
3rd_test,accel_full,64.5833,0.62597422
3rd_test,accel_full,64.9167,0.643942
3rd_test,accel_full,65.25,0.64952193
3rd_test,accel_full,65.5833,0.63803284
3rd_test,accel_full,65.9167,0.64293439
3rd_test,accel_full,66.25,0.66337493
3rd_test,accel_full,66.5833,0.63268538
3rd_test,accel_full,66.9167,0.62489261
3rd_test,accel_full,67.25,0.62805196
3rd_test,accel_full,67.5833,0.6272079
3rd_test,accel_full,67.9167,0.66660724
3rd_test,accel_full,68.25,0.64902773
3rd_test,accel_full,68.5833,0.63093321
3rd_test,accel_full,68.9167,0.64460137
3rd_test,accel_full,69.25,0.62994107
3rd_test,accel_full,69.5833,0.64246716
3rd_test,accel_full,69.9167,0.63135823
3rd_test,accel_full,70.25,0.62623024
3rd_test,accel_full,70.5833,0.64393119
3rd_test,accel_full,70.9167,0.63105913
3rd_test,accel_full,71.25,0.64518205
3rd_test,accel_full,71.5833,0.6381623
3rd_test,accel_full,71.9167,0.63583331
3rd_test,accel_full,72.25,0.63578184
3rd_test,accel_full,72.5833,0.64664152
3rd_test,accel_full,72.9167,0.64981986
3rd_test,accel_full,73.25,0.63986173
3rd_test,accel_full,73.5833,0.65343529
3rd_test,accel_full,73.9167,0.63682446
3rd_test,accel_full,74.25,0.6387667
3rd_test,accel_full,74.5833,0.64207791
3rd_test,accel_full,74.9167,0.6358052
3rd_test,accel_full,75.25,0.65463465
3rd_test,accel_full,75.5833,0.63677151
3rd_test,accel_full,75.9167,0.66053833
3rd_test,accel_full,76.25,0.64592191
3rd_test,accel_full,76.5833,0.67497212
3rd_test,accel_full,76.9167,0.65065352
3rd_test,accel_full,77.25,0.63971364
3rd_test,accel_full,77.5833,0.65622712
3rd_test,accel_full,77.9167,0.62178975
3rd_test,accel_full,78.25,0.64943131
3rd_test,accel_full,78.5833,0.62388648
3rd_test,accel_full,78.9167,0.63924095
3rd_test,accel_full,79.25,0.64018432
3rd_test,accel_full,79.5833,0.65560957
3rd_test,accel_full,79.9167,0.63290061
3rd_test,accel_full,80.25,0.63745767
3rd_test,accel_full,80.5833,0.66686701
3rd_test,accel_full,80.9167,0.64545754
3rd_test,accel_full,81.25,0.63504108
3rd_test,accel_full,81.5833,0.64049222
3rd_test,accel_full,81.9167,0.64119044
3rd_test,accel_full,82.25,0.64911971
3rd_test,accel_full,82.5833,0.63323891
3rd_test,accel_full,82.9167,0.62926339
3rd_test,accel_full,83.25,0.66023623
3rd_test,accel_full,83.5833,0.63447056
3rd_test,accel_full,83.9167,0.63156896
3rd_test,accel_full,84.25,0.63388703
3rd_test,accel_full,84.5833,0.62898479
3rd_test,accel_full,84.9167,0.63407109
3rd_test,accel_full,85.25,0.64126222
3rd_test,accel_full,85.5833,0.64406103
3rd_test,accel_full,85.9167,0.64430771
3rd_test,accel_full,86.25,0.65185123
3rd_test,accel_full,86.5833,0.64955437
3rd_test,accel_full,86.9167,0.64558085
3rd_test,accel_full,87.25,0.63008093
3rd_test,accel_full,87.5833,0.64852091
3rd_test,accel_full,87.9167,0.6363139
3rd_test,accel_full,88.25,0.64303019
3rd_test,accel_full,88.5833,0.64560919
3rd_test,accel_full,88.9167,0.64099859
3rd_test,accel_full,89.25,0.64175321
3rd_test,accel_full,89.5833,0.63833841
3rd_test,accel_full,89.9167,0.62818909
3rd_test,accel_full,90.25,0.63756417
3rd_test,accel_full,90.5833,0.62740272
3rd_test,accel_full,90.9167,0.6694693
3rd_test,accel_full,91.25,0.64110346
3rd_test,accel_full,91.5833,0.6310414
3rd_test,accel_full,91.9167,0.65139492
3rd_test,accel_full,92.25,0.63153113
3rd_test,accel_full,92.5833,0.63288054
3rd_test,accel_full,92.9167,0.64387708
3rd_test,accel_full,93.25,0.66783863
3rd_test,accel_full,93.5833,0.64165399
3rd_test,accel_full,93.9167,0.65594617
3rd_test,accel_full,94.25,0.62800659
3rd_test,accel_full,94.5833,0.66893217
3rd_test,accel_full,94.9167,0.63997328
3rd_test,accel_full,95.25,0.64653328
3rd_test,accel_full,95.5833,0.66102869
3rd_test,accel_full,95.9167,0.65653238
3rd_test,accel_full,96.25,0.67027268
3rd_test,accel_full,96.5833,0.6407013
3rd_test,accel_full,96.9167,0.64097603
3rd_test,accel_full,97.25,0.65341738
3rd_test,accel_full,97.5833,0.64429505
3rd_test,accel_full,97.9167,0.66296284
3rd_test,accel_full,98.25,0.65069805
3rd_test,accel_full,98.5833,0.66120659
3rd_test,accel_full,98.9167,0.65707407
3rd_test,accel_full,99.25,0.64945572
3rd_test,accel_full,99.5833,0.65417569
3rd_test,accel_full,99.9167,0.63647098
3rd_test,accel_full,100.25,0.65381611
3rd_test,accel_full,100.5833,0.64908951
3rd_test,accel_full,100.9167,0.66642312
3rd_test,accel_full,101.25,0.63913728
3rd_test,accel_full,101.5833,0.63296002
3rd_test,accel_full,101.9167,0.65201973
3rd_test,accel_full,102.25,0.62518142
3rd_test,accel_full,102.5833,0.63817614
3rd_test,accel_full,102.9167,0.66828805
3rd_test,accel_full,103.25,0.64153707
3rd_test,accel_full,103.5833,0.63992201
3rd_test,accel_full,103.9167,0.64682159
3rd_test,accel_full,104.25,0.65602541
3rd_test,accel_full,104.5833,0.65268842
3rd_test,accel_full,104.9167,0.63932477
3rd_test,accel_full,105.25,0.64972547
3rd_test,accel_full,105.5833,0.64876363
3rd_test,accel_full,105.9167,0.65452676
3rd_test,accel_full,106.25,0.6337347
3rd_test,accel_full,106.5833,0.66911821
3rd_test,accel_full,106.9167,0.6261689
3rd_test,accel_full,107.25,0.64556169
3rd_test,accel_full,107.5833,0.65692805
3rd_test,accel_full,107.9167,0.63841469
3rd_test,accel_full,108.25,0.62842926
3rd_test,accel_full,108.5833,0.62688824
3rd_test,accel_full,108.9167,0.63379654
3rd_test,accel_full,109.25,0.65827676
3rd_test,accel_full,109.5833,0.65160995
3rd_test,accel_full,109.9167,0.6501461
3rd_test,accel_full,110.25,0.64570585
3rd_test,accel_full,110.5833,0.64005558
3rd_test,accel_full,110.9167,0.63406392
3rd_test,accel_full,111.25,0.65313925
3rd_test,accel_full,111.5833,0.63601968
3rd_test,accel_full,111.9167,0.63049175
3rd_test,accel_full,112.25,0.64160279
3rd_test,accel_full,112.5833,0.65495053
3rd_test,accel_full,112.9167,0.64709962
3rd_test,accel_full,113.25,0.63258647
3rd_test,accel_full,113.5833,0.66470234
3rd_test,accel_full,113.9167,0.66109435
3rd_test,accel_full,114.25,0.62603337
3rd_test,accel_full,114.5833,0.65543657
3rd_test,accel_full,114.9167,0.63907451
3rd_test,accel_full,115.25,0.62838482
3rd_test,accel_full,115.5833,0.63114594
3rd_test,accel_full,115.9167,0.6424625
3rd_test,accel_full,116.25,0.62720112
3rd_test,accel_full,116.5833,0.66271961
3rd_test,accel_full,116.9167,0.64216268
3rd_test,accel_full,117.25,0.62501262
3rd_test,accel_full,117.5833,0.64872141
3rd_test,accel_full,117.9167,0.6319627
3rd_test,accel_full,118.25,0.66060967
3rd_test,accel_full,118.5833,0.64123377
3rd_test,accel_full,118.9167,0.63419322
3rd_test,accel_full,119.25,0.65705513
3rd_test,accel_full,119.5833,0.66774307
3rd_test,accel_full,119.9167,0.66326071
3rd_test,accel_full,120.25,0.64147042
3rd_test,accel_full,120.5833,0.65635222
3rd_test,accel_full,120.9167,0.64824635
3rd_test,accel_full,121.25,0.64351288
3rd_test,accel_full,121.5833,0.65379958
3rd_test,accel_full,121.9167,0.65907853
3rd_test,accel_full,122.25,0.66200141
3rd_test,accel_full,122.5833,0.67681046
3rd_test,accel_full,122.9167,0.64784946
3rd_test,accel_full,123.25,0.64946938
3rd_test,accel_full,123.5833,0.64395541
3rd_test,accel_full,123.9167,0.64107934
3rd_test,accel_full,124.25,0.64490408
3rd_test,accel_full,124.5833,0.66481979
3rd_test,accel_full,124.9167,0.63817259
3rd_test,accel_full,125.25,0.63850652
3rd_test,accel_full,125.5833,0.64600392
3rd_test,accel_full,125.9167,0.68745785
3rd_test,accel_full,126.25,0.6731209
3rd_test,accel_full,126.5833,0.64091473
3rd_test,accel_full,126.9167,0.65109044
3rd_test,accel_full,127.25,0.65627626
3rd_test,accel_full,127.5833,0.63604556
3rd_test,accel_full,127.9167,0.64212424
3rd_test,accel_full,128.25,0.67090439
3rd_test,accel_full,128.5833,0.66365783
3rd_test,accel_full,128.9167,0.66405679
3rd_test,accel_full,129.25,0.64228143
3rd_test,accel_full,129.5833,0.62510895
3rd_test,accel_full,129.9167,0.63463274
3rd_test,accel_full,130.25,0.67781143
3rd_test,accel_full,130.5833,0.65533838
3rd_test,accel_full,130.9167,0.64246812
3rd_test,accel_full,131.25,0.63138933
3rd_test,accel_full,131.5833,0.6446844
3rd_test,accel_full,131.9167,0.6437755
3rd_test,accel_full,132.25,0.64477345
3rd_test,accel_full,132.5833,0.66337879
3rd_test,accel_full,132.9167,0.64962661
3rd_test,accel_full,133.25,0.6402503
3rd_test,accel_full,133.5833,0.67789495
3rd_test,accel_full,133.9167,0.6476864
3rd_test,accel_full,134.25,0.63549202
3rd_test,accel_full,134.5833,0.64682331
3rd_test,accel_full,134.9167,0.63836967
3rd_test,accel_full,135.25,0.65527186
3rd_test,accel_full,135.5833,0.63181656
3rd_test,accel_full,135.9167,0.65423664
3rd_test,accel_full,136.25,0.67832209
3rd_test,accel_full,136.5833,0.63959191
3rd_test,accel_full,136.9167,0.65446037
3rd_test,accel_full,137.25,0.66940631
3rd_test,accel_full,137.5833,0.63981874
3rd_test,accel_full,137.9167,0.62698204
3rd_test,accel_full,138.25,0.6361179
3rd_test,accel_full,138.5833,0.6432314
3rd_test,accel_full,138.9167,0.64549864
3rd_test,accel_full,139.25,0.66031801
3rd_test,accel_full,139.5833,0.64411113
3rd_test,accel_full,139.9167,0.64171124
3rd_test,accel_full,140.25,0.64695838
3rd_test,accel_full,140.5833,0.62875056
3rd_test,accel_full,140.9167,0.6562819
3rd_test,accel_full,141.25,0.64446951
3rd_test,accel_full,141.5833,0.63967261
3rd_test,accel_full,141.9167,0.65616321
3rd_test,accel_full,142.25,0.63302715
3rd_test,accel_full,142.5833,0.65291703
3rd_test,accel_full,142.9167,0.6437331
3rd_test,accel_full,143.25,0.64058267
3rd_test,accel_full,143.5833,0.63748023
3rd_test,accel_full,143.9167,0.65368779
3rd_test,accel_full,144.25,0.686834
3rd_test,accel_full,144.5833,0.6700014
3rd_test,accel_full,144.9167,0.63661506
3rd_test,accel_full,145.25,0.66120683
3rd_test,accel_full,145.5833,0.65299714
3rd_test,accel_full,145.9167,0.65771762
3rd_test,accel_full,146.25,0.63886947
3rd_test,accel_full,146.5833,0.65074896
3rd_test,accel_full,146.9167,0.62749905
3rd_test,accel_full,147.25,0.64532653
3rd_test,accel_full,147.5833,0.63229249
3rd_test,accel_full,147.9167,0.66369919
3rd_test,accel_full,148.25,0.6492271
3rd_test,accel_full,148.5833,0.66718439
3rd_test,accel_full,148.9167,0.64764214
3rd_test,accel_full,149.25,0.65060182
3rd_test,accel_full,149.5833,0.63657449
3rd_test,accel_full,149.9167,0.63783081
3rd_test,accel_full,150.25,0.66659601
3rd_test,accel_full,150.5833,0.64547647
3rd_test,accel_full,150.9167,0.66420915
3rd_test,accel_full,151.25,0.66181886
3rd_test,accel_full,151.5833,0.66988814
3rd_test,accel_full,151.9167,0.63486717
3rd_test,accel_full,152.25,0.65575863
3rd_test,accel_full,152.5833,0.65070665
3rd_test,accel_full,152.9167,0.63539268
3rd_test,accel_full,153.25,0.63913096
3rd_test,accel_full,153.5833,0.67338059
3rd_test,accel_full,153.9167,0.63169012
3rd_test,accel_full,154.25,0.66918776
3rd_test,accel_full,154.5833,0.65165527
3rd_test,accel_full,154.9167,0.65301644
3rd_test,accel_full,155.25,0.64368125
3rd_test,accel_full,155.5833,0.65315975
3rd_test,accel_full,155.9167,0.62165521
3rd_test,accel_full,156.25,0.67261399
3rd_test,accel_full,156.5833,0.67038738
3rd_test,accel_full,156.9167,0.64028599
3rd_test,accel_full,157.25,0.64364901
3rd_test,accel_full,157.5833,0.64620426
3rd_test,accel_full,157.9167,0.6371702
3rd_test,accel_full,158.25,0.65333752
3rd_test,accel_full,158.5833,0.64418514
3rd_test,accel_full,158.9167,0.6671333
3rd_test,accel_full,159.25,0.64068201
3rd_test,accel_full,159.5833,0.63126506
3rd_test,accel_full,159.9167,0.64396359
3rd_test,accel_full,160.25,0.65192788
3rd_test,accel_full,160.5833,0.63647746
3rd_test,accel_full,160.9167,0.64989514
3rd_test,accel_full,161.25,0.65769202
3rd_test,accel_full,161.5833,0.66330571
3rd_test,accel_full,161.9167,0.64141499
3rd_test,accel_full,162.25,0.64727977
3rd_test,accel_full,162.5833,0.65003807
3rd_test,accel_full,162.9167,0.65597642
3rd_test,accel_full,163.25,0.63820536
3rd_test,accel_full,163.5833,0.64090327
3rd_test,accel_full,163.9167,0.62763425
3rd_test,accel_full,164.25,0.64533679
3rd_test,accel_full,164.5833,0.63445093
3rd_test,accel_full,164.9167,0.64775126
3rd_test,accel_full,165.25,0.64479901
3rd_test,accel_full,165.5833,0.65690528
3rd_test,accel_full,165.9167,0.6277409
3rd_test,accel_full,166.25,0.63541521
3rd_test,accel_full,166.5833,0.62953723
3rd_test,accel_full,166.9167,0.67528028
3rd_test,accel_full,167.25,0.63600779
3rd_test,accel_full,167.5833,0.64454743
3rd_test,accel_full,167.9167,0.66715518
3rd_test,accel_full,168.25,0.64626335
3rd_test,accel_full,168.5833,0.65589572
3rd_test,accel_full,168.9167,0.64313535
3rd_test,accel_full,169.25,0.63377721
3rd_test,accel_full,169.5833,0.64631653
3rd_test,accel_full,169.9167,0.64328284
3rd_test,accel_full,170.25,0.64506231
3rd_test,accel_full,170.5833,0.66589419
3rd_test,accel_full,170.9167,0.62878264
3rd_test,accel_full,171.25,0.64690918
3rd_test,accel_full,171.5833,0.62809817
3rd_test,accel_full,171.9167,0.64162833
3rd_test,accel_full,172.25,0.66938113
3rd_test,accel_full,172.5833,0.63256467
3rd_test,accel_full,172.9167,0.64742363
3rd_test,accel_full,173.25,0.64099181
3rd_test,accel_full,173.5833,0.65245693
3rd_test,accel_full,173.9167,0.6343815
3rd_test,accel_full,174.25,0.63700393
3rd_test,accel_full,174.5833,0.64097955
3rd_test,accel_full,174.9167,0.63242521
3rd_test,accel_full,175.25,0.63010756
3rd_test,accel_full,175.5833,0.65622559
3rd_test,accel_full,175.9167,0.63085964
3rd_test,accel_full,176.25,0.63958164
3rd_test,accel_full,176.5833,0.66966326
3rd_test,accel_full,176.9167,0.64330558
3rd_test,accel_full,177.25,0.64881525
3rd_test,accel_full,177.5833,0.66093405
3rd_test,accel_full,177.9167,0.64575432
3rd_test,accel_full,178.25,0.66917234
3rd_test,accel_full,178.5833,0.63567094
3rd_test,accel_full,178.9167,0.65948067
3rd_test,accel_full,179.25,0.64896242
3rd_test,accel_full,179.5833,0.64695355
3rd_test,accel_full,179.9167,0.64426883
3rd_test,accel_full,180.25,0.63314347
3rd_test,accel_full,180.5833,0.62711676
3rd_test,accel_full,180.9167,0.62395487
3rd_test,accel_full,181.25,0.63892896
3rd_test,accel_full,181.5833,0.62623038
3rd_test,accel_full,181.9167,0.63319888
3rd_test,accel_full,182.25,0.63317922
3rd_test,accel_full,182.5833,0.65256334
3rd_test,accel_full,182.9167,0.64383231
3rd_test,accel_full,183.25,0.64398721
3rd_test,accel_full,183.5833,0.65934533
3rd_test,accel_full,183.9167,0.66042113
3rd_test,accel_full,184.25,0.65627787
3rd_test,accel_full,184.5833,0.64000002
3rd_test,accel_full,184.9167,0.65090351
3rd_test,accel_full,185.25,0.65490699
3rd_test,accel_full,185.5833,0.63533906
3rd_test,accel_full,185.9167,0.6592268
3rd_test,accel_full,186.25,0.63470091
3rd_test,accel_full,186.5833,0.65390577
3rd_test,accel_full,186.9167,0.63090362
3rd_test,accel_full,187.25,0.64834951
3rd_test,accel_full,187.5833,0.65856342
3rd_test,accel_full,187.9167,0.64517704
3rd_test,accel_full,188.25,0.63433888
3rd_test,accel_full,188.5833,0.64278853
3rd_test,accel_full,188.9167,0.64467344
3rd_test,accel_full,189.25,0.64184001
3rd_test,accel_full,189.5833,0.64361028
3rd_test,accel_full,189.9167,0.66754466
3rd_test,accel_full,190.25,0.64228319
3rd_test,accel_full,190.5833,0.63150484
3rd_test,accel_full,190.9167,0.63534921
3rd_test,accel_full,191.25,0.62966098
3rd_test,accel_full,191.5833,0.64147339
3rd_test,accel_full,191.9167,0.64064054
3rd_test,accel_full,192.25,0.64599926
3rd_test,accel_full,192.5833,0.64230436
3rd_test,accel_full,192.9167,0.65228656
3rd_test,accel_full,193.25,0.65389
3rd_test,accel_full,193.5833,0.65159399
3rd_test,accel_full,193.9167,0.63875131
3rd_test,accel_full,194.25,0.6676798
3rd_test,accel_full,194.5833,0.6174932
3rd_test,accel_full,194.9167,0.63002776
3rd_test,accel_full,195.25,0.65710182
3rd_test,accel_full,195.5833,0.68012068
3rd_test,accel_full,195.9167,0.64503876
3rd_test,accel_full,196.25,0.62927578
3rd_test,accel_full,196.5833,0.6336147
3rd_test,accel_full,196.9167,0.65627989
3rd_test,accel_full,197.25,0.63185556
3rd_test,accel_full,197.5833,0.62711942
3rd_test,accel_full,197.9167,0.63705273
3rd_test,accel_full,198.25,0.67371686
3rd_test,accel_full,198.5833,0.64755516
3rd_test,accel_full,198.9167,0.63580985
3rd_test,accel_full,199.25,0.62835168
3rd_test,accel_full,199.5833,0.62697588
3rd_test,accel_full,199.9167,0.62361464
3rd_test,accel_full,200.25,0.6239371
3rd_test,accel_full,200.5833,0.64725634
3rd_test,accel_full,200.9167,0.66579537
3rd_test,accel_full,201.25,0.632553
3rd_test,accel_full,201.5833,0.64284927
3rd_test,accel_full,201.9167,0.65523135
3rd_test,accel_full,202.25,0.64318774
3rd_test,accel_full,202.5833,0.67352141
3rd_test,accel_full,202.9167,0.66697491
3rd_test,accel_full,203.25,0.63142118
3rd_test,accel_full,203.5833,0.64014052
3rd_test,accel_full,203.9167,0.65650083
3rd_test,accel_full,204.25,0.63883917
3rd_test,accel_full,204.5833,0.64158742
3rd_test,accel_full,204.9167,0.63922382
3rd_test,accel_full,205.25,0.62661518
3rd_test,accel_full,205.5833,0.66168969
3rd_test,accel_full,205.9167,0.64730553
3rd_test,accel_full,206.25,0.61973916
3rd_test,accel_full,206.5833,0.64188217
3rd_test,accel_full,206.9167,0.63961706
3rd_test,accel_full,207.25,0.66751719
3rd_test,accel_full,207.5833,0.64170896
3rd_test,accel_full,207.9167,0.63277942
3rd_test,accel_full,208.25,0.6529999
3rd_test,accel_full,208.5833,0.62490187
3rd_test,accel_full,208.9167,0.64008804
3rd_test,accel_full,209.25,0.65785733
3rd_test,accel_full,209.5833,0.63090137
3rd_test,accel_full,209.9167,0.65473092
3rd_test,accel_full,210.25,0.63514184
3rd_test,accel_full,210.5833,0.63361903
3rd_test,accel_full,210.9167,0.64472896
3rd_test,accel_full,211.25,0.65018427
3rd_test,accel_full,211.5833,0.64938664
3rd_test,accel_full,211.9167,0.64213276
3rd_test,accel_full,212.25,0.64653514
3rd_test,accel_full,212.5833,0.62705027
3rd_test,accel_full,212.9167,0.66177261
3rd_test,accel_full,213.25,0.63400798
3rd_test,accel_full,213.5833,0.65503768
3rd_test,accel_full,213.9167,0.6353008
3rd_test,accel_full,214.25,0.63412765
3rd_test,accel_full,214.5833,0.64187405
3rd_test,accel_full,214.9167,0.64240807
3rd_test,accel_full,215.25,0.63823359
3rd_test,accel_full,215.5833,0.62832239
3rd_test,accel_full,215.9167,0.63716185
3rd_test,accel_full,216.25,0.65964848
3rd_test,accel_full,216.5833,0.63706284
3rd_test,accel_full,216.9167,0.65948549
3rd_test,accel_full,217.25,0.62665631
3rd_test,accel_full,217.5833,0.62747072
3rd_test,accel_full,217.9167,0.65745201
3rd_test,accel_full,218.25,0.63548699
3rd_test,accel_full,218.5833,0.62830854
3rd_test,accel_full,218.9167,0.65620113
3rd_test,accel_full,219.25,0.65214692
3rd_test,accel_full,219.5833,0.66327063
3rd_test,accel_full,219.9167,0.65549946
3rd_test,accel_full,220.25,0.66171448
3rd_test,accel_full,220.5833,0.62876703
3rd_test,accel_full,220.9167,0.6480413
3rd_test,accel_full,221.25,0.62386186
3rd_test,accel_full,221.5833,0.65050068
3rd_test,accel_full,221.9167,0.64554092
3rd_test,accel_full,222.25,0.67359432
3rd_test,accel_full,222.5833,0.63929254
3rd_test,accel_full,222.9167,0.6396708
3rd_test,accel_full,223.25,0.65783967
3rd_test,accel_full,223.5833,0.66358734
3rd_test,accel_full,223.9167,0.63463896
3rd_test,accel_full,224.25,0.63493957
3rd_test,accel_full,224.5833,0.64075191
3rd_test,accel_full,224.9167,0.65599334
3rd_test,accel_full,225.25,0.66187904
3rd_test,accel_full,225.5833,0.65143978
3rd_test,accel_full,225.9167,0.63141471
3rd_test,accel_full,226.25,0.64797567
3rd_test,accel_full,226.5833,0.62913535
3rd_test,accel_full,226.9167,0.62474028
3rd_test,accel_full,227.25,0.63114036
3rd_test,accel_full,227.5833,0.63283519
3rd_test,accel_full,227.9167,0.64121846
3rd_test,accel_full,228.25,0.65730635
3rd_test,accel_full,228.5833,0.65351849
3rd_test,accel_full,228.9167,0.65926301
3rd_test,accel_full,229.25,0.63934853
3rd_test,accel_full,229.5833,0.64935516
3rd_test,accel_full,229.9167,0.64681303
3rd_test,accel_full,230.25,0.63974963
3rd_test,accel_full,230.5833,0.66236076
3rd_test,accel_full,230.9167,0.64573066
3rd_test,accel_full,231.25,0.63762109
3rd_test,accel_full,231.5833,0.64645605
3rd_test,accel_full,231.9167,0.65037618
3rd_test,accel_full,232.25,0.63415454
3rd_test,accel_full,232.5833,0.63169744
3rd_test,accel_full,232.9167,0.6529703
3rd_test,accel_full,233.25,0.65084948
3rd_test,accel_full,233.5833,0.63467453
3rd_test,accel_full,233.9167,0.63880584
3rd_test,accel_full,234.25,0.63238457
3rd_test,accel_full,234.5833,0.63291977
3rd_test,accel_full,234.9167,0.66416879
3rd_test,accel_full,235.25,0.63857117
3rd_test,accel_full,235.5833,0.65048501
3rd_test,accel_full,235.9167,0.6421256
3rd_test,accel_full,236.25,0.65880703
3rd_test,accel_full,236.5833,0.66081628
3rd_test,accel_full,236.9167,0.64410666
3rd_test,accel_full,237.25,0.63673043
3rd_test,accel_full,237.5833,0.62568465
3rd_test,accel_full,237.9167,0.66893789
3rd_test,accel_full,238.25,0.62343682
3rd_test,accel_full,238.5833,0.62730004
3rd_test,accel_full,238.9167,0.66370984
3rd_test,accel_full,239.25,0.65893433
3rd_test,accel_full,239.5833,0.63471697
3rd_test,accel_full,239.9167,0.64219579
3rd_test,accel_full,240.25,0.6476881
3rd_test,accel_full,240.5833,0.65786915
3rd_test,accel_full,240.9167,0.63644804
3rd_test,accel_full,241.25,0.63009148
3rd_test,accel_full,241.5833,0.64516705
3rd_test,accel_full,241.9167,0.65773658
3rd_test,accel_full,242.25,0.64270055
3rd_test,accel_full,242.5833,0.64702373
3rd_test,accel_full,242.9167,0.66425207
3rd_test,accel_full,243.25,0.64081728
3rd_test,accel_full,243.5833,0.66172789
3rd_test,accel_full,243.9167,0.63724681
3rd_test,accel_full,244.25,0.65038078
3rd_test,accel_full,244.5833,0.63453296
3rd_test,accel_full,244.9167,0.64417709
3rd_test,accel_full,245.25,0.66197177
3rd_test,accel_full,245.5833,0.65599273
3rd_test,accel_full,245.9167,0.63553803
3rd_test,accel_full,246.25,0.65212601
3rd_test,accel_full,246.5833,0.62510293
3rd_test,accel_full,246.9167,0.64722166
3rd_test,accel_full,247.25,0.6536262
3rd_test,accel_full,247.5833,0.63194627
3rd_test,accel_full,247.9167,0.65607643
3rd_test,accel_full,248.25,0.63968372
3rd_test,accel_full,248.5833,0.6810362
3rd_test,accel_full,248.9167,0.64408768
3rd_test,accel_full,249.25,0.63865076
3rd_test,accel_full,249.5833,0.6205218
3rd_test,accel_full,249.9167,0.63333246
3rd_test,accel_full,250.25,0.64801758
3rd_test,accel_full,250.5833,0.63887207
3rd_test,accel_full,250.9167,0.65861912
3rd_test,accel_full,251.25,0.64084006
3rd_test,accel_full,251.5833,0.62469718
3rd_test,accel_full,251.9167,0.65186858
3rd_test,accel_full,252.25,0.64320826
3rd_test,accel_full,252.5833,0.63850202
3rd_test,accel_full,252.9167,0.64072248
3rd_test,accel_full,253.25,0.62880062
3rd_test,accel_full,253.5833,0.68575377
3rd_test,accel_full,253.9167,0.65477906
3rd_test,accel_full,254.25,0.65915414
3rd_test,accel_full,254.5833,0.63156627
3rd_test,accel_full,254.9167,0.64833338
3rd_test,accel_full,255.25,0.629988
3rd_test,accel_full,255.5833,0.66767657
3rd_test,accel_full,255.9167,0.63721855
3rd_test,accel_full,256.25,0.62797693
3rd_test,accel_full,256.5833,0.67841382
3rd_test,accel_full,256.9167,0.63868655
3rd_test,accel_full,257.25,0.66386521
3rd_test,accel_full,257.5833,0.65845121
3rd_test,accel_full,257.9167,0.63287919
3rd_test,accel_full,258.25,0.65509786
3rd_test,accel_full,258.5833,0.6630913
3rd_test,accel_full,258.9167,0.65925812
3rd_test,accel_full,259.25,0.64414591
3rd_test,accel_full,259.5833,0.6409723
3rd_test,accel_full,259.9167,0.63767274
3rd_test,accel_full,260.25,0.62147863
3rd_test,accel_full,260.5833,0.63693682
3rd_test,accel_full,260.9167,0.63522431
3rd_test,accel_full,261.25,0.65255552
3rd_test,accel_full,261.5833,0.66320445
3rd_test,accel_full,261.9167,0.64125142
3rd_test,accel_full,266.5864,0.63724607
3rd_test,accel_full,266.7928,0.6448188
3rd_test,accel_full,267.1261,0.64659184
3rd_test,accel_full,267.4594,0.64552713
3rd_test,accel_full,267.7928,0.63156437
3rd_test,accel_full,268.1261,0.62155653
3rd_test,accel_full,268.4594,0.64800489
3rd_test,accel_full,268.7928,0.64976279
3rd_test,accel_full,269.1261,0.62772802
3rd_test,accel_full,269.4594,0.65687969
3rd_test,accel_full,269.7928,0.63497908
3rd_test,accel_full,270.1261,0.64811023
3rd_test,accel_full,270.4594,0.66166868
3rd_test,accel_full,270.7928,0.66513042
3rd_test,accel_full,271.1261,0.64351166
3rd_test,accel_full,271.4594,0.63741088
3rd_test,accel_full,271.7928,0.64103456
3rd_test,accel_full,272.1261,0.68260933
3rd_test,accel_full,272.4594,0.64443958
3rd_test,accel_full,272.7928,0.63366187
3rd_test,accel_full,273.1261,0.62994095
3rd_test,accel_full,273.4594,0.61669065
3rd_test,accel_full,273.7928,0.62434281
3rd_test,accel_full,274.1261,0.63146472
3rd_test,accel_full,274.4594,0.62253449
3rd_test,accel_full,274.7928,0.62483571
3rd_test,accel_full,275.1261,0.64557799
3rd_test,accel_full,275.4594,0.61884462
3rd_test,accel_full,275.7928,0.6254635
3rd_test,accel_full,276.1261,0.63917502
3rd_test,accel_full,276.4594,0.66391292
3rd_test,accel_full,276.7928,0.62433454
3rd_test,accel_full,277.1261,0.64131023
3rd_test,accel_full,277.4594,0.64061564
3rd_test,accel_full,277.7928,0.6608888
3rd_test,accel_full,278.1261,0.63459871
3rd_test,accel_full,278.4594,0.63779556
3rd_test,accel_full,278.7928,0.64678383
3rd_test,accel_full,279.1261,0.63450922
3rd_test,accel_full,279.4594,0.63809831
3rd_test,accel_full,279.7928,0.63435317
3rd_test,accel_full,280.1261,0.61867019
3rd_test,accel_full,280.4594,0.67198834
3rd_test,accel_full,280.7928,0.62892706
3rd_test,accel_full,281.1261,0.6557306
3rd_test,accel_full,281.4594,0.62345725
3rd_test,accel_full,281.7928,0.6374343
3rd_test,accel_full,282.1261,0.63888811
3rd_test,accel_full,282.4594,0.63168246
3rd_test,accel_full,282.7928,0.63897048
3rd_test,accel_full,283.1261,0.67301259
3rd_test,accel_full,283.4594,0.64461463
3rd_test,accel_full,283.7928,0.65501381
3rd_test,accel_full,284.1261,0.64883923
3rd_test,accel_full,284.4594,0.65659363
3rd_test,accel_full,284.7928,0.63127442
3rd_test,accel_full,285.1261,0.64896812
3rd_test,accel_full,285.4594,0.64805076
3rd_test,accel_full,285.7928,0.63041322
3rd_test,accel_full,286.1261,0.66200351
3rd_test,accel_full,286.4594,0.64263256
3rd_test,accel_full,286.7928,0.63418206
3rd_test,accel_full,287.1261,0.62900091
3rd_test,accel_full,287.4594,0.65593225
3rd_test,accel_full,287.7928,0.63951523
3rd_test,accel_full,288.1261,0.63506475
3rd_test,accel_full,288.4594,0.65645672
3rd_test,accel_full,288.7928,0.66561732
3rd_test,accel_full,289.1261,0.64484126
3rd_test,accel_full,289.4594,0.62773412
3rd_test,accel_full,289.7928,0.6279057
3rd_test,accel_full,290.1261,0.63763481
3rd_test,accel_full,290.4594,0.6443355
3rd_test,accel_full,290.7928,0.6292228
3rd_test,accel_full,291.1261,0.63709943
3rd_test,accel_full,291.4594,0.64533557
3rd_test,accel_full,291.7928,0.64021478
3rd_test,accel_full,292.1261,0.64522095
3rd_test,accel_full,292.4594,0.63316732
3rd_test,accel_full,292.7928,0.63435168
3rd_test,accel_full,293.1261,0.62869552
3rd_test,accel_full,293.4594,0.63032349
3rd_test,accel_full,293.7928,0.66025828
3rd_test,accel_full,294.1261,0.65127207
3rd_test,accel_full,294.4594,0.62765646
3rd_test,accel_full,294.7928,0.65091948
3rd_test,accel_full,295.1261,0.63052336
3rd_test,accel_full,295.4594,0.64703708
3rd_test,accel_full,295.7928,0.63303371
3rd_test,accel_full,296.1261,0.65561944
3rd_test,accel_full,296.4594,0.64700263
3rd_test,accel_full,296.7928,0.65213637
3rd_test,accel_full,297.1261,0.63511469
3rd_test,accel_full,297.4594,0.626394
3rd_test,accel_full,297.7928,0.66180866
3rd_test,accel_full,298.1261,0.63125704
3rd_test,accel_full,298.4594,0.63965459
3rd_test,accel_full,298.7928,0.62874168
3rd_test,accel_full,299.1261,0.64060399
3rd_test,accel_full,299.4594,0.6530893
3rd_test,accel_full,299.7928,0.62089806
3rd_test,accel_full,300.1261,0.67288399
3rd_test,accel_full,300.4594,0.68116309
3rd_test,accel_full,300.7928,0.61863434
3rd_test,accel_full,301.1261,0.65609269
3rd_test,accel_full,301.4594,0.66254787
3rd_test,accel_full,301.7928,0.65481955
3rd_test,accel_full,302.1261,0.65214781
3rd_test,accel_full,302.4594,0.6262314
3rd_test,accel_full,302.7928,0.63898822
3rd_test,accel_full,303.1261,0.64348435
3rd_test,accel_full,303.4594,0.64007993
3rd_test,accel_full,303.7928,0.64530552
3rd_test,accel_full,304.1261,0.62786893
3rd_test,accel_full,304.4594,0.62601952
3rd_test,accel_full,304.7928,0.66155368
3rd_test,accel_full,305.1261,0.62313806
3rd_test,accel_full,305.4594,0.65928317
3rd_test,accel_full,305.7928,0.65948871
3rd_test,accel_full,306.1261,0.62573975
3rd_test,accel_full,306.4594,0.63486206
3rd_test,accel_full,306.7928,0.66330921
3rd_test,accel_full,307.1261,0.6873937
3rd_test,accel_full,307.4594,0.64294157
3rd_test,accel_full,307.7928,0.65361894
3rd_test,accel_full,308.1261,0.64922986
3rd_test,accel_full,308.4594,0.63527888
3rd_test,accel_full,308.7928,0.64169608
3rd_test,accel_full,309.1261,0.640244
3rd_test,accel_full,309.4594,0.62014965
3rd_test,accel_full,309.7928,0.6426698
3rd_test,accel_full,310.1261,0.66123431
3rd_test,accel_full,310.4594,0.64683534
3rd_test,accel_full,310.7928,0.65466429
3rd_test,accel_full,311.1261,0.67536302
3rd_test,accel_full,311.4594,0.66827016
3rd_test,accel_full,311.7928,0.63063398
3rd_test,accel_full,312.1261,0.63224736
3rd_test,accel_full,312.4594,0.65928051
3rd_test,accel_full,312.7928,0.63160257
3rd_test,accel_full,313.1261,0.64600917
3rd_test,accel_full,313.4594,0.66432981
3rd_test,accel_full,313.7928,0.6457237
3rd_test,accel_full,314.1261,0.65097071
3rd_test,accel_full,314.4594,0.63217993
3rd_test,accel_full,314.7928,0.667295
3rd_test,accel_full,315.1261,0.64080885
3rd_test,accel_full,315.4594,0.63969163
3rd_test,accel_full,315.7928,0.68167007
3rd_test,accel_full,316.1261,0.65827105
3rd_test,accel_full,316.4594,0.64886407
3rd_test,accel_full,316.7928,0.65023829
3rd_test,accel_full,317.1261,0.64496056
3rd_test,accel_full,317.4594,0.62376329
3rd_test,accel_full,317.7928,0.63147832
3rd_test,accel_full,318.1261,0.65820592
3rd_test,accel_full,318.4594,0.65503855
3rd_test,accel_full,318.7928,0.65220494
3rd_test,accel_full,319.1261,0.6463931
3rd_test,accel_full,319.4594,0.64994432
3rd_test,accel_full,319.7928,0.63442364
3rd_test,accel_full,320.1261,0.63529138
3rd_test,accel_full,320.4594,0.64309896
3rd_test,accel_full,320.7928,0.63800675
3rd_test,accel_full,321.1261,0.63675474
3rd_test,accel_full,321.4594,0.6435184
3rd_test,accel_full,321.7928,0.62984437
3rd_test,accel_full,322.1261,0.63110415
3rd_test,accel_full,322.4594,0.64871765
3rd_test,accel_full,322.7928,0.64504168
3rd_test,accel_full,323.1261,0.65643831
3rd_test,accel_full,323.4594,0.62598973
3rd_test,accel_full,323.7928,0.63364488
3rd_test,accel_full,324.1261,0.67070622
3rd_test,accel_full,324.4594,0.62962018
3rd_test,accel_full,324.7928,0.63962754
3rd_test,accel_full,325.1261,0.66193854
3rd_test,accel_full,325.4594,0.65897722
3rd_test,accel_full,325.7928,0.67174917
3rd_test,accel_full,326.1261,0.64493907
3rd_test,accel_full,326.4594,0.64537516
3rd_test,accel_full,326.7928,0.65691742
3rd_test,accel_full,327.1261,0.6560476
3rd_test,accel_full,327.4594,0.64208671
3rd_test,accel_full,327.7928,0.62414349
3rd_test,accel_full,328.1261,0.63535254
3rd_test,accel_full,328.4594,0.67032018
3rd_test,accel_full,328.7928,0.66569146
3rd_test,accel_full,329.1261,0.64725518
3rd_test,accel_full,329.4594,0.63566165
3rd_test,accel_full,329.7928,0.64833495
3rd_test,accel_full,330.1261,0.64424935
3rd_test,accel_full,330.4594,0.62548028
3rd_test,accel_full,330.7928,0.64354066
3rd_test,accel_full,331.1261,0.65327236
3rd_test,accel_full,331.4594,0.64682182
3rd_test,accel_full,331.7928,0.64038419
3rd_test,accel_full,332.1261,0.65063191
3rd_test,accel_full,332.4594,0.66348784
3rd_test,accel_full,332.7928,0.65595579
3rd_test,accel_full,333.1261,0.63557008
3rd_test,accel_full,333.4594,0.63089584
3rd_test,accel_full,333.7928,0.658328
3rd_test,accel_full,334.1261,0.6465167
3rd_test,accel_full,334.4594,0.65968058
3rd_test,accel_full,334.7928,0.66665713
3rd_test,accel_full,335.1261,0.64414865
3rd_test,accel_full,335.4594,0.62891793
3rd_test,accel_full,335.7928,0.66115364
3rd_test,accel_full,336.1261,0.65443863
3rd_test,accel_full,336.4594,0.64487423
3rd_test,accel_full,336.7928,0.6354349
3rd_test,accel_full,337.1261,0.63680307
3rd_test,accel_full,337.4594,0.6307046
3rd_test,accel_full,337.7928,0.64575147
3rd_test,accel_full,338.1261,0.64286231
3rd_test,accel_full,338.4594,0.65733279
3rd_test,accel_full,338.7928,0.63890063
3rd_test,accel_full,339.1261,0.63142649
3rd_test,accel_full,339.4594,0.64368644
3rd_test,accel_full,339.7928,0.63704312
3rd_test,accel_full,340.1261,0.66324074
3rd_test,accel_full,340.4594,0.63867605
3rd_test,accel_full,340.7928,0.63395947
3rd_test,accel_full,341.1261,0.63481524
3rd_test,accel_full,341.4594,0.65453567
3rd_test,accel_full,341.7928,0.63704197
3rd_test,accel_full,342.1261,0.65585566
3rd_test,accel_full,342.4594,0.63980927
3rd_test,accel_full,342.7928,0.63737447
3rd_test,accel_full,343.1261,0.66987016
3rd_test,accel_full,343.4594,0.62896585
3rd_test,accel_full,343.7928,0.64300136
3rd_test,accel_full,344.1261,0.62539041
3rd_test,accel_full,344.4594,0.64314552
3rd_test,accel_full,344.7928,0.64047483
3rd_test,accel_full,345.1261,0.64066778
3rd_test,accel_full,345.4594,0.63075271
3rd_test,accel_full,345.7928,0.62213867
3rd_test,accel_full,346.1261,0.65470532
3rd_test,accel_full,346.4594,0.64307454
3rd_test,accel_full,346.7928,0.63551762
3rd_test,accel_full,347.1261,0.6284242
3rd_test,accel_full,347.4594,0.63386993
3rd_test,accel_full,347.7928,0.64663172
3rd_test,accel_full,348.1261,0.61888952
3rd_test,accel_full,348.4594,0.65477055
3rd_test,accel_full,348.7928,0.67499185
3rd_test,accel_full,349.1261,0.63327233
3rd_test,accel_full,349.4594,0.66383719
3rd_test,accel_full,349.7928,0.62996796
3rd_test,accel_full,350.1261,0.6399558
3rd_test,accel_full,350.4594,0.61605414
3rd_test,accel_full,350.7928,0.66356579
3rd_test,accel_full,351.1261,0.64245334
3rd_test,accel_full,351.4594,0.67033216
3rd_test,accel_full,351.7928,0.63185579
3rd_test,accel_full,352.1261,0.6214965
3rd_test,accel_full,352.4594,0.62198437
3rd_test,accel_full,352.7928,0.6498929
3rd_test,accel_full,353.1261,0.64455983
3rd_test,accel_full,353.4594,0.63469966
3rd_test,accel_full,361.1586,0.64274468
3rd_test,accel_full,361.4031,0.65745984
3rd_test,accel_full,361.7364,0.63182835
3rd_test,accel_full,362.0697,0.65104412
3rd_test,accel_full,362.4031,0.62524734
3rd_test,accel_full,362.7364,0.63622017
3rd_test,accel_full,363.0697,0.65109869
3rd_test,accel_full,363.4031,0.63299635
3rd_test,accel_full,363.7364,0.63506342
3rd_test,accel_full,364.0697,0.65087296
3rd_test,accel_full,364.4031,0.63608401
3rd_test,accel_full,364.7364,0.64655535
3rd_test,accel_full,365.0697,0.67097124
3rd_test,accel_full,365.4031,0.6426737
3rd_test,accel_full,365.7364,0.6379856
3rd_test,accel_full,366.0697,0.6329447
3rd_test,accel_full,366.4031,0.64535007
3rd_test,accel_full,366.7364,0.63731775
3rd_test,accel_full,367.0697,0.64205448
3rd_test,accel_full,367.4031,0.68028148
3rd_test,accel_full,367.7364,0.64658206
3rd_test,accel_full,368.0697,0.64157929
3rd_test,accel_full,368.4031,0.64183954
3rd_test,accel_full,368.7364,0.65218561
3rd_test,accel_full,369.0697,0.64462505
3rd_test,accel_full,369.4031,0.66391172
3rd_test,accel_full,369.7364,0.62407995
3rd_test,accel_full,370.0697,0.61665758
3rd_test,accel_full,370.4031,0.63915346
3rd_test,accel_full,370.7364,0.63300391
3rd_test,accel_full,371.0697,0.65326958
3rd_test,accel_full,371.4031,0.66125845
3rd_test,accel_full,371.7364,0.64693292
3rd_test,accel_full,372.0697,0.66132266
3rd_test,accel_full,372.4031,0.66348433
3rd_test,accel_full,372.7364,0.6419192
3rd_test,accel_full,373.0697,0.66466029
3rd_test,accel_full,373.4031,0.63325768
3rd_test,accel_full,373.7364,0.66358673
3rd_test,accel_full,374.0697,0.63406002
3rd_test,accel_full,374.4031,0.63566684
3rd_test,accel_full,374.7364,0.64449667
3rd_test,accel_full,375.0697,0.65893529
3rd_test,accel_full,375.4031,0.62801452
3rd_test,accel_full,375.7364,0.62747498
3rd_test,accel_full,376.0697,0.67226546
3rd_test,accel_full,376.4031,0.66864807
3rd_test,accel_full,376.7364,0.65257855
3rd_test,accel_full,377.0697,0.63252567
3rd_test,accel_full,377.4031,0.66488272
3rd_test,accel_full,377.7364,0.64740656
3rd_test,accel_full,378.0697,0.65985971
3rd_test,accel_full,378.4031,0.64621219
3rd_test,accel_full,378.7364,0.65939908
3rd_test,accel_full,379.0697,0.63340885
3rd_test,accel_full,379.4031,0.63687533
3rd_test,accel_full,379.7364,0.64727743
3rd_test,accel_full,380.0697,0.65729839
3rd_test,accel_full,380.4031,0.64192753
3rd_test,accel_full,380.7364,0.63634897
3rd_test,accel_full,381.0697,0.64706457
3rd_test,accel_full,381.4031,0.63766715
3rd_test,accel_full,381.7364,0.65259137
3rd_test,accel_full,382.0697,0.64369066
3rd_test,accel_full,382.4031,0.62423985
3rd_test,accel_full,382.7364,0.63626964
3rd_test,accel_full,383.0697,0.65211154
3rd_test,accel_full,383.4031,0.66746776
3rd_test,accel_full,383.7364,0.62815069
3rd_test,accel_full,384.0697,0.64917325
3rd_test,accel_full,384.4031,0.63361476
3rd_test,accel_full,384.7364,0.63536778
3rd_test,accel_full,385.0697,0.64414618
3rd_test,accel_full,385.4031,0.62779032
3rd_test,accel_full,385.7364,0.641596
3rd_test,accel_full,386.0697,0.62593861
3rd_test,accel_full,386.4031,0.63728355
3rd_test,accel_full,386.7364,0.66048466
3rd_test,accel_full,387.0697,0.67119513
3rd_test,accel_full,387.4031,0.63581902
3rd_test,accel_full,387.7364,0.6329794
3rd_test,accel_full,388.0697,0.64532117
3rd_test,accel_full,388.4031,0.63981486
3rd_test,accel_full,388.7364,0.62568634
3rd_test,accel_full,389.0697,0.63752534
3rd_test,accel_full,389.4031,0.65036949
3rd_test,accel_full,389.7364,0.65554582
3rd_test,accel_full,390.0697,0.65527753
3rd_test,accel_full,390.4031,0.65587889
3rd_test,accel_full,390.7364,0.64835548
3rd_test,accel_full,391.0697,0.64149373
3rd_test,accel_full,391.4031,0.65181383
3rd_test,accel_full,391.7364,0.64015013
3rd_test,accel_full,392.0697,0.63570637
3rd_test,accel_full,392.4031,0.65485376
3rd_test,accel_full,392.7364,0.63596352
3rd_test,accel_full,393.0697,0.65671
3rd_test,accel_full,393.4031,0.64311082
3rd_test,accel_full,393.7364,0.62868238
3rd_test,accel_full,394.0697,0.64974256
3rd_test,accel_full,394.4031,0.65129184
3rd_test,accel_full,394.7364,0.64381185
3rd_test,accel_full,395.0697,0.63392067
3rd_test,accel_full,395.4031,0.63278437
3rd_test,accel_full,395.7364,0.63336561
3rd_test,accel_full,396.0697,0.63847604
3rd_test,accel_full,396.4031,0.64044293
3rd_test,accel_full,396.7364,0.6449239
3rd_test,accel_full,397.0697,0.65269231
3rd_test,accel_full,397.4031,0.64247402
3rd_test,accel_full,397.7364,0.63405927
3rd_test,accel_full,398.0697,0.6299999
3rd_test,accel_full,398.4031,0.64578043
3rd_test,accel_full,398.7364,0.64246511
3rd_test,accel_full,399.0697,0.63561312
3rd_test,accel_full,399.4031,0.64053916
3rd_test,accel_full,399.7364,0.64716501
3rd_test,accel_full,400.0697,0.63499378
3rd_test,accel_full,400.4031,0.62613734
3rd_test,accel_full,400.7364,0.65437795
3rd_test,accel_full,401.0697,0.65271846
3rd_test,accel_full,401.4031,0.6455549
3rd_test,accel_full,401.7364,0.64330123
3rd_test,accel_full,402.0697,0.640727
3rd_test,accel_full,402.4031,0.63393072
3rd_test,accel_full,402.7364,0.6325203
3rd_test,accel_full,403.0697,0.65651176
3rd_test,accel_full,403.4031,0.64072489
3rd_test,accel_full,403.7364,0.6583652
3rd_test,accel_full,404.0697,0.65101203
3rd_test,accel_full,404.4031,0.63439616
3rd_test,accel_full,404.7364,0.64420304
3rd_test,accel_full,405.0697,0.64618416
3rd_test,accel_full,405.4031,0.6266137
3rd_test,accel_full,405.7364,0.63744549
3rd_test,accel_full,406.0697,0.64340302
3rd_test,accel_full,406.4031,0.63496544
3rd_test,accel_full,406.7364,0.65497749
3rd_test,accel_full,407.0697,0.64980877
3rd_test,accel_full,407.4031,0.64111404
3rd_test,accel_full,407.7364,0.62993694
3rd_test,accel_full,408.0697,0.63300591
3rd_test,accel_full,408.4031,0.63902451
3rd_test,accel_full,408.7364,0.64449468
3rd_test,accel_full,409.0697,0.63759488
3rd_test,accel_full,409.4031,0.6473231
3rd_test,accel_full,409.7364,0.63176505
3rd_test,accel_full,410.0697,0.64895429
3rd_test,accel_full,410.4031,0.63201109
3rd_test,accel_full,410.7364,0.64301846
3rd_test,accel_full,411.0697,0.64008225
3rd_test,accel_full,411.4031,0.64452864
3rd_test,accel_full,411.7364,0.67347457
3rd_test,accel_full,412.0697,0.64971707
3rd_test,accel_full,412.4031,0.6328317
3rd_test,accel_full,412.7364,0.64746214
3rd_test,accel_full,413.0697,0.6332179
3rd_test,accel_full,413.4031,0.6373406
3rd_test,accel_full,413.7364,0.64451748
3rd_test,accel_full,414.0697,0.65607543
3rd_test,accel_full,414.4031,0.64874283
3rd_test,accel_full,414.7364,0.63606993
3rd_test,accel_full,415.0697,0.62859874
3rd_test,accel_full,415.4031,0.65728316
3rd_test,accel_full,415.7364,0.66253663
3rd_test,accel_full,416.0697,0.66143393
3rd_test,accel_full,416.4031,0.63453926
3rd_test,accel_full,416.7364,0.63884415
3rd_test,accel_full,417.0697,0.63561823
3rd_test,accel_full,417.4031,0.66111623
3rd_test,accel_full,417.7364,0.64016984
3rd_test,accel_full,418.0697,0.6483244
3rd_test,accel_full,418.4031,0.64624745
3rd_test,accel_full,418.7364,0.63171173
3rd_test,accel_full,419.0697,0.63016562
3rd_test,accel_full,419.4031,0.65033773
3rd_test,accel_full,419.7364,0.65132159
3rd_test,accel_full,420.0697,0.6472599
3rd_test,accel_full,420.4031,0.66272471
3rd_test,accel_full,420.7364,0.63551681
3rd_test,accel_full,421.0697,0.63983325
3rd_test,accel_full,421.4031,0.64376348
3rd_test,accel_full,421.7364,0.64099489
3rd_test,accel_full,422.0697,0.64619456
3rd_test,accel_full,422.4031,0.65077316
3rd_test,accel_full,422.7364,0.64084845
3rd_test,accel_full,423.0697,0.66015128
3rd_test,accel_full,423.4031,0.63999241
3rd_test,accel_full,423.7364,0.63747319
3rd_test,accel_full,424.0697,0.64216812
3rd_test,accel_full,424.4031,0.66537511
3rd_test,accel_full,424.7364,0.65349816
3rd_test,accel_full,425.0697,0.64167965
3rd_test,accel_full,425.4031,0.63493161
3rd_test,accel_full,425.7364,0.6382819
3rd_test,accel_full,426.0697,0.66519124
3rd_test,accel_full,426.4031,0.62799157
3rd_test,accel_full,426.7364,0.63957962
3rd_test,accel_full,427.0697,0.63513602
3rd_test,accel_full,427.4031,0.64803851
3rd_test,accel_full,427.7364,0.62703379
3rd_test,accel_full,428.0697,0.63863989
3rd_test,accel_full,428.4031,0.6373537
3rd_test,accel_full,428.7364,0.62897462
3rd_test,accel_full,429.0697,0.62532434
3rd_test,accel_full,429.4031,0.63107816
3rd_test,accel_full,429.7364,0.65647288
3rd_test,accel_full,430.0697,0.64841989
3rd_test,accel_full,430.4031,0.62467992
3rd_test,accel_full,430.7364,0.64570738
3rd_test,accel_full,431.0697,0.63534774
3rd_test,accel_full,431.4031,0.63621904
3rd_test,accel_full,431.7364,0.63999924
3rd_test,accel_full,432.0697,0.63433993
3rd_test,accel_full,432.4031,0.66566091
3rd_test,accel_full,432.7364,0.67656691
3rd_test,accel_full,433.0697,0.68575923
3rd_test,accel_full,433.4031,0.646094
3rd_test,accel_full,433.7364,0.64945272
3rd_test,accel_full,434.0697,0.63946888
3rd_test,accel_full,434.4031,0.65740263
3rd_test,accel_full,434.7364,0.65558177
3rd_test,accel_full,435.0697,0.65940851
3rd_test,accel_full,435.4031,0.66351278
3rd_test,accel_full,435.7364,0.67370282
3rd_test,accel_full,436.0697,0.64215554
3rd_test,accel_full,436.4031,0.6496868
3rd_test,accel_full,436.7364,0.66139641
3rd_test,accel_full,437.0697,0.6415156
3rd_test,accel_full,437.4031,0.64212094
3rd_test,accel_full,437.7364,0.64365041
3rd_test,accel_full,438.0697,0.67235102
3rd_test,accel_full,438.4031,0.6631624
3rd_test,accel_full,438.7364,0.66475611
3rd_test,accel_full,439.0697,0.63269477
3rd_test,accel_full,439.4031,0.66818101
3rd_test,accel_full,439.7364,0.67190187
3rd_test,accel_full,440.0697,0.67979769
3rd_test,accel_full,440.4031,0.65653468
3rd_test,accel_full,440.7364,0.63809341
3rd_test,accel_full,441.0697,0.66211234
3rd_test,accel_full,441.4031,0.63730635
3rd_test,accel_full,441.7364,0.6427095
3rd_test,accel_full,442.0697,0.65023144
3rd_test,accel_full,442.4031,0.65501634
3rd_test,accel_full,442.7364,0.65124353
3rd_test,accel_full,443.0697,0.64602702
3rd_test,accel_full,443.4031,0.65355115
3rd_test,accel_full,443.7364,0.6451548
3rd_test,accel_full,444.0697,0.65743997
3rd_test,accel_full,444.4031,0.66647742
3rd_test,accel_full,444.7364,0.64043016
3rd_test,accel_full,445.0697,0.66529418
3rd_test,accel_full,445.4031,0.67595219
3rd_test,accel_full,445.7364,0.64704074
3rd_test,accel_full,446.0697,0.64898724
3rd_test,accel_full,446.4031,0.65592266
3rd_test,accel_full,446.7364,0.6389624
3rd_test,accel_full,447.0697,0.66455349
3rd_test,accel_full,447.4031,0.66622931
3rd_test,accel_full,447.7364,0.64309562
3rd_test,accel_full,448.0697,0.64509929
3rd_test,accel_full,448.4031,0.65485571
3rd_test,accel_full,448.7364,0.64460976
3rd_test,accel_full,449.0697,0.65339318
3rd_test,accel_full,449.4031,0.66933643
3rd_test,accel_full,449.7364,0.65538762
3rd_test,accel_full,450.0697,0.65927223
3rd_test,accel_full,450.4031,0.64197188
3rd_test,accel_full,450.7364,0.65441495
3rd_test,accel_full,451.0697,0.63571037
3rd_test,accel_full,451.4031,0.64592889
3rd_test,accel_full,451.7364,0.64991783
3rd_test,accel_full,452.0697,0.66039836
3rd_test,accel_full,452.4031,0.66101411
3rd_test,accel_full,452.7364,0.64018371
3rd_test,accel_full,453.0697,0.64453431
3rd_test,accel_full,453.4031,0.67046555
3rd_test,accel_full,453.7364,0.65022494
3rd_test,accel_full,454.0697,0.6407677
3rd_test,accel_full,454.4031,0.67962219
3rd_test,accel_full,454.7364,0.63162521
3rd_test,accel_full,455.0697,0.65708622
3rd_test,accel_full,455.4031,0.65564692
3rd_test,accel_full,455.7364,0.64246525
3rd_test,accel_full,456.0697,0.67828594
3rd_test,accel_full,456.4031,0.65326796
3rd_test,accel_full,456.7364,0.65344131
3rd_test,accel_full,457.0697,0.67435871
3rd_test,accel_full,457.4031,0.6799551
3rd_test,accel_full,457.7364,0.65058963
3rd_test,accel_full,458.0697,0.68052914
3rd_test,accel_full,458.4031,0.67765833
3rd_test,accel_full,458.7364,0.67474518
3rd_test,accel_full,459.0697,0.67737598
3rd_test,accel_full,459.4031,0.67288484
3rd_test,accel_full,459.7364,0.68392344
3rd_test,accel_full,460.0697,0.6588473
3rd_test,accel_full,460.4031,0.66551393
3rd_test,accel_full,460.7364,0.68315735
3rd_test,accel_full,461.0697,0.65628866
3rd_test,accel_full,461.4031,0.67555789
3rd_test,accel_full,461.7364,0.65378182
3rd_test,accel_full,462.0697,0.65978409
3rd_test,accel_full,462.4031,0.65679314
3rd_test,accel_full,462.7364,0.65920718
3rd_test,accel_full,463.0697,0.65350467
3rd_test,accel_full,463.4031,0.68793066
3rd_test,accel_full,463.7364,0.65894423
3rd_test,accel_full,464.0697,0.65680464
3rd_test,accel_full,464.4031,0.64403534
3rd_test,accel_full,464.7364,0.66746348
3rd_test,accel_full,465.0697,0.65788235
3rd_test,accel_full,465.4031,0.63303146
3rd_test,accel_full,465.7364,0.64240408
3rd_test,accel_full,466.0697,0.64770241
3rd_test,accel_full,466.4031,0.64824684
3rd_test,accel_full,466.7364,0.66178722
3rd_test,accel_full,467.0697,0.63255038
3rd_test,accel_full,467.4031,0.65487213
3rd_test,accel_full,467.7364,0.66746582
3rd_test,accel_full,468.0697,0.65564521
3rd_test,accel_full,468.4031,0.63467296
3rd_test,accel_full,468.7364,0.67039329
3rd_test,accel_full,469.0697,0.64936568
3rd_test,accel_full,469.4031,0.6544573
3rd_test,accel_full,469.7364,0.66245129
3rd_test,accel_full,470.0697,0.65747841
3rd_test,accel_full,470.4031,0.66287025
3rd_test,accel_full,470.7364,0.66590533
3rd_test,accel_full,471.0697,0.64390666
3rd_test,accel_full,471.4031,0.63667678
3rd_test,accel_full,471.7364,0.63572716
3rd_test,accel_full,472.0697,0.64217918
3rd_test,accel_full,472.4031,0.64658192
3rd_test,accel_full,472.7364,0.66757378
3rd_test,accel_full,473.0697,0.64507311
3rd_test,accel_full,473.4031,0.65044183
3rd_test,accel_full,473.7364,0.67132468
3rd_test,accel_full,474.0697,0.6357082
3rd_test,accel_full,474.4031,0.66775595
3rd_test,accel_full,474.7364,0.66043579
3rd_test,accel_full,475.0697,0.65298497
3rd_test,accel_full,475.4031,0.64265699
3rd_test,accel_full,475.7364,0.65343697
3rd_test,accel_full,476.0697,0.64903909
3rd_test,accel_full,476.4031,0.67092284
3rd_test,accel_full,476.7364,0.68553288
3rd_test,accel_full,477.0697,0.65428404
3rd_test,accel_full,477.4031,0.65702676
3rd_test,accel_full,477.7364,0.63942135
3rd_test,accel_full,478.0697,0.63871745
3rd_test,accel_full,478.4031,0.65453655
3rd_test,accel_full,478.7364,0.6476472
3rd_test,accel_full,479.0697,0.640253
3rd_test,accel_full,479.4031,0.65235009
3rd_test,accel_full,479.7364,0.65148159
3rd_test,accel_full,480.0697,0.6651635
3rd_test,accel_full,480.4031,0.6406138
3rd_test,accel_full,480.7364,0.67982912
3rd_test,accel_full,481.0697,0.66731585
3rd_test,accel_full,481.4031,0.65490932
3rd_test,accel_full,481.7364,0.66502591
3rd_test,accel_full,482.0697,0.65732053
3rd_test,accel_full,482.4031,0.660971
3rd_test,accel_full,482.7364,0.65134053
3rd_test,accel_full,483.0697,0.65437552
3rd_test,accel_full,483.4031,0.67488905
3rd_test,accel_full,483.7364,0.6648725
3rd_test,accel_full,484.0697,0.64308401
3rd_test,accel_full,484.4031,0.63998803
3rd_test,accel_full,484.7364,0.65547024
3rd_test,accel_full,485.0697,0.65055917
3rd_test,accel_full,485.4031,0.64233013
3rd_test,accel_full,485.7364,0.65125689
3rd_test,accel_full,486.0697,0.66469954
3rd_test,accel_full,486.4031,0.66976101
3rd_test,accel_full,486.7364,0.66655065
3rd_test,accel_full,487.0697,0.65252542
3rd_test,accel_full,487.4031,0.65408438
3rd_test,accel_full,487.7364,0.68057495
3rd_test,accel_full,488.0697,0.65032186
3rd_test,accel_full,488.4031,0.68196362
3rd_test,accel_full,488.7364,0.65400041
3rd_test,accel_full,489.0697,0.676446
3rd_test,accel_full,489.4031,0.6555804
3rd_test,accel_full,489.7364,0.67009753
3rd_test,accel_full,490.0697,0.63879135
3rd_test,accel_full,490.4031,0.66366734
3rd_test,accel_full,490.7364,0.64526405
3rd_test,accel_full,491.0697,0.66986001
3rd_test,accel_full,491.4031,0.6549688
3rd_test,accel_full,491.7364,0.65886905
3rd_test,accel_full,492.0697,0.66805456
3rd_test,accel_full,492.4031,0.65636361
3rd_test,accel_full,492.7364,0.64169552
3rd_test,accel_full,493.0697,0.65906425
3rd_test,accel_full,493.4031,0.65700408
3rd_test,accel_full,493.7364,0.64154889
3rd_test,accel_full,494.0697,0.65076772
3rd_test,accel_full,494.4031,0.63727121
3rd_test,accel_full,494.7364,0.65464412
3rd_test,accel_full,495.0697,0.64285679
3rd_test,accel_full,495.4031,0.66608787
3rd_test,accel_full,495.7364,0.64688215
3rd_test,accel_full,496.0697,0.646535
3rd_test,accel_full,496.4031,0.6464075
3rd_test,accel_full,496.7364,0.66608029
3rd_test,accel_full,497.0697,0.64109233
3rd_test,accel_full,497.4031,0.64256715
3rd_test,accel_full,497.7364,0.6663052
3rd_test,accel_full,498.0697,0.67968145
3rd_test,accel_full,498.4031,0.67833007
3rd_test,accel_full,498.7364,0.636437
3rd_test,accel_full,499.0697,0.65704263
3rd_test,accel_full,499.4031,0.65302364
3rd_test,accel_full,499.7364,0.67772052
3rd_test,accel_full,500.0697,0.6570387
3rd_test,accel_full,500.4031,0.66828837
3rd_test,accel_full,500.7364,0.6544629
3rd_test,accel_full,501.0697,0.65597122
3rd_test,accel_full,501.4031,0.65222795
3rd_test,accel_full,501.7364,0.65263296
3rd_test,accel_full,502.0697,0.6741188
3rd_test,accel_full,502.4031,0.66780835
3rd_test,accel_full,502.7364,0.64495134
3rd_test,accel_full,503.0697,0.65133535
3rd_test,accel_full,503.4031,0.656633
3rd_test,accel_full,503.7364,0.65468532
3rd_test,accel_full,504.0697,0.65837282
3rd_test,accel_full,504.4031,0.65585694
3rd_test,accel_full,504.7364,0.65260354
3rd_test,accel_full,505.0697,0.65650123
3rd_test,accel_full,505.4031,0.65358113
3rd_test,accel_full,505.7364,0.64548632
3rd_test,accel_full,506.0697,0.66230555
3rd_test,accel_full,506.4031,0.67630814
3rd_test,accel_full,506.7364,0.68038318
3rd_test,accel_full,507.0697,0.63727156
3rd_test,accel_full,507.4031,0.6475972
3rd_test,accel_full,507.7364,0.64409187
3rd_test,accel_full,508.0697,0.65732448
3rd_test,accel_full,508.4031,0.65624211
3rd_test,accel_full,508.7364,0.66480688
3rd_test,accel_full,509.0697,0.64765798
3rd_test,accel_full,509.4031,0.66439021
3rd_test,accel_full,509.7364,0.6479502
3rd_test,accel_full,510.0697,0.65068245
3rd_test,accel_full,510.4031,0.64882163
3rd_test,accel_full,510.7364,0.66912021
3rd_test,accel_full,511.0697,0.62847508
3rd_test,accel_full,511.4031,0.64966238
3rd_test,accel_full,511.7364,0.65375574
3rd_test,accel_full,512.0697,0.65132257
3rd_test,accel_full,512.4031,0.67220811
3rd_test,accel_full,512.7364,0.66622506
3rd_test,accel_full,513.0697,0.66651551
3rd_test,accel_full,513.4031,0.67323397
3rd_test,accel_full,513.7364,0.66289798
3rd_test,accel_full,514.0697,0.66648092
3rd_test,accel_full,514.4031,0.64813652
3rd_test,accel_full,514.7364,0.66074117
3rd_test,accel_full,515.0697,0.66578027
3rd_test,accel_full,515.4031,0.68422746
3rd_test,accel_full,515.7364,0.65415057
3rd_test,accel_full,516.0697,0.66162547
3rd_test,accel_full,516.4031,0.6466267
3rd_test,accel_full,516.7364,0.64772594
3rd_test,accel_full,517.0697,0.67176886
3rd_test,accel_full,517.4031,0.66263476
3rd_test,accel_full,517.7364,0.674679
3rd_test,accel_full,518.0697,0.65855612
3rd_test,accel_full,518.4031,0.68330062
3rd_test,accel_full,518.7364,0.65940966
3rd_test,accel_full,519.0697,0.65911837
3rd_test,accel_full,519.4031,0.68311938
3rd_test,accel_full,519.7364,0.69220249
3rd_test,accel_full,520.0697,0.64737103
3rd_test,accel_full,520.4031,0.65528324
3rd_test,accel_full,520.7364,0.65792655
3rd_test,accel_full,521.0697,0.67158484
3rd_test,accel_full,521.4031,0.67030854
3rd_test,accel_full,521.7364,0.66559672
3rd_test,accel_full,522.0697,0.66187235
3rd_test,accel_full,522.4031,0.68957895
3rd_test,accel_full,522.7364,0.67207746
3rd_test,accel_full,523.0697,0.66200424
3rd_test,accel_full,523.4031,0.67044213
3rd_test,accel_full,523.7364,0.66958892
3rd_test,accel_full,524.0697,0.67572484
3rd_test,accel_full,524.4031,0.66256037
3rd_test,accel_full,524.7364,0.65415077
3rd_test,accel_full,525.0697,0.6788342
3rd_test,accel_full,525.4031,0.64208656
3rd_test,accel_full,525.7364,0.64400468
3rd_test,accel_full,526.0697,0.6668149
3rd_test,accel_full,526.4031,0.65061928
3rd_test,accel_full,526.7364,0.6572384
3rd_test,accel_full,527.0697,0.67076126
3rd_test,accel_full,527.4031,0.68640674
3rd_test,accel_full,527.7364,0.68098593
3rd_test,accel_full,528.0697,0.65431968
3rd_test,accel_full,528.4031,0.66881367
3rd_test,accel_full,528.7364,0.68125743
3rd_test,accel_full,529.0697,0.67038709
3rd_test,accel_full,529.4031,0.65892135
3rd_test,accel_full,529.7364,0.67660546
3rd_test,accel_full,530.0697,0.65772833
3rd_test,accel_full,530.4031,0.66301608
3rd_test,accel_full,530.7364,0.64775868
3rd_test,accel_full,531.0697,0.66814985
3rd_test,accel_full,531.4031,0.68695133
3rd_test,accel_full,531.7364,0.64960257
3rd_test,accel_full,532.0697,0.66760145
3rd_test,accel_full,532.4031,0.66768965
3rd_test,accel_full,532.7364,0.66556396
3rd_test,accel_full,533.0697,0.66866403
3rd_test,accel_full,533.4031,0.67572258
3rd_test,accel_full,533.7364,0.69104101
3rd_test,accel_full,534.0697,0.64874411
3rd_test,accel_full,534.4031,0.67413432
3rd_test,accel_full,534.7364,0.6523168
3rd_test,accel_full,535.0697,0.64935614
3rd_test,accel_full,535.4031,0.67093703
3rd_test,accel_full,535.7364,0.67322193
3rd_test,accel_full,536.0697,0.66129355
3rd_test,accel_full,536.4031,0.65621636
3rd_test,accel_full,536.7364,0.66582336
3rd_test,accel_full,537.0697,0.65388187
3rd_test,accel_full,537.4031,0.65206416
3rd_test,accel_full,537.7364,0.64287187
3rd_test,accel_full,538.0697,0.65843738
3rd_test,accel_full,538.4031,0.66044048
3rd_test,accel_full,538.7364,0.64070356
3rd_test,accel_full,539.0697,0.64071342
3rd_test,accel_full,539.4031,0.66062142
3rd_test,accel_full,539.7364,0.65431377
3rd_test,accel_full,540.0697,0.66770209
3rd_test,accel_full,540.4031,0.65457267
3rd_test,accel_full,540.7364,0.65345491
3rd_test,accel_full,541.0697,0.65549649
3rd_test,accel_full,541.4031,0.64665828
3rd_test,accel_full,541.7364,0.65156331
3rd_test,accel_full,542.0697,0.65031437
3rd_test,accel_full,542.4031,0.66610402
3rd_test,accel_full,542.7364,0.64970972
3rd_test,accel_full,543.0697,0.64139927
3rd_test,accel_full,543.4031,0.66441611
3rd_test,accel_full,543.7364,0.66172212
3rd_test,accel_full,544.0697,0.65578535
3rd_test,accel_full,544.4031,0.64204212
3rd_test,accel_full,544.7364,0.64658011
3rd_test,accel_full,545.0697,0.66343833
3rd_test,accel_full,545.4031,0.6556851
3rd_test,accel_full,545.7364,0.65227781
3rd_test,accel_full,546.0697,0.65111506
3rd_test,accel_full,546.4031,0.65425254
3rd_test,accel_full,546.7364,0.665665
3rd_test,accel_full,547.0697,0.661513
3rd_test,accel_full,547.4031,0.64309331
3rd_test,accel_full,547.7364,0.66011096
3rd_test,accel_full,548.0697,0.64992668
3rd_test,accel_full,548.4031,0.66793033
3rd_test,accel_full,548.7364,0.66217101
3rd_test,accel_full,549.0697,0.63890444
3rd_test,accel_full,549.4031,0.66569076
3rd_test,accel_full,549.7364,0.65174856
3rd_test,accel_full,550.0697,0.65126844
3rd_test,accel_full,550.4031,0.65484645
3rd_test,accel_full,550.7364,0.64647683
3rd_test,accel_full,551.0697,0.65992656
3rd_test,accel_full,551.4031,0.66189737
3rd_test,accel_full,551.7364,0.66896714
3rd_test,accel_full,552.0697,0.68471907
3rd_test,accel_full,552.4031,0.7104025
3rd_test,accel_full,552.7364,0.66684946
3rd_test,accel_full,553.0697,0.67078311
3rd_test,accel_full,553.4031,0.68157156
3rd_test,accel_full,553.7364,0.64691416
3rd_test,accel_full,554.0697,0.65551692
3rd_test,accel_full,554.4031,0.67173886
3rd_test,accel_full,554.7364,0.66692579
3rd_test,accel_full,555.0697,0.64863638
3rd_test,accel_full,555.4031,0.65032771
3rd_test,accel_full,555.7364,0.66696416
3rd_test,accel_full,556.0697,0.67255598
3rd_test,accel_full,556.4031,0.68359161
3rd_test,accel_full,556.7364,0.69793417
3rd_test,accel_full,557.0697,0.66045708
3rd_test,accel_full,557.4031,0.67469373
3rd_test,accel_full,557.7364,0.65271585
3rd_test,accel_full,558.0697,0.70079458
3rd_test,accel_full,558.4031,0.65098112
3rd_test,accel_full,558.7364,0.71745276
3rd_test,accel_full,559.0697,0.6856768
3rd_test,accel_full,559.4031,0.6532878
3rd_test,accel_full,559.7364,0.68873364
3rd_test,accel_full,560.0697,0.66185504
3rd_test,accel_full,560.4031,0.6644246
3rd_test,accel_full,560.7364,0.69451786
3rd_test,accel_full,561.0697,0.67587361
3rd_test,accel_full,561.4031,0.69245318
3rd_test,accel_full,561.7364,0.68259529
3rd_test,accel_full,562.0697,0.67848668
3rd_test,accel_full,562.4031,0.6787478
3rd_test,accel_full,562.7364,0.68987654
3rd_test,accel_full,563.0697,0.6623159
3rd_test,accel_full,563.4031,0.67610392
3rd_test,accel_full,563.7364,0.66815396
3rd_test,accel_full,564.0697,0.69394412
3rd_test,accel_full,564.4031,0.67140996
3rd_test,accel_full,564.7364,0.68082951
3rd_test,accel_full,565.0697,0.66701527
3rd_test,accel_full,565.4031,0.67516105
3rd_test,accel_full,565.7364,0.67787369
3rd_test,accel_full,566.0697,0.66149683
3rd_test,accel_full,566.4031,0.65714144
3rd_test,accel_full,566.7364,0.67577353
3rd_test,accel_full,567.0697,0.65441576
3rd_test,accel_full,567.4031,0.67941408
3rd_test,accel_full,567.7364,0.6575248
3rd_test,accel_full,568.0697,0.66530808
3rd_test,accel_full,568.4031,0.67401842
3rd_test,accel_full,568.7364,0.64096319
3rd_test,accel_full,569.0697,0.65432171
3rd_test,accel_full,569.4031,0.66667415
3rd_test,accel_full,569.7364,0.67403599
3rd_test,accel_full,570.0697,0.68035238
3rd_test,accel_full,570.4031,0.65507465
3rd_test,accel_full,570.7364,0.7057692
3rd_test,accel_full,571.0697,0.6707032
3rd_test,accel_full,571.4031,0.66832823
3rd_test,accel_full,571.7364,0.68531131
3rd_test,accel_full,572.0697,0.68889539
3rd_test,accel_full,572.4031,0.6640179
3rd_test,accel_full,572.7364,0.6819512
3rd_test,accel_full,573.0697,0.68868002
3rd_test,accel_full,573.4031,0.68823891
3rd_test,accel_full,573.7364,0.70106977
3rd_test,accel_full,574.0697,0.66037491
3rd_test,accel_full,574.4031,0.66261571
3rd_test,accel_full,574.7364,0.66157272
3rd_test,accel_full,575.0697,0.65490595
3rd_test,accel_full,575.4031,0.67993627
3rd_test,accel_full,575.7364,0.64442635
3rd_test,accel_full,576.0697,0.65361898
3rd_test,accel_full,576.4031,0.66346951
3rd_test,accel_full,576.7364,0.6573344
3rd_test,accel_full,577.0697,0.67727897
3rd_test,accel_full,577.4031,0.69063291
3rd_test,accel_full,577.7364,0.66940221
3rd_test,accel_full,578.0697,0.69383024
3rd_test,accel_full,578.4031,0.66478369
3rd_test,accel_full,578.7364,0.66394791
3rd_test,accel_full,579.0697,0.69315921
3rd_test,accel_full,579.4031,0.65385496
3rd_test,accel_full,579.7364,0.67909011
3rd_test,accel_full,580.0697,0.6601727
3rd_test,accel_full,580.4031,0.66111706
3rd_test,accel_full,580.7364,0.66267193
3rd_test,accel_full,581.0697,0.67149114
3rd_test,accel_full,581.4031,0.65657648
3rd_test,accel_full,581.7364,0.65443318
3rd_test,accel_full,582.0697,0.66173843
3rd_test,accel_full,582.4031,0.66819905
3rd_test,accel_full,582.7364,0.66657903
3rd_test,accel_full,583.0697,0.66881975
3rd_test,accel_full,583.4031,0.6794311
3rd_test,accel_full,583.7364,0.68048147
3rd_test,accel_full,584.0697,0.67173204
3rd_test,accel_full,584.4031,0.6881994
3rd_test,accel_full,584.7364,0.67830916
3rd_test,accel_full,585.0697,0.68456399
3rd_test,accel_full,585.4031,0.6864287
3rd_test,accel_full,585.7364,0.69231346
3rd_test,accel_full,586.0697,0.65820985
3rd_test,accel_full,586.4031,0.67046833
3rd_test,accel_full,586.7364,0.673979
3rd_test,accel_full,587.0697,0.66495939
3rd_test,accel_full,587.4031,0.65930516
3rd_test,accel_full,587.7364,0.67971339
3rd_test,accel_full,588.0697,0.70408969
3rd_test,accel_full,588.4031,0.66165848
3rd_test,accel_full,588.7364,0.65344971
3rd_test,accel_full,589.0697,0.65935989
3rd_test,accel_full,589.4031,0.67516841
3rd_test,accel_full,589.7364,0.66112203
3rd_test,accel_full,590.0697,0.68007809
3rd_test,accel_full,590.4031,0.67215816
3rd_test,accel_full,590.7364,0.69382268
3rd_test,accel_full,591.0697,0.65590422
3rd_test,accel_full,591.4031,0.67051616
3rd_test,accel_full,591.7364,0.70045249
3rd_test,accel_full,592.0697,0.67258531
3rd_test,accel_full,592.4031,0.67040449
3rd_test,accel_full,592.7364,0.69054145
3rd_test,accel_full,593.0697,0.67109713
3rd_test,accel_full,593.4031,0.69106443
3rd_test,accel_full,593.7364,0.66940477
3rd_test,accel_full,594.0697,0.66214032
3rd_test,accel_full,594.4031,0.66153746
3rd_test,accel_full,594.7364,0.65975042
3rd_test,accel_full,595.0697,0.68886729
3rd_test,accel_full,595.4031,0.66218354
3rd_test,accel_full,595.7364,0.68056048
3rd_test,accel_full,596.0697,0.68309632
3rd_test,accel_full,596.4031,0.68756079
3rd_test,accel_full,596.7364,0.68774366
3rd_test,accel_full,597.0697,0.67980129
3rd_test,accel_full,597.4031,0.66815001
3rd_test,accel_full,597.7364,0.68180114
3rd_test,accel_full,598.0697,0.67205733
3rd_test,accel_full,598.4031,0.69078292
3rd_test,accel_full,598.7364,0.66528785
3rd_test,accel_full,599.0697,0.64411925
3rd_test,accel_full,599.4031,0.67906207
3rd_test,accel_full,599.7364,0.67816072
3rd_test,accel_full,600.0697,0.6582233
3rd_test,accel_full,600.4031,0.67516892
3rd_test,accel_full,600.7364,0.69533711
3rd_test,accel_full,601.0697,0.67589463
3rd_test,accel_full,601.4031,0.67371701
3rd_test,accel_full,601.7364,0.66002377
3rd_test,accel_full,602.0697,0.68190594
3rd_test,accel_full,602.4031,0.66669011
3rd_test,accel_full,602.7364,0.67530289
3rd_test,accel_full,603.0697,0.68202669
3rd_test,accel_full,603.4031,0.67120833
3rd_test,accel_full,603.7364,0.70986715
3rd_test,accel_full,604.0697,0.68773748
3rd_test,accel_full,604.4031,0.65429196
3rd_test,accel_full,604.7364,0.68091136
3rd_test,accel_full,605.0697,0.66062954
3rd_test,accel_full,605.4031,0.68884876
3rd_test,accel_full,605.7364,0.68538793
3rd_test,accel_full,606.0697,0.67383856
3rd_test,accel_full,606.4031,0.6542017
3rd_test,accel_full,606.7364,0.66440384
3rd_test,accel_full,607.0697,0.6770956
3rd_test,accel_full,607.4031,0.67380936
3rd_test,accel_full,607.7364,0.6766773
3rd_test,accel_full,608.0697,0.66089019
3rd_test,accel_full,608.4031,0.67621383
3rd_test,accel_full,608.7364,0.66491088
3rd_test,accel_full,609.0697,0.66210138
3rd_test,accel_full,609.4031,0.65193419
3rd_test,accel_full,609.7364,0.67864329
3rd_test,accel_full,610.0697,0.66591366
3rd_test,accel_full,610.4031,0.66998175
3rd_test,accel_full,610.7364,0.68210453
3rd_test,accel_full,611.0697,0.6539889
3rd_test,accel_full,611.4031,0.68567394
3rd_test,accel_full,611.7364,0.67118778
3rd_test,accel_full,612.0697,0.65529945
3rd_test,accel_full,612.4031,0.64657942
3rd_test,accel_full,612.7364,0.66535672
3rd_test,accel_full,613.0697,0.64924244
3rd_test,accel_full,613.4031,0.66571222
3rd_test,accel_full,613.7364,0.64614825
3rd_test,accel_full,614.0697,0.66427007
3rd_test,accel_full,614.4031,0.65746829
3rd_test,accel_full,614.7364,0.6777667
3rd_test,accel_full,615.0697,0.654223
3rd_test,accel_full,615.4031,0.66854904
3rd_test,accel_full,615.7364,0.65864507
3rd_test,accel_full,616.0697,0.66794477
3rd_test,accel_full,616.4031,0.6716542
3rd_test,accel_full,616.7364,0.66410582
3rd_test,accel_full,617.0697,0.67199796
3rd_test,accel_full,617.4031,0.65628801
3rd_test,accel_full,617.7364,0.65566004
3rd_test,accel_full,618.0697,0.67982774
3rd_test,accel_full,618.4031,0.65786343
3rd_test,accel_full,618.7364,0.65605201
3rd_test,accel_full,619.0697,0.66327089
3rd_test,accel_full,619.4031,0.69397978
3rd_test,accel_full,619.7364,0.67276037
3rd_test,accel_full,620.0697,0.64811424
3rd_test,accel_full,620.4031,0.67196649
3rd_test,accel_full,620.7364,0.6675602
3rd_test,accel_full,621.0697,0.65637903
3rd_test,accel_full,621.4031,0.65712568
3rd_test,accel_full,621.7364,0.65612518
3rd_test,accel_full,622.0697,0.66023118
3rd_test,accel_full,622.4031,0.65868659
3rd_test,accel_full,622.7364,0.67074792
3rd_test,accel_full,623.0697,0.67654375
3rd_test,accel_full,623.4031,0.66658568
3rd_test,accel_full,623.7364,0.68730346
3rd_test,accel_full,624.0697,0.69228256
3rd_test,accel_full,624.4031,0.68804944
3rd_test,accel_full,624.7364,0.66907633
3rd_test,accel_full,625.0697,0.66422365
3rd_test,accel_full,625.4031,0.68502572
3rd_test,accel_full,625.7364,0.68844288
3rd_test,accel_full,626.0697,0.66577527
3rd_test,accel_full,626.4031,0.69635392
3rd_test,accel_full,626.7364,0.67128926
3rd_test,accel_full,627.0697,0.6881356
3rd_test,accel_full,627.4031,0.69261187
3rd_test,accel_full,627.7364,0.64867534
3rd_test,accel_full,628.0697,0.67159175
3rd_test,accel_full,628.4031,0.65807518
3rd_test,accel_full,628.7364,0.67009982
3rd_test,accel_full,629.0697,0.69628363
3rd_test,accel_full,629.4031,0.6601654
3rd_test,accel_full,629.7364,0.70719134
3rd_test,accel_full,630.0697,0.67120197
3rd_test,accel_full,630.4031,0.65590702
3rd_test,accel_full,630.7364,0.67126265
3rd_test,accel_full,631.0697,0.66731451
3rd_test,accel_full,631.4031,0.66863888
3rd_test,accel_full,631.7364,0.69235864
3rd_test,accel_full,632.0697,0.66381655
3rd_test,accel_full,632.4031,0.67311634
3rd_test,accel_full,632.7364,0.67067348
3rd_test,accel_full,633.0697,0.67312332
3rd_test,accel_full,633.4031,0.66054322
3rd_test,accel_full,633.7364,0.64810933
3rd_test,accel_full,634.0697,0.66609234
3rd_test,accel_full,634.4031,0.66034978
3rd_test,accel_full,634.7364,0.65056367
3rd_test,accel_full,635.0697,0.66620548
3rd_test,accel_full,635.4031,0.66684728
3rd_test,accel_full,635.7364,0.67631373
3rd_test,accel_full,636.0697,0.68848578
3rd_test,accel_full,636.4031,0.64913562
3rd_test,accel_full,636.7364,0.67358308
3rd_test,accel_full,637.0697,0.6985394
3rd_test,accel_full,637.4031,0.66810971
3rd_test,accel_full,637.7364,0.69721097
3rd_test,accel_full,638.0697,0.70983261
3rd_test,accel_full,638.4031,0.68282015
3rd_test,accel_full,638.7364,0.67010624
3rd_test,accel_full,639.0697,0.65789653
3rd_test,accel_full,639.4031,0.67462628
3rd_test,accel_full,639.7364,0.67980761
3rd_test,accel_full,640.0697,0.67425009
3rd_test,accel_full,640.4031,0.64612665
3rd_test,accel_full,640.7364,0.67988446
3rd_test,accel_full,641.0697,0.67543343
3rd_test,accel_full,641.4031,0.66027115
3rd_test,accel_full,641.7364,0.66110472
3rd_test,accel_full,642.0697,0.67389425
3rd_test,accel_full,642.4031,0.68806309
3rd_test,accel_full,642.7364,0.68698892
3rd_test,accel_full,643.0697,0.66334738
3rd_test,accel_full,643.4031,0.66870472
3rd_test,accel_full,643.7364,0.65790417
3rd_test,accel_full,644.0697,0.67728378
3rd_test,accel_full,644.4031,0.64323824
3rd_test,accel_full,644.7364,0.65469288
3rd_test,accel_full,645.0697,0.66610801
3rd_test,accel_full,645.4031,0.7045161
3rd_test,accel_full,645.7364,0.66535877
3rd_test,accel_full,646.0697,0.68401749
3rd_test,accel_full,646.4031,0.67141263
3rd_test,accel_full,646.7364,0.66624842
3rd_test,accel_full,647.0697,0.69739205
3rd_test,accel_full,647.4031,0.65879406
3rd_test,accel_full,647.7364,0.66322775
3rd_test,accel_full,648.0697,0.66832909
3rd_test,accel_full,648.4031,0.70030056
3rd_test,accel_full,648.7364,0.67948803
3rd_test,accel_full,649.0697,0.68921204
3rd_test,accel_full,649.4031,0.65262267
3rd_test,accel_full,649.7364,0.67204657
3rd_test,accel_full,650.0697,0.66666106
3rd_test,accel_full,650.4031,0.65819359
3rd_test,accel_full,650.7364,0.66988031
3rd_test,accel_full,651.0697,0.66264348
3rd_test,accel_full,651.4031,0.64775364
3rd_test,accel_full,651.7364,0.66951357
3rd_test,accel_full,652.0697,0.67341084
3rd_test,accel_full,652.4031,0.6897499
3rd_test,accel_full,652.7364,0.66287272
3rd_test,accel_full,653.0697,0.67093828
3rd_test,accel_full,653.4031,0.67383312
3rd_test,accel_full,653.7364,0.68480651
3rd_test,accel_full,654.0697,0.66190277
3rd_test,accel_full,654.4031,0.66007169
3rd_test,accel_full,654.7364,0.68498466
3rd_test,accel_full,655.0697,0.65891963
3rd_test,accel_full,655.4031,0.67325534
3rd_test,accel_full,655.7364,0.67410913
3rd_test,accel_full,656.0697,0.67711573
3rd_test,accel_full,656.4031,0.67862798
3rd_test,accel_full,656.7364,0.66511879
3rd_test,accel_full,657.0697,0.67463538
3rd_test,accel_full,657.4031,0.6616693
3rd_test,accel_full,657.7364,0.67142128
3rd_test,accel_full,658.0697,0.6795139
3rd_test,accel_full,658.4031,0.67884295
3rd_test,accel_full,658.7364,0.6642045
3rd_test,accel_full,659.0697,0.68914245
3rd_test,accel_full,659.4031,0.67868729
3rd_test,accel_full,659.7364,0.65990413
3rd_test,accel_full,660.0697,0.66477032
3rd_test,accel_full,660.4031,0.68383366
3rd_test,accel_full,660.7364,0.66483554
3rd_test,accel_full,661.0697,0.66882538
3rd_test,accel_full,661.4031,0.67640547
3rd_test,accel_full,661.7364,0.68794156
3rd_test,accel_full,662.0697,0.7077676
3rd_test,accel_full,662.4031,0.67852349
3rd_test,accel_full,662.7364,0.6636171
3rd_test,accel_full,663.0697,0.66906633
3rd_test,accel_full,663.4031,0.68231976
3rd_test,accel_full,663.7364,0.6548468
3rd_test,accel_full,664.0697,0.67357629
3rd_test,accel_full,664.4031,0.69502173
3rd_test,accel_full,664.7364,0.66392253
3rd_test,accel_full,665.0697,0.69574776
3rd_test,accel_full,665.4031,0.66536292
3rd_test,accel_full,665.7364,0.68425865
3rd_test,accel_full,666.0697,0.65841575
3rd_test,accel_full,666.4031,0.70100143
3rd_test,accel_full,666.7364,0.67047339
3rd_test,accel_full,667.0697,0.65047262
3rd_test,accel_full,667.4031,0.67309956
3rd_test,accel_full,667.7364,0.68656488
3rd_test,accel_full,668.0697,0.6555702
3rd_test,accel_full,668.4031,0.65836666
3rd_test,accel_full,668.7364,0.69066214
3rd_test,accel_full,669.0697,0.70350888
3rd_test,accel_full,669.4031,0.67415512
3rd_test,accel_full,669.7364,0.68212543
3rd_test,accel_full,670.0697,0.66331197
3rd_test,accel_full,670.4031,0.665517
3rd_test,accel_full,670.7364,0.67755708
3rd_test,accel_full,671.0697,0.67636455
3rd_test,accel_full,671.4031,0.64839309
3rd_test,accel_full,671.7364,0.64725089
3rd_test,accel_full,672.0697,0.66058427
3rd_test,accel_full,672.4031,0.66691241
3rd_test,accel_full,672.7364,0.66605592
3rd_test,accel_full,673.0697,0.6732662
3rd_test,accel_full,673.4031,0.6595878
3rd_test,accel_full,673.7364,0.69660372
3rd_test,accel_full,674.0697,0.66575092
3rd_test,accel_full,674.4031,0.66335635
3rd_test,accel_full,674.7364,0.67022253
3rd_test,accel_full,675.0697,0.66034774
3rd_test,accel_full,675.4031,0.66576601
3rd_test,accel_full,675.7364,0.67296495
3rd_test,accel_full,676.0697,0.69457378
3rd_test,accel_full,676.4031,0.6655328
3rd_test,accel_full,676.7364,0.69456156
3rd_test,accel_full,677.0697,0.68063371
3rd_test,accel_full,677.4031,0.66678498
3rd_test,accel_full,677.7364,0.66128669
3rd_test,accel_full,678.0697,0.66026951
3rd_test,accel_full,678.4031,0.65364879
3rd_test,accel_full,678.7364,0.67028371
3rd_test,accel_full,679.0697,0.66461138
3rd_test,accel_full,679.4031,0.66981556
3rd_test,accel_full,679.7364,0.66322931
3rd_test,accel_full,680.0697,0.69300959
3rd_test,accel_full,680.4031,0.65460847
3rd_test,accel_full,680.7364,0.67350096
3rd_test,accel_full,681.0697,0.68051496
3rd_test,accel_full,681.4031,0.65608908
3rd_test,accel_full,681.7364,0.64947851
3rd_test,accel_full,682.0697,0.66633112
3rd_test,accel_full,682.4031,0.670379
3rd_test,accel_full,682.7364,0.66106875
3rd_test,accel_full,683.0697,0.67269839
3rd_test,accel_full,683.4031,0.68517146
3rd_test,accel_full,683.7364,0.67906626
3rd_test,accel_full,684.0697,0.64663355
3rd_test,accel_full,684.4031,0.65904106
3rd_test,accel_full,684.7364,0.65290109
3rd_test,accel_full,685.0697,0.66442089
3rd_test,accel_full,685.4031,0.66910749
3rd_test,accel_full,685.7364,0.65723658
3rd_test,accel_full,686.0697,0.66304374
3rd_test,accel_full,686.4031,0.68042216
3rd_test,accel_full,686.7364,0.67069703
3rd_test,accel_full,687.0697,0.68836644
3rd_test,accel_full,687.4031,0.66761113
3rd_test,accel_full,687.7364,0.66367385
3rd_test,accel_full,688.0697,0.66635853
3rd_test,accel_full,688.4031,0.65007263
3rd_test,accel_full,688.7364,0.65626692
3rd_test,accel_full,689.0697,0.67140073
3rd_test,accel_full,689.4031,0.66192154
3rd_test,accel_full,689.7364,0.66463172
3rd_test,accel_full,690.0697,0.66532485
3rd_test,accel_full,690.4031,0.6711897
3rd_test,accel_full,690.7364,0.6524372
3rd_test,accel_full,691.0697,0.67239908
3rd_test,accel_full,691.4031,0.65766012
3rd_test,accel_full,691.7364,0.69193878
3rd_test,accel_full,692.0697,0.6705687
3rd_test,accel_full,692.4031,0.67161253
3rd_test,accel_full,692.7364,0.68278755
3rd_test,accel_full,693.0697,0.6819952
3rd_test,accel_full,693.4031,0.65338716
3rd_test,accel_full,693.7364,0.6598285
3rd_test,accel_full,694.0697,0.64814236
3rd_test,accel_full,694.4031,0.69916439
3rd_test,accel_full,694.7364,0.68765604
3rd_test,accel_full,695.0697,0.66851478
3rd_test,accel_full,695.4031,0.6606371
3rd_test,accel_full,695.7364,0.65844792
3rd_test,accel_full,696.0697,0.67342682
3rd_test,accel_full,696.4031,0.68912235
3rd_test,accel_full,696.7364,0.65928675
3rd_test,accel_full,697.0697,0.66284866
3rd_test,accel_full,697.4031,0.64977497
3rd_test,accel_full,697.7364,0.67766374
3rd_test,accel_full,698.0697,0.65563008
3rd_test,accel_full,698.4031,0.68730772
3rd_test,accel_full,698.7364,0.68359273
3rd_test,accel_full,699.0697,0.67226748
3rd_test,accel_full,699.4031,0.663266
3rd_test,accel_full,699.7364,0.67136813
3rd_test,accel_full,700.0697,0.68060522
3rd_test,accel_full,700.4031,0.67676185
3rd_test,accel_full,700.7364,0.67125362
3rd_test,accel_full,701.0697,0.67479814
3rd_test,accel_full,701.4031,0.66094367
3rd_test,accel_full,701.7364,0.66583219
3rd_test,accel_full,702.0697,0.66700623
3rd_test,accel_full,702.4031,0.65493831
3rd_test,accel_full,702.7364,0.6477507
3rd_test,accel_full,703.0697,0.67320465
3rd_test,accel_full,703.4031,0.66832432
3rd_test,accel_full,703.7364,0.69453873
3rd_test,accel_full,704.0697,0.65044832
3rd_test,accel_full,704.4031,0.65034688
3rd_test,accel_full,704.7364,0.65961295
3rd_test,accel_full,705.0697,0.6691835
3rd_test,accel_full,705.4031,0.68768781
3rd_test,accel_full,705.7364,0.66592759
3rd_test,accel_full,706.0697,0.6572334
3rd_test,accel_full,706.4031,0.67461471
3rd_test,accel_full,706.7364,0.67633572
3rd_test,accel_full,707.0697,0.66144367
3rd_test,accel_full,707.4031,0.66360048
3rd_test,accel_full,707.7364,0.64858418
3rd_test,accel_full,708.0697,0.65706591
3rd_test,accel_full,708.4031,0.64468115
3rd_test,accel_full,708.7364,0.66361341
3rd_test,accel_full,709.0697,0.67074796
3rd_test,accel_full,709.4031,0.66720395
3rd_test,accel_full,709.7364,0.67118406
3rd_test,accel_full,710.0697,0.6582952
3rd_test,accel_full,710.4031,0.66197956
3rd_test,accel_full,710.7364,0.67169288
3rd_test,accel_full,711.0697,0.68887225
3rd_test,accel_full,711.4031,0.66181857
3rd_test,accel_full,711.7364,0.68264594
3rd_test,accel_full,712.0697,0.67183567
3rd_test,accel_full,712.4031,0.65311295
3rd_test,accel_full,712.7364,0.64529885
3rd_test,accel_full,713.0697,0.68204122
3rd_test,accel_full,713.4031,0.65822763
3rd_test,accel_full,713.7364,0.66499817
3rd_test,accel_full,714.0697,0.68371264
3rd_test,accel_full,714.4031,0.67014668
3rd_test,accel_full,714.7364,0.67414228
3rd_test,accel_full,715.0697,0.66662717
3rd_test,accel_full,715.4031,0.65362281
3rd_test,accel_full,715.7364,0.67920668
3rd_test,accel_full,716.0697,0.65913951
3rd_test,accel_full,716.4031,0.69561947
3rd_test,accel_full,716.7364,0.66758653
3rd_test,accel_full,717.0697,0.66028157
3rd_test,accel_full,717.4031,0.64683807
3rd_test,accel_full,717.7364,0.65093014
3rd_test,accel_full,718.0697,0.67557864
3rd_test,accel_full,718.4031,0.67128319
3rd_test,accel_full,718.7364,0.67518616
3rd_test,accel_full,719.0697,0.68007403
3rd_test,accel_full,719.4031,0.67856862
3rd_test,accel_full,719.7364,0.68214277
3rd_test,accel_full,720.0697,0.66507892
3rd_test,accel_full,720.4031,0.68452799
3rd_test,accel_full,720.7364,0.68136732
3rd_test,accel_full,721.0697,0.7066
3rd_test,accel_full,721.4031,0.67083482
3rd_test,accel_full,721.7364,0.67817455
3rd_test,accel_full,722.0697,0.68170626
3rd_test,accel_full,722.4031,0.68793679
3rd_test,accel_full,722.7364,0.67124872
3rd_test,accel_full,723.0697,0.70630197
3rd_test,accel_full,723.4031,0.71483629
3rd_test,accel_full,723.7364,0.68636128
3rd_test,accel_full,724.0697,0.69453109
3rd_test,accel_full,724.4031,0.69036509
3rd_test,accel_full,724.7364,0.67750892
3rd_test,accel_full,725.0697,0.67337878
3rd_test,accel_full,725.4031,0.67285173
3rd_test,accel_full,725.7364,0.67603006
3rd_test,accel_full,726.0697,0.67029677
3rd_test,accel_full,726.4031,0.66868285
3rd_test,accel_full,726.7364,0.67080866
3rd_test,accel_full,727.0697,0.69125214
3rd_test,accel_full,727.4031,0.68035037
3rd_test,accel_full,727.7364,0.65985726
3rd_test,accel_full,728.0697,0.68896555
3rd_test,accel_full,728.4031,0.68648586
3rd_test,accel_full,728.7364,0.69511019
3rd_test,accel_full,729.0697,0.68592994
3rd_test,accel_full,729.4031,0.68212712
3rd_test,accel_full,729.7364,0.67583953
3rd_test,accel_full,730.0697,0.678366
3rd_test,accel_full,730.4031,0.69434583
3rd_test,accel_full,730.7364,0.69824337
3rd_test,accel_full,731.0697,0.69390494
3rd_test,accel_full,731.4031,0.71670985
3rd_test,accel_full,731.7364,0.69876916
3rd_test,accel_full,732.0697,0.67186318
3rd_test,accel_full,732.4031,0.68324062
3rd_test,accel_full,732.7364,0.67274441
3rd_test,accel_full,733.0697,0.6692229
3rd_test,accel_full,733.4031,0.66799688
3rd_test,accel_full,733.7364,0.68487303
3rd_test,accel_full,734.0697,0.66920768
3rd_test,accel_full,734.4031,0.68062152
3rd_test,accel_full,734.7364,0.70284669
3rd_test,accel_full,735.0697,0.68276792
3rd_test,accel_full,735.4031,0.67081431
3rd_test,accel_full,735.7364,0.67150765
3rd_test,accel_full,736.0697,0.6701044
3rd_test,accel_full,736.4031,0.65752228
3rd_test,accel_full,737.7364,0.69123889
3rd_test,accel_full,738.0697,0.67253363
3rd_test,accel_full,738.4031,0.67228901
3rd_test,accel_full,738.7364,0.69205323
3rd_test,accel_full,739.0697,0.67507993
3rd_test,accel_full,739.4031,0.66511692
3rd_test,accel_full,739.7364,0.6735975
3rd_test,accel_full,740.0697,0.67967017
3rd_test,accel_full,740.4031,0.68537808
3rd_test,accel_full,740.7364,0.67366078
3rd_test,accel_full,741.0697,0.68945749
3rd_test,accel_full,741.4031,0.66628468
3rd_test,accel_full,741.7364,0.66384496
3rd_test,accel_full,742.0697,0.69596318
3rd_test,accel_full,742.4031,0.65865261
3rd_test,accel_full,742.7364,0.65700503
3rd_test,accel_full,743.0697,0.66813034
3rd_test,accel_full,743.4031,0.69692187
3rd_test,accel_full,743.7364,0.66306023
3rd_test,accel_full,744.0697,0.656692
3rd_test,accel_full,744.4031,0.67948011
3rd_test,accel_full,744.7364,0.68849045
3rd_test,accel_full,745.0697,0.6722554
3rd_test,accel_full,745.4031,0.65526711
3rd_test,accel_full,745.7364,0.67539745
3rd_test,accel_full,746.0697,0.6700299
3rd_test,accel_full,746.4031,0.67222316
3rd_test,accel_full,746.7364,0.66578232
3rd_test,accel_full,747.0697,0.67787156
3rd_test,accel_full,747.4031,0.67048351
3rd_test,accel_full,747.7364,0.68299357
3rd_test,accel_full,748.0697,0.66535386
3rd_test,accel_full,748.4031,0.68538862
3rd_test,accel_full,748.7364,0.68207129
3rd_test,accel_full,749.0697,0.67909819
3rd_test,accel_full,749.4031,0.70235978
3rd_test,accel_full,749.7364,0.67627893
3rd_test,accel_full,750.0697,0.65295502
3rd_test,accel_full,750.4031,0.68383534
3rd_test,accel_full,750.7364,0.68768673
3rd_test,accel_full,751.0697,0.67917601
3rd_test,accel_full,751.4031,0.67493342
3rd_test,accel_full,751.7364,0.6807153
3rd_test,accel_full,752.0697,0.69368085
3rd_test,accel_full,752.4031,0.70766869
3rd_test,accel_full,752.7364,0.67228975
3rd_test,accel_full,753.0697,0.68813857
3rd_test,accel_full,753.4031,0.66593037
3rd_test,accel_full,753.7364,0.67371276
3rd_test,accel_full,754.0697,0.70171214
3rd_test,accel_full,754.4031,0.6633278
3rd_test,accel_full,754.7364,0.69037937
3rd_test,accel_full,755.0697,0.68046437
3rd_test,accel_full,755.4031,0.69464036
3rd_test,accel_full,755.7364,0.66123225
3rd_test,accel_full,756.0697,0.66532604
3rd_test,accel_full,756.4031,0.68992771
3rd_test,accel_full,756.7364,0.65294239
3rd_test,accel_full,757.0697,0.66863982
3rd_test,accel_full,757.4031,0.68085615
3rd_test,accel_full,757.7364,0.69589084
3rd_test,accel_full,758.0697,0.66677386
3rd_test,accel_full,758.4031,0.6878535
3rd_test,accel_full,758.7364,0.6595339
3rd_test,accel_full,759.0697,0.67097345
3rd_test,accel_full,759.4031,0.69452685
3rd_test,accel_full,759.7364,0.68568803
3rd_test,accel_full,760.0697,0.72395131
3rd_test,accel_full,760.4031,0.69318428
3rd_test,accel_full,760.7364,0.6598753
3rd_test,accel_full,761.0697,0.67850611
3rd_test,accel_full,761.4031,0.67034782
3rd_test,accel_full,761.7364,0.68586649
3rd_test,accel_full,762.0697,0.6760019
3rd_test,accel_full,762.4031,0.69508028
3rd_test,accel_full,762.7364,0.66399392
3rd_test,accel_full,763.0697,0.67373372
3rd_test,accel_full,763.4031,0.68520681
3rd_test,accel_full,763.7364,0.70913735
3rd_test,accel_full,764.0697,0.68523625
3rd_test,accel_full,764.4031,0.70843382
3rd_test,accel_full,764.7364,0.69855272
3rd_test,accel_full,765.0697,0.68779479
3rd_test,accel_full,765.4031,0.67487962
3rd_test,accel_full,765.7364,0.68550818
3rd_test,accel_full,766.0697,0.67304805
3rd_test,accel_full,766.4031,0.67685609
3rd_test,accel_full,766.7364,0.70310795
3rd_test,accel_full,767.0697,0.67774598
3rd_test,accel_full,767.4031,0.69449497
3rd_test,accel_full,767.7364,0.68514671
3rd_test,accel_full,768.0697,0.68259483
3rd_test,accel_full,768.4031,0.66431448
3rd_test,accel_full,768.7364,0.67669926
3rd_test,accel_full,769.0697,0.66990057
3rd_test,accel_full,769.4031,0.69248279
3rd_test,accel_full,769.7364,0.67391142
3rd_test,accel_full,770.0697,0.69556373
3rd_test,accel_full,770.4031,0.66370617
3rd_test,accel_full,770.7364,0.68047426
3rd_test,accel_full,771.0697,0.68082704
3rd_test,accel_full,771.4031,0.66794192
3rd_test,accel_full,771.7364,0.65159703
3rd_test,accel_full,772.0697,0.67743455
3rd_test,accel_full,772.4031,0.67453572
3rd_test,accel_full,772.7364,0.67248104
3rd_test,accel_full,773.0697,0.64817006
3rd_test,accel_full,773.4031,0.67172652
3rd_test,accel_full,773.7364,0.65664715
3rd_test,accel_full,774.0697,0.68567165
3rd_test,accel_full,774.4031,0.68558237
3rd_test,accel_full,774.7364,0.66801962
3rd_test,accel_full,775.0697,0.67192933
3rd_test,accel_full,775.4031,0.68282691
3rd_test,accel_full,775.7364,0.68412575
3rd_test,accel_full,776.0697,0.68303756
3rd_test,accel_full,776.4031,0.67432928
3rd_test,accel_full,776.7364,0.66728669
3rd_test,accel_full,777.0697,0.672061
3rd_test,accel_full,777.4031,0.69771196
3rd_test,accel_full,777.7364,0.67800914
3rd_test,accel_full,778.0697,0.65988156
3rd_test,accel_full,778.4031,0.66596069
3rd_test,accel_full,778.7364,0.67432597
3rd_test,accel_full,779.0697,0.66594415
3rd_test,accel_full,779.4031,0.65872565
3rd_test,accel_full,779.7364,0.68921731
3rd_test,accel_full,780.0697,0.676171
3rd_test,accel_full,780.4031,0.66849492
3rd_test,accel_full,780.7364,0.64636285
3rd_test,accel_full,781.0697,0.66462727
3rd_test,accel_full,781.4031,0.67272876
3rd_test,accel_full,781.7364,0.67054395
3rd_test,accel_full,782.0697,0.68374278
3rd_test,accel_full,782.4031,0.64893796
3rd_test,accel_full,782.7364,0.69105764
3rd_test,accel_full,783.0697,0.66912216
3rd_test,accel_full,783.4031,0.66936746
3rd_test,accel_full,783.7364,0.66567993
3rd_test,accel_full,784.0697,0.6717377
3rd_test,accel_full,784.4031,0.69034016
3rd_test,accel_full,784.7364,0.66811223
3rd_test,accel_full,785.0697,0.70545682
3rd_test,accel_full,785.4031,0.69304269
3rd_test,accel_full,785.7364,0.66953612
3rd_test,accel_full,786.0697,0.66698638
3rd_test,accel_full,786.4031,0.69029177
3rd_test,accel_full,786.7364,0.66105464
3rd_test,accel_full,787.0697,0.67932355
3rd_test,accel_full,787.4031,0.66299999
3rd_test,accel_full,787.7364,0.65972247
3rd_test,accel_full,788.0697,0.69166687
3rd_test,accel_full,788.4031,0.69214864
3rd_test,accel_full,788.7364,0.66567381
3rd_test,accel_full,789.0697,0.67118238
3rd_test,accel_full,789.4031,0.66625014
3rd_test,accel_full,789.7364,0.67565549
3rd_test,accel_full,790.0697,0.66289005
3rd_test,accel_full,790.4031,0.69229086
3rd_test,accel_full,790.7364,0.66900089
3rd_test,accel_full,791.0697,0.67223111
3rd_test,accel_full,791.4031,0.66839268
3rd_test,accel_full,791.7364,0.66492224
3rd_test,accel_full,792.0697,0.67042664
3rd_test,accel_full,792.4031,0.67428933
3rd_test,accel_full,792.7364,0.69695987
3rd_test,accel_full,793.0697,0.67689553
3rd_test,accel_full,793.4031,0.67505193
3rd_test,accel_full,793.7364,0.66769746
3rd_test,accel_full,794.0697,0.67514128
3rd_test,accel_full,794.4031,0.67797978
3rd_test,accel_full,794.7364,0.67954339
3rd_test,accel_full,795.0697,0.69613438
3rd_test,accel_full,795.4031,0.67028348
3rd_test,accel_full,795.7364,0.67753059
3rd_test,accel_full,796.0697,0.70042968
3rd_test,accel_full,796.4031,0.66887537
3rd_test,accel_full,796.7364,0.66385239
3rd_test,accel_full,797.0697,0.68913784
3rd_test,accel_full,797.4031,0.67841416
3rd_test,accel_full,797.7364,0.67695372
3rd_test,accel_full,798.0697,0.65097319
3rd_test,accel_full,798.4031,0.66981239
3rd_test,accel_full,798.7364,0.67473277
3rd_test,accel_full,799.0697,0.65651532
3rd_test,accel_full,799.4031,0.66929981
3rd_test,accel_full,799.7364,0.67717406
3rd_test,accel_full,800.0697,0.67213894
3rd_test,accel_full,800.4031,0.66792358
3rd_test,accel_full,800.7364,0.66349716
3rd_test,accel_full,801.0697,0.67715743
3rd_test,accel_full,801.4031,0.68024621
3rd_test,accel_full,801.7364,0.67494624
3rd_test,accel_full,802.0697,0.67011517
3rd_test,accel_full,802.4031,0.67298971
3rd_test,accel_full,802.7364,0.6896126
3rd_test,accel_full,803.0697,0.67139761
3rd_test,accel_full,803.4031,0.6883383
3rd_test,accel_full,803.7364,0.66918752
3rd_test,accel_full,804.0697,0.65932767
3rd_test,accel_full,804.4031,0.66069383
3rd_test,accel_full,804.7364,0.66734422
3rd_test,accel_full,805.0697,0.69095753
3rd_test,accel_full,805.4031,0.67363164
3rd_test,accel_full,805.7364,0.67237043
3rd_test,accel_full,806.0697,0.67197334
3rd_test,accel_full,806.4031,0.66992641
3rd_test,accel_full,806.7364,0.65403607
3rd_test,accel_full,807.0697,0.67099408
3rd_test,accel_full,807.4031,0.6876183
3rd_test,accel_full,807.7364,0.67384656
3rd_test,accel_full,808.0697,0.67791536
3rd_test,accel_full,808.4031,0.69967608
3rd_test,accel_full,808.7364,0.70884825
3rd_test,accel_full,809.0697,0.6752586
3rd_test,accel_full,809.4031,0.66966523
3rd_test,accel_full,809.7364,0.6845376
3rd_test,accel_full,810.0697,0.67275712
3rd_test,accel_full,810.4031,0.66626885
3rd_test,accel_full,810.7364,0.66482495
3rd_test,accel_full,811.0697,0.68883861
3rd_test,accel_full,811.4031,0.68503456
3rd_test,accel_full,811.7364,0.67926659
3rd_test,accel_full,812.0697,0.66644419
3rd_test,accel_full,812.4031,0.67145053
3rd_test,accel_full,812.7364,0.69468256
3rd_test,accel_full,813.0697,0.66149788
3rd_test,accel_full,813.4031,0.68533129
3rd_test,accel_full,813.7364,0.67892206
3rd_test,accel_full,814.0697,0.66375097
3rd_test,accel_full,814.4031,0.67204753
3rd_test,accel_full,814.7364,0.65936231
3rd_test,accel_full,815.0697,0.68104622
3rd_test,accel_full,815.4031,0.65445556
3rd_test,accel_full,815.7364,0.64758497
3rd_test,accel_full,816.0697,0.68398013
3rd_test,accel_full,816.4031,0.6688029
3rd_test,accel_full,816.7364,0.69266487
3rd_test,accel_full,817.0697,0.67331214
3rd_test,accel_full,817.4031,0.65470971
3rd_test,accel_full,817.7364,0.6550185
3rd_test,accel_full,818.0697,0.67045011
3rd_test,accel_full,818.4031,0.68034158
3rd_test,accel_full,818.7364,0.67349376
3rd_test,accel_full,819.0697,0.65634005
3rd_test,accel_full,819.4031,0.65063785
3rd_test,accel_full,819.7364,0.65496209
3rd_test,accel_full,820.0697,0.66815873
3rd_test,accel_full,820.4031,0.65365928
3rd_test,accel_full,820.7364,0.67734824
3rd_test,accel_full,821.0697,0.64124061
3rd_test,accel_full,821.4031,0.68985595
3rd_test,accel_full,821.7364,0.65014382
3rd_test,accel_full,822.0697,0.67687776
3rd_test,accel_full,822.4031,0.66236315
3rd_test,accel_full,822.7364,0.65245859
3rd_test,accel_full,823.0697,0.66968957
3rd_test,accel_full,823.4031,0.6664809
3rd_test,accel_full,823.7364,0.66504354
3rd_test,accel_full,824.0697,0.68670981
3rd_test,accel_full,824.4031,0.66736517
3rd_test,accel_full,824.7364,0.68636916
3rd_test,accel_full,825.0697,0.6735179
3rd_test,accel_full,825.4031,0.65864149
3rd_test,accel_full,825.7364,0.66240205
3rd_test,accel_full,826.0697,0.67951329
3rd_test,accel_full,826.4031,0.65957269
3rd_test,accel_full,826.7364,0.66001799
3rd_test,accel_full,827.0697,0.67236252
3rd_test,accel_full,827.4031,0.6676175
3rd_test,accel_full,827.7364,0.6782925
3rd_test,accel_full,828.0697,0.65993949
3rd_test,accel_full,828.4031,0.66747136
3rd_test,accel_full,828.7364,0.66407341
3rd_test,accel_full,829.0697,0.67781076
3rd_test,accel_full,829.4031,0.6712328
3rd_test,accel_full,829.7364,0.69023219
3rd_test,accel_full,830.0697,0.6643464
3rd_test,accel_full,830.4031,0.66830644
3rd_test,accel_full,830.7364,0.6907006
3rd_test,accel_full,831.0697,0.69630694
3rd_test,accel_full,831.4031,0.66821972
3rd_test,accel_full,831.7364,0.70670963
3rd_test,accel_full,832.0697,0.66520702
3rd_test,accel_full,832.4031,0.68552929
3rd_test,accel_full,832.7364,0.65931466
3rd_test,accel_full,833.0697,0.67316941
3rd_test,accel_full,833.4031,0.69210314
3rd_test,accel_full,833.7364,0.67334211
3rd_test,accel_full,834.0697,0.65191723
3rd_test,accel_full,834.4031,0.67060738
3rd_test,accel_full,834.7364,0.68629215
3rd_test,accel_full,835.0697,0.67253289
3rd_test,accel_full,835.4031,0.65390356
3rd_test,accel_full,835.7364,0.6805624
3rd_test,accel_full,836.0697,0.68291711
3rd_test,accel_full,836.4031,0.66346372
3rd_test,accel_full,836.7364,0.66627849
3rd_test,accel_full,837.0697,0.6652964
3rd_test,accel_full,837.4031,0.65228373
3rd_test,accel_full,837.7364,0.66176638
3rd_test,accel_full,838.0697,0.65990767
3rd_test,accel_full,838.4031,0.65824777
3rd_test,accel_full,838.7364,0.65119036
3rd_test,accel_full,839.0697,0.66538692
3rd_test,accel_full,839.4031,0.68217075
3rd_test,accel_full,839.7364,0.67895249
3rd_test,accel_full,840.0697,0.66639379
3rd_test,accel_full,840.4031,0.67548363
3rd_test,accel_full,840.7364,0.66747095
3rd_test,accel_full,841.0697,0.65069457
3rd_test,accel_full,841.4031,0.67300621
3rd_test,accel_full,841.7364,0.67027965
3rd_test,accel_full,842.0697,0.66988547
3rd_test,accel_full,842.4031,0.65059645
3rd_test,accel_full,842.7364,0.65566937
3rd_test,accel_full,843.0697,0.6893851
3rd_test,accel_full,843.4031,0.69878168
3rd_test,accel_full,843.7364,0.66734363
3rd_test,accel_full,844.0697,0.66197845
3rd_test,accel_full,844.4031,0.68609071
3rd_test,accel_full,844.7364,0.67130405
3rd_test,accel_full,845.0697,0.66370245
3rd_test,accel_full,845.4031,0.6577945
3rd_test,accel_full,845.7364,0.66416671
3rd_test,accel_full,846.0697,0.69181805
3rd_test,accel_full,846.4031,0.67003668
3rd_test,accel_full,846.7364,0.67084519
3rd_test,accel_full,847.0697,0.6747051
3rd_test,accel_full,847.4031,0.66206316
3rd_test,accel_full,847.7364,0.68290622
3rd_test,accel_full,848.0697,0.66955315
3rd_test,accel_full,848.4031,0.67234188
3rd_test,accel_full,848.7364,0.65468783
3rd_test,accel_full,849.0697,0.68683294
3rd_test,accel_full,849.4031,0.66564812
3rd_test,accel_full,849.7364,0.66008034
3rd_test,accel_full,850.0697,0.67520289
3rd_test,accel_full,850.4031,0.67548918
3rd_test,accel_full,850.7364,0.67451473
3rd_test,accel_full,851.0697,0.6651912
3rd_test,accel_full,851.4031,0.68044837
3rd_test,accel_full,851.7364,0.6736819
3rd_test,accel_full,852.0697,0.67589055
3rd_test,accel_full,852.4031,0.67339993
3rd_test,accel_full,852.7364,0.66877212
3rd_test,accel_full,853.0697,0.66241432
3rd_test,accel_full,853.4031,0.68286771
3rd_test,accel_full,853.7364,0.68430572
3rd_test,accel_full,854.0697,0.69470314
3rd_test,accel_full,854.4031,0.66795294
3rd_test,accel_full,854.7364,0.66772456
3rd_test,accel_full,855.0697,0.68389386
3rd_test,accel_full,855.4031,0.67459897
3rd_test,accel_full,855.7364,0.68454047
3rd_test,accel_full,856.0697,0.68447972
3rd_test,accel_full,856.4031,0.66579987
3rd_test,accel_full,856.7364,0.70347638
3rd_test,accel_full,857.0697,0.67411559
3rd_test,accel_full,857.4031,0.66690092
3rd_test,accel_full,857.7364,0.71159682
3rd_test,accel_full,858.0697,0.68456397
3rd_test,accel_full,858.4031,0.67908842
3rd_test,accel_full,858.7364,0.68113386
3rd_test,accel_full,859.0697,0.68080465
3rd_test,accel_full,859.4031,0.68702051
3rd_test,accel_full,859.7364,0.68458187
3rd_test,accel_full,860.0697,0.66974201
3rd_test,accel_full,860.4031,0.68149768
3rd_test,accel_full,860.7364,0.67815812
3rd_test,accel_full,861.0697,0.68906516
3rd_test,accel_full,861.4031,0.69379608
3rd_test,accel_full,861.7364,0.69431366
3rd_test,accel_full,862.0697,0.67669718
3rd_test,accel_full,862.4031,0.66797102
3rd_test,accel_full,862.7364,0.67077074
3rd_test,accel_full,863.0697,0.66039408
3rd_test,accel_full,863.4031,0.68729322
3rd_test,accel_full,863.7364,0.67280691
3rd_test,accel_full,864.0697,0.67103612
3rd_test,accel_full,864.4031,0.68550757
3rd_test,accel_full,864.7364,0.67998219
3rd_test,accel_full,865.0697,0.66453948
3rd_test,accel_full,865.4031,0.71995002
3rd_test,accel_full,865.7364,0.6684307
3rd_test,accel_full,866.0697,0.66739877
3rd_test,accel_full,866.4031,0.67634926
3rd_test,accel_full,866.7364,0.65782574
3rd_test,accel_full,867.0697,0.68143026
3rd_test,accel_full,867.4031,0.7056938
3rd_test,accel_full,867.7364,0.67804958
3rd_test,accel_full,868.0697,0.67571916
3rd_test,accel_full,868.4031,0.67906719
3rd_test,accel_full,868.7364,0.66751643
3rd_test,accel_full,869.0697,0.68445988
3rd_test,accel_full,869.4031,0.66675388
3rd_test,accel_full,869.7364,0.64790645
3rd_test,accel_full,870.0697,0.67338714
3rd_test,accel_full,870.4031,0.6631402
3rd_test,accel_full,870.7364,0.64981662
3rd_test,accel_full,871.0697,0.67804676
3rd_test,accel_full,871.4031,0.65989787
3rd_test,accel_full,871.7364,0.66079298
3rd_test,accel_full,872.0697,0.68358319
3rd_test,accel_full,872.4031,0.67995235
3rd_test,accel_full,872.7364,0.67924536
3rd_test,accel_full,873.0697,0.67636624
3rd_test,accel_full,873.4031,0.68380399
3rd_test,accel_full,873.7364,0.66000116
3rd_test,accel_full,874.0697,0.67892144
3rd_test,accel_full,874.4031,0.6639597
3rd_test,accel_full,874.7364,0.68707674
3rd_test,accel_full,875.0697,0.69051608
3rd_test,accel_full,875.4031,0.68315407
3rd_test,accel_full,875.7364,0.66784697
3rd_test,accel_full,876.0697,0.67453214
3rd_test,accel_full,876.4031,0.6592552
3rd_test,accel_full,876.7364,0.68275951
3rd_test,accel_full,877.0697,0.70567115
3rd_test,accel_full,877.4031,0.70282988
3rd_test,accel_full,877.7364,0.67696702
3rd_test,accel_full,878.0697,0.69353807
3rd_test,accel_full,878.4031,0.67347133
3rd_test,accel_full,878.7364,0.66433085
3rd_test,accel_full,879.0697,0.66900945
3rd_test,accel_full,879.4031,0.69098632
3rd_test,accel_full,879.7364,0.66553569
3rd_test,accel_full,880.0697,0.70576811
3rd_test,accel_full,880.4031,0.6752161
3rd_test,accel_full,880.7364,0.69336826
3rd_test,accel_full,881.0697,0.67953594
3rd_test,accel_full,881.4031,0.67707861
3rd_test,accel_full,881.7364,0.66573456
3rd_test,accel_full,882.0697,0.69266328
3rd_test,accel_full,882.4031,0.69216018
3rd_test,accel_full,882.7364,0.69590266
3rd_test,accel_full,883.0697,0.69552381
3rd_test,accel_full,883.4031,0.6911822
3rd_test,accel_full,883.7364,0.68275341
3rd_test,accel_full,884.0697,0.66118463
3rd_test,accel_full,884.4031,0.68220848
3rd_test,accel_full,884.7364,0.66010153
3rd_test,accel_full,885.0697,0.71392602
3rd_test,accel_full,885.4031,0.67139129
3rd_test,accel_full,885.7364,0.69152675
3rd_test,accel_full,886.0697,0.66961203
3rd_test,accel_full,886.4031,0.70531041
3rd_test,accel_full,886.7364,0.66119858
3rd_test,accel_full,887.0697,0.6812015
3rd_test,accel_full,887.4031,0.67266236
3rd_test,accel_full,887.7364,0.68067902
3rd_test,accel_full,888.0697,0.68378576
3rd_test,accel_full,888.4031,0.67353607
3rd_test,accel_full,888.7364,0.66605911
3rd_test,accel_full,889.0697,0.67547671
3rd_test,accel_full,889.4031,0.6837512
3rd_test,accel_full,889.7364,0.65887862
3rd_test,accel_full,890.0697,0.68847799
3rd_test,accel_full,890.4031,0.68451581
3rd_test,accel_full,890.7364,0.67992933
3rd_test,accel_full,891.0697,0.67599261
3rd_test,accel_full,891.4031,0.69115518
3rd_test,accel_full,891.7364,0.67727569
3rd_test,accel_full,892.0697,0.69531629
3rd_test,accel_full,892.4031,0.67899379
3rd_test,accel_full,892.7364,0.69214304
3rd_test,accel_full,893.0697,0.68955835
3rd_test,accel_full,893.4031,0.68678987
3rd_test,accel_full,893.7364,0.70766692
3rd_test,accel_full,894.0697,0.68177355
3rd_test,accel_full,894.4031,0.68265286
3rd_test,accel_full,894.7364,0.67143198
3rd_test,accel_full,895.0697,0.68682744
3rd_test,accel_full,895.4031,0.69820284
3rd_test,accel_full,895.7364,0.69755786
3rd_test,accel_full,896.0697,0.68542232
3rd_test,accel_full,896.4031,0.70470995
3rd_test,accel_full,896.7364,0.66745724
3rd_test,accel_full,897.0697,0.6662625
3rd_test,accel_full,897.4031,0.68240709
3rd_test,accel_full,897.7364,0.68832924
3rd_test,accel_full,898.0697,0.70146158
3rd_test,accel_full,898.4031,0.68519208
3rd_test,accel_full,898.7364,0.67147017
3rd_test,accel_full,899.0697,0.70950983
3rd_test,accel_full,899.4031,0.66608565
3rd_test,accel_full,899.7364,0.68581353
3rd_test,accel_full,900.0697,0.69834306
3rd_test,accel_full,900.4031,0.68136626
3rd_test,accel_full,900.7364,0.67679461
3rd_test,accel_full,901.0697,0.66775267
3rd_test,accel_full,901.4031,0.68076338
3rd_test,accel_full,901.7364,0.69318577
3rd_test,accel_full,902.0697,0.67654258
3rd_test,accel_full,902.4031,0.69565882
3rd_test,accel_full,902.7364,0.69387228
3rd_test,accel_full,903.0697,0.69893602
3rd_test,accel_full,903.4031,0.67750211
3rd_test,accel_full,903.7364,0.65635484
3rd_test,accel_full,904.0697,0.68548798
3rd_test,accel_full,904.4031,0.67775318
3rd_test,accel_full,904.7364,0.68661034
3rd_test,accel_full,905.0697,0.68334135
3rd_test,accel_full,905.4031,0.67567268
3rd_test,accel_full,905.7364,0.69438498
3rd_test,accel_full,906.0697,0.70924094
3rd_test,accel_full,906.4031,0.6971494
3rd_test,accel_full,906.7364,0.68058722
3rd_test,accel_full,907.0697,0.67462481
3rd_test,accel_full,907.4031,0.66638147
3rd_test,accel_full,907.7364,0.71707072
3rd_test,accel_full,908.0697,0.66982776
3rd_test,accel_full,908.4031,0.67218817
3rd_test,accel_full,908.7364,0.69043219
3rd_test,accel_full,909.0697,0.70536045
3rd_test,accel_full,909.4031,0.69914313
3rd_test,accel_full,909.7364,0.68215942
3rd_test,accel_full,910.0697,0.69149026
3rd_test,accel_full,910.4031,0.68906616
3rd_test,accel_full,910.7364,0.69159748
3rd_test,accel_full,911.0697,0.69421545
3rd_test,accel_full,911.4031,0.69136064
3rd_test,accel_full,911.7364,0.6880542
3rd_test,accel_full,912.0697,0.68750361
3rd_test,accel_full,912.4031,0.68410043
3rd_test,accel_full,912.7364,0.67664458
3rd_test,accel_full,913.0697,0.68391575
3rd_test,accel_full,913.4031,0.66724373
3rd_test,accel_full,913.7364,0.67972471
3rd_test,accel_full,914.0697,0.6729911
3rd_test,accel_full,914.4031,0.67708183
3rd_test,accel_full,914.7364,0.69864598
3rd_test,accel_full,915.0697,0.66741697
3rd_test,accel_full,915.4031,0.69485082
3rd_test,accel_full,915.7364,0.69260927
3rd_test,accel_full,916.0697,0.68265717
3rd_test,accel_full,916.4031,0.69473597
3rd_test,accel_full,916.7364,0.69714045
3rd_test,accel_full,917.0697,0.6911676
3rd_test,accel_full,917.4031,0.70017617
3rd_test,accel_full,917.7364,0.68852683
3rd_test,accel_full,918.0697,0.68655102
3rd_test,accel_full,918.4031,0.68075425
3rd_test,accel_full,918.7364,0.67010589
3rd_test,accel_full,919.0697,0.6943705
3rd_test,accel_full,919.4031,0.68796673
3rd_test,accel_full,919.7364,0.68772667
3rd_test,accel_full,920.0697,0.69339361
3rd_test,accel_full,920.4031,0.69458188
3rd_test,accel_full,920.7364,0.70340866
3rd_test,accel_full,921.0697,0.69200227
3rd_test,accel_full,921.4031,0.67078953
3rd_test,accel_full,921.7364,0.68044129
3rd_test,accel_full,922.0697,0.69144977
3rd_test,accel_full,922.4031,0.68619365
3rd_test,accel_full,922.7364,0.6895457
3rd_test,accel_full,923.0697,0.67814544
3rd_test,accel_full,923.4031,0.71209726
3rd_test,accel_full,923.7364,0.6756703
3rd_test,accel_full,924.0697,0.70577557
3rd_test,accel_full,924.4031,0.68274731
3rd_test,accel_full,924.7364,0.679421
3rd_test,accel_full,925.0697,0.68500947
3rd_test,accel_full,925.4031,0.70860857
3rd_test,accel_full,925.7364,0.72621224
3rd_test,accel_full,926.0697,0.69510781
3rd_test,accel_full,926.4031,0.69140435
3rd_test,accel_full,926.7364,0.69333919
3rd_test,accel_full,927.0697,0.69111799
3rd_test,accel_full,927.4031,0.68728851
3rd_test,accel_full,927.7364,0.69598533
3rd_test,accel_full,928.0697,0.67450455
3rd_test,accel_full,928.4031,0.67897711
3rd_test,accel_full,928.7364,0.70605
3rd_test,accel_full,929.0697,0.71736775
3rd_test,accel_full,929.4031,0.69377469
3rd_test,accel_full,929.7364,0.69131048
3rd_test,accel_full,930.0697,0.70039385
3rd_test,accel_full,930.4031,0.70833225
3rd_test,accel_full,930.7364,0.67961451
3rd_test,accel_full,931.0697,0.67618969
3rd_test,accel_full,931.4031,0.71408509
3rd_test,accel_full,931.7364,0.72192025
3rd_test,accel_full,932.0697,0.71610838
3rd_test,accel_full,932.4031,0.68505284
3rd_test,accel_full,932.7364,0.70795945
3rd_test,accel_full,933.0697,0.68351572
3rd_test,accel_full,933.4031,0.69979799
3rd_test,accel_full,933.7364,0.70656777
3rd_test,accel_full,934.0697,0.69310844
3rd_test,accel_full,934.4031,0.69699359
3rd_test,accel_full,934.7364,0.69108046
3rd_test,accel_full,935.0697,0.68889046
3rd_test,accel_full,935.4031,0.69507553
3rd_test,accel_full,935.7364,0.70292801
3rd_test,accel_full,936.0697,0.6654352
3rd_test,accel_full,936.4031,0.6754574
3rd_test,accel_full,936.7364,0.66908311
3rd_test,accel_full,937.0697,0.68916202
3rd_test,accel_full,937.4031,0.67894224
3rd_test,accel_full,937.7364,0.69212628
3rd_test,accel_full,938.0697,0.67374267
3rd_test,accel_full,938.4031,0.67083095
3rd_test,accel_full,938.7364,0.66801041
3rd_test,accel_full,939.0697,0.68496036
3rd_test,accel_full,939.4031,0.67492379
3rd_test,accel_full,939.7364,0.68273091
3rd_test,accel_full,940.0697,0.69297071
3rd_test,accel_full,940.4031,0.68192064
3rd_test,accel_full,940.7364,0.67711883
3rd_test,accel_full,941.0697,0.68266169
3rd_test,accel_full,941.4031,0.68335383
3rd_test,accel_full,941.7364,0.68495373
3rd_test,accel_full,942.0697,0.67660963
3rd_test,accel_full,942.4031,0.66033858
3rd_test,accel_full,942.7364,0.70197496
3rd_test,accel_full,943.0697,0.68482356
3rd_test,accel_full,943.4031,0.67390298
3rd_test,accel_full,943.7364,0.67757381
3rd_test,accel_full,944.0697,0.70719203
3rd_test,accel_full,944.4031,0.68106425
3rd_test,accel_full,944.7364,0.67352581
3rd_test,accel_full,945.0697,0.69653629
3rd_test,accel_full,945.4031,0.68399947
3rd_test,accel_full,945.7364,0.69924993
3rd_test,accel_full,946.0697,0.67415661
3rd_test,accel_full,946.4031,0.66781609
3rd_test,accel_full,946.7364,0.68335624
3rd_test,accel_full,947.0697,0.69106564
3rd_test,accel_full,947.4031,0.6843637
3rd_test,accel_full,947.7364,0.65939848
3rd_test,accel_full,948.0697,0.6942873
3rd_test,accel_full,948.4031,0.69834586
3rd_test,accel_full,948.7364,0.68049957
3rd_test,accel_full,949.0697,0.69706318
3rd_test,accel_full,949.4031,0.67862193
3rd_test,accel_full,949.7364,0.6965999
3rd_test,accel_full,950.0697,0.70565391
3rd_test,accel_full,950.4031,0.71768283
3rd_test,accel_full,950.7364,0.67287264
3rd_test,accel_full,951.0697,0.70881043
3rd_test,accel_full,951.4031,0.6912776
3rd_test,accel_full,951.7364,0.67118054
3rd_test,accel_full,952.0697,0.67709383
3rd_test,accel_full,952.4031,0.68595822
3rd_test,accel_full,952.7364,0.69196092
3rd_test,accel_full,953.0697,0.67529407
3rd_test,accel_full,953.4031,0.68646906
3rd_test,accel_full,953.7364,0.68962295
3rd_test,accel_full,954.0697,0.67717895
3rd_test,accel_full,954.4031,0.68290582
3rd_test,accel_full,954.7364,0.67466874
3rd_test,accel_full,955.0697,0.70268938
3rd_test,accel_full,955.4031,0.6591089
3rd_test,accel_full,955.7364,0.66025122
3rd_test,accel_full,956.0697,0.67820718
3rd_test,accel_full,956.4031,0.65607948
3rd_test,accel_full,956.7364,0.68141815
3rd_test,accel_full,957.0697,0.67214517
3rd_test,accel_full,957.4031,0.6661148
3rd_test,accel_full,957.7364,0.68139123
3rd_test,accel_full,958.0697,0.68684306
3rd_test,accel_full,958.4031,0.69290208
3rd_test,accel_full,958.7364,0.69896963
3rd_test,accel_full,959.0697,0.70671972
3rd_test,accel_full,959.4031,0.6781675
3rd_test,accel_full,959.7364,0.68254409
3rd_test,accel_full,960.0697,0.6809002
3rd_test,accel_full,960.4031,0.68753256
3rd_test,accel_full,960.7364,0.6928702
3rd_test,accel_full,961.0697,0.69970927
3rd_test,accel_full,961.4031,0.68913952
3rd_test,accel_full,961.7364,0.6785057
3rd_test,accel_full,962.0697,0.69090228
3rd_test,accel_full,962.4031,0.69455275
3rd_test,accel_full,962.7364,0.67285632
3rd_test,accel_full,963.0697,0.69466581
3rd_test,accel_full,963.4031,0.65952972
3rd_test,accel_full,963.7364,0.68593681
3rd_test,accel_full,964.0697,0.6924088
3rd_test,accel_full,964.4031,0.68443892
3rd_test,accel_full,964.7364,0.6988463
3rd_test,accel_full,965.0697,0.67533142
3rd_test,accel_full,965.4031,0.68575782
3rd_test,accel_full,965.7364,0.69547503
3rd_test,accel_full,966.0697,0.68957613
3rd_test,accel_full,966.4031,0.72856908
3rd_test,accel_full,966.7364,0.71220475
3rd_test,accel_full,967.0697,0.67404133
3rd_test,accel_full,967.4031,0.68767229
3rd_test,accel_full,967.7364,0.6806075
3rd_test,accel_full,968.0697,0.68003227
3rd_test,accel_full,968.4031,0.70471311
3rd_test,accel_full,968.7364,0.66820993
3rd_test,accel_full,969.0697,0.67933631
3rd_test,accel_full,969.4031,0.69221597
3rd_test,accel_full,969.7364,0.70336997
3rd_test,accel_full,970.0697,0.66739146
3rd_test,accel_full,970.4031,0.67774435
3rd_test,accel_full,970.7364,0.68250575
3rd_test,accel_full,971.0697,0.71313168
3rd_test,accel_full,971.4031,0.66403994
3rd_test,accel_full,971.7364,0.68575953
3rd_test,accel_full,972.0697,0.69326515
3rd_test,accel_full,972.4031,0.69174605
3rd_test,accel_full,972.7364,0.66379055
3rd_test,accel_full,973.0697,0.68674118
3rd_test,accel_full,973.4031,0.69708997
3rd_test,accel_full,973.7364,0.70206528
3rd_test,accel_full,974.0697,0.68571673
3rd_test,accel_full,974.4031,0.67780992
3rd_test,accel_full,974.7364,0.67229829
3rd_test,accel_full,975.0697,0.68799255
3rd_test,accel_full,975.4031,0.67068576
3rd_test,accel_full,975.7364,0.67443606
3rd_test,accel_full,976.0697,0.67454004
3rd_test,accel_full,976.4031,0.69158788
3rd_test,accel_full,976.7364,0.70269986
3rd_test,accel_full,977.0697,0.70218562
3rd_test,accel_full,977.4031,0.72046383
3rd_test,accel_full,977.7364,0.73656637
3rd_test,accel_full,978.0697,0.69441633
3rd_test,accel_full,978.4031,0.70429795
3rd_test,accel_full,978.7364,0.70563284
3rd_test,accel_full,979.0697,0.6751442
3rd_test,accel_full,979.4031,0.69591868
3rd_test,accel_full,979.7364,0.67870091
3rd_test,accel_full,980.0697,0.68777188
3rd_test,accel_full,980.4031,0.70326771
3rd_test,accel_full,980.7364,0.69931396
3rd_test,accel_full,981.0697,0.68436194
3rd_test,accel_full,981.4031,0.69557725
3rd_test,accel_full,981.7364,0.70611354
3rd_test,accel_full,982.0697,0.68822698
3rd_test,accel_full,982.4031,0.69625412
3rd_test,accel_full,982.7364,0.66803031
3rd_test,accel_full,983.0697,0.70899585
3rd_test,accel_full,983.4031,0.69731333
3rd_test,accel_full,983.7364,0.68359682
3rd_test,accel_full,984.0697,0.70372514
3rd_test,accel_full,984.4031,0.68377858
3rd_test,accel_full,984.7364,0.70255261
3rd_test,accel_full,985.0697,0.70357352
3rd_test,accel_full,985.4031,0.73109376
3rd_test,accel_full,985.7364,0.67097101
3rd_test,accel_full,986.0697,0.67949443
3rd_test,accel_full,986.4031,0.68483435
3rd_test,accel_full,986.7364,0.71567563
3rd_test,accel_full,987.0697,0.68013043
3rd_test,accel_full,987.4031,0.681572
3rd_test,accel_full,987.7364,0.69896675
3rd_test,accel_full,988.0697,0.71124011
3rd_test,accel_full,988.4031,0.70014586
3rd_test,accel_full,988.7364,0.68438615
3rd_test,accel_full,989.0697,0.67299653
3rd_test,accel_full,989.4031,0.68243808
3rd_test,accel_full,989.7364,0.67900066
3rd_test,accel_full,990.0697,0.68514204
3rd_test,accel_full,990.4031,0.70173512
3rd_test,accel_full,990.7364,0.6844639
3rd_test,accel_full,991.0697,0.69325795
3rd_test,accel_full,991.4031,0.69396785
3rd_test,accel_full,991.7364,0.70313067
3rd_test,accel_full,992.0697,0.68745
3rd_test,accel_full,992.4031,0.67623522
3rd_test,accel_full,992.7364,0.69402572
3rd_test,accel_full,993.0697,0.68554564
3rd_test,accel_full,993.4031,0.68721638
3rd_test,accel_full,993.7364,0.70874895
3rd_test,accel_full,994.0697,0.69044576
3rd_test,accel_full,994.4031,0.66605925
3rd_test,accel_full,994.7364,0.68360185
3rd_test,accel_full,995.0697,0.71300608
3rd_test,accel_full,995.4031,0.68836958
3rd_test,accel_full,995.7364,0.68566486
3rd_test,accel_full,996.0697,0.68401648
3rd_test,accel_full,996.4031,0.69582417
3rd_test,accel_full,996.7364,0.68276175
3rd_test,accel_full,997.0697,0.68526291
3rd_test,accel_full,997.4031,0.68826653
3rd_test,accel_full,997.7364,0.70275066
3rd_test,accel_full,998.0697,0.70263213
3rd_test,accel_full,998.4031,0.68910498
3rd_test,accel_full,998.7364,0.67621816
3rd_test,accel_full,999.0697,0.68502806
3rd_test,accel_full,999.4031,0.69366562
3rd_test,accel_full,999.7364,0.70540742
3rd_test,accel_full,1000.0697,0.69307084
3rd_test,accel_full,1000.4031,0.69597671
3rd_test,accel_full,1000.7364,0.68474533
3rd_test,accel_full,1001.0697,0.71009923
3rd_test,accel_full,1001.4031,0.69848787
3rd_test,accel_full,1008.9019,0.68709357
3rd_test,accel_full,1009.0858,0.69277187
3rd_test,accel_full,1009.4192,0.71440173
3rd_test,accel_full,1009.7525,0.72933715
3rd_test,accel_full,1010.0858,0.70807365
3rd_test,accel_full,1010.4192,0.71969577
3rd_test,accel_full,1010.7525,0.69332967
3rd_test,accel_full,1011.0858,0.70325501
3rd_test,accel_full,1011.4192,0.70298854
3rd_test,accel_full,1011.7525,0.70373695
3rd_test,accel_full,1012.0858,0.70672963
3rd_test,accel_full,1012.4192,0.68361459
3rd_test,accel_full,1012.7525,0.68860034
3rd_test,accel_full,1013.0858,0.70337872
3rd_test,accel_full,1013.4192,0.70899377
3rd_test,accel_full,1013.7525,0.72175926
3rd_test,accel_full,1014.0858,0.78494318
3rd_test,accel_full,1014.4192,0.79613693
3rd_test,accel_full,1014.7525,0.80520798
3rd_test,accel_full,1015.0858,0.80143352
3rd_test,accel_full,1015.4192,0.80917289
3rd_test,accel_full,1015.7525,0.79104193
3rd_test,accel_full,1016.0858,0.78543995
3rd_test,accel_full,1016.4192,0.78269306
3rd_test,accel_full,1016.7525,0.79108087
3rd_test,accel_full,1017.0858,0.78028681
3rd_test,accel_full,1017.4192,0.78461541
3rd_test,accel_full,1017.7525,0.78662832
3rd_test,accel_full,1018.0858,0.77495731
3rd_test,accel_full,1018.4192,0.77995396
3rd_test,accel_full,1018.7525,0.79156352
3rd_test,accel_full,1019.0858,0.79755166
3rd_test,accel_full,1019.4192,0.79592082
3rd_test,accel_full,1019.7525,0.80489784
3rd_test,accel_full,1020.0858,0.79109843
3rd_test,accel_full,1020.4192,0.79448593
3rd_test,accel_full,1020.7525,0.80457599
3rd_test,accel_full,1021.0858,0.81039638
3rd_test,accel_full,1021.4192,0.80808916
3rd_test,accel_full,1021.7525,0.79148608
3rd_test,accel_full,1022.0858,0.81216828
3rd_test,accel_full,1022.4192,0.79325692
3rd_test,accel_full,1022.7525,0.8006934
3rd_test,accel_full,1023.0858,0.79740226
3rd_test,accel_full,1023.4192,0.79554544
3rd_test,accel_full,1023.7525,0.78099606
3rd_test,accel_full,1024.0858,0.79597962
3rd_test,accel_full,1024.4192,0.79028286
3rd_test,accel_full,1024.7525,0.80101676
3rd_test,accel_full,1025.0858,0.7893061
3rd_test,accel_full,1025.4192,0.77843198
3rd_test,accel_full,1025.7525,0.78426821
3rd_test,accel_full,1026.0858,0.77869481
3rd_test,accel_full,1026.4192,0.79982371
3rd_test,accel_full,1026.7525,0.77865175
3rd_test,accel_full,1027.0858,0.79656652
3rd_test,accel_full,1027.4192,0.7796559
3rd_test,accel_full,1027.7525,0.78885782
3rd_test,accel_full,1028.0858,0.77616792
3rd_test,accel_full,1028.4192,0.76393655
3rd_test,accel_full,1028.7525,0.79221635
3rd_test,accel_full,1029.0858,0.79149803
3rd_test,accel_full,1029.4192,0.79860577
3rd_test,accel_full,1029.7525,0.76517306
3rd_test,accel_full,1030.0858,0.76729807
3rd_test,accel_full,1030.4192,0.78956144
3rd_test,accel_full,1030.7525,0.80755593
3rd_test,accel_full,1031.0858,0.84075671
3rd_test,accel_full,1031.4192,0.84795781
3rd_test,accel_full,1031.7525,0.83297227
3rd_test,accel_full,1032.0858,0.84251315
3rd_test,accel_full,1032.4192,0.83771719
3rd_test,accel_full,1032.7525,0.83030178
3rd_test,accel_full,1033.0858,0.82320552
3rd_test,accel_full,1033.4192,0.84951665
3rd_test,accel_full,1033.7525,0.84793828
3rd_test,accel_full,1034.0858,0.83157746
3rd_test,accel_full,1034.4192,0.84455949
3rd_test,accel_full,1034.7525,0.83245236
3rd_test,accel_full,1035.0858,0.83037153
3rd_test,accel_full,1035.4192,0.83973898
3rd_test,accel_full,1035.7525,0.82765196
3rd_test,accel_full,1036.0858,0.82840884
3rd_test,accel_full,1036.4192,0.8299949
3rd_test,accel_full,1036.7525,0.82939273
3rd_test,accel_full,1037.0858,0.8392818
3rd_test,accel_full,1037.4192,0.84478931
3rd_test,accel_full,1037.7525,0.8421891
3rd_test,accel_full,1038.0858,0.82260389
3rd_test,accel_full,1038.4192,0.83961296
3rd_test,accel_full,1038.7525,0.84067671
3rd_test,accel_full,1039.0858,0.85724586
3rd_test,accel_full,1039.4192,0.84891904
3rd_test,accel_full,1039.7525,0.8381542
3rd_test,accel_full,1040.0858,0.84902441
3rd_test,accel_full,1040.4192,0.85194954
3rd_test,accel_full,1040.7525,0.84480177
3rd_test,accel_full,1041.0858,0.83601732
3rd_test,accel_full,1041.4192,0.83030518
3rd_test,accel_full,1041.7525,0.82849963
3rd_test,accel_full,1042.0858,0.81651567
3rd_test,accel_full,1042.4192,0.82320204
3rd_test,accel_full,1042.7525,0.83857016
3rd_test,accel_full,1043.0858,0.82195195
3rd_test,accel_full,1043.4192,0.84022445
3rd_test,accel_full,1043.7525,0.84135394
3rd_test,accel_full,1044.0858,0.86914206
3rd_test,accel_full,1044.4192,0.87577835
3rd_test,accel_full,1044.7525,0.87888175
3rd_test,accel_full,1045.0858,0.89325235
3rd_test,accel_full,1045.4192,0.87621709
3rd_test,accel_full,1045.7525,0.903187
3rd_test,accel_full,1046.0858,0.96219473
3rd_test,accel_full,1046.4192,1.1758559
3rd_test,accel_full,1046.7525,1.1394846
3rd_test,accel_full,1047.0858,1.1575285
3rd_test,accel_full,1047.4192,1.1814474
3rd_test,accel_full,1047.7525,1.2377481
3rd_test,accel_full,1048.0858,1.288599
3rd_test,accel_full,1048.4192,1.3316202
3rd_test,accel_full,1048.7525,1.3609359
3rd_test,accel_full,1049.0858,1.3445177
3rd_test,accel_full,1049.4192,1.3514904
3rd_test,accel_full,1049.7525,1.3034283
3rd_test,accel_full,1050.0858,1.2591998
3rd_test,accel_full,1050.4192,1.2313099
3rd_test,accel_full,1050.7525,1.2556291
3rd_test,accel_full,1051.0858,1.3327587
3rd_test,accel_full,1051.4192,1.5628487
3rd_test,accel_full,1051.7525,1.7545419
3rd_test,accel_full,1052.0858,1.9285631
3rd_test,accel_full,1052.4192,2.0268637
3rd_test,accel_full,1052.7525,1.8446538
3rd_test,accel_full,1053.0858,1.7085895
3rd_test,accel_full,1053.4192,1.6565978
3rd_test,accel_full,1053.7525,1.4781682
3rd_test,accel_full,1054.0858,1.4454917
3rd_test,accel_full,1054.4192,1.452345
3rd_test,accel_full,1054.7525,1.4936073
3rd_test,accel_full,1055.0858,1.4583356
3rd_test,accel_full,1055.4192,1.4678806
3rd_test,accel_full,1055.7525,1.5274494
3rd_test,accel_full,1056.0858,1.5503328
3rd_test,accel_full,1056.4192,1.5436027
3rd_test,accel_full,1056.7525,1.4746692
3rd_test,accel_full,1057.0858,1.5255596
3rd_test,accel_full,1057.4192,1.5943774
3rd_test,accel_full,1057.7525,1.4845036
3rd_test,accel_full,1058.0858,1.5285141
3rd_test,accel_full,1058.4192,1.4164072
3rd_test,accel_full,1058.7525,1.5758468
3rd_test,accel_full,1059.0858,1.8632133
3rd_test,accel_full,1059.4192,1.7910308
3rd_test,accel_full,1059.7525,1.6692708
3rd_test,accel_full,1060.0858,1.7400317
3rd_test,accel_full,1060.4192,1.8655249
3rd_test,accel_full,1060.7525,1.9868087
3rd_test,accel_full,1061.0858,2.0611279
3rd_test,accel_full,1061.4192,1.9663325
3rd_test,accel_full,1061.7525,2.1339078
3rd_test,accel_full,1062.0858,2.2026285
3rd_test,accel_full,1062.4192,2.1384681
3rd_test,accel_full,1062.7525,2.3061061
3rd_test,accel_full,1063.0858,2.532988
3rd_test,accel_full,1063.4192,2.5537268
3rd_test,accel_full,1063.7525,2.409107
3rd_test,accel_full,1064.0858,2.8222941
3rd_test,accel_full,1064.4192,2.8704821
3rd_test,accel_full,1064.7525,2.8084557
3rd_test,accel_full,1065.0858,2.6744107
3rd_test,accel_full,1065.4192,2.7782883
3rd_test,accel_full,1065.7525,3.2504067
3rd_test,accel_full,1066.0858,2.9017877
3rd_test,accel_full,1066.4192,2.9666179
3rd_test,accel_full,1066.7525,2.7278108
3rd_test,accel_full,1067.0858,2.8222265
3rd_test,accel_full,1067.4192,2.6047367
3rd_test,accel_full,1067.7525,2.8137906
3rd_test,accel_full,1068.0858,3.002924
3rd_test,accel_full,1068.4192,2.7700046
3rd_test,accel_full,1068.7525,2.6608916
3rd_test,accel_full,1069.0858,2.8276801
3rd_test,accel_full,1069.4192,2.7817061
3rd_test,accel_full,1069.7525,3.2255719
3rd_test,accel_full,1070.0858,3.2134757
3rd_test,accel_full,1070.4192,3.9011414
3rd_test,accel_full,1070.7525,3.882042
3rd_test,accel_full,1071.0858,3.6596919
3rd_test,accel_full,1071.4192,4.1096139
3rd_test,accel_full,1071.7525,4.484314
3rd_test,accel_full,1072.0858,5.303454
3rd_test,accel_full,1072.4192,4.223307
3rd_test,accel_full,1072.7525,4.4455829
3rd_test,accel_full,1073.0858,7.3666445
3rd_test,disp_full_48kHz,0.0,0.035678993
3rd_test,disp_full_48kHz,0.25,0.046753052
3rd_test,disp_full_48kHz,0.5833,0.0384986
3rd_test,disp_full_48kHz,0.9167,0.04547905
3rd_test,disp_full_48kHz,1.25,0.041522255
3rd_test,disp_full_48kHz,1.5833,0.038463333
3rd_test,disp_full_48kHz,1.9167,0.033198475
3rd_test,disp_full_48kHz,2.25,0.048033042
3rd_test,disp_full_48kHz,2.5833,0.033316845
3rd_test,disp_full_48kHz,2.9167,0.046315643
3rd_test,disp_full_48kHz,3.25,0.035454418
3rd_test,disp_full_48kHz,3.5833,0.044437894
3rd_test,disp_full_48kHz,3.9167,0.040479877
3rd_test,disp_full_48kHz,4.25,0.041153577
3rd_test,disp_full_48kHz,4.5833,0.049905648
3rd_test,disp_full_48kHz,4.9167,0.045890081
3rd_test,disp_full_48kHz,5.25,0.05043851
3rd_test,disp_full_48kHz,5.5833,0.052579361
3rd_test,disp_full_48kHz,5.9167,0.046506318
3rd_test,disp_full_48kHz,6.25,0.028801207
3rd_test,disp_full_48kHz,6.5833,0.04380447
3rd_test,disp_full_48kHz,6.9167,0.050077572
3rd_test,disp_full_48kHz,7.25,0.036279753
3rd_test,disp_full_48kHz,7.5833,0.038953659
3rd_test,disp_full_48kHz,7.9167,0.052619469
3rd_test,disp_full_48kHz,8.25,0.045413523
3rd_test,disp_full_48kHz,8.5833,0.055178379
3rd_test,disp_full_48kHz,8.9167,0.042648811
3rd_test,disp_full_48kHz,9.25,0.04585726
3rd_test,disp_full_48kHz,9.5833,0.034765642
3rd_test,disp_full_48kHz,9.9167,0.050538353
3rd_test,disp_full_48kHz,10.25,0.036827732
3rd_test,disp_full_48kHz,10.5833,0.05546542
3rd_test,disp_full_48kHz,10.9167,0.028928155
3rd_test,disp_full_48kHz,11.25,0.03664675
3rd_test,disp_full_48kHz,11.5833,0.033716835
3rd_test,disp_full_48kHz,11.9167,0.037393841
3rd_test,disp_full_48kHz,12.25,0.047707153
3rd_test,disp_full_48kHz,12.5833,0.037141021
3rd_test,disp_full_48kHz,12.9167,0.029755808
3rd_test,disp_full_48kHz,13.25,0.034355847
3rd_test,disp_full_48kHz,13.5833,0.029407944
3rd_test,disp_full_48kHz,13.9167,0.052045896
3rd_test,disp_full_48kHz,14.25,0.039261564
3rd_test,disp_full_48kHz,14.5833,0.037023353
3rd_test,disp_full_48kHz,14.9167,0.037104028
3rd_test,disp_full_48kHz,15.25,0.037997329
3rd_test,disp_full_48kHz,15.5833,0.038256393
3rd_test,disp_full_48kHz,15.9167,0.038294422
3rd_test,disp_full_48kHz,16.25,0.03658805
3rd_test,disp_full_48kHz,16.5833,0.03150349
3rd_test,disp_full_48kHz,16.9167,0.034548094
3rd_test,disp_full_48kHz,17.25,0.04064939
3rd_test,disp_full_48kHz,17.5833,0.035327241
3rd_test,disp_full_48kHz,17.9167,0.03573048
3rd_test,disp_full_48kHz,18.25,0.030897828
3rd_test,disp_full_48kHz,18.5833,0.043971677
3rd_test,disp_full_48kHz,18.9167,0.019305653
3rd_test,disp_full_48kHz,19.25,0.038079747
3rd_test,disp_full_48kHz,19.5833,0.027069665
3rd_test,disp_full_48kHz,19.9167,0.035190922
3rd_test,disp_full_48kHz,20.25,0.025857257
3rd_test,disp_full_48kHz,20.5833,0.04874029
3rd_test,disp_full_48kHz,20.9167,0.043055705
3rd_test,disp_full_48kHz,21.25,0.030403614
3rd_test,disp_full_48kHz,21.5833,0.042426522
3rd_test,disp_full_48kHz,21.9167,0.030931542
3rd_test,disp_full_48kHz,22.25,0.049221498
3rd_test,disp_full_48kHz,22.5833,0.052566321
3rd_test,disp_full_48kHz,22.9167,0.027226443
3rd_test,disp_full_48kHz,23.25,0.028879363
3rd_test,disp_full_48kHz,23.5833,0.049149695
3rd_test,disp_full_48kHz,23.9167,0.041950413
3rd_test,disp_full_48kHz,24.25,0.04263674
3rd_test,disp_full_48kHz,24.5833,0.031208833
3rd_test,disp_full_48kHz,24.9167,0.034542779
3rd_test,disp_full_48kHz,25.25,0.039617994
3rd_test,disp_full_48kHz,25.5833,0.028358939
3rd_test,disp_full_48kHz,25.9167,0.044751505
3rd_test,disp_full_48kHz,26.25,0.03089168
3rd_test,disp_full_48kHz,26.5833,0.045855562
3rd_test,disp_full_48kHz,26.9167,0.058242025
3rd_test,disp_full_48kHz,27.25,0.046765201
3rd_test,disp_full_48kHz,27.5833,0.032289348
3rd_test,disp_full_48kHz,27.9167,0.048608665
3rd_test,disp_full_48kHz,28.25,0.03065043
3rd_test,disp_full_48kHz,28.5833,0.037728222
3rd_test,disp_full_48kHz,28.9167,0.041750276
3rd_test,disp_full_48kHz,29.25,0.035162672
3rd_test,disp_full_48kHz,29.5833,0.023785483
3rd_test,disp_full_48kHz,29.9167,0.043321293
3rd_test,disp_full_48kHz,30.25,0.033403574
3rd_test,disp_full_48kHz,30.5833,0.04452468
3rd_test,disp_full_48kHz,30.9167,0.05085389
3rd_test,disp_full_48kHz,31.25,0.033922984
3rd_test,disp_full_48kHz,31.5833,0.039101763
3rd_test,disp_full_48kHz,31.9167,0.0587427
3rd_test,disp_full_48kHz,32.25,0.04059986
3rd_test,disp_full_48kHz,32.5833,0.035568463
3rd_test,disp_full_48kHz,32.9167,0.044698459
3rd_test,disp_full_48kHz,33.25,0.037420638
3rd_test,disp_full_48kHz,33.5833,0.027014465
3rd_test,disp_full_48kHz,33.9167,0.047697169
3rd_test,disp_full_48kHz,34.25,0.031144667
3rd_test,disp_full_48kHz,34.5833,0.031809861
3rd_test,disp_full_48kHz,34.9167,0.044395211
3rd_test,disp_full_48kHz,35.25,0.034883984
3rd_test,disp_full_48kHz,35.5833,0.031599679
3rd_test,disp_full_48kHz,35.9167,0.034659172
3rd_test,disp_full_48kHz,36.25,0.034437271
3rd_test,disp_full_48kHz,36.5833,0.042328014
3rd_test,disp_full_48kHz,36.9167,0.046839486
3rd_test,disp_full_48kHz,37.25,0.048209762
3rd_test,disp_full_48kHz,37.5833,0.049826153
3rd_test,disp_full_48kHz,37.9167,0.031080571
3rd_test,disp_full_48kHz,38.25,0.038005398
3rd_test,disp_full_48kHz,38.5833,0.039913254
3rd_test,disp_full_48kHz,38.9167,0.037495187
3rd_test,disp_full_48kHz,39.25,0.046491237
3rd_test,disp_full_48kHz,39.5833,0.037290852
3rd_test,disp_full_48kHz,39.9167,0.048076101
3rd_test,disp_full_48kHz,40.25,0.042183812
3rd_test,disp_full_48kHz,40.5833,0.035812146
3rd_test,disp_full_48kHz,40.9167,0.026976868
3rd_test,disp_full_48kHz,41.25,0.030296309
3rd_test,disp_full_48kHz,41.5833,0.030511738
3rd_test,disp_full_48kHz,41.9167,0.043803464
3rd_test,disp_full_48kHz,42.25,0.033835882
3rd_test,disp_full_48kHz,42.5833,0.038701925
3rd_test,disp_full_48kHz,42.9167,0.041073666
3rd_test,disp_full_48kHz,43.25,0.048464423
3rd_test,disp_full_48kHz,43.5833,0.043836218
3rd_test,disp_full_48kHz,43.9167,0.042540562
3rd_test,disp_full_48kHz,44.25,0.028081879
3rd_test,disp_full_48kHz,44.5833,0.035402951
3rd_test,disp_full_48kHz,44.9167,0.035669979
3rd_test,disp_full_48kHz,45.25,0.032325893
3rd_test,disp_full_48kHz,45.5833,0.045850062
3rd_test,disp_full_48kHz,45.9167,0.041478708
3rd_test,disp_full_48kHz,46.25,0.021966047
3rd_test,disp_full_48kHz,46.5833,0.056545296
3rd_test,disp_full_48kHz,46.9167,0.036116735
3rd_test,disp_full_48kHz,47.25,0.035322746
3rd_test,disp_full_48kHz,47.5833,0.054421401
3rd_test,disp_full_48kHz,47.9167,0.027720165
3rd_test,disp_full_48kHz,48.25,0.029626868
3rd_test,disp_full_48kHz,48.5833,0.047266842
3rd_test,disp_full_48kHz,48.9167,0.033665566
3rd_test,disp_full_48kHz,49.25,0.034063154
3rd_test,disp_full_48kHz,49.5833,0.030152606
3rd_test,disp_full_48kHz,49.9167,0.031732614
3rd_test,disp_full_48kHz,50.25,0.037687855
3rd_test,disp_full_48kHz,50.5833,0.022788789
3rd_test,disp_full_48kHz,50.9167,0.034356809
3rd_test,disp_full_48kHz,51.25,0.036128277
3rd_test,disp_full_48kHz,51.5833,0.031044683
3rd_test,disp_full_48kHz,51.9167,0.035943872
3rd_test,disp_full_48kHz,52.25,0.0357331
3rd_test,disp_full_48kHz,52.5833,0.032906085
3rd_test,disp_full_48kHz,52.9167,0.031280179
3rd_test,disp_full_48kHz,53.25,0.033140965
3rd_test,disp_full_48kHz,53.5833,0.021428165
3rd_test,disp_full_48kHz,53.9167,0.045388756
3rd_test,disp_full_48kHz,54.25,0.034365949
3rd_test,disp_full_48kHz,54.5833,0.04143455
3rd_test,disp_full_48kHz,54.9167,0.04659317
3rd_test,disp_full_48kHz,55.25,0.036665773
3rd_test,disp_full_48kHz,55.5833,0.042594297
3rd_test,disp_full_48kHz,55.9167,0.022663895
3rd_test,disp_full_48kHz,56.25,0.040213875
3rd_test,disp_full_48kHz,56.5833,0.036977377
3rd_test,disp_full_48kHz,56.9167,0.0415483
3rd_test,disp_full_48kHz,57.25,0.030122858
3rd_test,disp_full_48kHz,57.5833,0.038522067
3rd_test,disp_full_48kHz,57.9167,0.036731595
3rd_test,disp_full_48kHz,58.25,0.029110875
3rd_test,disp_full_48kHz,58.5833,0.02789738
3rd_test,disp_full_48kHz,58.9167,0.031191509
3rd_test,disp_full_48kHz,59.25,0.025922342
3rd_test,disp_full_48kHz,59.5833,0.035879816
3rd_test,disp_full_48kHz,59.9167,0.031609729
3rd_test,disp_full_48kHz,60.25,0.042658297
3rd_test,disp_full_48kHz,60.5833,0.043838684
3rd_test,disp_full_48kHz,60.9167,0.034794842
3rd_test,disp_full_48kHz,61.25,0.045179962
3rd_test,disp_full_48kHz,61.5833,0.038661194
3rd_test,disp_full_48kHz,61.9167,0.040270728
3rd_test,disp_full_48kHz,62.25,0.044663137
3rd_test,disp_full_48kHz,62.5833,0.041367887
3rd_test,disp_full_48kHz,62.9167,0.053742555
3rd_test,disp_full_48kHz,63.25,0.034915988
3rd_test,disp_full_48kHz,63.5833,0.031524478
3rd_test,disp_full_48kHz,63.9167,0.033667534
3rd_test,disp_full_48kHz,64.25,0.040184731
3rd_test,disp_full_48kHz,64.5833,0.037082734
3rd_test,disp_full_48kHz,64.9167,0.03779056
3rd_test,disp_full_48kHz,65.25,0.057477315
3rd_test,disp_full_48kHz,65.5833,0.04701295
3rd_test,disp_full_48kHz,65.9167,0.033978721
3rd_test,disp_full_48kHz,66.25,0.027960031
3rd_test,disp_full_48kHz,66.5833,0.028434781
3rd_test,disp_full_48kHz,66.9167,0.032324454
3rd_test,disp_full_48kHz,67.25,0.031177401
3rd_test,disp_full_48kHz,67.5833,0.035829494
3rd_test,disp_full_48kHz,67.9167,0.036467361
3rd_test,disp_full_48kHz,68.25,0.03326642
3rd_test,disp_full_48kHz,68.5833,0.025948328
3rd_test,disp_full_48kHz,68.9167,0.035350981
3rd_test,disp_full_48kHz,69.25,0.044110382
3rd_test,disp_full_48kHz,69.5833,0.063403861
3rd_test,disp_full_48kHz,69.9167,0.040049161
3rd_test,disp_full_48kHz,70.25,0.046934618
3rd_test,disp_full_48kHz,70.5833,0.03766771
3rd_test,disp_full_48kHz,70.9167,0.035698504
3rd_test,disp_full_48kHz,71.25,0.040682748
3rd_test,disp_full_48kHz,71.5833,0.035417289
3rd_test,disp_full_48kHz,71.9167,0.052425766
3rd_test,disp_full_48kHz,72.25,0.03247233
3rd_test,disp_full_48kHz,72.5833,0.025576752
3rd_test,disp_full_48kHz,72.9167,0.035639734
3rd_test,disp_full_48kHz,73.25,0.041169336
3rd_test,disp_full_48kHz,73.5833,0.040853326
3rd_test,disp_full_48kHz,73.9167,0.023476633
3rd_test,disp_full_48kHz,74.25,0.033855805
3rd_test,disp_full_48kHz,74.5833,0.039442931
3rd_test,disp_full_48kHz,74.9167,0.02414679
3rd_test,disp_full_48kHz,75.25,0.035154192
3rd_test,disp_full_48kHz,75.5833,0.040299944
3rd_test,disp_full_48kHz,75.9167,0.042464111
3rd_test,disp_full_48kHz,76.25,0.047085931
3rd_test,disp_full_48kHz,76.5833,0.035878733
3rd_test,disp_full_48kHz,76.9167,0.043674756
3rd_test,disp_full_48kHz,77.25,0.035255875
3rd_test,disp_full_48kHz,77.5833,0.035578045
3rd_test,disp_full_48kHz,77.9167,0.02785808
3rd_test,disp_full_48kHz,78.25,0.038218623
3rd_test,disp_full_48kHz,78.5833,0.052463594
3rd_test,disp_full_48kHz,78.9167,0.040677889
3rd_test,disp_full_48kHz,79.25,0.053248861
3rd_test,disp_full_48kHz,79.5833,0.049603622
3rd_test,disp_full_48kHz,79.9167,0.04782871
3rd_test,disp_full_48kHz,80.25,0.042356264
3rd_test,disp_full_48kHz,80.5833,0.024427735
3rd_test,disp_full_48kHz,80.9167,0.03548419
3rd_test,disp_full_48kHz,81.25,0.062934005
3rd_test,disp_full_48kHz,81.5833,0.034999328
3rd_test,disp_full_48kHz,81.9167,0.033339189
3rd_test,disp_full_48kHz,82.25,0.036221332
3rd_test,disp_full_48kHz,82.5833,0.026687638
3rd_test,disp_full_48kHz,82.9167,0.035280618
3rd_test,disp_full_48kHz,83.25,0.025051795
3rd_test,disp_full_48kHz,83.5833,0.037382491
3rd_test,disp_full_48kHz,83.9167,0.036998712
3rd_test,disp_full_48kHz,84.25,0.041233661
3rd_test,disp_full_48kHz,84.5833,0.035160468
3rd_test,disp_full_48kHz,84.9167,0.040524644
3rd_test,disp_full_48kHz,85.25,0.030280133
3rd_test,disp_full_48kHz,85.5833,0.023300829
3rd_test,disp_full_48kHz,85.9167,0.04300012
3rd_test,disp_full_48kHz,86.25,0.040231692
3rd_test,disp_full_48kHz,86.5833,0.037528702
3rd_test,disp_full_48kHz,86.9167,0.038610714
3rd_test,disp_full_48kHz,87.25,0.042302334
3rd_test,disp_full_48kHz,87.5833,0.036313488
3rd_test,disp_full_48kHz,87.9167,0.038522307
3rd_test,disp_full_48kHz,88.25,0.035781806
3rd_test,disp_full_48kHz,88.5833,0.03373415
3rd_test,disp_full_48kHz,88.9167,0.025111213
3rd_test,disp_full_48kHz,89.25,0.01878913
3rd_test,disp_full_48kHz,89.5833,0.039065329
3rd_test,disp_full_48kHz,89.9167,0.032503187
3rd_test,disp_full_48kHz,90.25,0.049061365
3rd_test,disp_full_48kHz,90.5833,0.032859939
3rd_test,disp_full_48kHz,90.9167,0.037287591
3rd_test,disp_full_48kHz,91.25,0.050758181
3rd_test,disp_full_48kHz,91.5833,0.044436325
3rd_test,disp_full_48kHz,91.9167,0.032764489
3rd_test,disp_full_48kHz,92.25,0.04127279
3rd_test,disp_full_48kHz,92.5833,0.028706251
3rd_test,disp_full_48kHz,92.9167,0.042970773
3rd_test,disp_full_48kHz,93.25,0.032228389
3rd_test,disp_full_48kHz,93.5833,0.036256368
3rd_test,disp_full_48kHz,93.9167,0.025443597
3rd_test,disp_full_48kHz,94.25,0.036362332
3rd_test,disp_full_48kHz,94.5833,0.037788894
3rd_test,disp_full_48kHz,94.9167,0.042989075
3rd_test,disp_full_48kHz,95.25,0.053630909
3rd_test,disp_full_48kHz,95.5833,0.038361237
3rd_test,disp_full_48kHz,95.9167,0.045231356
3rd_test,disp_full_48kHz,96.25,0.042560817
3rd_test,disp_full_48kHz,96.5833,0.025060869
3rd_test,disp_full_48kHz,96.9167,0.032991029
3rd_test,disp_full_48kHz,97.25,0.051059121
3rd_test,disp_full_48kHz,97.5833,0.03030655
3rd_test,disp_full_48kHz,97.9167,0.038481959
3rd_test,disp_full_48kHz,98.25,0.040482986
3rd_test,disp_full_48kHz,98.5833,0.0465086
3rd_test,disp_full_48kHz,98.9167,0.031761414
3rd_test,disp_full_48kHz,99.25,0.045605735
3rd_test,disp_full_48kHz,99.5833,0.030497317
3rd_test,disp_full_48kHz,99.9167,0.037097296
3rd_test,disp_full_48kHz,100.25,0.034067434
3rd_test,disp_full_48kHz,100.5833,0.039099968
3rd_test,disp_full_48kHz,100.9167,0.044018494
3rd_test,disp_full_48kHz,101.25,0.03122062
3rd_test,disp_full_48kHz,101.5833,0.043776433
3rd_test,disp_full_48kHz,101.9167,0.049868752
3rd_test,disp_full_48kHz,102.25,0.043133022
3rd_test,disp_full_48kHz,102.5833,0.052195554
3rd_test,disp_full_48kHz,102.9167,0.03174525
3rd_test,disp_full_48kHz,103.25,0.044118944
3rd_test,disp_full_48kHz,103.5833,0.041151475
3rd_test,disp_full_48kHz,103.9167,0.035350714
3rd_test,disp_full_48kHz,104.25,0.038452835
3rd_test,disp_full_48kHz,104.5833,0.039844535
3rd_test,disp_full_48kHz,104.9167,0.035875194
3rd_test,disp_full_48kHz,105.25,0.044368567
3rd_test,disp_full_48kHz,105.5833,0.032716777
3rd_test,disp_full_48kHz,105.9167,0.049756433
3rd_test,disp_full_48kHz,106.25,0.039801965
3rd_test,disp_full_48kHz,106.5833,0.032193346
3rd_test,disp_full_48kHz,106.9167,0.028646851
3rd_test,disp_full_48kHz,107.25,0.025389269
3rd_test,disp_full_48kHz,107.5833,0.036389114
3rd_test,disp_full_48kHz,107.9167,0.037039647
3rd_test,disp_full_48kHz,108.25,0.04294551
3rd_test,disp_full_48kHz,108.5833,0.035057052
3rd_test,disp_full_48kHz,108.9167,0.035196616
3rd_test,disp_full_48kHz,109.25,0.040448196
3rd_test,disp_full_48kHz,109.5833,0.040960157
3rd_test,disp_full_48kHz,109.9167,0.036492394
3rd_test,disp_full_48kHz,110.25,0.037523317
3rd_test,disp_full_48kHz,110.5833,0.047514324
3rd_test,disp_full_48kHz,110.9167,0.044522064
3rd_test,disp_full_48kHz,111.25,0.057642776
3rd_test,disp_full_48kHz,111.5833,0.027355835
3rd_test,disp_full_48kHz,111.9167,0.028705025
3rd_test,disp_full_48kHz,112.25,0.035115931
3rd_test,disp_full_48kHz,112.5833,0.034604318
3rd_test,disp_full_48kHz,112.9167,0.048677762
3rd_test,disp_full_48kHz,113.25,0.043537741
3rd_test,disp_full_48kHz,113.5833,0.041927479
3rd_test,disp_full_48kHz,113.9167,0.037442788
3rd_test,disp_full_48kHz,114.25,0.054396236
3rd_test,disp_full_48kHz,114.5833,0.02889464
3rd_test,disp_full_48kHz,114.9167,0.032932625
3rd_test,disp_full_48kHz,115.25,0.046417582
3rd_test,disp_full_48kHz,115.5833,0.028021447
3rd_test,disp_full_48kHz,115.9167,0.045011076
3rd_test,disp_full_48kHz,116.25,0.046093022
3rd_test,disp_full_48kHz,116.5833,0.031469796
3rd_test,disp_full_48kHz,116.9167,0.044956467
3rd_test,disp_full_48kHz,117.25,0.054655599
3rd_test,disp_full_48kHz,117.5833,0.039742123
3rd_test,disp_full_48kHz,117.9167,0.037382849
3rd_test,disp_full_48kHz,118.25,0.03531925
3rd_test,disp_full_48kHz,118.5833,0.045810863
3rd_test,disp_full_48kHz,118.9167,0.033704739
3rd_test,disp_full_48kHz,119.25,0.030945832
3rd_test,disp_full_48kHz,119.5833,0.033581382
3rd_test,disp_full_48kHz,119.9167,0.038253926
3rd_test,disp_full_48kHz,120.25,0.035257267
3rd_test,disp_full_48kHz,120.5833,0.036092635
3rd_test,disp_full_48kHz,120.9167,0.040676915
3rd_test,disp_full_48kHz,121.25,0.027133125
3rd_test,disp_full_48kHz,121.5833,0.03199529
3rd_test,disp_full_48kHz,121.9167,0.027643535
3rd_test,disp_full_48kHz,122.25,0.035178127
3rd_test,disp_full_48kHz,122.5833,0.040272485
3rd_test,disp_full_48kHz,122.9167,0.045094292
3rd_test,disp_full_48kHz,123.25,0.033655141
3rd_test,disp_full_48kHz,123.5833,0.03145729
3rd_test,disp_full_48kHz,123.9167,0.025284879
3rd_test,disp_full_48kHz,124.25,0.048186391
3rd_test,disp_full_48kHz,124.5833,0.033560409
3rd_test,disp_full_48kHz,124.9167,0.044486119
3rd_test,disp_full_48kHz,125.25,0.033297831
3rd_test,disp_full_48kHz,125.5833,0.033260397
3rd_test,disp_full_48kHz,125.9167,0.05230746
3rd_test,disp_full_48kHz,126.25,0.035894375
3rd_test,disp_full_48kHz,126.5833,0.024543309
3rd_test,disp_full_48kHz,126.9167,0.03438515
3rd_test,disp_full_48kHz,127.25,0.031491943
3rd_test,disp_full_48kHz,127.5833,0.034015142
3rd_test,disp_full_48kHz,127.9167,0.029763467
3rd_test,disp_full_48kHz,128.25,0.051905975
3rd_test,disp_full_48kHz,128.5833,0.03862092
3rd_test,disp_full_48kHz,128.9167,0.034406538
3rd_test,disp_full_48kHz,129.25,0.034705991
3rd_test,disp_full_48kHz,129.5833,0.033432712
3rd_test,disp_full_48kHz,129.9167,0.053233088
3rd_test,disp_full_48kHz,130.25,0.038453468
3rd_test,disp_full_48kHz,130.5833,0.039872476
3rd_test,disp_full_48kHz,130.9167,0.027917354
3rd_test,disp_full_48kHz,131.25,0.027090646
3rd_test,disp_full_48kHz,131.5833,0.029241568
3rd_test,disp_full_48kHz,131.9167,0.029405586
3rd_test,disp_full_48kHz,132.25,0.05242783
3rd_test,disp_full_48kHz,132.5833,0.035534804
3rd_test,disp_full_48kHz,132.9167,0.027957944
3rd_test,disp_full_48kHz,133.25,0.03575805
3rd_test,disp_full_48kHz,133.5833,0.047172731
3rd_test,disp_full_48kHz,133.9167,0.037401108
3rd_test,disp_full_48kHz,134.25,0.04988592
3rd_test,disp_full_48kHz,134.5833,0.040355827
3rd_test,disp_full_48kHz,134.9167,0.029820597
3rd_test,disp_full_48kHz,135.25,0.026346533
3rd_test,disp_full_48kHz,135.5833,0.028542277
3rd_test,disp_full_48kHz,135.9167,0.048397601
3rd_test,disp_full_48kHz,136.25,0.04847247
3rd_test,disp_full_48kHz,136.5833,0.03642782
3rd_test,disp_full_48kHz,136.9167,0.048549992
3rd_test,disp_full_48kHz,137.25,0.064812013
3rd_test,disp_full_48kHz,137.5833,0.046289698
3rd_test,disp_full_48kHz,137.9167,0.043874721
3rd_test,disp_full_48kHz,138.25,0.034417484
3rd_test,disp_full_48kHz,138.5833,0.026408344
3rd_test,disp_full_48kHz,138.9167,0.031590338
3rd_test,disp_full_48kHz,139.25,0.050329563
3rd_test,disp_full_48kHz,139.5833,0.037698148
3rd_test,disp_full_48kHz,139.9167,0.036132349
3rd_test,disp_full_48kHz,140.25,0.033012576
3rd_test,disp_full_48kHz,140.5833,0.042783176
3rd_test,disp_full_48kHz,140.9167,0.024654618
3rd_test,disp_full_48kHz,141.25,0.047686142
3rd_test,disp_full_48kHz,141.5833,0.039110024
3rd_test,disp_full_48kHz,141.9167,0.043456118
3rd_test,disp_full_48kHz,142.25,0.029805433
3rd_test,disp_full_48kHz,142.5833,0.050615119
3rd_test,disp_full_48kHz,142.9167,0.034295153
3rd_test,disp_full_48kHz,143.25,0.027378883
3rd_test,disp_full_48kHz,143.5833,0.04687724
3rd_test,disp_full_48kHz,143.9167,0.038557685
3rd_test,disp_full_48kHz,144.25,0.037920838
3rd_test,disp_full_48kHz,144.5833,0.033935887
3rd_test,disp_full_48kHz,144.9167,0.027544802
3rd_test,disp_full_48kHz,145.25,0.045644649
3rd_test,disp_full_48kHz,145.5833,0.038344107
3rd_test,disp_full_48kHz,145.9167,0.04022155
3rd_test,disp_full_48kHz,146.25,0.044264914
3rd_test,disp_full_48kHz,146.5833,0.043108382
3rd_test,disp_full_48kHz,146.9167,0.050836116
3rd_test,disp_full_48kHz,147.25,0.042983688
3rd_test,disp_full_48kHz,147.5833,0.025251677
3rd_test,disp_full_48kHz,147.9167,0.053090096
3rd_test,disp_full_48kHz,148.25,0.048419368
3rd_test,disp_full_48kHz,148.5833,0.034401292
3rd_test,disp_full_48kHz,148.9167,0.046970878
3rd_test,disp_full_48kHz,149.25,0.038916274
3rd_test,disp_full_48kHz,149.5833,0.030814932
3rd_test,disp_full_48kHz,149.9167,0.04589067
3rd_test,disp_full_48kHz,150.25,0.046648014
3rd_test,disp_full_48kHz,150.5833,0.036707594
3rd_test,disp_full_48kHz,150.9167,0.031458091
3rd_test,disp_full_48kHz,151.25,0.047685973
3rd_test,disp_full_48kHz,151.5833,0.033033591
3rd_test,disp_full_48kHz,151.9167,0.050223715
3rd_test,disp_full_48kHz,152.25,0.037616969
3rd_test,disp_full_48kHz,152.5833,0.032037963
3rd_test,disp_full_48kHz,152.9167,0.03675123
3rd_test,disp_full_48kHz,153.25,0.030101798
3rd_test,disp_full_48kHz,153.5833,0.042950871
3rd_test,disp_full_48kHz,153.9167,0.025177657
3rd_test,disp_full_48kHz,154.25,0.028545597
3rd_test,disp_full_48kHz,154.5833,0.022212879
3rd_test,disp_full_48kHz,154.9167,0.031071736
3rd_test,disp_full_48kHz,155.25,0.039523585
3rd_test,disp_full_48kHz,155.5833,0.04829778
3rd_test,disp_full_48kHz,155.9167,0.053303932
3rd_test,disp_full_48kHz,156.25,0.039301532
3rd_test,disp_full_48kHz,156.5833,0.065106825
3rd_test,disp_full_48kHz,156.9167,0.037521727
3rd_test,disp_full_48kHz,157.25,0.030405266
3rd_test,disp_full_48kHz,157.5833,0.037640467
3rd_test,disp_full_48kHz,157.9167,0.03889888
3rd_test,disp_full_48kHz,158.25,0.021873661
3rd_test,disp_full_48kHz,158.5833,0.034472282
3rd_test,disp_full_48kHz,158.9167,0.04232755
3rd_test,disp_full_48kHz,159.25,0.046603023
3rd_test,disp_full_48kHz,159.5833,0.036741267
3rd_test,disp_full_48kHz,159.9167,0.029172675
3rd_test,disp_full_48kHz,160.25,0.030086605
3rd_test,disp_full_48kHz,160.5833,0.043925181
3rd_test,disp_full_48kHz,160.9167,0.047655111
3rd_test,disp_full_48kHz,161.25,0.037259374
3rd_test,disp_full_48kHz,161.5833,0.025258429
3rd_test,disp_full_48kHz,161.9167,0.025618709
3rd_test,disp_full_48kHz,162.25,0.05736927
3rd_test,disp_full_48kHz,162.5833,0.036608143
3rd_test,disp_full_48kHz,162.9167,0.03062932
3rd_test,disp_full_48kHz,163.25,0.030054197
3rd_test,disp_full_48kHz,163.5833,0.024091693
3rd_test,disp_full_48kHz,163.9167,0.025923129
3rd_test,disp_full_48kHz,164.25,0.029938518
3rd_test,disp_full_48kHz,164.5833,0.038329914
3rd_test,disp_full_48kHz,164.9167,0.022062156
3rd_test,disp_full_48kHz,165.25,0.039950391
3rd_test,disp_full_48kHz,165.5833,0.032882224
3rd_test,disp_full_48kHz,165.9167,0.030484342
3rd_test,disp_full_48kHz,166.25,0.040571807
3rd_test,disp_full_48kHz,166.5833,0.029073633
3rd_test,disp_full_48kHz,166.9167,0.038374357
3rd_test,disp_full_48kHz,167.25,0.043958125
3rd_test,disp_full_48kHz,167.5833,0.053414388
3rd_test,disp_full_48kHz,167.9167,0.025921379
3rd_test,disp_full_48kHz,168.25,0.051539481
3rd_test,disp_full_48kHz,168.5833,0.039244734
3rd_test,disp_full_48kHz,168.9167,0.026867279
3rd_test,disp_full_48kHz,169.25,0.033343817
3rd_test,disp_full_48kHz,169.5833,0.062285765
3rd_test,disp_full_48kHz,169.9167,0.041908169
3rd_test,disp_full_48kHz,170.25,0.044392505
3rd_test,disp_full_48kHz,170.5833,0.042699317
3rd_test,disp_full_48kHz,170.9167,0.030628314
3rd_test,disp_full_48kHz,171.25,0.03742374
3rd_test,disp_full_48kHz,171.5833,0.043684548
3rd_test,disp_full_48kHz,171.9167,0.043066974
3rd_test,disp_full_48kHz,172.25,0.060082024
3rd_test,disp_full_48kHz,172.5833,0.042665724
3rd_test,disp_full_48kHz,172.9167,0.047412093
3rd_test,disp_full_48kHz,173.25,0.033555017
3rd_test,disp_full_48kHz,173.5833,0.037974302
3rd_test,disp_full_48kHz,173.9167,0.038654733
3rd_test,disp_full_48kHz,174.25,0.033613958
3rd_test,disp_full_48kHz,174.5833,0.045544987
3rd_test,disp_full_48kHz,174.9167,0.04247066
3rd_test,disp_full_48kHz,175.25,0.03260363
3rd_test,disp_full_48kHz,175.5833,0.042158783
3rd_test,disp_full_48kHz,175.9167,0.032262639
3rd_test,disp_full_48kHz,176.25,0.029215335
3rd_test,disp_full_48kHz,176.5833,0.04280224
3rd_test,disp_full_48kHz,176.9167,0.039687742
3rd_test,disp_full_48kHz,177.25,0.049864787
3rd_test,disp_full_48kHz,177.5833,0.031567814
3rd_test,disp_full_48kHz,177.9167,0.052585937
3rd_test,disp_full_48kHz,178.25,0.027007271
3rd_test,disp_full_48kHz,178.5833,0.035886268
3rd_test,disp_full_48kHz,178.9167,0.039061469
3rd_test,disp_full_48kHz,179.25,0.032946286
3rd_test,disp_full_48kHz,179.5833,0.035737591
3rd_test,disp_full_48kHz,179.9167,0.034329458
3rd_test,disp_full_48kHz,180.25,0.032719867
3rd_test,disp_full_48kHz,180.5833,0.035989863
3rd_test,disp_full_48kHz,180.9167,0.024405348
3rd_test,disp_full_48kHz,181.25,0.04495788
3rd_test,disp_full_48kHz,181.5833,0.028566326
3rd_test,disp_full_48kHz,181.9167,0.049068514
3rd_test,disp_full_48kHz,182.25,0.042792518
3rd_test,disp_full_48kHz,182.5833,0.048763938
3rd_test,disp_full_48kHz,182.9167,0.022534213
3rd_test,disp_full_48kHz,183.25,0.047206939
3rd_test,disp_full_48kHz,183.5833,0.02797036
3rd_test,disp_full_48kHz,183.9167,0.063351074
3rd_test,disp_full_48kHz,184.25,0.037021832
3rd_test,disp_full_48kHz,184.5833,0.031221464
3rd_test,disp_full_48kHz,184.9167,0.031417332
3rd_test,disp_full_48kHz,185.25,0.044413044
3rd_test,disp_full_48kHz,185.5833,0.062007693
3rd_test,disp_full_48kHz,185.9167,0.040313929
3rd_test,disp_full_48kHz,186.25,0.037238017
3rd_test,disp_full_48kHz,186.5833,0.034937256
3rd_test,disp_full_48kHz,186.9167,0.037314876
3rd_test,disp_full_48kHz,187.25,0.041384173
3rd_test,disp_full_48kHz,187.5833,0.042995939
3rd_test,disp_full_48kHz,187.9167,0.040815185
3rd_test,disp_full_48kHz,188.25,0.036770147
3rd_test,disp_full_48kHz,188.5833,0.03639654
3rd_test,disp_full_48kHz,188.9167,0.044872033
3rd_test,disp_full_48kHz,189.25,0.041266885
3rd_test,disp_full_48kHz,189.5833,0.044511223
3rd_test,disp_full_48kHz,189.9167,0.040723641
3rd_test,disp_full_48kHz,190.25,0.047161758
3rd_test,disp_full_48kHz,190.5833,0.044664208
3rd_test,disp_full_48kHz,190.9167,0.033730344
3rd_test,disp_full_48kHz,191.25,0.032869041
3rd_test,disp_full_48kHz,191.5833,0.0299985
3rd_test,disp_full_48kHz,191.9167,0.034639165
3rd_test,disp_full_48kHz,192.25,0.03984275
3rd_test,disp_full_48kHz,192.5833,0.04531475
3rd_test,disp_full_48kHz,192.9167,0.034540016
3rd_test,disp_full_48kHz,193.25,0.036891688
3rd_test,disp_full_48kHz,193.5833,0.045307046
3rd_test,disp_full_48kHz,193.9167,0.022484639
3rd_test,disp_full_48kHz,194.25,0.042528752
3rd_test,disp_full_48kHz,194.5833,0.029418917
3rd_test,disp_full_48kHz,194.9167,0.037480037
3rd_test,disp_full_48kHz,195.25,0.026838411
3rd_test,disp_full_48kHz,195.5833,0.035364355
3rd_test,disp_full_48kHz,195.9167,0.037949454
3rd_test,disp_full_48kHz,196.25,0.045785978
3rd_test,disp_full_48kHz,196.5833,0.041952444
3rd_test,disp_full_48kHz,196.9167,0.029451805
3rd_test,disp_full_48kHz,197.25,0.037252081
3rd_test,disp_full_48kHz,197.5833,0.03942287
3rd_test,disp_full_48kHz,197.9167,0.040578375
3rd_test,disp_full_48kHz,198.25,0.059769546
3rd_test,disp_full_48kHz,198.5833,0.032993242
3rd_test,disp_full_48kHz,198.9167,0.036508788
3rd_test,disp_full_48kHz,199.25,0.040458391
3rd_test,disp_full_48kHz,199.5833,0.031385178
3rd_test,disp_full_48kHz,199.9167,0.034034313
3rd_test,disp_full_48kHz,200.25,0.057382906
3rd_test,disp_full_48kHz,200.5833,0.044153902
3rd_test,disp_full_48kHz,200.9167,0.043999442
3rd_test,disp_full_48kHz,201.25,0.046507608
3rd_test,disp_full_48kHz,201.5833,0.037499759
3rd_test,disp_full_48kHz,201.9167,0.042291892
3rd_test,disp_full_48kHz,202.25,0.04748466
3rd_test,disp_full_48kHz,202.5833,0.033532198
3rd_test,disp_full_48kHz,202.9167,0.048371899
3rd_test,disp_full_48kHz,203.25,0.039270946
3rd_test,disp_full_48kHz,203.5833,0.030757222
3rd_test,disp_full_48kHz,203.9167,0.033824276
3rd_test,disp_full_48kHz,204.25,0.051762335
3rd_test,disp_full_48kHz,204.5833,0.036144223
3rd_test,disp_full_48kHz,204.9167,0.048216336
3rd_test,disp_full_48kHz,205.25,0.036207399
3rd_test,disp_full_48kHz,205.5833,0.037784118
3rd_test,disp_full_48kHz,205.9167,0.045033815
3rd_test,disp_full_48kHz,206.25,0.031815305
3rd_test,disp_full_48kHz,206.5833,0.037259558
3rd_test,disp_full_48kHz,206.9167,0.035171992
3rd_test,disp_full_48kHz,207.25,0.026013962
3rd_test,disp_full_48kHz,207.5833,0.036898405
3rd_test,disp_full_48kHz,207.9167,0.050951082
3rd_test,disp_full_48kHz,208.25,0.049882071
3rd_test,disp_full_48kHz,208.5833,0.028875655
3rd_test,disp_full_48kHz,208.9167,0.04750363
3rd_test,disp_full_48kHz,209.25,0.041642384
3rd_test,disp_full_48kHz,209.5833,0.020739893
3rd_test,disp_full_48kHz,209.9167,0.039758925
3rd_test,disp_full_48kHz,210.25,0.039208761
3rd_test,disp_full_48kHz,210.5833,0.03074873
3rd_test,disp_full_48kHz,210.9167,0.035189923
3rd_test,disp_full_48kHz,211.25,0.042406058
3rd_test,disp_full_48kHz,211.5833,0.030940443
3rd_test,disp_full_48kHz,211.9167,0.044388399
3rd_test,disp_full_48kHz,212.25,0.042969116
3rd_test,disp_full_48kHz,212.5833,0.029290255
3rd_test,disp_full_48kHz,212.9167,0.032404699
3rd_test,disp_full_48kHz,213.25,0.055147585
3rd_test,disp_full_48kHz,213.5833,0.026699416
3rd_test,disp_full_48kHz,213.9167,0.039323153
3rd_test,disp_full_48kHz,214.25,0.044353449
3rd_test,disp_full_48kHz,214.5833,0.0523678
3rd_test,disp_full_48kHz,214.9167,0.038081003
3rd_test,disp_full_48kHz,215.25,0.045330838
3rd_test,disp_full_48kHz,215.5833,0.030031309
3rd_test,disp_full_48kHz,215.9167,0.037394405
3rd_test,disp_full_48kHz,216.25,0.028629987
3rd_test,disp_full_48kHz,216.5833,0.030378134
3rd_test,disp_full_48kHz,216.9167,0.042780702
3rd_test,disp_full_48kHz,217.25,0.049894228
3rd_test,disp_full_48kHz,217.5833,0.037795233
3rd_test,disp_full_48kHz,217.9167,0.028886113
3rd_test,disp_full_48kHz,218.25,0.031016851
3rd_test,disp_full_48kHz,218.5833,0.052390184
3rd_test,disp_full_48kHz,218.9167,0.039859899
3rd_test,disp_full_48kHz,219.25,0.041692608
3rd_test,disp_full_48kHz,219.5833,0.031400178
3rd_test,disp_full_48kHz,219.9167,0.030004949
3rd_test,disp_full_48kHz,220.25,0.029383803
3rd_test,disp_full_48kHz,220.5833,0.031197802
3rd_test,disp_full_48kHz,220.9167,0.036140774
3rd_test,disp_full_48kHz,221.25,0.033780816
3rd_test,disp_full_48kHz,221.5833,0.048954738
3rd_test,disp_full_48kHz,221.9167,0.03650975
3rd_test,disp_full_48kHz,222.25,0.067713592
3rd_test,disp_full_48kHz,222.5833,0.046151273
3rd_test,disp_full_48kHz,222.9167,0.03906446
3rd_test,disp_full_48kHz,223.25,0.048773422
3rd_test,disp_full_48kHz,223.5833,0.043130871
3rd_test,disp_full_48kHz,223.9167,0.041834154
3rd_test,disp_full_48kHz,224.25,0.032297814
3rd_test,disp_full_48kHz,224.5833,0.039480735
3rd_test,disp_full_48kHz,224.9167,0.033478361
3rd_test,disp_full_48kHz,225.25,0.022883827
3rd_test,disp_full_48kHz,225.5833,0.027969737
3rd_test,disp_full_48kHz,225.9167,0.053895379
3rd_test,disp_full_48kHz,226.25,0.045539579
3rd_test,disp_full_48kHz,226.5833,0.029591149
3rd_test,disp_full_48kHz,226.9167,0.038554605
3rd_test,disp_full_48kHz,227.25,0.035890082
3rd_test,disp_full_48kHz,227.5833,0.044740091
3rd_test,disp_full_48kHz,227.9167,0.036454011
3rd_test,disp_full_48kHz,228.25,0.038954724
3rd_test,disp_full_48kHz,228.5833,0.041167382
3rd_test,disp_full_48kHz,228.9167,0.030095938
3rd_test,disp_full_48kHz,229.25,0.039008502
3rd_test,disp_full_48kHz,229.5833,0.031219704
3rd_test,disp_full_48kHz,229.9167,0.029227757
3rd_test,disp_full_48kHz,230.25,0.042425734
3rd_test,disp_full_48kHz,230.5833,0.036088736
3rd_test,disp_full_48kHz,230.9167,0.036804165
3rd_test,disp_full_48kHz,231.25,0.038429784
3rd_test,disp_full_48kHz,231.5833,0.038760192
3rd_test,disp_full_48kHz,231.9167,0.043236004
3rd_test,disp_full_48kHz,232.25,0.036776398
3rd_test,disp_full_48kHz,232.5833,0.040009166
3rd_test,disp_full_48kHz,232.9167,0.03466737
3rd_test,disp_full_48kHz,233.25,0.038930808
3rd_test,disp_full_48kHz,233.5833,0.042776438
3rd_test,disp_full_48kHz,233.9167,0.04086864
3rd_test,disp_full_48kHz,234.25,0.041836777
3rd_test,disp_full_48kHz,234.5833,0.034112752
3rd_test,disp_full_48kHz,234.9167,0.035218525
3rd_test,disp_full_48kHz,235.25,0.035852046
3rd_test,disp_full_48kHz,235.5833,0.032264585
3rd_test,disp_full_48kHz,235.9167,0.028959423
3rd_test,disp_full_48kHz,236.25,0.03707824
3rd_test,disp_full_48kHz,236.5833,0.034973494
3rd_test,disp_full_48kHz,236.9167,0.027821703
3rd_test,disp_full_48kHz,237.25,0.040479173
3rd_test,disp_full_48kHz,237.5833,0.037127985
3rd_test,disp_full_48kHz,237.9167,0.048455373
3rd_test,disp_full_48kHz,238.25,0.036166778
3rd_test,disp_full_48kHz,238.5833,0.026900229
3rd_test,disp_full_48kHz,238.9167,0.034828447
3rd_test,disp_full_48kHz,239.25,0.03405898
3rd_test,disp_full_48kHz,239.5833,0.043169151
3rd_test,disp_full_48kHz,239.9167,0.041233544
3rd_test,disp_full_48kHz,240.25,0.036167847
3rd_test,disp_full_48kHz,240.5833,0.033242239
3rd_test,disp_full_48kHz,240.9167,0.063324839
3rd_test,disp_full_48kHz,241.25,0.036831353
3rd_test,disp_full_48kHz,241.5833,0.032060161
3rd_test,disp_full_48kHz,241.9167,0.039592375
3rd_test,disp_full_48kHz,242.25,0.042729407
3rd_test,disp_full_48kHz,242.5833,0.043705546
3rd_test,disp_full_48kHz,242.9167,0.047792177
3rd_test,disp_full_48kHz,243.25,0.041266739
3rd_test,disp_full_48kHz,243.5833,0.066132948
3rd_test,disp_full_48kHz,243.9167,0.031347216
3rd_test,disp_full_48kHz,244.25,0.031712137
3rd_test,disp_full_48kHz,244.5833,0.033109527
3rd_test,disp_full_48kHz,244.9167,0.045917346
3rd_test,disp_full_48kHz,245.25,0.03777079
3rd_test,disp_full_48kHz,245.5833,0.036594157
3rd_test,disp_full_48kHz,245.9167,0.035461649
3rd_test,disp_full_48kHz,246.25,0.032078244
3rd_test,disp_full_48kHz,246.5833,0.033578478
3rd_test,disp_full_48kHz,246.9167,0.042528227
3rd_test,disp_full_48kHz,247.25,0.050992005
3rd_test,disp_full_48kHz,247.5833,0.051931802
3rd_test,disp_full_48kHz,247.9167,0.029946605
3rd_test,disp_full_48kHz,248.25,0.050294419
3rd_test,disp_full_48kHz,248.5833,0.022942555
3rd_test,disp_full_48kHz,248.9167,0.042808391
3rd_test,disp_full_48kHz,249.25,0.033156101
3rd_test,disp_full_48kHz,249.5833,0.044614132
3rd_test,disp_full_48kHz,249.9167,0.04473968
3rd_test,disp_full_48kHz,250.25,0.061772998
3rd_test,disp_full_48kHz,250.5833,0.030100687
3rd_test,disp_full_48kHz,250.9167,0.065695554
3rd_test,disp_full_48kHz,251.25,0.036140303
3rd_test,disp_full_48kHz,251.5833,0.044046206
3rd_test,disp_full_48kHz,251.9167,0.040404011
3rd_test,disp_full_48kHz,252.25,0.0477768
3rd_test,disp_full_48kHz,252.5833,0.064039164
3rd_test,disp_full_48kHz,252.9167,0.046527086
3rd_test,disp_full_48kHz,253.25,0.046688698
3rd_test,disp_full_48kHz,253.5833,0.038032543
3rd_test,disp_full_48kHz,253.9167,0.048831532
3rd_test,disp_full_48kHz,254.25,0.047212661
3rd_test,disp_full_48kHz,254.5833,0.032596756
3rd_test,disp_full_48kHz,254.9167,0.041578493
3rd_test,disp_full_48kHz,255.25,0.049772451
3rd_test,disp_full_48kHz,255.5833,0.040008564
3rd_test,disp_full_48kHz,255.9167,0.036366748
3rd_test,disp_full_48kHz,256.25,0.032446126
3rd_test,disp_full_48kHz,256.5833,0.031020008
3rd_test,disp_full_48kHz,256.9167,0.02984566
3rd_test,disp_full_48kHz,257.25,0.025382652
3rd_test,disp_full_48kHz,257.5833,0.029725632
3rd_test,disp_full_48kHz,257.9167,0.024847941
3rd_test,disp_full_48kHz,258.25,0.032845014
3rd_test,disp_full_48kHz,258.5833,0.031349728
3rd_test,disp_full_48kHz,258.9167,0.037260615
3rd_test,disp_full_48kHz,259.25,0.022777861
3rd_test,disp_full_48kHz,259.5833,0.047242379
3rd_test,disp_full_48kHz,259.9167,0.037977137
3rd_test,disp_full_48kHz,260.25,0.038473883
3rd_test,disp_full_48kHz,260.5833,0.031826421
3rd_test,disp_full_48kHz,260.9167,0.046301285
3rd_test,disp_full_48kHz,261.25,0.038655427
3rd_test,disp_full_48kHz,261.5833,0.04536916
3rd_test,disp_full_48kHz,261.9167,0.033309596
3rd_test,disp_full_48kHz,266.5864,0.039320554
3rd_test,disp_full_48kHz,266.7928,0.047204729
3rd_test,disp_full_48kHz,267.1261,0.030622223
3rd_test,disp_full_48kHz,267.4594,0.034951507
3rd_test,disp_full_48kHz,267.7928,0.039251966
3rd_test,disp_full_48kHz,268.1261,0.044245887
3rd_test,disp_full_48kHz,268.4594,0.040456812
3rd_test,disp_full_48kHz,268.7928,0.030260714
3rd_test,disp_full_48kHz,269.1261,0.035207495
3rd_test,disp_full_48kHz,269.4594,0.031026473
3rd_test,disp_full_48kHz,269.7928,0.029322277
3rd_test,disp_full_48kHz,270.1261,0.050233946
3rd_test,disp_full_48kHz,270.4594,0.039884413
3rd_test,disp_full_48kHz,270.7928,0.044898609
3rd_test,disp_full_48kHz,271.1261,0.041878916
3rd_test,disp_full_48kHz,271.4594,0.057959889
3rd_test,disp_full_48kHz,271.7928,0.028013257
3rd_test,disp_full_48kHz,272.1261,0.044075694
3rd_test,disp_full_48kHz,272.4594,0.050382102
3rd_test,disp_full_48kHz,272.7928,0.051677715
3rd_test,disp_full_48kHz,273.1261,0.033715186
3rd_test,disp_full_48kHz,273.4594,0.043196172
3rd_test,disp_full_48kHz,273.7928,0.040760869
3rd_test,disp_full_48kHz,274.1261,0.052311545
3rd_test,disp_full_48kHz,274.4594,0.027388739
3rd_test,disp_full_48kHz,274.7928,0.053798131
3rd_test,disp_full_48kHz,275.1261,0.027975068
3rd_test,disp_full_48kHz,275.4594,0.045039694
3rd_test,disp_full_48kHz,275.7928,0.038640447
3rd_test,disp_full_48kHz,276.1261,0.035819299
3rd_test,disp_full_48kHz,276.4594,0.035153569
3rd_test,disp_full_48kHz,276.7928,0.03923955
3rd_test,disp_full_48kHz,277.1261,0.029093806
3rd_test,disp_full_48kHz,277.4594,0.047425205
3rd_test,disp_full_48kHz,277.7928,0.032912364
3rd_test,disp_full_48kHz,278.1261,0.053937112
3rd_test,disp_full_48kHz,278.4594,0.035414943
3rd_test,disp_full_48kHz,278.7928,0.02925667
3rd_test,disp_full_48kHz,279.1261,0.030023962
3rd_test,disp_full_48kHz,279.4594,0.050591351
3rd_test,disp_full_48kHz,279.7928,0.023216887
3rd_test,disp_full_48kHz,280.1261,0.03313947
3rd_test,disp_full_48kHz,280.4594,0.047159286
3rd_test,disp_full_48kHz,280.7928,0.035679522
3rd_test,disp_full_48kHz,281.1261,0.049758278
3rd_test,disp_full_48kHz,281.4594,0.035245071
3rd_test,disp_full_48kHz,281.7928,0.037526574
3rd_test,disp_full_48kHz,282.1261,0.033016202
3rd_test,disp_full_48kHz,282.4594,0.048609133
3rd_test,disp_full_48kHz,282.7928,0.02979914
3rd_test,disp_full_48kHz,283.1261,0.037862825
3rd_test,disp_full_48kHz,283.4594,0.027931673
3rd_test,disp_full_48kHz,283.7928,0.036126919
3rd_test,disp_full_48kHz,284.1261,0.029349933
3rd_test,disp_full_48kHz,284.4594,0.037345701
3rd_test,disp_full_48kHz,284.7928,0.04068327
3rd_test,disp_full_48kHz,285.1261,0.046043406
3rd_test,disp_full_48kHz,285.4594,0.033233885
3rd_test,disp_full_48kHz,285.7928,0.046641245
3rd_test,disp_full_48kHz,286.1261,0.043422648
3rd_test,disp_full_48kHz,286.4594,0.027186501
3rd_test,disp_full_48kHz,286.7928,0.03093058
3rd_test,disp_full_48kHz,287.1261,0.03072957
3rd_test,disp_full_48kHz,287.4594,0.044428921
3rd_test,disp_full_48kHz,287.7928,0.037536882
3rd_test,disp_full_48kHz,288.1261,0.033245606
3rd_test,disp_full_48kHz,288.4594,0.030122665
3rd_test,disp_full_48kHz,288.7928,0.041128276
3rd_test,disp_full_48kHz,289.1261,0.042023288
3rd_test,disp_full_48kHz,289.4594,0.039479919
3rd_test,disp_full_48kHz,289.7928,0.032046751
3rd_test,disp_full_48kHz,290.1261,0.025446728
3rd_test,disp_full_48kHz,290.4594,0.049239045
3rd_test,disp_full_48kHz,290.7928,0.044772057
3rd_test,disp_full_48kHz,291.1261,0.034885264
3rd_test,disp_full_48kHz,291.4594,0.037448436
3rd_test,disp_full_48kHz,291.7928,0.037670155
3rd_test,disp_full_48kHz,292.1261,0.047305617
3rd_test,disp_full_48kHz,292.4594,0.025011788
3rd_test,disp_full_48kHz,292.7928,0.066863589
3rd_test,disp_full_48kHz,293.1261,0.039692332
3rd_test,disp_full_48kHz,293.4594,0.026975905
3rd_test,disp_full_48kHz,293.7928,0.025397011
3rd_test,disp_full_48kHz,294.1261,0.023881177
3rd_test,disp_full_48kHz,294.4594,0.042898933
3rd_test,disp_full_48kHz,294.7928,0.030340122
3rd_test,disp_full_48kHz,295.1261,0.045056798
3rd_test,disp_full_48kHz,295.4594,0.040241332
3rd_test,disp_full_48kHz,295.7928,0.043147712
3rd_test,disp_full_48kHz,296.1261,0.03132756
3rd_test,disp_full_48kHz,296.4594,0.036086694
3rd_test,disp_full_48kHz,296.7928,0.051910225
3rd_test,disp_full_48kHz,297.1261,0.035773124
3rd_test,disp_full_48kHz,297.4594,0.048315055
3rd_test,disp_full_48kHz,297.7928,0.053348384
3rd_test,disp_full_48kHz,298.1261,0.03435372
3rd_test,disp_full_48kHz,298.4594,0.040676136
3rd_test,disp_full_48kHz,298.7928,0.03706094
3rd_test,disp_full_48kHz,299.1261,0.021198272
3rd_test,disp_full_48kHz,299.4594,0.045122025
3rd_test,disp_full_48kHz,299.7928,0.034822675
3rd_test,disp_full_48kHz,300.1261,0.037187524
3rd_test,disp_full_48kHz,300.4594,0.034355431
3rd_test,disp_full_48kHz,300.7928,0.044818287
3rd_test,disp_full_48kHz,301.1261,0.03973683
3rd_test,disp_full_48kHz,301.4594,0.03529133
3rd_test,disp_full_48kHz,301.7928,0.042209521
3rd_test,disp_full_48kHz,302.1261,0.039409149
3rd_test,disp_full_48kHz,302.4594,0.030331594
3rd_test,disp_full_48kHz,302.7928,0.036329025
3rd_test,disp_full_48kHz,303.1261,0.030074788
3rd_test,disp_full_48kHz,303.4594,0.044977494
3rd_test,disp_full_48kHz,303.7928,0.042997531
3rd_test,disp_full_48kHz,304.1261,0.03505698
3rd_test,disp_full_48kHz,304.4594,0.026139599
3rd_test,disp_full_48kHz,304.7928,0.044150563
3rd_test,disp_full_48kHz,305.1261,0.024110183
3rd_test,disp_full_48kHz,305.4594,0.036930031
3rd_test,disp_full_48kHz,305.7928,0.038457997
3rd_test,disp_full_48kHz,306.1261,0.026507652
3rd_test,disp_full_48kHz,306.4594,0.042344953
3rd_test,disp_full_48kHz,306.7928,0.035198547
3rd_test,disp_full_48kHz,307.1261,0.032955296
3rd_test,disp_full_48kHz,307.4594,0.047387173
3rd_test,disp_full_48kHz,307.7928,0.044176458
3rd_test,disp_full_48kHz,308.1261,0.041347399
3rd_test,disp_full_48kHz,308.4594,0.026035238
3rd_test,disp_full_48kHz,308.7928,0.036860334
3rd_test,disp_full_48kHz,309.1261,0.021984077
3rd_test,disp_full_48kHz,309.4594,0.054379355
3rd_test,disp_full_48kHz,309.7928,0.047184189
3rd_test,disp_full_48kHz,310.1261,0.041970272
3rd_test,disp_full_48kHz,310.4594,0.036092261
3rd_test,disp_full_48kHz,310.7928,0.036034957
3rd_test,disp_full_48kHz,311.1261,0.031203449
3rd_test,disp_full_48kHz,311.4594,0.076325654
3rd_test,disp_full_48kHz,311.7928,0.02757413
3rd_test,disp_full_48kHz,312.1261,0.050153246
3rd_test,disp_full_48kHz,312.4594,0.047945929
3rd_test,disp_full_48kHz,312.7928,0.052656532
3rd_test,disp_full_48kHz,313.1261,0.043094973
3rd_test,disp_full_48kHz,313.4594,0.033682223
3rd_test,disp_full_48kHz,313.7928,0.031325299
3rd_test,disp_full_48kHz,314.1261,0.040004793
3rd_test,disp_full_48kHz,314.4594,0.038092444
3rd_test,disp_full_48kHz,314.7928,0.032075594
3rd_test,disp_full_48kHz,315.1261,0.049769215
3rd_test,disp_full_48kHz,315.4594,0.041466854
3rd_test,disp_full_48kHz,315.7928,0.038465003
3rd_test,disp_full_48kHz,316.1261,0.030505144
3rd_test,disp_full_48kHz,316.4594,0.046739538
3rd_test,disp_full_48kHz,316.7928,0.044957554
3rd_test,disp_full_48kHz,317.1261,0.030830114
3rd_test,disp_full_48kHz,317.4594,0.030211613
3rd_test,disp_full_48kHz,317.7928,0.03308527
3rd_test,disp_full_48kHz,318.1261,0.047164127
3rd_test,disp_full_48kHz,318.4594,0.031568081
3rd_test,disp_full_48kHz,318.7928,0.027370684
3rd_test,disp_full_48kHz,319.1261,0.038656096
3rd_test,disp_full_48kHz,319.4594,0.031685449
3rd_test,disp_full_48kHz,319.7928,0.034414756
3rd_test,disp_full_48kHz,320.1261,0.028778677
3rd_test,disp_full_48kHz,320.4594,0.033603759
3rd_test,disp_full_48kHz,320.7928,0.037065827
3rd_test,disp_full_48kHz,321.1261,0.04389337
3rd_test,disp_full_48kHz,321.4594,0.041719322
3rd_test,disp_full_48kHz,321.7928,0.05001649
3rd_test,disp_full_48kHz,322.1261,0.039580692
3rd_test,disp_full_48kHz,322.4594,0.033033172
3rd_test,disp_full_48kHz,322.7928,0.031262935
3rd_test,disp_full_48kHz,323.1261,0.037824337
3rd_test,disp_full_48kHz,323.4594,0.041086806
3rd_test,disp_full_48kHz,323.7928,0.027089194
3rd_test,disp_full_48kHz,324.1261,0.034819637
3rd_test,disp_full_48kHz,324.4594,0.035361786
3rd_test,disp_full_48kHz,324.7928,0.034047228
3rd_test,disp_full_48kHz,325.1261,0.051422014
3rd_test,disp_full_48kHz,325.4594,0.028699217
3rd_test,disp_full_48kHz,325.7928,0.036219186
3rd_test,disp_full_48kHz,326.1261,0.047036557
3rd_test,disp_full_48kHz,326.4594,0.051071372
3rd_test,disp_full_48kHz,326.7928,0.046206195
3rd_test,disp_full_48kHz,327.1261,0.0410637
3rd_test,disp_full_48kHz,327.4594,0.0540291
3rd_test,disp_full_48kHz,327.7928,0.028717366
3rd_test,disp_full_48kHz,328.1261,0.029056818
3rd_test,disp_full_48kHz,328.4594,0.044526537
3rd_test,disp_full_48kHz,328.7928,0.032968299
3rd_test,disp_full_48kHz,329.1261,0.040266499
3rd_test,disp_full_48kHz,329.4594,0.050799479
3rd_test,disp_full_48kHz,329.7928,0.032822777
3rd_test,disp_full_48kHz,330.1261,0.03520113
3rd_test,disp_full_48kHz,330.4594,0.038301303
3rd_test,disp_full_48kHz,330.7928,0.03273777
3rd_test,disp_full_48kHz,331.1261,0.035481437
3rd_test,disp_full_48kHz,331.4594,0.028763241
3rd_test,disp_full_48kHz,331.7928,0.037702303
3rd_test,disp_full_48kHz,332.1261,0.030704428
3rd_test,disp_full_48kHz,332.4594,0.046348858
3rd_test,disp_full_48kHz,332.7928,0.035703378
3rd_test,disp_full_48kHz,333.1261,0.036163954
3rd_test,disp_full_48kHz,333.4594,0.047172905
3rd_test,disp_full_48kHz,333.7928,0.044810382
3rd_test,disp_full_48kHz,334.1261,0.045798894
3rd_test,disp_full_48kHz,334.4594,0.03182767
3rd_test,disp_full_48kHz,334.7928,0.029261649
3rd_test,disp_full_48kHz,335.1261,0.032992796
3rd_test,disp_full_48kHz,335.4594,0.037516566
3rd_test,disp_full_48kHz,335.7928,0.032856264
3rd_test,disp_full_48kHz,336.1261,0.0340884
3rd_test,disp_full_48kHz,336.4594,0.041190357
3rd_test,disp_full_48kHz,336.7928,0.033008699
3rd_test,disp_full_48kHz,337.1261,0.03482571
3rd_test,disp_full_48kHz,337.4594,0.019670676
3rd_test,disp_full_48kHz,337.7928,0.032614797
3rd_test,disp_full_48kHz,338.1261,0.041300608
3rd_test,disp_full_48kHz,338.4594,0.025090175
3rd_test,disp_full_48kHz,338.7928,0.035549633
3rd_test,disp_full_48kHz,339.1261,0.048355009
3rd_test,disp_full_48kHz,339.4594,0.035094555
3rd_test,disp_full_48kHz,339.7928,0.029446826
3rd_test,disp_full_48kHz,340.1261,0.034380186
3rd_test,disp_full_48kHz,340.4594,0.065281096
3rd_test,disp_full_48kHz,340.7928,0.026783836
3rd_test,disp_full_48kHz,341.1261,0.046033884
3rd_test,disp_full_48kHz,341.4594,0.045710441
3rd_test,disp_full_48kHz,341.7928,0.032327875
3rd_test,disp_full_48kHz,342.1261,0.032869714
3rd_test,disp_full_48kHz,342.4594,0.032851207
3rd_test,disp_full_48kHz,342.7928,0.042798493
3rd_test,disp_full_48kHz,343.1261,0.042435278
3rd_test,disp_full_48kHz,343.4594,0.036167809
3rd_test,disp_full_48kHz,343.7928,0.026371077
3rd_test,disp_full_48kHz,344.1261,0.035309802
3rd_test,disp_full_48kHz,344.4594,0.034900267
3rd_test,disp_full_48kHz,344.7928,0.033759642
3rd_test,disp_full_48kHz,345.1261,0.032323338
3rd_test,disp_full_48kHz,345.4594,0.043920599
3rd_test,disp_full_48kHz,345.7928,0.041359005
3rd_test,disp_full_48kHz,346.1261,0.049185278
3rd_test,disp_full_48kHz,346.4594,0.04933415
3rd_test,disp_full_48kHz,346.7928,0.025666468
3rd_test,disp_full_48kHz,347.1261,0.030149871
3rd_test,disp_full_48kHz,347.4594,0.045364814
3rd_test,disp_full_48kHz,347.7928,0.027968936
3rd_test,disp_full_48kHz,348.1261,0.023411884
3rd_test,disp_full_48kHz,348.4594,0.038161243
3rd_test,disp_full_48kHz,348.7928,0.028507644
3rd_test,disp_full_48kHz,349.1261,0.031072197
3rd_test,disp_full_48kHz,349.4594,0.033946836
3rd_test,disp_full_48kHz,349.7928,0.029488086
3rd_test,disp_full_48kHz,350.1261,0.027684713
3rd_test,disp_full_48kHz,350.4594,0.03806626
3rd_test,disp_full_48kHz,350.7928,0.052558543
3rd_test,disp_full_48kHz,351.1261,0.042210739
3rd_test,disp_full_48kHz,351.4594,0.055486149
3rd_test,disp_full_48kHz,351.7928,0.039482685
3rd_test,disp_full_48kHz,352.1261,0.033913364
3rd_test,disp_full_48kHz,352.4594,0.033125064
3rd_test,disp_full_48kHz,352.7928,0.044269574
3rd_test,disp_full_48kHz,353.1261,0.039872731
3rd_test,disp_full_48kHz,353.4594,0.054153295
3rd_test,disp_full_48kHz,361.1586,0.038090708
3rd_test,disp_full_48kHz,361.4031,0.042969419
3rd_test,disp_full_48kHz,361.7364,0.051474166
3rd_test,disp_full_48kHz,362.0697,0.035831306
3rd_test,disp_full_48kHz,362.4031,0.035927629
3rd_test,disp_full_48kHz,362.7364,0.034118385
3rd_test,disp_full_48kHz,363.0697,0.03932731
3rd_test,disp_full_48kHz,363.4031,0.042584526
3rd_test,disp_full_48kHz,363.7364,0.034182445
3rd_test,disp_full_48kHz,364.0697,0.02879287
3rd_test,disp_full_48kHz,364.4031,0.028594027
3rd_test,disp_full_48kHz,364.7364,0.051789375
3rd_test,disp_full_48kHz,365.0697,0.050090995
3rd_test,disp_full_48kHz,365.4031,0.039336621
3rd_test,disp_full_48kHz,365.7364,0.048107844
3rd_test,disp_full_48kHz,366.0697,0.036177333
3rd_test,disp_full_48kHz,366.4031,0.035869974
3rd_test,disp_full_48kHz,366.7364,0.044579571
3rd_test,disp_full_48kHz,367.0697,0.032961098
3rd_test,disp_full_48kHz,367.4031,0.044753448
3rd_test,disp_full_48kHz,367.7364,0.046128308
3rd_test,disp_full_48kHz,368.0697,0.054146088
3rd_test,disp_full_48kHz,368.4031,0.040977014
3rd_test,disp_full_48kHz,368.7364,0.034803761
3rd_test,disp_full_48kHz,369.0697,0.030213176
3rd_test,disp_full_48kHz,369.4031,0.052447847
3rd_test,disp_full_48kHz,369.7364,0.041327149
3rd_test,disp_full_48kHz,370.0697,0.036497561
3rd_test,disp_full_48kHz,370.4031,0.031675204
3rd_test,disp_full_48kHz,370.7364,0.038146124
3rd_test,disp_full_48kHz,371.0697,0.042699322
3rd_test,disp_full_48kHz,371.4031,0.041505241
3rd_test,disp_full_48kHz,371.7364,0.045038732
3rd_test,disp_full_48kHz,372.0697,0.029363298
3rd_test,disp_full_48kHz,372.4031,0.023803924
3rd_test,disp_full_48kHz,372.7364,0.02524061
3rd_test,disp_full_48kHz,373.0697,0.042791035
3rd_test,disp_full_48kHz,373.4031,0.038128143
3rd_test,disp_full_48kHz,373.7364,0.033889954
3rd_test,disp_full_48kHz,374.0697,0.023556513
3rd_test,disp_full_48kHz,374.4031,0.036248289
3rd_test,disp_full_48kHz,374.7364,0.037182266
3rd_test,disp_full_48kHz,375.0697,0.029712107
3rd_test,disp_full_48kHz,375.4031,0.03928994
3rd_test,disp_full_48kHz,375.7364,0.027350693
3rd_test,disp_full_48kHz,376.0697,0.031737518
3rd_test,disp_full_48kHz,376.4031,0.036038772
3rd_test,disp_full_48kHz,376.7364,0.030207239
3rd_test,disp_full_48kHz,377.0697,0.029972763
3rd_test,disp_full_48kHz,377.4031,0.042276345
3rd_test,disp_full_48kHz,377.7364,0.028013845
3rd_test,disp_full_48kHz,378.0697,0.041545784
3rd_test,disp_full_48kHz,378.4031,0.036918155
3rd_test,disp_full_48kHz,378.7364,0.029475769
3rd_test,disp_full_48kHz,379.0697,0.053230507
3rd_test,disp_full_48kHz,379.4031,0.041084996
3rd_test,disp_full_48kHz,379.7364,0.040038985
3rd_test,disp_full_48kHz,380.0697,0.04715673
3rd_test,disp_full_48kHz,380.4031,0.022657708
3rd_test,disp_full_48kHz,380.7364,0.055779228
3rd_test,disp_full_48kHz,381.0697,0.045166175
3rd_test,disp_full_48kHz,381.4031,0.045832075
3rd_test,disp_full_48kHz,381.7364,0.035652147
3rd_test,disp_full_48kHz,382.0697,0.04840568
3rd_test,disp_full_48kHz,382.4031,0.039623712
3rd_test,disp_full_48kHz,382.7364,0.03410605
3rd_test,disp_full_48kHz,383.0697,0.036814034
3rd_test,disp_full_48kHz,383.4031,0.050735303
3rd_test,disp_full_48kHz,383.7364,0.035081898
3rd_test,disp_full_48kHz,384.0697,0.032032952
3rd_test,disp_full_48kHz,384.4031,0.043488395
3rd_test,disp_full_48kHz,384.7364,0.043083011
3rd_test,disp_full_48kHz,385.0697,0.046847099
3rd_test,disp_full_48kHz,385.4031,0.038775039
3rd_test,disp_full_48kHz,385.7364,0.02423429
3rd_test,disp_full_48kHz,386.0697,0.0383511
3rd_test,disp_full_48kHz,386.4031,0.042766529
3rd_test,disp_full_48kHz,386.7364,0.03822028
3rd_test,disp_full_48kHz,387.0697,0.037452956
3rd_test,disp_full_48kHz,387.4031,0.033649458
3rd_test,disp_full_48kHz,387.7364,0.037009583
3rd_test,disp_full_48kHz,388.0697,0.031421278
3rd_test,disp_full_48kHz,388.4031,0.030529876
3rd_test,disp_full_48kHz,388.7364,0.030073236
3rd_test,disp_full_48kHz,389.0697,0.036868356
3rd_test,disp_full_48kHz,389.4031,0.051979224
3rd_test,disp_full_48kHz,389.7364,0.047270866
3rd_test,disp_full_48kHz,390.0697,0.039786963
3rd_test,disp_full_48kHz,390.4031,0.044318763
3rd_test,disp_full_48kHz,390.7364,0.02178611
3rd_test,disp_full_48kHz,391.0697,0.038426869
3rd_test,disp_full_48kHz,391.4031,0.029452937
3rd_test,disp_full_48kHz,391.7364,0.045304526
3rd_test,disp_full_48kHz,392.0697,0.035045696
3rd_test,disp_full_48kHz,392.4031,0.028390464
3rd_test,disp_full_48kHz,392.7364,0.030352351
3rd_test,disp_full_48kHz,393.0697,0.055651615
3rd_test,disp_full_48kHz,393.4031,0.045701002
3rd_test,disp_full_48kHz,393.7364,0.027782551
3rd_test,disp_full_48kHz,394.0697,0.032185765
3rd_test,disp_full_48kHz,394.4031,0.036221551
3rd_test,disp_full_48kHz,394.7364,0.031676378
3rd_test,disp_full_48kHz,395.0697,0.033876655
3rd_test,disp_full_48kHz,395.4031,0.038945536
3rd_test,disp_full_48kHz,395.7364,0.031347629
3rd_test,disp_full_48kHz,396.0697,0.039018941
3rd_test,disp_full_48kHz,396.4031,0.024609393
3rd_test,disp_full_48kHz,396.7364,0.029389994
3rd_test,disp_full_48kHz,397.0697,0.038498683
3rd_test,disp_full_48kHz,397.4031,0.025452611
3rd_test,disp_full_48kHz,397.7364,0.031168363
3rd_test,disp_full_48kHz,398.0697,0.027487929
3rd_test,disp_full_48kHz,398.4031,0.024372776
3rd_test,disp_full_48kHz,398.7364,0.041641057
3rd_test,disp_full_48kHz,399.0697,0.048632399
3rd_test,disp_full_48kHz,399.4031,0.032813748
3rd_test,disp_full_48kHz,399.7364,0.033624463
3rd_test,disp_full_48kHz,400.0697,0.045727083
3rd_test,disp_full_48kHz,400.4031,0.022840634
3rd_test,disp_full_48kHz,400.7364,0.030822274
3rd_test,disp_full_48kHz,401.0697,0.04192093
3rd_test,disp_full_48kHz,401.4031,0.02583298
3rd_test,disp_full_48kHz,401.7364,0.032889857
3rd_test,disp_full_48kHz,402.0697,0.031433188
3rd_test,disp_full_48kHz,402.4031,0.046996076
3rd_test,disp_full_48kHz,402.7364,0.03256568
3rd_test,disp_full_48kHz,403.0697,0.039068623
3rd_test,disp_full_48kHz,403.4031,0.038077187
3rd_test,disp_full_48kHz,403.7364,0.026711885
3rd_test,disp_full_48kHz,404.0697,0.035191446
3rd_test,disp_full_48kHz,404.4031,0.03570359
3rd_test,disp_full_48kHz,404.7364,0.037603079
3rd_test,disp_full_48kHz,405.0697,0.031100241
3rd_test,disp_full_48kHz,405.4031,0.023870277
3rd_test,disp_full_48kHz,405.7364,0.042364802
3rd_test,disp_full_48kHz,406.0697,0.04398505
3rd_test,disp_full_48kHz,406.4031,0.045395333
3rd_test,disp_full_48kHz,406.7364,0.027524821
3rd_test,disp_full_48kHz,407.0697,0.032728496
3rd_test,disp_full_48kHz,407.4031,0.043294758
3rd_test,disp_full_48kHz,407.7364,0.037478001
3rd_test,disp_full_48kHz,408.0697,0.033565455
3rd_test,disp_full_48kHz,408.4031,0.033430759
3rd_test,disp_full_48kHz,408.7364,0.062919945
3rd_test,disp_full_48kHz,409.0697,0.035772985
3rd_test,disp_full_48kHz,409.4031,0.052001339
3rd_test,disp_full_48kHz,409.7364,0.028468343
3rd_test,disp_full_48kHz,410.0697,0.040628693
3rd_test,disp_full_48kHz,410.4031,0.053933197
3rd_test,disp_full_48kHz,410.7364,0.030835226
3rd_test,disp_full_48kHz,411.0697,0.030388425
3rd_test,disp_full_48kHz,411.4031,0.036497289
3rd_test,disp_full_48kHz,411.7364,0.028318802
3rd_test,disp_full_48kHz,412.0697,0.045809705
3rd_test,disp_full_48kHz,412.4031,0.049104819
3rd_test,disp_full_48kHz,412.7364,0.028376678
3rd_test,disp_full_48kHz,413.0697,0.039632199
3rd_test,disp_full_48kHz,413.4031,0.025380807
3rd_test,disp_full_48kHz,413.7364,0.039984463
3rd_test,disp_full_48kHz,414.0697,0.035772268
3rd_test,disp_full_48kHz,414.4031,0.041016286
3rd_test,disp_full_48kHz,414.7364,0.036867954
3rd_test,disp_full_48kHz,415.0697,0.031804369
3rd_test,disp_full_48kHz,415.4031,0.043931445
3rd_test,disp_full_48kHz,415.7364,0.058579831
3rd_test,disp_full_48kHz,416.0697,0.046902236
3rd_test,disp_full_48kHz,416.4031,0.03486581
3rd_test,disp_full_48kHz,416.7364,0.034164677
3rd_test,disp_full_48kHz,417.0697,0.040537106
3rd_test,disp_full_48kHz,417.4031,0.050072281
3rd_test,disp_full_48kHz,417.7364,0.041026834
3rd_test,disp_full_48kHz,418.0697,0.023813259
3rd_test,disp_full_48kHz,418.4031,0.040428695
3rd_test,disp_full_48kHz,418.7364,0.031066737
3rd_test,disp_full_48kHz,419.0697,0.032439434
3rd_test,disp_full_48kHz,419.4031,0.038893228
3rd_test,disp_full_48kHz,419.7364,0.039125498
3rd_test,disp_full_48kHz,420.0697,0.030631329
3rd_test,disp_full_48kHz,420.4031,0.043664584
3rd_test,disp_full_48kHz,420.7364,0.031539419
3rd_test,disp_full_48kHz,421.0697,0.029059847
3rd_test,disp_full_48kHz,421.4031,0.047577028
3rd_test,disp_full_48kHz,421.7364,0.039511013
3rd_test,disp_full_48kHz,422.0697,0.039894025
3rd_test,disp_full_48kHz,422.4031,0.038818483
3rd_test,disp_full_48kHz,422.7364,0.020722455
3rd_test,disp_full_48kHz,423.0697,0.056562311
3rd_test,disp_full_48kHz,423.4031,0.038176039
3rd_test,disp_full_48kHz,423.7364,0.033881393
3rd_test,disp_full_48kHz,424.0697,0.042926849
3rd_test,disp_full_48kHz,424.4031,0.044662473
3rd_test,disp_full_48kHz,424.7364,0.033455489
3rd_test,disp_full_48kHz,425.0697,0.045078604
3rd_test,disp_full_48kHz,425.4031,0.028027255
3rd_test,disp_full_48kHz,425.7364,0.042929177
3rd_test,disp_full_48kHz,426.0697,0.026431832
3rd_test,disp_full_48kHz,426.4031,0.044429498
3rd_test,disp_full_48kHz,426.7364,0.023869591
3rd_test,disp_full_48kHz,427.0697,0.030098863
3rd_test,disp_full_48kHz,427.4031,0.051734016
3rd_test,disp_full_48kHz,427.7364,0.038082275
3rd_test,disp_full_48kHz,428.0697,0.021881314
3rd_test,disp_full_48kHz,428.4031,0.03337662
3rd_test,disp_full_48kHz,428.7364,0.034190176
3rd_test,disp_full_48kHz,429.0697,0.042214618
3rd_test,disp_full_48kHz,429.4031,0.019401554
3rd_test,disp_full_48kHz,429.7364,0.034131461
3rd_test,disp_full_48kHz,430.0697,0.033800728
3rd_test,disp_full_48kHz,430.4031,0.044594982
3rd_test,disp_full_48kHz,430.7364,0.037761202
3rd_test,disp_full_48kHz,431.0697,0.044260581
3rd_test,disp_full_48kHz,431.4031,0.046605548
3rd_test,disp_full_48kHz,431.7364,0.028154773
3rd_test,disp_full_48kHz,432.0697,0.025896675
3rd_test,disp_full_48kHz,432.4031,0.050429339
3rd_test,disp_full_48kHz,432.7364,0.028286832
3rd_test,disp_full_48kHz,433.0697,0.037543616
3rd_test,disp_full_48kHz,433.4031,0.031901893
3rd_test,disp_full_48kHz,433.7364,0.053283613
3rd_test,disp_full_48kHz,434.0697,0.045506157
3rd_test,disp_full_48kHz,434.4031,0.038473326
3rd_test,disp_full_48kHz,434.7364,0.038339216
3rd_test,disp_full_48kHz,435.0697,0.04345815
3rd_test,disp_full_48kHz,435.4031,0.049396528
3rd_test,disp_full_48kHz,435.7364,0.036074596
3rd_test,disp_full_48kHz,436.0697,0.03702382
3rd_test,disp_full_48kHz,436.4031,0.04104373
3rd_test,disp_full_48kHz,436.7364,0.046251055
3rd_test,disp_full_48kHz,437.0697,0.034485535
3rd_test,disp_full_48kHz,437.4031,0.030787756
3rd_test,disp_full_48kHz,437.7364,0.037522276
3rd_test,disp_full_48kHz,438.0697,0.02853886
3rd_test,disp_full_48kHz,438.4031,0.039442959
3rd_test,disp_full_48kHz,438.7364,0.039925633
3rd_test,disp_full_48kHz,439.0697,0.030284977
3rd_test,disp_full_48kHz,439.4031,0.02935306
3rd_test,disp_full_48kHz,439.7364,0.046096382
3rd_test,disp_full_48kHz,440.0697,0.033280557
3rd_test,disp_full_48kHz,440.4031,0.033050166
3rd_test,disp_full_48kHz,440.7364,0.032923302
3rd_test,disp_full_48kHz,441.0697,0.036078606
3rd_test,disp_full_48kHz,441.4031,0.038044593
3rd_test,disp_full_48kHz,441.7364,0.026406116
3rd_test,disp_full_48kHz,442.0697,0.035857338
3rd_test,disp_full_48kHz,442.4031,0.052814832
3rd_test,disp_full_48kHz,442.7364,0.018730037
3rd_test,disp_full_48kHz,443.0697,0.026009097
3rd_test,disp_full_48kHz,443.4031,0.037196826
3rd_test,disp_full_48kHz,443.7364,0.04262691
3rd_test,disp_full_48kHz,444.0697,0.04274188
3rd_test,disp_full_48kHz,444.4031,0.057275449
3rd_test,disp_full_48kHz,444.7364,0.062209195
3rd_test,disp_full_48kHz,445.0697,0.036776406
3rd_test,disp_full_48kHz,445.4031,0.042712523
3rd_test,disp_full_48kHz,445.7364,0.05182862
3rd_test,disp_full_48kHz,446.0697,0.031165887
3rd_test,disp_full_48kHz,446.4031,0.026907623
3rd_test,disp_full_48kHz,446.7364,0.040162376
3rd_test,disp_full_48kHz,447.0697,0.03951698
3rd_test,disp_full_48kHz,447.4031,0.038388786
3rd_test,disp_full_48kHz,447.7364,0.040712484
3rd_test,disp_full_48kHz,448.0697,0.039260108
3rd_test,disp_full_48kHz,448.4031,0.042036937
3rd_test,disp_full_48kHz,448.7364,0.04645855
3rd_test,disp_full_48kHz,449.0697,0.045420132
3rd_test,disp_full_48kHz,449.4031,0.037930373
3rd_test,disp_full_48kHz,449.7364,0.048551789
3rd_test,disp_full_48kHz,450.0697,0.032665558
3rd_test,disp_full_48kHz,450.4031,0.033318788
3rd_test,disp_full_48kHz,450.7364,0.044982614
3rd_test,disp_full_48kHz,451.0697,0.044547979
3rd_test,disp_full_48kHz,451.4031,0.038151951
3rd_test,disp_full_48kHz,451.7364,0.031568628
3rd_test,disp_full_48kHz,452.0697,0.051763881
3rd_test,disp_full_48kHz,452.4031,0.059007741
3rd_test,disp_full_48kHz,452.7364,0.058938647
3rd_test,disp_full_48kHz,453.0697,0.034399382
3rd_test,disp_full_48kHz,453.4031,0.055370417
3rd_test,disp_full_48kHz,453.7364,0.041778532
3rd_test,disp_full_48kHz,454.0697,0.036807767
3rd_test,disp_full_48kHz,454.4031,0.044888598
3rd_test,disp_full_48kHz,454.7364,0.030084999
3rd_test,disp_full_48kHz,455.0697,0.0268593
3rd_test,disp_full_48kHz,455.4031,0.030662614
3rd_test,disp_full_48kHz,455.7364,0.032807596
3rd_test,disp_full_48kHz,456.0697,0.033235169
3rd_test,disp_full_48kHz,456.4031,0.033003409
3rd_test,disp_full_48kHz,456.7364,0.033290278
3rd_test,disp_full_48kHz,457.0697,0.024363292
3rd_test,disp_full_48kHz,457.4031,0.039428383
3rd_test,disp_full_48kHz,457.7364,0.037293036
3rd_test,disp_full_48kHz,458.0697,0.025205609
3rd_test,disp_full_48kHz,458.4031,0.030811537
3rd_test,disp_full_48kHz,458.7364,0.036652581
3rd_test,disp_full_48kHz,459.0697,0.028968902
3rd_test,disp_full_48kHz,459.4031,0.03505494
3rd_test,disp_full_48kHz,459.7364,0.032267789
3rd_test,disp_full_48kHz,460.0697,0.031232267
3rd_test,disp_full_48kHz,460.4031,0.055136845
3rd_test,disp_full_48kHz,460.7364,0.031132975
3rd_test,disp_full_48kHz,461.0697,0.042457865
3rd_test,disp_full_48kHz,461.4031,0.040485756
3rd_test,disp_full_48kHz,461.7364,0.03325066
3rd_test,disp_full_48kHz,462.0697,0.044207691
3rd_test,disp_full_48kHz,462.4031,0.043684164
3rd_test,disp_full_48kHz,462.7364,0.035082879
3rd_test,disp_full_48kHz,463.0697,0.034703577
3rd_test,disp_full_48kHz,463.4031,0.04197844
3rd_test,disp_full_48kHz,463.7364,0.033076114
3rd_test,disp_full_48kHz,464.0697,0.030704148
3rd_test,disp_full_48kHz,464.4031,0.04089673
3rd_test,disp_full_48kHz,464.7364,0.027537586
3rd_test,disp_full_48kHz,465.0697,0.045507324
3rd_test,disp_full_48kHz,465.4031,0.041428242
3rd_test,disp_full_48kHz,465.7364,0.038058016
3rd_test,disp_full_48kHz,466.0697,0.044928703
3rd_test,disp_full_48kHz,466.4031,0.034786913
3rd_test,disp_full_48kHz,466.7364,0.037196044
3rd_test,disp_full_48kHz,467.0697,0.03610519
3rd_test,disp_full_48kHz,467.4031,0.055224684
3rd_test,disp_full_48kHz,467.7364,0.035505701
3rd_test,disp_full_48kHz,468.0697,0.032360417
3rd_test,disp_full_48kHz,468.4031,0.033666209
3rd_test,disp_full_48kHz,468.7364,0.034806222
3rd_test,disp_full_48kHz,469.0697,0.048219086
3rd_test,disp_full_48kHz,469.4031,0.035491328
3rd_test,disp_full_48kHz,469.7364,0.036149433
3rd_test,disp_full_48kHz,470.0697,0.050521569
3rd_test,disp_full_48kHz,470.4031,0.034852239
3rd_test,disp_full_48kHz,470.7364,0.053229097
3rd_test,disp_full_48kHz,471.0697,0.036458349
3rd_test,disp_full_48kHz,471.4031,0.038478875
3rd_test,disp_full_48kHz,471.7364,0.037700233
3rd_test,disp_full_48kHz,472.0697,0.039871406
3rd_test,disp_full_48kHz,472.4031,0.051457148
3rd_test,disp_full_48kHz,472.7364,0.051017179
3rd_test,disp_full_48kHz,473.0697,0.021387356
3rd_test,disp_full_48kHz,473.4031,0.031809906
3rd_test,disp_full_48kHz,473.7364,0.035776418
3rd_test,disp_full_48kHz,474.0697,0.044943664
3rd_test,disp_full_48kHz,474.4031,0.02061794
3rd_test,disp_full_48kHz,474.7364,0.042146054
3rd_test,disp_full_48kHz,475.0697,0.031308678
3rd_test,disp_full_48kHz,475.4031,0.03272728
3rd_test,disp_full_48kHz,475.7364,0.026504133
3rd_test,disp_full_48kHz,476.0697,0.040568363
3rd_test,disp_full_48kHz,476.4031,0.040835916
3rd_test,disp_full_48kHz,476.7364,0.022688428
3rd_test,disp_full_48kHz,477.0697,0.039553962
3rd_test,disp_full_48kHz,477.4031,0.038991852
3rd_test,disp_full_48kHz,477.7364,0.053576414
3rd_test,disp_full_48kHz,478.0697,0.032072961
3rd_test,disp_full_48kHz,478.4031,0.03311819
3rd_test,disp_full_48kHz,478.7364,0.040659035
3rd_test,disp_full_48kHz,479.0697,0.026661456
3rd_test,disp_full_48kHz,479.4031,0.045923649
3rd_test,disp_full_48kHz,479.7364,0.041795978
3rd_test,disp_full_48kHz,480.0697,0.026555561
3rd_test,disp_full_48kHz,480.4031,0.044427756
3rd_test,disp_full_48kHz,480.7364,0.044991773
3rd_test,disp_full_48kHz,481.0697,0.05067472
3rd_test,disp_full_48kHz,481.4031,0.04552229
3rd_test,disp_full_48kHz,481.7364,0.058281105
3rd_test,disp_full_48kHz,482.0697,0.041061554
3rd_test,disp_full_48kHz,482.4031,0.048064118
3rd_test,disp_full_48kHz,482.7364,0.029251393
3rd_test,disp_full_48kHz,483.0697,0.029695627
3rd_test,disp_full_48kHz,483.4031,0.040000169
3rd_test,disp_full_48kHz,483.7364,0.044853612
3rd_test,disp_full_48kHz,484.0697,0.041088583
3rd_test,disp_full_48kHz,484.4031,0.04327437
3rd_test,disp_full_48kHz,484.7364,0.033970569
3rd_test,disp_full_48kHz,485.0697,0.02833605
3rd_test,disp_full_48kHz,485.4031,0.028723949
3rd_test,disp_full_48kHz,485.7364,0.046816859
3rd_test,disp_full_48kHz,486.0697,0.044718962
3rd_test,disp_full_48kHz,486.4031,0.040657175
3rd_test,disp_full_48kHz,486.7364,0.021428054
3rd_test,disp_full_48kHz,487.0697,0.042213835
3rd_test,disp_full_48kHz,487.4031,0.042613548
3rd_test,disp_full_48kHz,487.7364,0.029861343
3rd_test,disp_full_48kHz,488.0697,0.030765298
3rd_test,disp_full_48kHz,488.4031,0.044264474
3rd_test,disp_full_48kHz,488.7364,0.042600305
3rd_test,disp_full_48kHz,489.0697,0.037400925
3rd_test,disp_full_48kHz,489.4031,0.033158285
3rd_test,disp_full_48kHz,489.7364,0.024300418
3rd_test,disp_full_48kHz,490.0697,0.043144239
3rd_test,disp_full_48kHz,490.4031,0.048850859
3rd_test,disp_full_48kHz,490.7364,0.03152165
3rd_test,disp_full_48kHz,491.0697,0.035047575
3rd_test,disp_full_48kHz,491.4031,0.047800549
3rd_test,disp_full_48kHz,491.7364,0.042599521
3rd_test,disp_full_48kHz,492.0697,0.041597443
3rd_test,disp_full_48kHz,492.4031,0.046951643
3rd_test,disp_full_48kHz,492.7364,0.041553407
3rd_test,disp_full_48kHz,493.0697,0.043134574
3rd_test,disp_full_48kHz,493.4031,0.037039264
3rd_test,disp_full_48kHz,493.7364,0.031865067
3rd_test,disp_full_48kHz,494.0697,0.033186255
3rd_test,disp_full_48kHz,494.4031,0.039460304
3rd_test,disp_full_48kHz,494.7364,0.034561435
3rd_test,disp_full_48kHz,495.0697,0.052015511
3rd_test,disp_full_48kHz,495.4031,0.04753027
3rd_test,disp_full_48kHz,495.7364,0.046671849
3rd_test,disp_full_48kHz,496.0697,0.035514804
3rd_test,disp_full_48kHz,496.4031,0.042412511
3rd_test,disp_full_48kHz,496.7364,0.055671557
3rd_test,disp_full_48kHz,497.0697,0.026485748
3rd_test,disp_full_48kHz,497.4031,0.050995087
3rd_test,disp_full_48kHz,497.7364,0.035261919
3rd_test,disp_full_48kHz,498.0697,0.042087755
3rd_test,disp_full_48kHz,498.4031,0.031870799
3rd_test,disp_full_48kHz,498.7364,0.048550334
3rd_test,disp_full_48kHz,499.0697,0.047984823
3rd_test,disp_full_48kHz,499.4031,0.03737786
3rd_test,disp_full_48kHz,499.7364,0.042344347
3rd_test,disp_full_48kHz,500.0697,0.03506768
3rd_test,disp_full_48kHz,500.4031,0.036834457
3rd_test,disp_full_48kHz,500.7364,0.053185526
3rd_test,disp_full_48kHz,501.0697,0.041655981
3rd_test,disp_full_48kHz,501.4031,0.035330091
3rd_test,disp_full_48kHz,501.7364,0.048872885
3rd_test,disp_full_48kHz,502.0697,0.041721387
3rd_test,disp_full_48kHz,502.4031,0.023112014
3rd_test,disp_full_48kHz,502.7364,0.038169633
3rd_test,disp_full_48kHz,503.0697,0.036365868
3rd_test,disp_full_48kHz,503.4031,0.041021828
3rd_test,disp_full_48kHz,503.7364,0.031721978
3rd_test,disp_full_48kHz,504.0697,0.044885473
3rd_test,disp_full_48kHz,504.4031,0.040884271
3rd_test,disp_full_48kHz,504.7364,0.036480229
3rd_test,disp_full_48kHz,505.0697,0.031458783
3rd_test,disp_full_48kHz,505.4031,0.035539972
3rd_test,disp_full_48kHz,505.7364,0.043823303
3rd_test,disp_full_48kHz,506.0697,0.036545198
3rd_test,disp_full_48kHz,506.4031,0.019643462
3rd_test,disp_full_48kHz,506.7364,0.0260009
3rd_test,disp_full_48kHz,507.0697,0.051702002
3rd_test,disp_full_48kHz,507.4031,0.038894388
3rd_test,disp_full_48kHz,507.7364,0.031995277
3rd_test,disp_full_48kHz,508.0697,0.021389416
3rd_test,disp_full_48kHz,508.4031,0.033065069
3rd_test,disp_full_48kHz,508.7364,0.033883079
3rd_test,disp_full_48kHz,509.0697,0.058177603
3rd_test,disp_full_48kHz,509.4031,0.042139766
3rd_test,disp_full_48kHz,509.7364,0.042123931
3rd_test,disp_full_48kHz,510.0697,0.033119958
3rd_test,disp_full_48kHz,510.4031,0.046475196
3rd_test,disp_full_48kHz,510.7364,0.035401643
3rd_test,disp_full_48kHz,511.0697,0.033238712
3rd_test,disp_full_48kHz,511.4031,0.026680234
3rd_test,disp_full_48kHz,511.7364,0.038713102
3rd_test,disp_full_48kHz,512.0697,0.027153665
3rd_test,disp_full_48kHz,512.4031,0.048191936
3rd_test,disp_full_48kHz,512.7364,0.043018265
3rd_test,disp_full_48kHz,513.0697,0.0366531
3rd_test,disp_full_48kHz,513.4031,0.033431698
3rd_test,disp_full_48kHz,513.7364,0.043054355
3rd_test,disp_full_48kHz,514.0697,0.049197402
3rd_test,disp_full_48kHz,514.4031,0.03366686
3rd_test,disp_full_48kHz,514.7364,0.045024952
3rd_test,disp_full_48kHz,515.0697,0.034995789
3rd_test,disp_full_48kHz,515.4031,0.039660714
3rd_test,disp_full_48kHz,515.7364,0.042217338
3rd_test,disp_full_48kHz,516.0697,0.04677872
3rd_test,disp_full_48kHz,516.4031,0.033475637
3rd_test,disp_full_48kHz,516.7364,0.048162742
3rd_test,disp_full_48kHz,517.0697,0.038311023
3rd_test,disp_full_48kHz,517.4031,0.033131818
3rd_test,disp_full_48kHz,517.7364,0.037580561
3rd_test,disp_full_48kHz,518.0697,0.03184118
3rd_test,disp_full_48kHz,518.4031,0.026602302
3rd_test,disp_full_48kHz,518.7364,0.031457784
3rd_test,disp_full_48kHz,519.0697,0.037048684
3rd_test,disp_full_48kHz,519.4031,0.043288616
3rd_test,disp_full_48kHz,519.7364,0.042767522
3rd_test,disp_full_48kHz,520.0697,0.040423982
3rd_test,disp_full_48kHz,520.4031,0.037044457
3rd_test,disp_full_48kHz,520.7364,0.0635003
3rd_test,disp_full_48kHz,521.0697,0.036966773
3rd_test,disp_full_48kHz,521.4031,0.037407125
3rd_test,disp_full_48kHz,521.7364,0.038286603
3rd_test,disp_full_48kHz,522.0697,0.031866513
3rd_test,disp_full_48kHz,522.4031,0.044038819
3rd_test,disp_full_48kHz,522.7364,0.058987769
3rd_test,disp_full_48kHz,523.0697,0.037800555
3rd_test,disp_full_48kHz,523.4031,0.045777052
3rd_test,disp_full_48kHz,523.7364,0.036244818
3rd_test,disp_full_48kHz,524.0697,0.047747677
3rd_test,disp_full_48kHz,524.4031,0.045559107
3rd_test,disp_full_48kHz,524.7364,0.049651547
3rd_test,disp_full_48kHz,525.0697,0.036363734
3rd_test,disp_full_48kHz,525.4031,0.039467071
3rd_test,disp_full_48kHz,525.7364,0.036325195
3rd_test,disp_full_48kHz,526.0697,0.034497268
3rd_test,disp_full_48kHz,526.4031,0.035351112
3rd_test,disp_full_48kHz,526.7364,0.038628048
3rd_test,disp_full_48kHz,527.0697,0.03685301
3rd_test,disp_full_48kHz,527.4031,0.03256277
3rd_test,disp_full_48kHz,527.7364,0.032662939
3rd_test,disp_full_48kHz,528.0697,0.034738106
3rd_test,disp_full_48kHz,528.4031,0.047683648
3rd_test,disp_full_48kHz,528.7364,0.03482878
3rd_test,disp_full_48kHz,529.0697,0.039982691
3rd_test,disp_full_48kHz,529.4031,0.032465498
3rd_test,disp_full_48kHz,529.7364,0.038567142
3rd_test,disp_full_48kHz,530.0697,0.040665968
3rd_test,disp_full_48kHz,530.4031,0.040630976
3rd_test,disp_full_48kHz,530.7364,0.033708908
3rd_test,disp_full_48kHz,531.0697,0.034757005
3rd_test,disp_full_48kHz,531.4031,0.026193037
3rd_test,disp_full_48kHz,531.7364,0.052675763
3rd_test,disp_full_48kHz,532.0697,0.025533443
3rd_test,disp_full_48kHz,532.4031,0.046976208
3rd_test,disp_full_48kHz,532.7364,0.053107693
3rd_test,disp_full_48kHz,533.0697,0.02744491
3rd_test,disp_full_48kHz,533.4031,0.039236307
3rd_test,disp_full_48kHz,533.7364,0.055138209
3rd_test,disp_full_48kHz,534.0697,0.051699511
3rd_test,disp_full_48kHz,534.4031,0.026132589
3rd_test,disp_full_48kHz,534.7364,0.035386466
3rd_test,disp_full_48kHz,535.0697,0.050872401
3rd_test,disp_full_48kHz,535.4031,0.040834787
3rd_test,disp_full_48kHz,535.7364,0.030530981
3rd_test,disp_full_48kHz,536.0697,0.028939803
3rd_test,disp_full_48kHz,536.4031,0.042294025
3rd_test,disp_full_48kHz,536.7364,0.038051761
3rd_test,disp_full_48kHz,537.0697,0.056173595
3rd_test,disp_full_48kHz,537.4031,0.055610923
3rd_test,disp_full_48kHz,537.7364,0.032480484
3rd_test,disp_full_48kHz,538.0697,0.048251445
3rd_test,disp_full_48kHz,538.4031,0.025682137
3rd_test,disp_full_48kHz,538.7364,0.021521474
3rd_test,disp_full_48kHz,539.0697,0.041315119
3rd_test,disp_full_48kHz,539.4031,0.037549135
3rd_test,disp_full_48kHz,539.7364,0.028681978
3rd_test,disp_full_48kHz,540.0697,0.035059123
3rd_test,disp_full_48kHz,540.4031,0.047262384
3rd_test,disp_full_48kHz,540.7364,0.03877799
3rd_test,disp_full_48kHz,541.0697,0.033017451
3rd_test,disp_full_48kHz,541.4031,0.043951639
3rd_test,disp_full_48kHz,541.7364,0.036121113
3rd_test,disp_full_48kHz,542.0697,0.030972168
3rd_test,disp_full_48kHz,542.4031,0.056083257
3rd_test,disp_full_48kHz,542.7364,0.042772173
3rd_test,disp_full_48kHz,543.0697,0.025392071
3rd_test,disp_full_48kHz,543.4031,0.028436048
3rd_test,disp_full_48kHz,543.7364,0.0281542
3rd_test,disp_full_48kHz,544.0697,0.038566489
3rd_test,disp_full_48kHz,544.4031,0.027491826
3rd_test,disp_full_48kHz,544.7364,0.022979026
3rd_test,disp_full_48kHz,545.0697,0.028491723
3rd_test,disp_full_48kHz,545.4031,0.036692249
3rd_test,disp_full_48kHz,545.7364,0.038438658
3rd_test,disp_full_48kHz,546.0697,0.040647663
3rd_test,disp_full_48kHz,546.4031,0.032366827
3rd_test,disp_full_48kHz,546.7364,0.033274185
3rd_test,disp_full_48kHz,547.0697,0.035668582
3rd_test,disp_full_48kHz,547.4031,0.031113088
3rd_test,disp_full_48kHz,547.7364,0.027667099
3rd_test,disp_full_48kHz,548.0697,0.046082508
3rd_test,disp_full_48kHz,548.4031,0.041330322
3rd_test,disp_full_48kHz,548.7364,0.048291367
3rd_test,disp_full_48kHz,549.0697,0.040299837
3rd_test,disp_full_48kHz,549.4031,0.034632584
3rd_test,disp_full_48kHz,549.7364,0.030090835
3rd_test,disp_full_48kHz,550.0697,0.038864835
3rd_test,disp_full_48kHz,550.4031,0.035358265
3rd_test,disp_full_48kHz,550.7364,0.035608076
3rd_test,disp_full_48kHz,551.0697,0.03522809
3rd_test,disp_full_48kHz,551.4031,0.042047633
3rd_test,disp_full_48kHz,551.7364,0.04893953
3rd_test,disp_full_48kHz,552.0697,0.055234072
3rd_test,disp_full_48kHz,552.4031,0.031279915
3rd_test,disp_full_48kHz,552.7364,0.050934908
3rd_test,disp_full_48kHz,553.0697,0.034483895
3rd_test,disp_full_48kHz,553.4031,0.036811942
3rd_test,disp_full_48kHz,553.7364,0.032690348
3rd_test,disp_full_48kHz,554.0697,0.026640973
3rd_test,disp_full_48kHz,554.4031,0.038109633
3rd_test,disp_full_48kHz,554.7364,0.027636569
3rd_test,disp_full_48kHz,555.0697,0.035339072
3rd_test,disp_full_48kHz,555.4031,0.044921183
3rd_test,disp_full_48kHz,555.7364,0.03841387
3rd_test,disp_full_48kHz,556.0697,0.032711126
3rd_test,disp_full_48kHz,556.4031,0.029231968
3rd_test,disp_full_48kHz,556.7364,0.049456013
3rd_test,disp_full_48kHz,557.0697,0.03319558
3rd_test,disp_full_48kHz,557.4031,0.050471771
3rd_test,disp_full_48kHz,557.7364,0.038069089
3rd_test,disp_full_48kHz,558.0697,0.032692385
3rd_test,disp_full_48kHz,558.4031,0.050494602
3rd_test,disp_full_48kHz,558.7364,0.036741826
3rd_test,disp_full_48kHz,559.0697,0.051457371
3rd_test,disp_full_48kHz,559.4031,0.033847432
3rd_test,disp_full_48kHz,559.7364,0.050676931
3rd_test,disp_full_48kHz,560.0697,0.032958525
3rd_test,disp_full_48kHz,560.4031,0.040416023
3rd_test,disp_full_48kHz,560.7364,0.028675648
3rd_test,disp_full_48kHz,561.0697,0.045925311
3rd_test,disp_full_48kHz,561.4031,0.028003636
3rd_test,disp_full_48kHz,561.7364,0.029369961
3rd_test,disp_full_48kHz,562.0697,0.045544043
3rd_test,disp_full_48kHz,562.4031,0.050753287
3rd_test,disp_full_48kHz,562.7364,0.035462823
3rd_test,disp_full_48kHz,563.0697,0.059477611
3rd_test,disp_full_48kHz,563.4031,0.030193299
3rd_test,disp_full_48kHz,563.7364,0.061191593
3rd_test,disp_full_48kHz,564.0697,0.050426138
3rd_test,disp_full_48kHz,564.4031,0.040902012
3rd_test,disp_full_48kHz,564.7364,0.046435182
3rd_test,disp_full_48kHz,565.0697,0.034103054
3rd_test,disp_full_48kHz,565.4031,0.042605682
3rd_test,disp_full_48kHz,565.7364,0.042410518
3rd_test,disp_full_48kHz,566.0697,0.031344943
3rd_test,disp_full_48kHz,566.4031,0.041421229
3rd_test,disp_full_48kHz,566.7364,0.057556113
3rd_test,disp_full_48kHz,567.0697,0.026773436
3rd_test,disp_full_48kHz,567.4031,0.041063041
3rd_test,disp_full_48kHz,567.7364,0.048116198
3rd_test,disp_full_48kHz,568.0697,0.04341004
3rd_test,disp_full_48kHz,568.4031,0.037451698
3rd_test,disp_full_48kHz,568.7364,0.045057957
3rd_test,disp_full_48kHz,569.0697,0.035031433
3rd_test,disp_full_48kHz,569.4031,0.030781758
3rd_test,disp_full_48kHz,569.7364,0.044063037
3rd_test,disp_full_48kHz,570.0697,0.036706424
3rd_test,disp_full_48kHz,570.4031,0.053920178
3rd_test,disp_full_48kHz,570.7364,0.044426469
3rd_test,disp_full_48kHz,571.0697,0.044695734
3rd_test,disp_full_48kHz,571.4031,0.032072735
3rd_test,disp_full_48kHz,571.7364,0.040973105
3rd_test,disp_full_48kHz,572.0697,0.02776695
3rd_test,disp_full_48kHz,572.4031,0.031451861
3rd_test,disp_full_48kHz,572.7364,0.033058638
3rd_test,disp_full_48kHz,573.0697,0.031221915
3rd_test,disp_full_48kHz,573.4031,0.043496704
3rd_test,disp_full_48kHz,573.7364,0.03396333
3rd_test,disp_full_48kHz,574.0697,0.042357397
3rd_test,disp_full_48kHz,574.4031,0.048951102
3rd_test,disp_full_48kHz,574.7364,0.027372792
3rd_test,disp_full_48kHz,575.0697,0.032766996
3rd_test,disp_full_48kHz,575.4031,0.037881343
3rd_test,disp_full_48kHz,575.7364,0.039491622
3rd_test,disp_full_48kHz,576.0697,0.036487128
3rd_test,disp_full_48kHz,576.4031,0.04714641
3rd_test,disp_full_48kHz,576.7364,0.037257726
3rd_test,disp_full_48kHz,577.0697,0.041871449
3rd_test,disp_full_48kHz,577.4031,0.044882009
3rd_test,disp_full_48kHz,577.7364,0.039986113
3rd_test,disp_full_48kHz,578.0697,0.029621445
3rd_test,disp_full_48kHz,578.4031,0.040976879
3rd_test,disp_full_48kHz,578.7364,0.042532736
3rd_test,disp_full_48kHz,579.0697,0.045620655
3rd_test,disp_full_48kHz,579.4031,0.026529621
3rd_test,disp_full_48kHz,579.7364,0.040459133
3rd_test,disp_full_48kHz,580.0697,0.030699988
3rd_test,disp_full_48kHz,580.4031,0.034855183
3rd_test,disp_full_48kHz,580.7364,0.033524749
3rd_test,disp_full_48kHz,581.0697,0.045884495
3rd_test,disp_full_48kHz,581.4031,0.036648945
3rd_test,disp_full_48kHz,581.7364,0.056185888
3rd_test,disp_full_48kHz,582.0697,0.045327123
3rd_test,disp_full_48kHz,582.4031,0.039358775
3rd_test,disp_full_48kHz,582.7364,0.039784597
3rd_test,disp_full_48kHz,583.0697,0.061507462
3rd_test,disp_full_48kHz,583.4031,0.034390307
3rd_test,disp_full_48kHz,583.7364,0.034684171
3rd_test,disp_full_48kHz,584.0697,0.039041714
3rd_test,disp_full_48kHz,584.4031,0.028068484
3rd_test,disp_full_48kHz,584.7364,0.055261247
3rd_test,disp_full_48kHz,585.0697,0.02920997
3rd_test,disp_full_48kHz,585.4031,0.027344866
3rd_test,disp_full_48kHz,585.7364,0.035321282
3rd_test,disp_full_48kHz,586.0697,0.042447027
3rd_test,disp_full_48kHz,586.4031,0.036726549
3rd_test,disp_full_48kHz,586.7364,0.05264905
3rd_test,disp_full_48kHz,587.0697,0.034342002
3rd_test,disp_full_48kHz,587.4031,0.028302089
3rd_test,disp_full_48kHz,587.7364,0.048172808
3rd_test,disp_full_48kHz,588.0697,0.030325692
3rd_test,disp_full_48kHz,588.4031,0.026584074
3rd_test,disp_full_48kHz,588.7364,0.034406062
3rd_test,disp_full_48kHz,589.0697,0.0370549
3rd_test,disp_full_48kHz,589.4031,0.044613219
3rd_test,disp_full_48kHz,589.7364,0.047810619
3rd_test,disp_full_48kHz,590.0697,0.046135326
3rd_test,disp_full_48kHz,590.4031,0.03802601
3rd_test,disp_full_48kHz,590.7364,0.022187001
3rd_test,disp_full_48kHz,591.0697,0.029913885
3rd_test,disp_full_48kHz,591.4031,0.037883679
3rd_test,disp_full_48kHz,591.7364,0.048843622
3rd_test,disp_full_48kHz,592.0697,0.027551737
3rd_test,disp_full_48kHz,592.4031,0.02788692
3rd_test,disp_full_48kHz,592.7364,0.039195278
3rd_test,disp_full_48kHz,593.0697,0.038897567
3rd_test,disp_full_48kHz,593.4031,0.027894225
3rd_test,disp_full_48kHz,593.7364,0.033709588
3rd_test,disp_full_48kHz,594.0697,0.027560829
3rd_test,disp_full_48kHz,594.4031,0.035624438
3rd_test,disp_full_48kHz,594.7364,0.024318664
3rd_test,disp_full_48kHz,595.0697,0.043559614
3rd_test,disp_full_48kHz,595.4031,0.049138864
3rd_test,disp_full_48kHz,595.7364,0.043218706
3rd_test,disp_full_48kHz,596.0697,0.038234227
3rd_test,disp_full_48kHz,596.4031,0.035254758
3rd_test,disp_full_48kHz,596.7364,0.040377113
3rd_test,disp_full_48kHz,597.0697,0.032105162
3rd_test,disp_full_48kHz,597.4031,0.04375179
3rd_test,disp_full_48kHz,597.7364,0.03044289
3rd_test,disp_full_48kHz,598.0697,0.036978744
3rd_test,disp_full_48kHz,598.4031,0.03639226
3rd_test,disp_full_48kHz,598.7364,0.054858395
3rd_test,disp_full_48kHz,599.0697,0.030946373
3rd_test,disp_full_48kHz,599.4031,0.032395376
3rd_test,disp_full_48kHz,599.7364,0.029674442
3rd_test,disp_full_48kHz,600.0697,0.0357248
3rd_test,disp_full_48kHz,600.4031,0.027944223
3rd_test,disp_full_48kHz,600.7364,0.044228638
3rd_test,disp_full_48kHz,601.0697,0.033009808
3rd_test,disp_full_48kHz,601.4031,0.037349369
3rd_test,disp_full_48kHz,601.7364,0.03886166
3rd_test,disp_full_48kHz,602.0697,0.054635623
3rd_test,disp_full_48kHz,602.4031,0.03665441
3rd_test,disp_full_48kHz,602.7364,0.049746298
3rd_test,disp_full_48kHz,603.0697,0.044351915
3rd_test,disp_full_48kHz,603.4031,0.034708759
3rd_test,disp_full_48kHz,603.7364,0.064722485
3rd_test,disp_full_48kHz,604.0697,0.04605699
3rd_test,disp_full_48kHz,604.4031,0.029515803
3rd_test,disp_full_48kHz,604.7364,0.041172015
3rd_test,disp_full_48kHz,605.0697,0.049119531
3rd_test,disp_full_48kHz,605.4031,0.034629435
3rd_test,disp_full_48kHz,605.7364,0.025818245
3rd_test,disp_full_48kHz,606.0697,0.04064879
3rd_test,disp_full_48kHz,606.4031,0.040577429
3rd_test,disp_full_48kHz,606.7364,0.045333657
3rd_test,disp_full_48kHz,607.0697,0.034485403
3rd_test,disp_full_48kHz,607.4031,0.031962324
3rd_test,disp_full_48kHz,607.7364,0.050574754
3rd_test,disp_full_48kHz,608.0697,0.02468085
3rd_test,disp_full_48kHz,608.4031,0.044048171
3rd_test,disp_full_48kHz,608.7364,0.030909896
3rd_test,disp_full_48kHz,609.0697,0.056255418
3rd_test,disp_full_48kHz,609.4031,0.043336101
3rd_test,disp_full_48kHz,609.7364,0.038410756
3rd_test,disp_full_48kHz,610.0697,0.038332378
3rd_test,disp_full_48kHz,610.4031,0.037075346
3rd_test,disp_full_48kHz,610.7364,0.035947927
3rd_test,disp_full_48kHz,611.0697,0.041279303
3rd_test,disp_full_48kHz,611.4031,0.031744822
3rd_test,disp_full_48kHz,611.7364,0.039556443
3rd_test,disp_full_48kHz,612.0697,0.018102805
3rd_test,disp_full_48kHz,612.4031,0.048011359
3rd_test,disp_full_48kHz,612.7364,0.060161335
3rd_test,disp_full_48kHz,613.0697,0.041536503
3rd_test,disp_full_48kHz,613.4031,0.045562839
3rd_test,disp_full_48kHz,613.7364,0.029814359
3rd_test,disp_full_48kHz,614.0697,0.037484572
3rd_test,disp_full_48kHz,614.4031,0.046184378
3rd_test,disp_full_48kHz,614.7364,0.032219604
3rd_test,disp_full_48kHz,615.0697,0.027447379
3rd_test,disp_full_48kHz,615.4031,0.042552422
3rd_test,disp_full_48kHz,615.7364,0.019327354
3rd_test,disp_full_48kHz,616.0697,0.062917844
3rd_test,disp_full_48kHz,616.4031,0.033947254
3rd_test,disp_full_48kHz,616.7364,0.044473118
3rd_test,disp_full_48kHz,617.0697,0.032852618
3rd_test,disp_full_48kHz,617.4031,0.050597213
3rd_test,disp_full_48kHz,617.7364,0.049088689
3rd_test,disp_full_48kHz,618.0697,0.028420196
3rd_test,disp_full_48kHz,618.4031,0.031088026
3rd_test,disp_full_48kHz,618.7364,0.028191623
3rd_test,disp_full_48kHz,619.0697,0.04592499
3rd_test,disp_full_48kHz,619.4031,0.036950969
3rd_test,disp_full_48kHz,619.7364,0.042380411
3rd_test,disp_full_48kHz,620.0697,0.035279311
3rd_test,disp_full_48kHz,620.4031,0.029301877
3rd_test,disp_full_48kHz,620.7364,0.032117985
3rd_test,disp_full_48kHz,621.0697,0.044432007
3rd_test,disp_full_48kHz,621.4031,0.031102966
3rd_test,disp_full_48kHz,621.7364,0.035318597
3rd_test,disp_full_48kHz,622.0697,0.042980311
3rd_test,disp_full_48kHz,622.4031,0.036833825
3rd_test,disp_full_48kHz,622.7364,0.046897449
3rd_test,disp_full_48kHz,623.0697,0.036285809
3rd_test,disp_full_48kHz,623.4031,0.03772879
3rd_test,disp_full_48kHz,623.7364,0.028606093
3rd_test,disp_full_48kHz,624.0697,0.039029082
3rd_test,disp_full_48kHz,624.4031,0.029402376
3rd_test,disp_full_48kHz,624.7364,0.037811653
3rd_test,disp_full_48kHz,625.0697,0.050555569
3rd_test,disp_full_48kHz,625.4031,0.031901705
3rd_test,disp_full_48kHz,625.7364,0.034002661
3rd_test,disp_full_48kHz,626.0697,0.025198262
3rd_test,disp_full_48kHz,626.4031,0.029440632
3rd_test,disp_full_48kHz,626.7364,0.038456962
3rd_test,disp_full_48kHz,627.0697,0.031179602
3rd_test,disp_full_48kHz,627.4031,0.035765952
3rd_test,disp_full_48kHz,627.7364,0.037992331
3rd_test,disp_full_48kHz,628.0697,0.042014864
3rd_test,disp_full_48kHz,628.4031,0.041230438
3rd_test,disp_full_48kHz,628.7364,0.02597249
3rd_test,disp_full_48kHz,629.0697,0.045865168
3rd_test,disp_full_48kHz,629.4031,0.03203514
3rd_test,disp_full_48kHz,629.7364,0.037917276
3rd_test,disp_full_48kHz,630.0697,0.043270584
3rd_test,disp_full_48kHz,630.4031,0.039321023
3rd_test,disp_full_48kHz,630.7364,0.045899561
3rd_test,disp_full_48kHz,631.0697,0.037222265
3rd_test,disp_full_48kHz,631.4031,0.030895134
3rd_test,disp_full_48kHz,631.7364,0.039135787
3rd_test,disp_full_48kHz,632.0697,0.033792468
3rd_test,disp_full_48kHz,632.4031,0.044608799
3rd_test,disp_full_48kHz,632.7364,0.04335404
3rd_test,disp_full_48kHz,633.0697,0.035658588
3rd_test,disp_full_48kHz,633.4031,0.044866668
3rd_test,disp_full_48kHz,633.7364,0.033059586
3rd_test,disp_full_48kHz,634.0697,0.049633828
3rd_test,disp_full_48kHz,634.4031,0.031277233
3rd_test,disp_full_48kHz,634.7364,0.039683169
3rd_test,disp_full_48kHz,635.0697,0.052939583
3rd_test,disp_full_48kHz,635.4031,0.029931017
3rd_test,disp_full_48kHz,635.7364,0.044368472
3rd_test,disp_full_48kHz,636.0697,0.025011097
3rd_test,disp_full_48kHz,636.4031,0.054587795
3rd_test,disp_full_48kHz,636.7364,0.028636809
3rd_test,disp_full_48kHz,637.0697,0.060912685
3rd_test,disp_full_48kHz,637.4031,0.048222528
3rd_test,disp_full_48kHz,637.7364,0.052367929
3rd_test,disp_full_48kHz,638.0697,0.042702755
3rd_test,disp_full_48kHz,638.4031,0.021331715
3rd_test,disp_full_48kHz,638.7364,0.04806662
3rd_test,disp_full_48kHz,639.0697,0.040001995
3rd_test,disp_full_48kHz,639.4031,0.029810616
3rd_test,disp_full_48kHz,639.7364,0.023820534
3rd_test,disp_full_48kHz,640.0697,0.046686617
3rd_test,disp_full_48kHz,640.4031,0.029720938
3rd_test,disp_full_48kHz,640.7364,0.032181683
3rd_test,disp_full_48kHz,641.0697,0.032354781
3rd_test,disp_full_48kHz,641.4031,0.04506329
3rd_test,disp_full_48kHz,641.7364,0.041357861
3rd_test,disp_full_48kHz,642.0697,0.050268845
3rd_test,disp_full_48kHz,642.4031,0.030292778
3rd_test,disp_full_48kHz,642.7364,0.030404567
3rd_test,disp_full_48kHz,643.0697,0.046118726
3rd_test,disp_full_48kHz,643.4031,0.033343573
3rd_test,disp_full_48kHz,643.7364,0.034383338
3rd_test,disp_full_48kHz,644.0697,0.040088694
3rd_test,disp_full_48kHz,644.4031,0.048065623
3rd_test,disp_full_48kHz,644.7364,0.037246324
3rd_test,disp_full_48kHz,645.0697,0.061010143
3rd_test,disp_full_48kHz,645.4031,0.039753591
3rd_test,disp_full_48kHz,645.7364,0.048107106
3rd_test,disp_full_48kHz,646.0697,0.047970177
3rd_test,disp_full_48kHz,646.4031,0.0294144
3rd_test,disp_full_48kHz,646.7364,0.044278481
3rd_test,disp_full_48kHz,647.0697,0.027925359
3rd_test,disp_full_48kHz,647.4031,0.045989873
3rd_test,disp_full_48kHz,647.7364,0.034710306
3rd_test,disp_full_48kHz,648.0697,0.037040175
3rd_test,disp_full_48kHz,648.4031,0.037165389
3rd_test,disp_full_48kHz,648.7364,0.044764388
3rd_test,disp_full_48kHz,649.0697,0.026042981
3rd_test,disp_full_48kHz,649.4031,0.036882942
3rd_test,disp_full_48kHz,649.7364,0.035289018
3rd_test,disp_full_48kHz,650.0697,0.043644179
3rd_test,disp_full_48kHz,650.4031,0.050956336
3rd_test,disp_full_48kHz,650.7364,0.028813174
3rd_test,disp_full_48kHz,651.0697,0.040047001
3rd_test,disp_full_48kHz,651.4031,0.043228336
3rd_test,disp_full_48kHz,651.7364,0.034974465
3rd_test,disp_full_48kHz,652.0697,0.035620534
3rd_test,disp_full_48kHz,652.4031,0.041178629
3rd_test,disp_full_48kHz,652.7364,0.037972778
3rd_test,disp_full_48kHz,653.0697,0.035945698
3rd_test,disp_full_48kHz,653.4031,0.029857045
3rd_test,disp_full_48kHz,653.7364,0.033350677
3rd_test,disp_full_48kHz,654.0697,0.036273566
3rd_test,disp_full_48kHz,654.4031,0.040234135
3rd_test,disp_full_48kHz,654.7364,0.03029538
3rd_test,disp_full_48kHz,655.0697,0.037290706
3rd_test,disp_full_48kHz,655.4031,0.030913979
3rd_test,disp_full_48kHz,655.7364,0.051993641
3rd_test,disp_full_48kHz,656.0697,0.028024865
3rd_test,disp_full_48kHz,656.4031,0.057522815
3rd_test,disp_full_48kHz,656.7364,0.035900269
3rd_test,disp_full_48kHz,657.0697,0.041000615
3rd_test,disp_full_48kHz,657.4031,0.026954234
3rd_test,disp_full_48kHz,657.7364,0.051091736
3rd_test,disp_full_48kHz,658.0697,0.048457341
3rd_test,disp_full_48kHz,658.4031,0.030580957
3rd_test,disp_full_48kHz,658.7364,0.037247532
3rd_test,disp_full_48kHz,659.0697,0.034070364
3rd_test,disp_full_48kHz,659.4031,0.056361766
3rd_test,disp_full_48kHz,659.7364,0.054591351
3rd_test,disp_full_48kHz,660.0697,0.038015678
3rd_test,disp_full_48kHz,660.4031,0.029844693
3rd_test,disp_full_48kHz,660.7364,0.040155326
3rd_test,disp_full_48kHz,661.0697,0.033782602
3rd_test,disp_full_48kHz,661.4031,0.049191436
3rd_test,disp_full_48kHz,661.7364,0.037146437
3rd_test,disp_full_48kHz,662.0697,0.04621423
3rd_test,disp_full_48kHz,662.4031,0.039791977
3rd_test,disp_full_48kHz,662.7364,0.048511217
3rd_test,disp_full_48kHz,663.0697,0.061608302
3rd_test,disp_full_48kHz,663.4031,0.031774826
3rd_test,disp_full_48kHz,663.7364,0.035651277
3rd_test,disp_full_48kHz,664.0697,0.037056291
3rd_test,disp_full_48kHz,664.4031,0.037343093
3rd_test,disp_full_48kHz,664.7364,0.036862749
3rd_test,disp_full_48kHz,665.0697,0.033673278
3rd_test,disp_full_48kHz,665.4031,0.046271073
3rd_test,disp_full_48kHz,665.7364,0.036990786
3rd_test,disp_full_48kHz,666.0697,0.043893988
3rd_test,disp_full_48kHz,666.4031,0.021019336
3rd_test,disp_full_48kHz,666.7364,0.027291416
3rd_test,disp_full_48kHz,667.0697,0.036501352
3rd_test,disp_full_48kHz,667.4031,0.026912574
3rd_test,disp_full_48kHz,667.7364,0.041686023
3rd_test,disp_full_48kHz,668.0697,0.034656033
3rd_test,disp_full_48kHz,668.4031,0.054728234
3rd_test,disp_full_48kHz,668.7364,0.026594726
3rd_test,disp_full_48kHz,669.0697,0.037853975
3rd_test,disp_full_48kHz,669.4031,0.050686746
3rd_test,disp_full_48kHz,669.7364,0.04919692
3rd_test,disp_full_48kHz,670.0697,0.042623416
3rd_test,disp_full_48kHz,670.4031,0.042933673
3rd_test,disp_full_48kHz,670.7364,0.047488061
3rd_test,disp_full_48kHz,671.0697,0.047604139
3rd_test,disp_full_48kHz,671.4031,0.02657014
3rd_test,disp_full_48kHz,671.7364,0.031879783
3rd_test,disp_full_48kHz,672.0697,0.028053158
3rd_test,disp_full_48kHz,672.4031,0.052651464
3rd_test,disp_full_48kHz,672.7364,0.040235179
3rd_test,disp_full_48kHz,673.0697,0.037583289
3rd_test,disp_full_48kHz,673.4031,0.047538036
3rd_test,disp_full_48kHz,673.7364,0.031216508
3rd_test,disp_full_48kHz,674.0697,0.038176755
3rd_test,disp_full_48kHz,674.4031,0.027862527
3rd_test,disp_full_48kHz,674.7364,0.035157241
3rd_test,disp_full_48kHz,675.0697,0.037563867
3rd_test,disp_full_48kHz,675.4031,0.040307112
3rd_test,disp_full_48kHz,675.7364,0.0527137
3rd_test,disp_full_48kHz,676.0697,0.035617836
3rd_test,disp_full_48kHz,676.4031,0.042279783
3rd_test,disp_full_48kHz,676.7364,0.041794896
3rd_test,disp_full_48kHz,677.0697,0.048440678
3rd_test,disp_full_48kHz,677.4031,0.066958186
3rd_test,disp_full_48kHz,677.7364,0.048305707
3rd_test,disp_full_48kHz,678.0697,0.043587053
3rd_test,disp_full_48kHz,678.4031,0.042851876
3rd_test,disp_full_48kHz,678.7364,0.036498684
3rd_test,disp_full_48kHz,679.0697,0.038573122
3rd_test,disp_full_48kHz,679.4031,0.033857842
3rd_test,disp_full_48kHz,679.7364,0.036755776
3rd_test,disp_full_48kHz,680.0697,0.042657826
3rd_test,disp_full_48kHz,680.4031,0.036963513
3rd_test,disp_full_48kHz,680.7364,0.032132316
3rd_test,disp_full_48kHz,681.0697,0.024586465
3rd_test,disp_full_48kHz,681.4031,0.04270224
3rd_test,disp_full_48kHz,681.7364,0.029944623
3rd_test,disp_full_48kHz,682.0697,0.026881182
3rd_test,disp_full_48kHz,682.4031,0.046439092
3rd_test,disp_full_48kHz,682.7364,0.029806083
3rd_test,disp_full_48kHz,683.0697,0.033162583
3rd_test,disp_full_48kHz,683.4031,0.044935214
3rd_test,disp_full_48kHz,683.7364,0.02243555
3rd_test,disp_full_48kHz,684.0697,0.032369838
3rd_test,disp_full_48kHz,684.4031,0.03713833
3rd_test,disp_full_48kHz,684.7364,0.030267378
3rd_test,disp_full_48kHz,685.0697,0.034367599
3rd_test,disp_full_48kHz,685.4031,0.043337426
3rd_test,disp_full_48kHz,685.7364,0.063796458
3rd_test,disp_full_48kHz,686.0697,0.039420147
3rd_test,disp_full_48kHz,686.4031,0.03708487
3rd_test,disp_full_48kHz,686.7364,0.027697268
3rd_test,disp_full_48kHz,687.0697,0.034853602
3rd_test,disp_full_48kHz,687.4031,0.036013726
3rd_test,disp_full_48kHz,687.7364,0.052560583
3rd_test,disp_full_48kHz,688.0697,0.029299221
3rd_test,disp_full_48kHz,688.4031,0.028676543
3rd_test,disp_full_48kHz,688.7364,0.033443776
3rd_test,disp_full_48kHz,689.0697,0.038551424
3rd_test,disp_full_48kHz,689.4031,0.028448298
3rd_test,disp_full_48kHz,689.7364,0.047557733
3rd_test,disp_full_48kHz,690.0697,0.0391929
3rd_test,disp_full_48kHz,690.4031,0.028914841
3rd_test,disp_full_48kHz,690.7364,0.033819006
3rd_test,disp_full_48kHz,691.0697,0.035367983
3rd_test,disp_full_48kHz,691.4031,0.036810008
3rd_test,disp_full_48kHz,691.7364,0.028202807
3rd_test,disp_full_48kHz,692.0697,0.057107594
3rd_test,disp_full_48kHz,692.4031,0.033507754
3rd_test,disp_full_48kHz,692.7364,0.039971789
3rd_test,disp_full_48kHz,693.0697,0.033519077
3rd_test,disp_full_48kHz,693.4031,0.049236141
3rd_test,disp_full_48kHz,693.7364,0.025168458
3rd_test,disp_full_48kHz,694.0697,0.041501881
3rd_test,disp_full_48kHz,694.4031,0.031197422
3rd_test,disp_full_48kHz,694.7364,0.046860156
3rd_test,disp_full_48kHz,695.0697,0.036113766
3rd_test,disp_full_48kHz,695.4031,0.02997119
3rd_test,disp_full_48kHz,695.7364,0.040928617
3rd_test,disp_full_48kHz,696.0697,0.031493304
3rd_test,disp_full_48kHz,696.4031,0.037531357
3rd_test,disp_full_48kHz,696.7364,0.032719193
3rd_test,disp_full_48kHz,697.0697,0.032473923
3rd_test,disp_full_48kHz,697.4031,0.042995543
3rd_test,disp_full_48kHz,697.7364,0.034724021
3rd_test,disp_full_48kHz,698.0697,0.042325433
3rd_test,disp_full_48kHz,698.4031,0.045884659
3rd_test,disp_full_48kHz,698.7364,0.03694992
3rd_test,disp_full_48kHz,699.0697,0.03531135
3rd_test,disp_full_48kHz,699.4031,0.042799786
3rd_test,disp_full_48kHz,699.7364,0.034321023
3rd_test,disp_full_48kHz,700.0697,0.040228895
3rd_test,disp_full_48kHz,700.4031,0.023669472
3rd_test,disp_full_48kHz,700.7364,0.02305882
3rd_test,disp_full_48kHz,701.0697,0.049185621
3rd_test,disp_full_48kHz,701.4031,0.044097556
3rd_test,disp_full_48kHz,701.7364,0.034504133
3rd_test,disp_full_48kHz,702.0697,0.019746707
3rd_test,disp_full_48kHz,702.4031,0.049799224
3rd_test,disp_full_48kHz,702.7364,0.02913886
3rd_test,disp_full_48kHz,703.0697,0.027461304
3rd_test,disp_full_48kHz,703.4031,0.033939439
3rd_test,disp_full_48kHz,703.7364,0.043567468
3rd_test,disp_full_48kHz,704.0697,0.038206973
3rd_test,disp_full_48kHz,704.4031,0.042311309
3rd_test,disp_full_48kHz,704.7364,0.035399636
3rd_test,disp_full_48kHz,705.0697,0.054337662
3rd_test,disp_full_48kHz,705.4031,0.046251424
3rd_test,disp_full_48kHz,705.7364,0.048064187
3rd_test,disp_full_48kHz,706.0697,0.045545977
3rd_test,disp_full_48kHz,706.4031,0.03889283
3rd_test,disp_full_48kHz,706.7364,0.035605698
3rd_test,disp_full_48kHz,707.0697,0.047396591
3rd_test,disp_full_48kHz,707.4031,0.042410507
3rd_test,disp_full_48kHz,707.7364,0.057234459
3rd_test,disp_full_48kHz,708.0697,0.039160981
3rd_test,disp_full_48kHz,708.4031,0.025309614
3rd_test,disp_full_48kHz,708.7364,0.039456324
3rd_test,disp_full_48kHz,709.0697,0.040045271
3rd_test,disp_full_48kHz,709.4031,0.03881991
3rd_test,disp_full_48kHz,709.7364,0.048429588
3rd_test,disp_full_48kHz,710.0697,0.033225749
3rd_test,disp_full_48kHz,710.4031,0.035857553
3rd_test,disp_full_48kHz,710.7364,0.03708084
3rd_test,disp_full_48kHz,711.0697,0.041760204
3rd_test,disp_full_48kHz,711.4031,0.047530213
3rd_test,disp_full_48kHz,711.7364,0.049642676
3rd_test,disp_full_48kHz,712.0697,0.028685761
3rd_test,disp_full_48kHz,712.4031,0.059773522
3rd_test,disp_full_48kHz,712.7364,0.028856637
3rd_test,disp_full_48kHz,713.0697,0.03511726
3rd_test,disp_full_48kHz,713.4031,0.040750796
3rd_test,disp_full_48kHz,713.7364,0.028553341
3rd_test,disp_full_48kHz,714.0697,0.039660567
3rd_test,disp_full_48kHz,714.4031,0.03891864
3rd_test,disp_full_48kHz,714.7364,0.022448235
3rd_test,disp_full_48kHz,715.0697,0.038719776
3rd_test,disp_full_48kHz,715.4031,0.047989444
3rd_test,disp_full_48kHz,715.7364,0.036577678
3rd_test,disp_full_48kHz,716.0697,0.043215198
3rd_test,disp_full_48kHz,716.4031,0.033671065
3rd_test,disp_full_48kHz,716.7364,0.048325285
3rd_test,disp_full_48kHz,717.0697,0.049712067
3rd_test,disp_full_48kHz,717.4031,0.034431114
3rd_test,disp_full_48kHz,717.7364,0.047596148
3rd_test,disp_full_48kHz,718.0697,0.03005423
3rd_test,disp_full_48kHz,718.4031,0.045443493
3rd_test,disp_full_48kHz,718.7364,0.041256273
3rd_test,disp_full_48kHz,719.0697,0.03391252
3rd_test,disp_full_48kHz,719.4031,0.033191009
3rd_test,disp_full_48kHz,719.7364,0.038414822
3rd_test,disp_full_48kHz,720.0697,0.037840411
3rd_test,disp_full_48kHz,720.4031,0.041329527
3rd_test,disp_full_48kHz,720.7364,0.04359568
3rd_test,disp_full_48kHz,721.0697,0.024813541
3rd_test,disp_full_48kHz,721.4031,0.04352808
3rd_test,disp_full_48kHz,721.7364,0.049360116
3rd_test,disp_full_48kHz,722.0697,0.028843028
3rd_test,disp_full_48kHz,722.4031,0.03548149
3rd_test,disp_full_48kHz,722.7364,0.046972712
3rd_test,disp_full_48kHz,723.0697,0.065589131
3rd_test,disp_full_48kHz,723.4031,0.033418218
3rd_test,disp_full_48kHz,723.7364,0.033113422
3rd_test,disp_full_48kHz,724.0697,0.044741031
3rd_test,disp_full_48kHz,724.4031,0.035032069
3rd_test,disp_full_48kHz,724.7364,0.043000898
3rd_test,disp_full_48kHz,725.0697,0.039306322
3rd_test,disp_full_48kHz,725.4031,0.032485834
3rd_test,disp_full_48kHz,725.7364,0.050461985
3rd_test,disp_full_48kHz,726.0697,0.029952861
3rd_test,disp_full_48kHz,726.4031,0.034554456
3rd_test,disp_full_48kHz,726.7364,0.036772377
3rd_test,disp_full_48kHz,727.0697,0.049416531
3rd_test,disp_full_48kHz,727.4031,0.039546206
3rd_test,disp_full_48kHz,727.7364,0.041994232
3rd_test,disp_full_48kHz,728.0697,0.019144634
3rd_test,disp_full_48kHz,728.4031,0.033237074
3rd_test,disp_full_48kHz,728.7364,0.030229474
3rd_test,disp_full_48kHz,729.0697,0.047211855
3rd_test,disp_full_48kHz,729.4031,0.05087744
3rd_test,disp_full_48kHz,729.7364,0.036196019
3rd_test,disp_full_48kHz,730.0697,0.029302294
3rd_test,disp_full_48kHz,730.4031,0.051741505
3rd_test,disp_full_48kHz,730.7364,0.029170188
3rd_test,disp_full_48kHz,731.0697,0.038687071
3rd_test,disp_full_48kHz,731.4031,0.025923918
3rd_test,disp_full_48kHz,731.7364,0.057243402
3rd_test,disp_full_48kHz,732.0697,0.031154398
3rd_test,disp_full_48kHz,732.4031,0.027654078
3rd_test,disp_full_48kHz,732.7364,0.033278286
3rd_test,disp_full_48kHz,733.0697,0.041235555
3rd_test,disp_full_48kHz,733.4031,0.044388642
3rd_test,disp_full_48kHz,733.7364,0.036461494
3rd_test,disp_full_48kHz,734.0697,0.047162337
3rd_test,disp_full_48kHz,734.4031,0.032383908
3rd_test,disp_full_48kHz,734.7364,0.031288221
3rd_test,disp_full_48kHz,735.0697,0.034854128
3rd_test,disp_full_48kHz,735.4031,0.034846249
3rd_test,disp_full_48kHz,735.7364,0.030673812
3rd_test,disp_full_48kHz,736.0697,0.035525113
3rd_test,disp_full_48kHz,736.4031,0.044056161
3rd_test,disp_full_48kHz,737.7364,0.038155454
3rd_test,disp_full_48kHz,738.0697,0.046749249
3rd_test,disp_full_48kHz,738.4031,0.046016028
3rd_test,disp_full_48kHz,738.7364,0.031640757
3rd_test,disp_full_48kHz,739.0697,0.023369474
3rd_test,disp_full_48kHz,739.4031,0.054684236
3rd_test,disp_full_48kHz,739.7364,0.036528275
3rd_test,disp_full_48kHz,740.0697,0.041098198
3rd_test,disp_full_48kHz,740.4031,0.044128503
3rd_test,disp_full_48kHz,740.7364,0.042146649
3rd_test,disp_full_48kHz,741.0697,0.052134726
3rd_test,disp_full_48kHz,741.4031,0.038493899
3rd_test,disp_full_48kHz,741.7364,0.048358221
3rd_test,disp_full_48kHz,742.0697,0.040148202
3rd_test,disp_full_48kHz,742.4031,0.026757514
3rd_test,disp_full_48kHz,742.7364,0.032477268
3rd_test,disp_full_48kHz,743.0697,0.033102397
3rd_test,disp_full_48kHz,743.4031,0.035336457
3rd_test,disp_full_48kHz,743.7364,0.034407253
3rd_test,disp_full_48kHz,744.0697,0.019776651
3rd_test,disp_full_48kHz,744.4031,0.03316963
3rd_test,disp_full_48kHz,744.7364,0.040637746
3rd_test,disp_full_48kHz,745.0697,0.040236724
3rd_test,disp_full_48kHz,745.4031,0.050394152
3rd_test,disp_full_48kHz,745.7364,0.044320657
3rd_test,disp_full_48kHz,746.0697,0.041604306
3rd_test,disp_full_48kHz,746.4031,0.041050043
3rd_test,disp_full_48kHz,746.7364,0.039573167
3rd_test,disp_full_48kHz,747.0697,0.043188787
3rd_test,disp_full_48kHz,747.4031,0.041599103
3rd_test,disp_full_48kHz,747.7364,0.043936997
3rd_test,disp_full_48kHz,748.0697,0.036960367
3rd_test,disp_full_48kHz,748.4031,0.040216894
3rd_test,disp_full_48kHz,748.7364,0.037479635
3rd_test,disp_full_48kHz,749.0697,0.049763593
3rd_test,disp_full_48kHz,749.4031,0.037726973
3rd_test,disp_full_48kHz,749.7364,0.032937427
3rd_test,disp_full_48kHz,750.0697,0.04793605
3rd_test,disp_full_48kHz,750.4031,0.02667417
3rd_test,disp_full_48kHz,750.7364,0.034965712
3rd_test,disp_full_48kHz,751.0697,0.045563815
3rd_test,disp_full_48kHz,751.4031,0.031607887
3rd_test,disp_full_48kHz,751.7364,0.059373072
3rd_test,disp_full_48kHz,752.0697,0.066253784
3rd_test,disp_full_48kHz,752.4031,0.042576429
3rd_test,disp_full_48kHz,752.7364,0.038959919
3rd_test,disp_full_48kHz,753.0697,0.042793498
3rd_test,disp_full_48kHz,753.4031,0.0326025
3rd_test,disp_full_48kHz,753.7364,0.049367291
3rd_test,disp_full_48kHz,754.0697,0.043538528
3rd_test,disp_full_48kHz,754.4031,0.041643507
3rd_test,disp_full_48kHz,754.7364,0.035858199
3rd_test,disp_full_48kHz,755.0697,0.025609248
3rd_test,disp_full_48kHz,755.4031,0.038128575
3rd_test,disp_full_48kHz,755.7364,0.050016329
3rd_test,disp_full_48kHz,756.0697,0.05565786
3rd_test,disp_full_48kHz,756.4031,0.047776041
3rd_test,disp_full_48kHz,756.7364,0.043376363
3rd_test,disp_full_48kHz,757.0697,0.046140835
3rd_test,disp_full_48kHz,757.4031,0.028068758
3rd_test,disp_full_48kHz,757.7364,0.028659271
3rd_test,disp_full_48kHz,758.0697,0.042682432
3rd_test,disp_full_48kHz,758.4031,0.038669889
3rd_test,disp_full_48kHz,758.7364,0.037583011
3rd_test,disp_full_48kHz,759.0697,0.03430429
3rd_test,disp_full_48kHz,759.4031,0.042708539
3rd_test,disp_full_48kHz,759.7364,0.032679206
3rd_test,disp_full_48kHz,760.0697,0.023071391
3rd_test,disp_full_48kHz,760.4031,0.022567583
3rd_test,disp_full_48kHz,760.7364,0.03902666
3rd_test,disp_full_48kHz,761.0697,0.036858848
3rd_test,disp_full_48kHz,761.4031,0.044327304
3rd_test,disp_full_48kHz,761.7364,0.048697363
3rd_test,disp_full_48kHz,762.0697,0.029135946
3rd_test,disp_full_48kHz,762.4031,0.060376322
3rd_test,disp_full_48kHz,762.7364,0.039519695
3rd_test,disp_full_48kHz,763.0697,0.052539452
3rd_test,disp_full_48kHz,763.4031,0.035456631
3rd_test,disp_full_48kHz,763.7364,0.042692473
3rd_test,disp_full_48kHz,764.0697,0.054521546
3rd_test,disp_full_48kHz,764.4031,0.046581869
3rd_test,disp_full_48kHz,764.7364,0.052819087
3rd_test,disp_full_48kHz,765.0697,0.043734975
3rd_test,disp_full_48kHz,765.4031,0.031846595
3rd_test,disp_full_48kHz,765.7364,0.032794872
3rd_test,disp_full_48kHz,766.0697,0.025457487
3rd_test,disp_full_48kHz,766.4031,0.051611672
3rd_test,disp_full_48kHz,766.7364,0.029612812
3rd_test,disp_full_48kHz,767.0697,0.028673569
3rd_test,disp_full_48kHz,767.4031,0.039067182
3rd_test,disp_full_48kHz,767.7364,0.033317909
3rd_test,disp_full_48kHz,768.0697,0.03058579
3rd_test,disp_full_48kHz,768.4031,0.028067354
3rd_test,disp_full_48kHz,768.7364,0.033016781
3rd_test,disp_full_48kHz,769.0697,0.038557341
3rd_test,disp_full_48kHz,769.4031,0.036810467
3rd_test,disp_full_48kHz,769.7364,0.043798209
3rd_test,disp_full_48kHz,770.0697,0.035652224
3rd_test,disp_full_48kHz,770.4031,0.042466211
3rd_test,disp_full_48kHz,770.7364,0.032597267
3rd_test,disp_full_48kHz,771.0697,0.038636412
3rd_test,disp_full_48kHz,771.4031,0.035467482
3rd_test,disp_full_48kHz,771.7364,0.043166802
3rd_test,disp_full_48kHz,772.0697,0.049556826
3rd_test,disp_full_48kHz,772.4031,0.043380386
3rd_test,disp_full_48kHz,772.7364,0.038245683
3rd_test,disp_full_48kHz,773.0697,0.044647342
3rd_test,disp_full_48kHz,773.4031,0.028176519
3rd_test,disp_full_48kHz,773.7364,0.027280976
3rd_test,disp_full_48kHz,774.0697,0.048627744
3rd_test,disp_full_48kHz,774.4031,0.071015019
3rd_test,disp_full_48kHz,774.7364,0.027365151
3rd_test,disp_full_48kHz,775.0697,0.039616864
3rd_test,disp_full_48kHz,775.4031,0.036584038
3rd_test,disp_full_48kHz,775.7364,0.033064077
3rd_test,disp_full_48kHz,776.0697,0.059140336
3rd_test,disp_full_48kHz,776.4031,0.054068146
3rd_test,disp_full_48kHz,776.7364,0.033075322
3rd_test,disp_full_48kHz,777.0697,0.041725351
3rd_test,disp_full_48kHz,777.4031,0.060862454
3rd_test,disp_full_48kHz,777.7364,0.051914776
3rd_test,disp_full_48kHz,778.0697,0.036678285
3rd_test,disp_full_48kHz,778.4031,0.031201511
3rd_test,disp_full_48kHz,778.7364,0.078425034
3rd_test,disp_full_48kHz,779.0697,0.025289606
3rd_test,disp_full_48kHz,779.4031,0.028523029
3rd_test,disp_full_48kHz,779.7364,0.03761465
3rd_test,disp_full_48kHz,780.0697,0.040139537
3rd_test,disp_full_48kHz,780.4031,0.037390325
3rd_test,disp_full_48kHz,780.7364,0.036265762
3rd_test,disp_full_48kHz,781.0697,0.054955573
3rd_test,disp_full_48kHz,781.4031,0.042955777
3rd_test,disp_full_48kHz,781.7364,0.04052774
3rd_test,disp_full_48kHz,782.0697,0.034478193
3rd_test,disp_full_48kHz,782.4031,0.04357878
3rd_test,disp_full_48kHz,782.7364,0.051068454
3rd_test,disp_full_48kHz,783.0697,0.045879124
3rd_test,disp_full_48kHz,783.4031,0.051243619
3rd_test,disp_full_48kHz,783.7364,0.030626638
3rd_test,disp_full_48kHz,784.0697,0.044456779
3rd_test,disp_full_48kHz,784.4031,0.053216446
3rd_test,disp_full_48kHz,784.7364,0.031504869
3rd_test,disp_full_48kHz,785.0697,0.055554102
3rd_test,disp_full_48kHz,785.4031,0.03830018
3rd_test,disp_full_48kHz,785.7364,0.0400182
3rd_test,disp_full_48kHz,786.0697,0.050533478
3rd_test,disp_full_48kHz,786.4031,0.026859308
3rd_test,disp_full_48kHz,786.7364,0.056818742
3rd_test,disp_full_48kHz,787.0697,0.029589004
3rd_test,disp_full_48kHz,787.4031,0.037007755
3rd_test,disp_full_48kHz,787.7364,0.029016917
3rd_test,disp_full_48kHz,788.0697,0.038665935
3rd_test,disp_full_48kHz,788.4031,0.025067424
3rd_test,disp_full_48kHz,788.7364,0.039999223
3rd_test,disp_full_48kHz,789.0697,0.03394987
3rd_test,disp_full_48kHz,789.4031,0.038324151
3rd_test,disp_full_48kHz,789.7364,0.018680882
3rd_test,disp_full_48kHz,790.0697,0.033429728
3rd_test,disp_full_48kHz,790.4031,0.02706217
3rd_test,disp_full_48kHz,790.7364,0.048800089
3rd_test,disp_full_48kHz,791.0697,0.030432547
3rd_test,disp_full_48kHz,791.4031,0.037737177
3rd_test,disp_full_48kHz,791.7364,0.03905064
3rd_test,disp_full_48kHz,792.0697,0.051132524
3rd_test,disp_full_48kHz,792.4031,0.032113918
3rd_test,disp_full_48kHz,792.7364,0.03247747
3rd_test,disp_full_48kHz,793.0697,0.041098361
3rd_test,disp_full_48kHz,793.4031,0.033313271
3rd_test,disp_full_48kHz,793.7364,0.024853453
3rd_test,disp_full_48kHz,794.0697,0.031757529
3rd_test,disp_full_48kHz,794.4031,0.02946273
3rd_test,disp_full_48kHz,794.7364,0.040766168
3rd_test,disp_full_48kHz,795.0697,0.024796332
3rd_test,disp_full_48kHz,795.4031,0.033760294
3rd_test,disp_full_48kHz,795.7364,0.029712135
3rd_test,disp_full_48kHz,796.0697,0.044351342
3rd_test,disp_full_48kHz,796.4031,0.048768367
3rd_test,disp_full_48kHz,796.7364,0.045932981
3rd_test,disp_full_48kHz,797.0697,0.045027691
3rd_test,disp_full_48kHz,797.4031,0.028569955
3rd_test,disp_full_48kHz,797.7364,0.036330685
3rd_test,disp_full_48kHz,798.0697,0.037512872
3rd_test,disp_full_48kHz,798.4031,0.035033965
3rd_test,disp_full_48kHz,798.7364,0.031872597
3rd_test,disp_full_48kHz,799.0697,0.042940003
3rd_test,disp_full_48kHz,799.4031,0.022984716
3rd_test,disp_full_48kHz,799.7364,0.032114014
3rd_test,disp_full_48kHz,800.0697,0.035064162
3rd_test,disp_full_48kHz,800.4031,0.035369705
3rd_test,disp_full_48kHz,800.7364,0.046716686
3rd_test,disp_full_48kHz,801.0697,0.032408192
3rd_test,disp_full_48kHz,801.4031,0.040066848
3rd_test,disp_full_48kHz,801.7364,0.046359509
3rd_test,disp_full_48kHz,802.0697,0.034037814
3rd_test,disp_full_48kHz,802.4031,0.03142656
3rd_test,disp_full_48kHz,802.7364,0.050177641
3rd_test,disp_full_48kHz,803.0697,0.030186832
3rd_test,disp_full_48kHz,803.4031,0.054481826
3rd_test,disp_full_48kHz,803.7364,0.036055148
3rd_test,disp_full_48kHz,804.0697,0.046984517
3rd_test,disp_full_48kHz,804.4031,0.026413581
3rd_test,disp_full_48kHz,804.7364,0.025195259
3rd_test,disp_full_48kHz,805.0697,0.036273124
3rd_test,disp_full_48kHz,805.4031,0.044011127
3rd_test,disp_full_48kHz,805.7364,0.039395565
3rd_test,disp_full_48kHz,806.0697,0.060620186
3rd_test,disp_full_48kHz,806.4031,0.03400592
3rd_test,disp_full_48kHz,806.7364,0.026925893
3rd_test,disp_full_48kHz,807.0697,0.040971999
3rd_test,disp_full_48kHz,807.4031,0.031927359
3rd_test,disp_full_48kHz,807.7364,0.024479757
3rd_test,disp_full_48kHz,808.0697,0.034245008
3rd_test,disp_full_48kHz,808.4031,0.028323512
3rd_test,disp_full_48kHz,808.7364,0.040551191
3rd_test,disp_full_48kHz,809.0697,0.037318578
3rd_test,disp_full_48kHz,809.4031,0.051285235
3rd_test,disp_full_48kHz,809.7364,0.027491385
3rd_test,disp_full_48kHz,810.0697,0.051605172
3rd_test,disp_full_48kHz,810.4031,0.041883408
3rd_test,disp_full_48kHz,810.7364,0.042396001
3rd_test,disp_full_48kHz,811.0697,0.02916137
3rd_test,disp_full_48kHz,811.4031,0.052993029
3rd_test,disp_full_48kHz,811.7364,0.046522407
3rd_test,disp_full_48kHz,812.0697,0.050210629
3rd_test,disp_full_48kHz,812.4031,0.034172414
3rd_test,disp_full_48kHz,812.7364,0.035470341
3rd_test,disp_full_48kHz,813.0697,0.046691481
3rd_test,disp_full_48kHz,813.4031,0.03825857
3rd_test,disp_full_48kHz,813.7364,0.028596677
3rd_test,disp_full_48kHz,814.0697,0.038752186
3rd_test,disp_full_48kHz,814.4031,0.070066835
3rd_test,disp_full_48kHz,814.7364,0.054622733
3rd_test,disp_full_48kHz,815.0697,0.041421348
3rd_test,disp_full_48kHz,815.4031,0.040800433
3rd_test,disp_full_48kHz,815.7364,0.035436904
3rd_test,disp_full_48kHz,816.0697,0.043866568
3rd_test,disp_full_48kHz,816.4031,0.029786364
3rd_test,disp_full_48kHz,816.7364,0.047271819
3rd_test,disp_full_48kHz,817.0697,0.057405565
3rd_test,disp_full_48kHz,817.4031,0.029728083
3rd_test,disp_full_48kHz,817.7364,0.031874106
3rd_test,disp_full_48kHz,818.0697,0.043618715
3rd_test,disp_full_48kHz,818.4031,0.032406391
3rd_test,disp_full_48kHz,818.7364,0.05262679
3rd_test,disp_full_48kHz,819.0697,0.03487477
3rd_test,disp_full_48kHz,819.4031,0.041166035
3rd_test,disp_full_48kHz,819.7364,0.046993952
3rd_test,disp_full_48kHz,820.0697,0.066421989
3rd_test,disp_full_48kHz,820.4031,0.046134733
3rd_test,disp_full_48kHz,820.7364,0.049623227
3rd_test,disp_full_48kHz,821.0697,0.031663576
3rd_test,disp_full_48kHz,821.4031,0.03482418
3rd_test,disp_full_48kHz,821.7364,0.049342866
3rd_test,disp_full_48kHz,822.0697,0.065002058
3rd_test,disp_full_48kHz,822.4031,0.044670015
3rd_test,disp_full_48kHz,822.7364,0.029481367
3rd_test,disp_full_48kHz,823.0697,0.03999021
3rd_test,disp_full_48kHz,823.4031,0.041974659
3rd_test,disp_full_48kHz,823.7364,0.036540513
3rd_test,disp_full_48kHz,824.0697,0.041466971
3rd_test,disp_full_48kHz,824.4031,0.05519008
3rd_test,disp_full_48kHz,824.7364,0.036279582
3rd_test,disp_full_48kHz,825.0697,0.032069619
3rd_test,disp_full_48kHz,825.4031,0.029406287
3rd_test,disp_full_48kHz,825.7364,0.028679651
3rd_test,disp_full_48kHz,826.0697,0.034953585
3rd_test,disp_full_48kHz,826.4031,0.035252692
3rd_test,disp_full_48kHz,826.7364,0.061664384
3rd_test,disp_full_48kHz,827.0697,0.036125234
3rd_test,disp_full_48kHz,827.4031,0.039490021
3rd_test,disp_full_48kHz,827.7364,0.036394094
3rd_test,disp_full_48kHz,828.0697,0.046263546
3rd_test,disp_full_48kHz,828.4031,0.033347477
3rd_test,disp_full_48kHz,828.7364,0.031493452
3rd_test,disp_full_48kHz,829.0697,0.037600361
3rd_test,disp_full_48kHz,829.4031,0.050779445
3rd_test,disp_full_48kHz,829.7364,0.02386779
3rd_test,disp_full_48kHz,830.0697,0.046277905
3rd_test,disp_full_48kHz,830.4031,0.035723498
3rd_test,disp_full_48kHz,830.7364,0.044844425
3rd_test,disp_full_48kHz,831.0697,0.054989481
3rd_test,disp_full_48kHz,831.4031,0.043224589
3rd_test,disp_full_48kHz,831.7364,0.034918039
3rd_test,disp_full_48kHz,832.0697,0.025887373
3rd_test,disp_full_48kHz,832.4031,0.040175351
3rd_test,disp_full_48kHz,832.7364,0.042448395
3rd_test,disp_full_48kHz,833.0697,0.033018665
3rd_test,disp_full_48kHz,833.4031,0.042906476
3rd_test,disp_full_48kHz,833.7364,0.042535264
3rd_test,disp_full_48kHz,834.0697,0.041209513
3rd_test,disp_full_48kHz,834.4031,0.037190264
3rd_test,disp_full_48kHz,834.7364,0.034334828
3rd_test,disp_full_48kHz,835.0697,0.04071995
3rd_test,disp_full_48kHz,835.4031,0.03070558
3rd_test,disp_full_48kHz,835.7364,0.039285996
3rd_test,disp_full_48kHz,836.0697,0.038137642
3rd_test,disp_full_48kHz,836.4031,0.047371776
3rd_test,disp_full_48kHz,836.7364,0.028953633
3rd_test,disp_full_48kHz,837.0697,0.049590339
3rd_test,disp_full_48kHz,837.4031,0.032125491
3rd_test,disp_full_48kHz,837.7364,0.031849017
3rd_test,disp_full_48kHz,838.0697,0.039033375
3rd_test,disp_full_48kHz,838.4031,0.027244971
3rd_test,disp_full_48kHz,838.7364,0.04471567
3rd_test,disp_full_48kHz,839.0697,0.032415786
3rd_test,disp_full_48kHz,839.4031,0.028350159
3rd_test,disp_full_48kHz,839.7364,0.053521661
3rd_test,disp_full_48kHz,840.0697,0.039303559
3rd_test,disp_full_48kHz,840.4031,0.05326991
3rd_test,disp_full_48kHz,840.7364,0.041325203
3rd_test,disp_full_48kHz,841.0697,0.053295741
3rd_test,disp_full_48kHz,841.4031,0.038036483
3rd_test,disp_full_48kHz,841.7364,0.050586252
3rd_test,disp_full_48kHz,842.0697,0.040496366
3rd_test,disp_full_48kHz,842.4031,0.037964639
3rd_test,disp_full_48kHz,842.7364,0.029860536
3rd_test,disp_full_48kHz,843.0697,0.04990685
3rd_test,disp_full_48kHz,843.4031,0.048453557
3rd_test,disp_full_48kHz,843.7364,0.034851821
3rd_test,disp_full_48kHz,844.0697,0.037825983
3rd_test,disp_full_48kHz,844.4031,0.033266526
3rd_test,disp_full_48kHz,844.7364,0.052099442
3rd_test,disp_full_48kHz,845.0697,0.035988392
3rd_test,disp_full_48kHz,845.4031,0.027632635
3rd_test,disp_full_48kHz,845.7364,0.038139547
3rd_test,disp_full_48kHz,846.0697,0.037720443
3rd_test,disp_full_48kHz,846.4031,0.052147474
3rd_test,disp_full_48kHz,846.7364,0.042533818
3rd_test,disp_full_48kHz,847.0697,0.044290978
3rd_test,disp_full_48kHz,847.4031,0.039924393
3rd_test,disp_full_48kHz,847.7364,0.034512192
3rd_test,disp_full_48kHz,848.0697,0.029203742
3rd_test,disp_full_48kHz,848.4031,0.04275342
3rd_test,disp_full_48kHz,848.7364,0.042845628
3rd_test,disp_full_48kHz,849.0697,0.031426044
3rd_test,disp_full_48kHz,849.4031,0.033943692
3rd_test,disp_full_48kHz,849.7364,0.035233667
3rd_test,disp_full_48kHz,850.0697,0.039579284
3rd_test,disp_full_48kHz,850.4031,0.052279494
3rd_test,disp_full_48kHz,850.7364,0.035265205
3rd_test,disp_full_48kHz,851.0697,0.058902507
3rd_test,disp_full_48kHz,851.4031,0.037941933
3rd_test,disp_full_48kHz,851.7364,0.046908989
3rd_test,disp_full_48kHz,852.0697,0.048065048
3rd_test,disp_full_48kHz,852.4031,0.027856188
3rd_test,disp_full_48kHz,852.7364,0.030722179
3rd_test,disp_full_48kHz,853.0697,0.050208522
3rd_test,disp_full_48kHz,853.4031,0.041746054
3rd_test,disp_full_48kHz,853.7364,0.054143186
3rd_test,disp_full_48kHz,854.0697,0.037209261
3rd_test,disp_full_48kHz,854.4031,0.035788907
3rd_test,disp_full_48kHz,854.7364,0.034836662
3rd_test,disp_full_48kHz,855.0697,0.043516139
3rd_test,disp_full_48kHz,855.4031,0.041573129
3rd_test,disp_full_48kHz,855.7364,0.036342702
3rd_test,disp_full_48kHz,856.0697,0.039056815
3rd_test,disp_full_48kHz,856.4031,0.053400755
3rd_test,disp_full_48kHz,856.7364,0.055931953
3rd_test,disp_full_48kHz,857.0697,0.045722424
3rd_test,disp_full_48kHz,857.4031,0.034977311
3rd_test,disp_full_48kHz,857.7364,0.044752709
3rd_test,disp_full_48kHz,858.0697,0.03226163
3rd_test,disp_full_48kHz,858.4031,0.056285414
3rd_test,disp_full_48kHz,858.7364,0.055238256
3rd_test,disp_full_48kHz,859.0697,0.042474419
3rd_test,disp_full_48kHz,859.4031,0.028293367
3rd_test,disp_full_48kHz,859.7364,0.040529745
3rd_test,disp_full_48kHz,860.0697,0.037562331
3rd_test,disp_full_48kHz,860.4031,0.031868937
3rd_test,disp_full_48kHz,860.7364,0.051861833
3rd_test,disp_full_48kHz,861.0697,0.027998993
3rd_test,disp_full_48kHz,861.4031,0.027900512
3rd_test,disp_full_48kHz,861.7364,0.030930852
3rd_test,disp_full_48kHz,862.0697,0.05469353
3rd_test,disp_full_48kHz,862.4031,0.033113741
3rd_test,disp_full_48kHz,862.7364,0.030188356
3rd_test,disp_full_48kHz,863.0697,0.039067344
3rd_test,disp_full_48kHz,863.4031,0.043808899
3rd_test,disp_full_48kHz,863.7364,0.02834543
3rd_test,disp_full_48kHz,864.0697,0.031019401
3rd_test,disp_full_48kHz,864.4031,0.04126888
3rd_test,disp_full_48kHz,864.7364,0.027855266
3rd_test,disp_full_48kHz,865.0697,0.057076824
3rd_test,disp_full_48kHz,865.4031,0.032183121
3rd_test,disp_full_48kHz,865.7364,0.038303786
3rd_test,disp_full_48kHz,866.0697,0.035097141
3rd_test,disp_full_48kHz,866.4031,0.042212805
3rd_test,disp_full_48kHz,866.7364,0.052308926
3rd_test,disp_full_48kHz,867.0697,0.050445749
3rd_test,disp_full_48kHz,867.4031,0.034322441
3rd_test,disp_full_48kHz,867.7364,0.03468004
3rd_test,disp_full_48kHz,868.0697,0.050712726
3rd_test,disp_full_48kHz,868.4031,0.023677716
3rd_test,disp_full_48kHz,868.7364,0.024204361
3rd_test,disp_full_48kHz,869.0697,0.047263861
3rd_test,disp_full_48kHz,869.4031,0.044771165
3rd_test,disp_full_48kHz,869.7364,0.034572143
3rd_test,disp_full_48kHz,870.0697,0.02513726
3rd_test,disp_full_48kHz,870.4031,0.039293739
3rd_test,disp_full_48kHz,870.7364,0.041406705
3rd_test,disp_full_48kHz,871.0697,0.043691072
3rd_test,disp_full_48kHz,871.4031,0.036294371
3rd_test,disp_full_48kHz,871.7364,0.035604818
3rd_test,disp_full_48kHz,872.0697,0.045993205
3rd_test,disp_full_48kHz,872.4031,0.032458388
3rd_test,disp_full_48kHz,872.7364,0.028096856
3rd_test,disp_full_48kHz,873.0697,0.06275341
3rd_test,disp_full_48kHz,873.4031,0.041060402
3rd_test,disp_full_48kHz,873.7364,0.043639083
3rd_test,disp_full_48kHz,874.0697,0.042474475
3rd_test,disp_full_48kHz,874.4031,0.053780252
3rd_test,disp_full_48kHz,874.7364,0.036635241
3rd_test,disp_full_48kHz,875.0697,0.044870511
3rd_test,disp_full_48kHz,875.4031,0.047115583
3rd_test,disp_full_48kHz,875.7364,0.037078423
3rd_test,disp_full_48kHz,876.0697,0.031773034
3rd_test,disp_full_48kHz,876.4031,0.039377121
3rd_test,disp_full_48kHz,876.7364,0.040717516
3rd_test,disp_full_48kHz,877.0697,0.02941918
3rd_test,disp_full_48kHz,877.4031,0.036278466
3rd_test,disp_full_48kHz,877.7364,0.028717977
3rd_test,disp_full_48kHz,878.0697,0.036928899
3rd_test,disp_full_48kHz,878.4031,0.036877216
3rd_test,disp_full_48kHz,878.7364,0.044598536
3rd_test,disp_full_48kHz,879.0697,0.026662319
3rd_test,disp_full_48kHz,879.4031,0.035559172
3rd_test,disp_full_48kHz,879.7364,0.029983639
3rd_test,disp_full_48kHz,880.0697,0.029081321
3rd_test,disp_full_48kHz,880.4031,0.042344884
3rd_test,disp_full_48kHz,880.7364,0.03816936
3rd_test,disp_full_48kHz,881.0697,0.038364346
3rd_test,disp_full_48kHz,881.4031,0.034572885
3rd_test,disp_full_48kHz,881.7364,0.051126032
3rd_test,disp_full_48kHz,882.0697,0.022860609
3rd_test,disp_full_48kHz,882.4031,0.049313334
3rd_test,disp_full_48kHz,882.7364,0.048067914
3rd_test,disp_full_48kHz,883.0697,0.043714811
3rd_test,disp_full_48kHz,883.4031,0.063766767
3rd_test,disp_full_48kHz,883.7364,0.043057818
3rd_test,disp_full_48kHz,884.0697,0.04191513
3rd_test,disp_full_48kHz,884.4031,0.047679174
3rd_test,disp_full_48kHz,884.7364,0.041833705
3rd_test,disp_full_48kHz,885.0697,0.032635207
3rd_test,disp_full_48kHz,885.4031,0.031610333
3rd_test,disp_full_48kHz,885.7364,0.031178827
3rd_test,disp_full_48kHz,886.0697,0.034159026
3rd_test,disp_full_48kHz,886.4031,0.064529837
3rd_test,disp_full_48kHz,886.7364,0.075651171
3rd_test,disp_full_48kHz,887.0697,0.051550953
3rd_test,disp_full_48kHz,887.4031,0.036157603
3rd_test,disp_full_48kHz,887.7364,0.034693523
3rd_test,disp_full_48kHz,888.0697,0.035451189
3rd_test,disp_full_48kHz,888.4031,0.028572248
3rd_test,disp_full_48kHz,888.7364,0.044285006
3rd_test,disp_full_48kHz,889.0697,0.046151165
3rd_test,disp_full_48kHz,889.4031,0.046657695
3rd_test,disp_full_48kHz,889.7364,0.048935142
3rd_test,disp_full_48kHz,890.0697,0.044779657
3rd_test,disp_full_48kHz,890.4031,0.042919049
3rd_test,disp_full_48kHz,890.7364,0.041099694
3rd_test,disp_full_48kHz,891.0697,0.031169744
3rd_test,disp_full_48kHz,891.4031,0.03812149
3rd_test,disp_full_48kHz,891.7364,0.027153255
3rd_test,disp_full_48kHz,892.0697,0.031767891
3rd_test,disp_full_48kHz,892.4031,0.040235887
3rd_test,disp_full_48kHz,892.7364,0.025775171
3rd_test,disp_full_48kHz,893.0697,0.040902398
3rd_test,disp_full_48kHz,893.4031,0.037115555
3rd_test,disp_full_48kHz,893.7364,0.05315814
3rd_test,disp_full_48kHz,894.0697,0.037180859
3rd_test,disp_full_48kHz,894.4031,0.028827856
3rd_test,disp_full_48kHz,894.7364,0.038832057
3rd_test,disp_full_48kHz,895.0697,0.025822705
3rd_test,disp_full_48kHz,895.4031,0.043967072
3rd_test,disp_full_48kHz,895.7364,0.040609053
3rd_test,disp_full_48kHz,896.0697,0.062463188
3rd_test,disp_full_48kHz,896.4031,0.039890742
3rd_test,disp_full_48kHz,896.7364,0.051168379
3rd_test,disp_full_48kHz,897.0697,0.040363778
3rd_test,disp_full_48kHz,897.4031,0.031698185
3rd_test,disp_full_48kHz,897.7364,0.040083907
3rd_test,disp_full_48kHz,898.0697,0.055735566
3rd_test,disp_full_48kHz,898.4031,0.039424465
3rd_test,disp_full_48kHz,898.7364,0.034787949
3rd_test,disp_full_48kHz,899.0697,0.038007212
3rd_test,disp_full_48kHz,899.4031,0.041798119
3rd_test,disp_full_48kHz,899.7364,0.038984516
3rd_test,disp_full_48kHz,900.0697,0.038798066
3rd_test,disp_full_48kHz,900.4031,0.038026844
3rd_test,disp_full_48kHz,900.7364,0.035799454
3rd_test,disp_full_48kHz,901.0697,0.035092279
3rd_test,disp_full_48kHz,901.4031,0.036313734
3rd_test,disp_full_48kHz,901.7364,0.043142483
3rd_test,disp_full_48kHz,902.0697,0.042253268
3rd_test,disp_full_48kHz,902.4031,0.029915867
3rd_test,disp_full_48kHz,902.7364,0.035619773
3rd_test,disp_full_48kHz,903.0697,0.027429057
3rd_test,disp_full_48kHz,903.4031,0.046721467
3rd_test,disp_full_48kHz,903.7364,0.02996426
3rd_test,disp_full_48kHz,904.0697,0.036043286
3rd_test,disp_full_48kHz,904.4031,0.024153727
3rd_test,disp_full_48kHz,904.7364,0.04789493
3rd_test,disp_full_48kHz,905.0697,0.069256639
3rd_test,disp_full_48kHz,905.4031,0.036327382
3rd_test,disp_full_48kHz,905.7364,0.035398257
3rd_test,disp_full_48kHz,906.0697,0.028721172
3rd_test,disp_full_48kHz,906.4031,0.06012151
3rd_test,disp_full_48kHz,906.7364,0.034131818
3rd_test,disp_full_48kHz,907.0697,0.04258222
3rd_test,disp_full_48kHz,907.4031,0.046484067
3rd_test,disp_full_48kHz,907.7364,0.029708769
3rd_test,disp_full_48kHz,908.0697,0.043483274
3rd_test,disp_full_48kHz,908.4031,0.028429169
3rd_test,disp_full_48kHz,908.7364,0.051857065
3rd_test,disp_full_48kHz,909.0697,0.040943036
3rd_test,disp_full_48kHz,909.4031,0.046369885
3rd_test,disp_full_48kHz,909.7364,0.041788993
3rd_test,disp_full_48kHz,910.0697,0.032645668
3rd_test,disp_full_48kHz,910.4031,0.041772343
3rd_test,disp_full_48kHz,910.7364,0.036535166
3rd_test,disp_full_48kHz,911.0697,0.049364784
3rd_test,disp_full_48kHz,911.4031,0.042788194
3rd_test,disp_full_48kHz,911.7364,0.059442843
3rd_test,disp_full_48kHz,912.0697,0.040848409
3rd_test,disp_full_48kHz,912.4031,0.026961896
3rd_test,disp_full_48kHz,912.7364,0.065317618
3rd_test,disp_full_48kHz,913.0697,0.038468636
3rd_test,disp_full_48kHz,913.4031,0.030196612
3rd_test,disp_full_48kHz,913.7364,0.044147933
3rd_test,disp_full_48kHz,914.0697,0.037148695
3rd_test,disp_full_48kHz,914.4031,0.035340287
3rd_test,disp_full_48kHz,914.7364,0.035132247
3rd_test,disp_full_48kHz,915.0697,0.023694771
3rd_test,disp_full_48kHz,915.4031,0.049446566
3rd_test,disp_full_48kHz,915.7364,0.037914918
3rd_test,disp_full_48kHz,916.0697,0.047011127
3rd_test,disp_full_48kHz,916.4031,0.038121116
3rd_test,disp_full_48kHz,916.7364,0.052802887
3rd_test,disp_full_48kHz,917.0697,0.054860983
3rd_test,disp_full_48kHz,917.4031,0.043169454
3rd_test,disp_full_48kHz,917.7364,0.059254213
3rd_test,disp_full_48kHz,918.0697,0.0559108
3rd_test,disp_full_48kHz,918.4031,0.039217254
3rd_test,disp_full_48kHz,918.7364,0.057317584
3rd_test,disp_full_48kHz,919.0697,0.072513747
3rd_test,disp_full_48kHz,919.4031,0.053575004
3rd_test,disp_full_48kHz,919.7364,0.037968928
3rd_test,disp_full_48kHz,920.0697,0.044569123
3rd_test,disp_full_48kHz,920.4031,0.027371558
3rd_test,disp_full_48kHz,920.7364,0.04220836
3rd_test,disp_full_48kHz,921.0697,0.032459887
3rd_test,disp_full_48kHz,921.4031,0.030036673
3rd_test,disp_full_48kHz,921.7364,0.037365087
3rd_test,disp_full_48kHz,922.0697,0.03336842
3rd_test,disp_full_48kHz,922.4031,0.029712664
3rd_test,disp_full_48kHz,922.7364,0.054725235
3rd_test,disp_full_48kHz,923.0697,0.064028227
3rd_test,disp_full_48kHz,923.4031,0.035972419
3rd_test,disp_full_48kHz,923.7364,0.032400054
3rd_test,disp_full_48kHz,924.0697,0.034698919
3rd_test,disp_full_48kHz,924.4031,0.039391916
3rd_test,disp_full_48kHz,924.7364,0.043266105
3rd_test,disp_full_48kHz,925.0697,0.04080044
3rd_test,disp_full_48kHz,925.4031,0.038200576
3rd_test,disp_full_48kHz,925.7364,0.043388696
3rd_test,disp_full_48kHz,926.0697,0.036055696
3rd_test,disp_full_48kHz,926.4031,0.041597438
3rd_test,disp_full_48kHz,926.7364,0.03695844
3rd_test,disp_full_48kHz,927.0697,0.03690624
3rd_test,disp_full_48kHz,927.4031,0.040004744
3rd_test,disp_full_48kHz,927.7364,0.068221006
3rd_test,disp_full_48kHz,928.0697,0.046494527
3rd_test,disp_full_48kHz,928.4031,0.045257072
3rd_test,disp_full_48kHz,928.7364,0.056597948
3rd_test,disp_full_48kHz,929.0697,0.036274031
3rd_test,disp_full_48kHz,929.4031,0.042971009
3rd_test,disp_full_48kHz,929.7364,0.027939789
3rd_test,disp_full_48kHz,930.0697,0.05377645
3rd_test,disp_full_48kHz,930.4031,0.031566825
3rd_test,disp_full_48kHz,930.7364,0.070914607
3rd_test,disp_full_48kHz,931.0697,0.045453036
3rd_test,disp_full_48kHz,931.4031,0.052058471
3rd_test,disp_full_48kHz,931.7364,0.052715847
3rd_test,disp_full_48kHz,932.0697,0.031245697
3rd_test,disp_full_48kHz,932.4031,0.038244057
3rd_test,disp_full_48kHz,932.7364,0.04101979
3rd_test,disp_full_48kHz,933.0697,0.032578739
3rd_test,disp_full_48kHz,933.4031,0.052110241
3rd_test,disp_full_48kHz,933.7364,0.045334666
3rd_test,disp_full_48kHz,934.0697,0.028144217
3rd_test,disp_full_48kHz,934.4031,0.033018834
3rd_test,disp_full_48kHz,934.7364,0.034784963
3rd_test,disp_full_48kHz,935.0697,0.042774815
3rd_test,disp_full_48kHz,935.4031,0.049330176
3rd_test,disp_full_48kHz,935.7364,0.034519628
3rd_test,disp_full_48kHz,936.0697,0.042087076
3rd_test,disp_full_48kHz,936.4031,0.03534252
3rd_test,disp_full_48kHz,936.7364,0.034767616
3rd_test,disp_full_48kHz,937.0697,0.026385524
3rd_test,disp_full_48kHz,937.4031,0.036618158
3rd_test,disp_full_48kHz,937.7364,0.042329598
3rd_test,disp_full_48kHz,938.0697,0.039542779
3rd_test,disp_full_48kHz,938.4031,0.034754655
3rd_test,disp_full_48kHz,938.7364,0.036983436
3rd_test,disp_full_48kHz,939.0697,0.035666702
3rd_test,disp_full_48kHz,939.4031,0.036241279
3rd_test,disp_full_48kHz,939.7364,0.036310645
3rd_test,disp_full_48kHz,940.0697,0.031835869
3rd_test,disp_full_48kHz,940.4031,0.036430255
3rd_test,disp_full_48kHz,940.7364,0.046582514
3rd_test,disp_full_48kHz,941.0697,0.029448482
3rd_test,disp_full_48kHz,941.4031,0.030232804
3rd_test,disp_full_48kHz,941.7364,0.023614124
3rd_test,disp_full_48kHz,942.0697,0.026509096
3rd_test,disp_full_48kHz,942.4031,0.06299965
3rd_test,disp_full_48kHz,942.7364,0.045757521
3rd_test,disp_full_48kHz,943.0697,0.04510781
3rd_test,disp_full_48kHz,943.4031,0.038726391
3rd_test,disp_full_48kHz,943.7364,0.042693204
3rd_test,disp_full_48kHz,944.0697,0.049170743
3rd_test,disp_full_48kHz,944.4031,0.040620514
3rd_test,disp_full_48kHz,944.7364,0.037311858
3rd_test,disp_full_48kHz,945.0697,0.041633547
3rd_test,disp_full_48kHz,945.4031,0.021532168
3rd_test,disp_full_48kHz,945.7364,0.030532358
3rd_test,disp_full_48kHz,946.0697,0.024737966
3rd_test,disp_full_48kHz,946.4031,0.050562095
3rd_test,disp_full_48kHz,946.7364,0.031124958
3rd_test,disp_full_48kHz,947.0697,0.028805956
3rd_test,disp_full_48kHz,947.4031,0.029394558
3rd_test,disp_full_48kHz,947.7364,0.027447888
3rd_test,disp_full_48kHz,948.0697,0.038384379
3rd_test,disp_full_48kHz,948.4031,0.05069235
3rd_test,disp_full_48kHz,948.7364,0.037049161
3rd_test,disp_full_48kHz,949.0697,0.038789451
3rd_test,disp_full_48kHz,949.4031,0.039430501
3rd_test,disp_full_48kHz,949.7364,0.055049371
3rd_test,disp_full_48kHz,950.0697,0.034809858
3rd_test,disp_full_48kHz,950.4031,0.045088305
3rd_test,disp_full_48kHz,950.7364,0.038799804
3rd_test,disp_full_48kHz,951.0697,0.02782913
3rd_test,disp_full_48kHz,951.4031,0.045822588
3rd_test,disp_full_48kHz,951.7364,0.052702951
3rd_test,disp_full_48kHz,952.0697,0.041033657
3rd_test,disp_full_48kHz,952.4031,0.033542908
3rd_test,disp_full_48kHz,952.7364,0.030330079
3rd_test,disp_full_48kHz,953.0697,0.040741721
3rd_test,disp_full_48kHz,953.4031,0.042263995
3rd_test,disp_full_48kHz,953.7364,0.035291596
3rd_test,disp_full_48kHz,954.0697,0.051809447
3rd_test,disp_full_48kHz,954.4031,0.043558521
3rd_test,disp_full_48kHz,954.7364,0.036929689
3rd_test,disp_full_48kHz,955.0697,0.028519117
3rd_test,disp_full_48kHz,955.4031,0.037253202
3rd_test,disp_full_48kHz,955.7364,0.035725352
3rd_test,disp_full_48kHz,956.0697,0.02180084
3rd_test,disp_full_48kHz,956.4031,0.03512978
3rd_test,disp_full_48kHz,956.7364,0.041375949
3rd_test,disp_full_48kHz,957.0697,0.029945399
3rd_test,disp_full_48kHz,957.4031,0.029199358
3rd_test,disp_full_48kHz,957.7364,0.03889595
3rd_test,disp_full_48kHz,958.0697,0.044476565
3rd_test,disp_full_48kHz,958.4031,0.039964568
3rd_test,disp_full_48kHz,958.7364,0.023037667
3rd_test,disp_full_48kHz,959.0697,0.04059211
3rd_test,disp_full_48kHz,959.4031,0.027707265
3rd_test,disp_full_48kHz,959.7364,0.039903906
3rd_test,disp_full_48kHz,960.0697,0.033908533
3rd_test,disp_full_48kHz,960.4031,0.044190767
3rd_test,disp_full_48kHz,960.7364,0.040518076
3rd_test,disp_full_48kHz,961.0697,0.034236996
3rd_test,disp_full_48kHz,961.4031,0.033724709
3rd_test,disp_full_48kHz,961.7364,0.044873069
3rd_test,disp_full_48kHz,962.0697,0.041732459
3rd_test,disp_full_48kHz,962.4031,0.051417838
3rd_test,disp_full_48kHz,962.7364,0.028063984
3rd_test,disp_full_48kHz,963.0697,0.051519207
3rd_test,disp_full_48kHz,963.4031,0.033382442
3rd_test,disp_full_48kHz,963.7364,0.045974303
3rd_test,disp_full_48kHz,964.0697,0.031421075
3rd_test,disp_full_48kHz,964.4031,0.029643459
3rd_test,disp_full_48kHz,964.7364,0.036167618
3rd_test,disp_full_48kHz,965.0697,0.032636412
3rd_test,disp_full_48kHz,965.4031,0.055497946
3rd_test,disp_full_48kHz,965.7364,0.062804861
3rd_test,disp_full_48kHz,966.0697,0.050785358
3rd_test,disp_full_48kHz,966.4031,0.031263563
3rd_test,disp_full_48kHz,966.7364,0.04162105
3rd_test,disp_full_48kHz,967.0697,0.041773241
3rd_test,disp_full_48kHz,967.4031,0.033773293
3rd_test,disp_full_48kHz,967.7364,0.028950654
3rd_test,disp_full_48kHz,968.0697,0.030261926
3rd_test,disp_full_48kHz,968.4031,0.058234221
3rd_test,disp_full_48kHz,968.7364,0.037242747
3rd_test,disp_full_48kHz,969.0697,0.029274716
3rd_test,disp_full_48kHz,969.4031,0.058342022
3rd_test,disp_full_48kHz,969.7364,0.031816211
3rd_test,disp_full_48kHz,970.0697,0.030128745
3rd_test,disp_full_48kHz,970.4031,0.056032936
3rd_test,disp_full_48kHz,970.7364,0.04383331
3rd_test,disp_full_48kHz,971.0697,0.034403791
3rd_test,disp_full_48kHz,971.4031,0.04729263
3rd_test,disp_full_48kHz,971.7364,0.030125105
3rd_test,disp_full_48kHz,972.0697,0.032136417
3rd_test,disp_full_48kHz,972.4031,0.037844491
3rd_test,disp_full_48kHz,972.7364,0.039098997
3rd_test,disp_full_48kHz,973.0697,0.038660066
3rd_test,disp_full_48kHz,973.4031,0.053374769
3rd_test,disp_full_48kHz,973.7364,0.064050851
3rd_test,disp_full_48kHz,974.0697,0.034478069
3rd_test,disp_full_48kHz,974.4031,0.030276788
3rd_test,disp_full_48kHz,974.7364,0.042906694
3rd_test,disp_full_48kHz,975.0697,0.042274923
3rd_test,disp_full_48kHz,975.4031,0.045796474
3rd_test,disp_full_48kHz,975.7364,0.025425174
3rd_test,disp_full_48kHz,976.0697,0.037637371
3rd_test,disp_full_48kHz,976.4031,0.03485145
3rd_test,disp_full_48kHz,976.7364,0.040716355
3rd_test,disp_full_48kHz,977.0697,0.056796055
3rd_test,disp_full_48kHz,977.4031,0.038577852
3rd_test,disp_full_48kHz,977.7364,0.034692528
3rd_test,disp_full_48kHz,978.0697,0.042277722
3rd_test,disp_full_48kHz,978.4031,0.026727975
3rd_test,disp_full_48kHz,978.7364,0.047493905
3rd_test,disp_full_48kHz,979.0697,0.04348372
3rd_test,disp_full_48kHz,979.4031,0.055838007
3rd_test,disp_full_48kHz,979.7364,0.03320019
3rd_test,disp_full_48kHz,980.0697,0.024479126
3rd_test,disp_full_48kHz,980.4031,0.034710314
3rd_test,disp_full_48kHz,980.7364,0.040251843
3rd_test,disp_full_48kHz,981.0697,0.042799314
3rd_test,disp_full_48kHz,981.4031,0.052389377
3rd_test,disp_full_48kHz,981.7364,0.055647556
3rd_test,disp_full_48kHz,982.0697,0.050759116
3rd_test,disp_full_48kHz,982.4031,0.038819591
3rd_test,disp_full_48kHz,982.7364,0.055303702
3rd_test,disp_full_48kHz,983.0697,0.041089328
3rd_test,disp_full_48kHz,983.4031,0.036838341
3rd_test,disp_full_48kHz,983.7364,0.038669625
3rd_test,disp_full_48kHz,984.0697,0.030912648
3rd_test,disp_full_48kHz,984.4031,0.041165688
3rd_test,disp_full_48kHz,984.7364,0.037138379
3rd_test,disp_full_48kHz,985.0697,0.02601587
3rd_test,disp_full_48kHz,985.4031,0.040116077
3rd_test,disp_full_48kHz,985.7364,0.044883743
3rd_test,disp_full_48kHz,986.0697,0.034716727
3rd_test,disp_full_48kHz,986.4031,0.027059041
3rd_test,disp_full_48kHz,986.7364,0.048488112
3rd_test,disp_full_48kHz,987.0697,0.047032754
3rd_test,disp_full_48kHz,987.4031,0.033795298
3rd_test,disp_full_48kHz,987.7364,0.029755188
3rd_test,disp_full_48kHz,988.0697,0.037949102
3rd_test,disp_full_48kHz,988.4031,0.035685259
3rd_test,disp_full_48kHz,988.7364,0.040702057
3rd_test,disp_full_48kHz,989.0697,0.030047154
3rd_test,disp_full_48kHz,989.4031,0.032641826
3rd_test,disp_full_48kHz,989.7364,0.039407649
3rd_test,disp_full_48kHz,990.0697,0.053733187
3rd_test,disp_full_48kHz,990.4031,0.042428331
3rd_test,disp_full_48kHz,990.7364,0.053330301
3rd_test,disp_full_48kHz,991.0697,0.049001475
3rd_test,disp_full_48kHz,991.4031,0.035292429
3rd_test,disp_full_48kHz,991.7364,0.044059559
3rd_test,disp_full_48kHz,992.0697,0.028975985
3rd_test,disp_full_48kHz,992.4031,0.052046916
3rd_test,disp_full_48kHz,992.7364,0.032110033
3rd_test,disp_full_48kHz,993.0697,0.044705031
3rd_test,disp_full_48kHz,993.4031,0.030223029
3rd_test,disp_full_48kHz,993.7364,0.038912012
3rd_test,disp_full_48kHz,994.0697,0.043219982
3rd_test,disp_full_48kHz,994.4031,0.031825541
3rd_test,disp_full_48kHz,994.7364,0.039310701
3rd_test,disp_full_48kHz,995.0697,0.032858451
3rd_test,disp_full_48kHz,995.4031,0.037533021
3rd_test,disp_full_48kHz,995.7364,0.038336411
3rd_test,disp_full_48kHz,996.0697,0.026003923
3rd_test,disp_full_48kHz,996.4031,0.050313318
3rd_test,disp_full_48kHz,996.7364,0.042177354
3rd_test,disp_full_48kHz,997.0697,0.034280049
3rd_test,disp_full_48kHz,997.4031,0.028469654
3rd_test,disp_full_48kHz,997.7364,0.031490658
3rd_test,disp_full_48kHz,998.0697,0.030058239
3rd_test,disp_full_48kHz,998.4031,0.051040553
3rd_test,disp_full_48kHz,998.7364,0.030901658
3rd_test,disp_full_48kHz,999.0697,0.051273558
3rd_test,disp_full_48kHz,999.4031,0.041716468
3rd_test,disp_full_48kHz,999.7364,0.051058583
3rd_test,disp_full_48kHz,1000.0697,0.036876457
3rd_test,disp_full_48kHz,1000.4031,0.034190337
3rd_test,disp_full_48kHz,1000.7364,0.030043864
3rd_test,disp_full_48kHz,1001.0697,0.032301905
3rd_test,disp_full_48kHz,1001.4031,0.054511293
3rd_test,disp_full_48kHz,1008.9019,0.037691032
3rd_test,disp_full_48kHz,1009.0858,0.042337028
3rd_test,disp_full_48kHz,1009.4192,0.050606098
3rd_test,disp_full_48kHz,1009.7525,0.027061037
3rd_test,disp_full_48kHz,1010.0858,0.045236547
3rd_test,disp_full_48kHz,1010.4192,0.045291345
3rd_test,disp_full_48kHz,1010.7525,0.034208926
3rd_test,disp_full_48kHz,1011.0858,0.032808597
3rd_test,disp_full_48kHz,1011.4192,0.049052178
3rd_test,disp_full_48kHz,1011.7525,0.034813576
3rd_test,disp_full_48kHz,1012.0858,0.055927499
3rd_test,disp_full_48kHz,1012.4192,0.038573817
3rd_test,disp_full_48kHz,1012.7525,0.045642754
3rd_test,disp_full_48kHz,1013.0858,0.03615612
3rd_test,disp_full_48kHz,1013.4192,0.049430146
3rd_test,disp_full_48kHz,1013.7525,0.029863993
3rd_test,disp_full_48kHz,1014.0858,0.058162322
3rd_test,disp_full_48kHz,1014.4192,0.04894865
3rd_test,disp_full_48kHz,1014.7525,0.034967852
3rd_test,disp_full_48kHz,1015.0858,0.098104762
3rd_test,disp_full_48kHz,1015.4192,0.069909996
3rd_test,disp_full_48kHz,1015.7525,0.054459769
3rd_test,disp_full_48kHz,1016.0858,0.0469159
3rd_test,disp_full_48kHz,1016.4192,0.053634462
3rd_test,disp_full_48kHz,1016.7525,0.054247671
3rd_test,disp_full_48kHz,1017.0858,0.0445924
3rd_test,disp_full_48kHz,1017.4192,0.05344237
3rd_test,disp_full_48kHz,1017.7525,0.046797184
3rd_test,disp_full_48kHz,1018.0858,0.036130497
3rd_test,disp_full_48kHz,1018.4192,0.066481837
3rd_test,disp_full_48kHz,1018.7525,0.029475142
3rd_test,disp_full_48kHz,1019.0858,0.060868844
3rd_test,disp_full_48kHz,1019.4192,0.041451573
3rd_test,disp_full_48kHz,1019.7525,0.048907889
3rd_test,disp_full_48kHz,1020.0858,0.04931157
3rd_test,disp_full_48kHz,1020.4192,0.047452488
3rd_test,disp_full_48kHz,1020.7525,0.051700009
3rd_test,disp_full_48kHz,1021.0858,0.071653812
3rd_test,disp_full_48kHz,1021.4192,0.054148735
3rd_test,disp_full_48kHz,1021.7525,0.047324878
3rd_test,disp_full_48kHz,1022.0858,0.064347662
3rd_test,disp_full_48kHz,1022.4192,0.06890745
3rd_test,disp_full_48kHz,1022.7525,0.055309504
3rd_test,disp_full_48kHz,1023.0858,0.054109469
3rd_test,disp_full_48kHz,1023.4192,0.053550552
3rd_test,disp_full_48kHz,1023.7525,0.070140932
3rd_test,disp_full_48kHz,1024.0858,0.054840092
3rd_test,disp_full_48kHz,1024.4192,0.067273095
3rd_test,disp_full_48kHz,1024.7525,0.060601398
3rd_test,disp_full_48kHz,1025.0858,0.05363
3rd_test,disp_full_48kHz,1025.4192,0.057283165
3rd_test,disp_full_48kHz,1025.7525,0.04882105
3rd_test,disp_full_48kHz,1026.0858,0.040579682
3rd_test,disp_full_48kHz,1026.4192,0.056222764
3rd_test,disp_full_48kHz,1026.7525,0.039046292
3rd_test,disp_full_48kHz,1027.0858,0.059098716
3rd_test,disp_full_48kHz,1027.4192,0.050500997
3rd_test,disp_full_48kHz,1027.7525,0.072604566
3rd_test,disp_full_48kHz,1028.0858,0.045860895
3rd_test,disp_full_48kHz,1028.4192,0.041750582
3rd_test,disp_full_48kHz,1028.7525,0.051004922
3rd_test,disp_full_48kHz,1029.0858,0.039341788
3rd_test,disp_full_48kHz,1029.4192,0.045910596
3rd_test,disp_full_48kHz,1029.7525,0.0446589
3rd_test,disp_full_48kHz,1030.0858,0.036694511
3rd_test,disp_full_48kHz,1030.4192,0.054543472
3rd_test,disp_full_48kHz,1030.7525,0.043853059
3rd_test,disp_full_48kHz,1031.0858,0.068294667
3rd_test,disp_full_48kHz,1031.4192,0.058242064
3rd_test,disp_full_48kHz,1031.7525,0.049523191
3rd_test,disp_full_48kHz,1032.0858,0.043383155
3rd_test,disp_full_48kHz,1032.4192,0.054189661
3rd_test,disp_full_48kHz,1032.7525,0.051659379
3rd_test,disp_full_48kHz,1033.0858,0.050940281
3rd_test,disp_full_48kHz,1033.4192,0.068637135
3rd_test,disp_full_48kHz,1033.7525,0.057821694
3rd_test,disp_full_48kHz,1034.0858,0.052151132
3rd_test,disp_full_48kHz,1034.4192,0.057595581
3rd_test,disp_full_48kHz,1034.7525,0.057139322
3rd_test,disp_full_48kHz,1035.0858,0.044791981
3rd_test,disp_full_48kHz,1035.4192,0.065142522
3rd_test,disp_full_48kHz,1035.7525,0.062734793
3rd_test,disp_full_48kHz,1036.0858,0.053303722
3rd_test,disp_full_48kHz,1036.4192,0.054987703
3rd_test,disp_full_48kHz,1036.7525,0.047805035
3rd_test,disp_full_48kHz,1037.0858,0.027081069
3rd_test,disp_full_48kHz,1037.4192,0.055670786
3rd_test,disp_full_48kHz,1037.7525,0.045815234
3rd_test,disp_full_48kHz,1038.0858,0.078981283
3rd_test,disp_full_48kHz,1038.4192,0.056285537
3rd_test,disp_full_48kHz,1038.7525,0.069466413
3rd_test,disp_full_48kHz,1039.0858,0.035448144
3rd_test,disp_full_48kHz,1039.4192,0.039412069
3rd_test,disp_full_48kHz,1039.7525,0.064693085
3rd_test,disp_full_48kHz,1040.0858,0.036338367
3rd_test,disp_full_48kHz,1040.4192,0.047830703
3rd_test,disp_full_48kHz,1040.7525,0.044190879
3rd_test,disp_full_48kHz,1041.0858,0.030575816
3rd_test,disp_full_48kHz,1041.4192,0.045854542
3rd_test,disp_full_48kHz,1041.7525,0.049007307
3rd_test,disp_full_48kHz,1042.0858,0.044828441
3rd_test,disp_full_48kHz,1042.4192,0.047808308
3rd_test,disp_full_48kHz,1042.7525,0.048835605
3rd_test,disp_full_48kHz,1043.0858,0.04238765
3rd_test,disp_full_48kHz,1043.4192,0.038281409
3rd_test,disp_full_48kHz,1043.7525,0.043191188
3rd_test,disp_full_48kHz,1044.0858,0.03458341
3rd_test,disp_full_48kHz,1044.4192,0.046534469
3rd_test,disp_full_48kHz,1044.7525,0.064764066
3rd_test,disp_full_48kHz,1045.0858,0.049632407
3rd_test,disp_full_48kHz,1045.4192,0.044393645
3rd_test,disp_full_48kHz,1045.7525,0.056858568
3rd_test,disp_full_48kHz,1046.0858,0.073175946
3rd_test,disp_full_48kHz,1046.4192,0.03030042
3rd_test,disp_full_48kHz,1046.7525,0.072038753
3rd_test,disp_full_48kHz,1047.0858,0.038901312
3rd_test,disp_full_48kHz,1047.4192,0.063357769
3rd_test,disp_full_48kHz,1047.7525,0.050363889
3rd_test,disp_full_48kHz,1048.0858,0.045097625
3rd_test,disp_full_48kHz,1048.4192,0.03513779
3rd_test,disp_full_48kHz,1048.7525,0.060440018
3rd_test,disp_full_48kHz,1049.0858,0.04186318
3rd_test,disp_full_48kHz,1049.4192,0.055496593
3rd_test,disp_full_48kHz,1049.7525,0.046865599
3rd_test,disp_full_48kHz,1050.0858,0.06776627
3rd_test,disp_full_48kHz,1050.4192,0.040932696
3rd_test,disp_full_48kHz,1050.7525,0.060324694
3rd_test,disp_full_48kHz,1051.0858,0.063011017
3rd_test,disp_full_48kHz,1051.4192,0.053656285
3rd_test,disp_full_48kHz,1051.7525,0.07669492
3rd_test,disp_full_48kHz,1052.0858,0.035201136
3rd_test,disp_full_48kHz,1052.4192,0.043753588
3rd_test,disp_full_48kHz,1052.7525,0.050589583
3rd_test,disp_full_48kHz,1053.0858,0.051096169
3rd_test,disp_full_48kHz,1053.4192,0.065439787
3rd_test,disp_full_48kHz,1053.7525,0.053495193
3rd_test,disp_full_48kHz,1054.0858,0.069642522
3rd_test,disp_full_48kHz,1054.4192,0.05124433
3rd_test,disp_full_48kHz,1054.7525,0.064867651
3rd_test,disp_full_48kHz,1055.0858,0.043676336
3rd_test,disp_full_48kHz,1055.4192,0.060602092
3rd_test,disp_full_48kHz,1055.7525,0.04737889
3rd_test,disp_full_48kHz,1056.0858,0.071003031
3rd_test,disp_full_48kHz,1056.4192,0.042288206
3rd_test,disp_full_48kHz,1056.7525,0.06846078
3rd_test,disp_full_48kHz,1057.0858,0.063565651
3rd_test,disp_full_48kHz,1057.4192,0.071104928
3rd_test,disp_full_48kHz,1057.7525,0.070221551
3rd_test,disp_full_48kHz,1058.0858,0.044887648
3rd_test,disp_full_48kHz,1058.4192,0.083779807
3rd_test,disp_full_48kHz,1058.7525,0.076327983
3rd_test,disp_full_48kHz,1059.0858,0.077070663
3rd_test,disp_full_48kHz,1059.4192,0.058971282
3rd_test,disp_full_48kHz,1059.7525,0.08134448
3rd_test,disp_full_48kHz,1060.0858,0.05642577
3rd_test,disp_full_48kHz,1060.4192,0.069387144
3rd_test,disp_full_48kHz,1060.7525,0.084270423
3rd_test,disp_full_48kHz,1061.0858,0.10009612
3rd_test,disp_full_48kHz,1061.4192,0.079842152
3rd_test,disp_full_48kHz,1061.7525,0.078174202
3rd_test,disp_full_48kHz,1062.0858,0.059710602
3rd_test,disp_full_48kHz,1062.4192,0.056615054
3rd_test,disp_full_48kHz,1062.7525,0.10438848
3rd_test,disp_full_48kHz,1063.0858,0.068353047
3rd_test,disp_full_48kHz,1063.4192,0.10223443
3rd_test,disp_full_48kHz,1063.7525,0.09346754
3rd_test,disp_full_48kHz,1064.0858,0.093666764
3rd_test,disp_full_48kHz,1064.4192,0.089885251
3rd_test,disp_full_48kHz,1064.7525,0.10825831
3rd_test,disp_full_48kHz,1065.0858,0.10951154
3rd_test,disp_full_48kHz,1065.4192,0.10934183
3rd_test,disp_full_48kHz,1065.7525,0.11262285
3rd_test,disp_full_48kHz,1066.0858,0.062929578
3rd_test,disp_full_48kHz,1066.4192,0.12328841
3rd_test,disp_full_48kHz,1066.7525,0.11496689
3rd_test,disp_full_48kHz,1067.0858,0.079369126
3rd_test,disp_full_48kHz,1067.4192,0.098571684
3rd_test,disp_full_48kHz,1067.7525,0.056907034
3rd_test,disp_full_48kHz,1068.0858,0.086117429
3rd_test,disp_full_48kHz,1068.4192,0.11267494
3rd_test,disp_full_48kHz,1068.7525,0.1162943
3rd_test,disp_full_48kHz,1069.0858,0.11228294
3rd_test,disp_full_48kHz,1069.4192,0.10029184
3rd_test,disp_full_48kHz,1069.7525,0.11578709
3rd_test,disp_full_48kHz,1070.0858,0.22401682
3rd_test,disp_full_48kHz,1070.4192,0.13753535
3rd_test,disp_full_48kHz,1070.7525,0.11940342
3rd_test,disp_full_48kHz,1071.0858,0.17228568
3rd_test,disp_full_48kHz,1071.4192,0.14215112
3rd_test,disp_full_48kHz,1071.7525,0.14162318
3rd_test,disp_full_48kHz,1072.0858,0.28475049
3rd_test,disp_full_48kHz,1072.4192,0.26577284
3rd_test,disp_full_48kHz,1072.7525,0.16904013
3rd_test,disp_full_48kHz,1073.0858,6.4774311
3rd_test,disp_240Hz_ideal,0.0,0.035639076
3rd_test,disp_240Hz_ideal,0.25,0.046792901
3rd_test,disp_240Hz_ideal,0.5833,0.038532286
3rd_test,disp_240Hz_ideal,0.9167,0.045438111
3rd_test,disp_240Hz_ideal,1.25,0.041492377
3rd_test,disp_240Hz_ideal,1.5833,0.038347122
3rd_test,disp_240Hz_ideal,1.9167,0.033100857
3rd_test,disp_240Hz_ideal,2.25,0.048057661
3rd_test,disp_240Hz_ideal,2.5833,0.033340788
3rd_test,disp_240Hz_ideal,2.9167,0.046250646
3rd_test,disp_240Hz_ideal,3.25,0.035466549
3rd_test,disp_240Hz_ideal,3.5833,0.044476407
3rd_test,disp_240Hz_ideal,3.9167,0.040508376
3rd_test,disp_240Hz_ideal,4.25,0.041053234
3rd_test,disp_240Hz_ideal,4.5833,0.049893339
3rd_test,disp_240Hz_ideal,4.9167,0.045953263
3rd_test,disp_240Hz_ideal,5.25,0.050417179
3rd_test,disp_240Hz_ideal,5.5833,0.052597665
3rd_test,disp_240Hz_ideal,5.9167,0.046467898
3rd_test,disp_240Hz_ideal,6.25,0.028740366
3rd_test,disp_240Hz_ideal,6.5833,0.043737849
3rd_test,disp_240Hz_ideal,6.9167,0.050087551
3rd_test,disp_240Hz_ideal,7.25,0.036260809
3rd_test,disp_240Hz_ideal,7.5833,0.038991026
3rd_test,disp_240Hz_ideal,7.9167,0.05262166
3rd_test,disp_240Hz_ideal,8.25,0.045444221
3rd_test,disp_240Hz_ideal,8.5833,0.055150854
3rd_test,disp_240Hz_ideal,8.9167,0.042646015
3rd_test,disp_240Hz_ideal,9.25,0.045767943
3rd_test,disp_240Hz_ideal,9.5833,0.034791761
3rd_test,disp_240Hz_ideal,9.9167,0.050570767
3rd_test,disp_240Hz_ideal,10.25,0.036728338
3rd_test,disp_240Hz_ideal,10.5833,0.055319245
3rd_test,disp_240Hz_ideal,10.9167,0.028911273
3rd_test,disp_240Hz_ideal,11.25,0.03661763
3rd_test,disp_240Hz_ideal,11.5833,0.033733954
3rd_test,disp_240Hz_ideal,11.9167,0.037424762
3rd_test,disp_240Hz_ideal,12.25,0.047741866
3rd_test,disp_240Hz_ideal,12.5833,0.037168374
3rd_test,disp_240Hz_ideal,12.9167,0.029781817
3rd_test,disp_240Hz_ideal,13.25,0.034360304
3rd_test,disp_240Hz_ideal,13.5833,0.029439587
3rd_test,disp_240Hz_ideal,13.9167,0.052041046
3rd_test,disp_240Hz_ideal,14.25,0.039249412
3rd_test,disp_240Hz_ideal,14.5833,0.037048767
3rd_test,disp_240Hz_ideal,14.9167,0.037100318
3rd_test,disp_240Hz_ideal,15.25,0.037933136
3rd_test,disp_240Hz_ideal,15.5833,0.038273176
3rd_test,disp_240Hz_ideal,15.9167,0.03822585
3rd_test,disp_240Hz_ideal,16.25,0.036622073
3rd_test,disp_240Hz_ideal,16.5833,0.031537967
3rd_test,disp_240Hz_ideal,16.9167,0.034554241
3rd_test,disp_240Hz_ideal,17.25,0.040678109
3rd_test,disp_240Hz_ideal,17.5833,0.035361862
3rd_test,disp_240Hz_ideal,17.9167,0.035696358
3rd_test,disp_240Hz_ideal,18.25,0.03089532
3rd_test,disp_240Hz_ideal,18.5833,0.043949645
3rd_test,disp_240Hz_ideal,18.9167,0.019239791
3rd_test,disp_240Hz_ideal,19.25,0.038105012
3rd_test,disp_240Hz_ideal,19.5833,0.02703525
3rd_test,disp_240Hz_ideal,19.9167,0.035137895
3rd_test,disp_240Hz_ideal,20.25,0.025768719
3rd_test,disp_240Hz_ideal,20.5833,0.048697886
3rd_test,disp_240Hz_ideal,20.9167,0.043073444
3rd_test,disp_240Hz_ideal,21.25,0.030416384
3rd_test,disp_240Hz_ideal,21.5833,0.042334039
3rd_test,disp_240Hz_ideal,21.9167,0.030957877
3rd_test,disp_240Hz_ideal,22.25,0.049196015
3rd_test,disp_240Hz_ideal,22.5833,0.052544292
3rd_test,disp_240Hz_ideal,22.9167,0.027259441
3rd_test,disp_240Hz_ideal,23.25,0.028891272
3rd_test,disp_240Hz_ideal,23.5833,0.049120062
3rd_test,disp_240Hz_ideal,23.9167,0.041917726
3rd_test,disp_240Hz_ideal,24.25,0.042652539
3rd_test,disp_240Hz_ideal,24.5833,0.031227722
3rd_test,disp_240Hz_ideal,24.9167,0.034579315
3rd_test,disp_240Hz_ideal,25.25,0.039617282
3rd_test,disp_240Hz_ideal,25.5833,0.028377281
3rd_test,disp_240Hz_ideal,25.9167,0.044512415
3rd_test,disp_240Hz_ideal,26.25,0.030780859
3rd_test,disp_240Hz_ideal,26.5833,0.045787996
3rd_test,disp_240Hz_ideal,26.9167,0.05803337
3rd_test,disp_240Hz_ideal,27.25,0.046701345
3rd_test,disp_240Hz_ideal,27.5833,0.032227411
3rd_test,disp_240Hz_ideal,27.9167,0.048632314
3rd_test,disp_240Hz_ideal,28.25,0.030650319
3rd_test,disp_240Hz_ideal,28.5833,0.03758893
3rd_test,disp_240Hz_ideal,28.9167,0.041784811
3rd_test,disp_240Hz_ideal,29.25,0.035158057
3rd_test,disp_240Hz_ideal,29.5833,0.023804433
3rd_test,disp_240Hz_ideal,29.9167,0.043350271
3rd_test,disp_240Hz_ideal,30.25,0.033427043
3rd_test,disp_240Hz_ideal,30.5833,0.044545893
3rd_test,disp_240Hz_ideal,30.9167,0.050850284
3rd_test,disp_240Hz_ideal,31.25,0.033870084
3rd_test,disp_240Hz_ideal,31.5833,0.039132472
3rd_test,disp_240Hz_ideal,31.9167,0.058576343
3rd_test,disp_240Hz_ideal,32.25,0.040581458
3rd_test,disp_240Hz_ideal,32.5833,0.035594594
3rd_test,disp_240Hz_ideal,32.9167,0.044706876
3rd_test,disp_240Hz_ideal,33.25,0.037376153
3rd_test,disp_240Hz_ideal,33.5833,0.026972647
3rd_test,disp_240Hz_ideal,33.9167,0.0477044
3rd_test,disp_240Hz_ideal,34.25,0.031165987
3rd_test,disp_240Hz_ideal,34.5833,0.031758206
3rd_test,disp_240Hz_ideal,34.9167,0.04443729
3rd_test,disp_240Hz_ideal,35.25,0.034895565
3rd_test,disp_240Hz_ideal,35.5833,0.03162107
3rd_test,disp_240Hz_ideal,35.9167,0.034669941
3rd_test,disp_240Hz_ideal,36.25,0.034433983
3rd_test,disp_240Hz_ideal,36.5833,0.042362031
3rd_test,disp_240Hz_ideal,36.9167,0.046846772
3rd_test,disp_240Hz_ideal,37.25,0.048188552
3rd_test,disp_240Hz_ideal,37.5833,0.049855458
3rd_test,disp_240Hz_ideal,37.9167,0.03110099
3rd_test,disp_240Hz_ideal,38.25,0.038045655
3rd_test,disp_240Hz_ideal,38.5833,0.039927359
3rd_test,disp_240Hz_ideal,38.9167,0.037473063
3rd_test,disp_240Hz_ideal,39.25,0.046522435
3rd_test,disp_240Hz_ideal,39.5833,0.03731671
3rd_test,disp_240Hz_ideal,39.9167,0.048110827
3rd_test,disp_240Hz_ideal,40.25,0.042198365
3rd_test,disp_240Hz_ideal,40.5833,0.035731261
3rd_test,disp_240Hz_ideal,40.9167,0.026982422
3rd_test,disp_240Hz_ideal,41.25,0.030327114
3rd_test,disp_240Hz_ideal,41.5833,0.030487123
3rd_test,disp_240Hz_ideal,41.9167,0.04376244
3rd_test,disp_240Hz_ideal,42.25,0.033824463
3rd_test,disp_240Hz_ideal,42.5833,0.038701721
3rd_test,disp_240Hz_ideal,42.9167,0.041006978
3rd_test,disp_240Hz_ideal,43.25,0.048477126
3rd_test,disp_240Hz_ideal,43.5833,0.043844384
3rd_test,disp_240Hz_ideal,43.9167,0.042569345
3rd_test,disp_240Hz_ideal,44.25,0.028086673
3rd_test,disp_240Hz_ideal,44.5833,0.03542599
3rd_test,disp_240Hz_ideal,44.9167,0.035684977
3rd_test,disp_240Hz_ideal,45.25,0.032264242
3rd_test,disp_240Hz_ideal,45.5833,0.045767176
3rd_test,disp_240Hz_ideal,45.9167,0.041385759
3rd_test,disp_240Hz_ideal,46.25,0.022003138
3rd_test,disp_240Hz_ideal,46.5833,0.056558032
3rd_test,disp_240Hz_ideal,46.9167,0.036139587
3rd_test,disp_240Hz_ideal,47.25,0.03535712
3rd_test,disp_240Hz_ideal,47.5833,0.054334235
3rd_test,disp_240Hz_ideal,47.9167,0.027719084
3rd_test,disp_240Hz_ideal,48.25,0.029652259
3rd_test,disp_240Hz_ideal,48.5833,0.047290623
3rd_test,disp_240Hz_ideal,48.9167,0.033604383
3rd_test,disp_240Hz_ideal,49.25,0.034051805
3rd_test,disp_240Hz_ideal,49.5833,0.030144744
3rd_test,disp_240Hz_ideal,49.9167,0.031664841
3rd_test,disp_240Hz_ideal,50.25,0.037683979
3rd_test,disp_240Hz_ideal,50.5833,0.022709129
3rd_test,disp_240Hz_ideal,50.9167,0.034390314
3rd_test,disp_240Hz_ideal,51.25,0.036060198
3rd_test,disp_240Hz_ideal,51.5833,0.031052675
3rd_test,disp_240Hz_ideal,51.9167,0.035742054
3rd_test,disp_240Hz_ideal,52.25,0.035774851
3rd_test,disp_240Hz_ideal,52.5833,0.032915886
3rd_test,disp_240Hz_ideal,52.9167,0.031299235
3rd_test,disp_240Hz_ideal,53.25,0.033132816
3rd_test,disp_240Hz_ideal,53.5833,0.021326249
3rd_test,disp_240Hz_ideal,53.9167,0.045414803
3rd_test,disp_240Hz_ideal,54.25,0.03438145
3rd_test,disp_240Hz_ideal,54.5833,0.041345129
3rd_test,disp_240Hz_ideal,54.9167,0.046505151
3rd_test,disp_240Hz_ideal,55.25,0.036589335
3rd_test,disp_240Hz_ideal,55.5833,0.042442534
3rd_test,disp_240Hz_ideal,55.9167,0.022640569
3rd_test,disp_240Hz_ideal,56.25,0.040231853
3rd_test,disp_240Hz_ideal,56.5833,0.036897028
3rd_test,disp_240Hz_ideal,56.9167,0.041330297
3rd_test,disp_240Hz_ideal,57.25,0.030147642
3rd_test,disp_240Hz_ideal,57.5833,0.038422529
3rd_test,disp_240Hz_ideal,57.9167,0.036758896
3rd_test,disp_240Hz_ideal,58.25,0.029143387
3rd_test,disp_240Hz_ideal,58.5833,0.027931464
3rd_test,disp_240Hz_ideal,58.9167,0.031178731
3rd_test,disp_240Hz_ideal,59.25,0.02593166
3rd_test,disp_240Hz_ideal,59.5833,0.035836537
3rd_test,disp_240Hz_ideal,59.9167,0.031567768
3rd_test,disp_240Hz_ideal,60.25,0.042679932
3rd_test,disp_240Hz_ideal,60.5833,0.043743661
3rd_test,disp_240Hz_ideal,60.9167,0.034826819
3rd_test,disp_240Hz_ideal,61.25,0.045196196
3rd_test,disp_240Hz_ideal,61.5833,0.038639887
3rd_test,disp_240Hz_ideal,61.9167,0.040215452
3rd_test,disp_240Hz_ideal,62.25,0.044546424
3rd_test,disp_240Hz_ideal,62.5833,0.041374066
3rd_test,disp_240Hz_ideal,62.9167,0.053713364
3rd_test,disp_240Hz_ideal,63.25,0.034817102
3rd_test,disp_240Hz_ideal,63.5833,0.031519935
3rd_test,disp_240Hz_ideal,63.9167,0.033677865
3rd_test,disp_240Hz_ideal,64.25,0.040190656
3rd_test,disp_240Hz_ideal,64.5833,0.037102884
3rd_test,disp_240Hz_ideal,64.9167,0.037786904
3rd_test,disp_240Hz_ideal,65.25,0.057471656
3rd_test,disp_240Hz_ideal,65.5833,0.04683911
3rd_test,disp_240Hz_ideal,65.9167,0.034001884
3rd_test,disp_240Hz_ideal,66.25,0.027987978
3rd_test,disp_240Hz_ideal,66.5833,0.028408836
3rd_test,disp_240Hz_ideal,66.9167,0.032345662
3rd_test,disp_240Hz_ideal,67.25,0.03121606
3rd_test,disp_240Hz_ideal,67.5833,0.035845131
3rd_test,disp_240Hz_ideal,67.9167,0.036482192
3rd_test,disp_240Hz_ideal,68.25,0.033270657
3rd_test,disp_240Hz_ideal,68.5833,0.025966194
3rd_test,disp_240Hz_ideal,68.9167,0.035374635
3rd_test,disp_240Hz_ideal,69.25,0.044145286
3rd_test,disp_240Hz_ideal,69.5833,0.063426923
3rd_test,disp_240Hz_ideal,69.9167,0.040065549
3rd_test,disp_240Hz_ideal,70.25,0.0469808
3rd_test,disp_240Hz_ideal,70.5833,0.037632625
3rd_test,disp_240Hz_ideal,70.9167,0.035721486
3rd_test,disp_240Hz_ideal,71.25,0.040661101
3rd_test,disp_240Hz_ideal,71.5833,0.035373903
3rd_test,disp_240Hz_ideal,71.9167,0.052320594
3rd_test,disp_240Hz_ideal,72.25,0.032443074
3rd_test,disp_240Hz_ideal,72.5833,0.025582867
3rd_test,disp_240Hz_ideal,72.9167,0.035652988
3rd_test,disp_240Hz_ideal,73.25,0.040973717
3rd_test,disp_240Hz_ideal,73.5833,0.040865601
3rd_test,disp_240Hz_ideal,73.9167,0.023403115
3rd_test,disp_240Hz_ideal,74.25,0.033630677
3rd_test,disp_240Hz_ideal,74.5833,0.039416123
3rd_test,disp_240Hz_ideal,74.9167,0.024162902
3rd_test,disp_240Hz_ideal,75.25,0.035117224
3rd_test,disp_240Hz_ideal,75.5833,0.04024311
3rd_test,disp_240Hz_ideal,75.9167,0.042484627
3rd_test,disp_240Hz_ideal,76.25,0.047036248
3rd_test,disp_240Hz_ideal,76.5833,0.035897057
3rd_test,disp_240Hz_ideal,76.9167,0.043460651
3rd_test,disp_240Hz_ideal,77.25,0.035273471
3rd_test,disp_240Hz_ideal,77.5833,0.035517178
3rd_test,disp_240Hz_ideal,77.9167,0.02788982
3rd_test,disp_240Hz_ideal,78.25,0.03821388
3rd_test,disp_240Hz_ideal,78.5833,0.052355764
3rd_test,disp_240Hz_ideal,78.9167,0.040638936
3rd_test,disp_240Hz_ideal,79.25,0.053246585
3rd_test,disp_240Hz_ideal,79.5833,0.049473114
3rd_test,disp_240Hz_ideal,79.9167,0.047823439
3rd_test,disp_240Hz_ideal,80.25,0.042352374
3rd_test,disp_240Hz_ideal,80.5833,0.024427098
3rd_test,disp_240Hz_ideal,80.9167,0.03548772
3rd_test,disp_240Hz_ideal,81.25,0.062811524
3rd_test,disp_240Hz_ideal,81.5833,0.03501015
3rd_test,disp_240Hz_ideal,81.9167,0.033367707
3rd_test,disp_240Hz_ideal,82.25,0.036260227
3rd_test,disp_240Hz_ideal,82.5833,0.026679078
3rd_test,disp_240Hz_ideal,82.9167,0.035165164
3rd_test,disp_240Hz_ideal,83.25,0.025072836
3rd_test,disp_240Hz_ideal,83.5833,0.037389157
3rd_test,disp_240Hz_ideal,83.9167,0.036899954
3rd_test,disp_240Hz_ideal,84.25,0.041234498
3rd_test,disp_240Hz_ideal,84.5833,0.035186443
3rd_test,disp_240Hz_ideal,84.9167,0.040467066
3rd_test,disp_240Hz_ideal,85.25,0.030204745
3rd_test,disp_240Hz_ideal,85.5833,0.02332333
3rd_test,disp_240Hz_ideal,85.9167,0.042663092
3rd_test,disp_240Hz_ideal,86.25,0.040186848
3rd_test,disp_240Hz_ideal,86.5833,0.037565051
3rd_test,disp_240Hz_ideal,86.9167,0.038600744
3rd_test,disp_240Hz_ideal,87.25,0.042226432
3rd_test,disp_240Hz_ideal,87.5833,0.036332946
3rd_test,disp_240Hz_ideal,87.9167,0.038394037
3rd_test,disp_240Hz_ideal,88.25,0.03581145
3rd_test,disp_240Hz_ideal,88.5833,0.033682855
3rd_test,disp_240Hz_ideal,88.9167,0.025029742
3rd_test,disp_240Hz_ideal,89.25,0.018725768
3rd_test,disp_240Hz_ideal,89.5833,0.039045557
3rd_test,disp_240Hz_ideal,89.9167,0.032504388
3rd_test,disp_240Hz_ideal,90.25,0.048945129
3rd_test,disp_240Hz_ideal,90.5833,0.032877
3rd_test,disp_240Hz_ideal,90.9167,0.037310132
3rd_test,disp_240Hz_ideal,91.25,0.050739344
3rd_test,disp_240Hz_ideal,91.5833,0.044470499
3rd_test,disp_240Hz_ideal,91.9167,0.032656716
3rd_test,disp_240Hz_ideal,92.25,0.04110843
3rd_test,disp_240Hz_ideal,92.5833,0.028661871
3rd_test,disp_240Hz_ideal,92.9167,0.042986895
3rd_test,disp_240Hz_ideal,93.25,0.032238529
3rd_test,disp_240Hz_ideal,93.5833,0.036117863
3rd_test,disp_240Hz_ideal,93.9167,0.025426624
3rd_test,disp_240Hz_ideal,94.25,0.036298944
3rd_test,disp_240Hz_ideal,94.5833,0.037546321
3rd_test,disp_240Hz_ideal,94.9167,0.043025755
3rd_test,disp_240Hz_ideal,95.25,0.053630163
3rd_test,disp_240Hz_ideal,95.5833,0.038353066
3rd_test,disp_240Hz_ideal,95.9167,0.045267754
3rd_test,disp_240Hz_ideal,96.25,0.042344419
3rd_test,disp_240Hz_ideal,96.5833,0.02499202
3rd_test,disp_240Hz_ideal,96.9167,0.033024564
3rd_test,disp_240Hz_ideal,97.25,0.050974972
3rd_test,disp_240Hz_ideal,97.5833,0.03034543
3rd_test,disp_240Hz_ideal,97.9167,0.038514861
3rd_test,disp_240Hz_ideal,98.25,0.040487163
3rd_test,disp_240Hz_ideal,98.5833,0.046484258
3rd_test,disp_240Hz_ideal,98.9167,0.031743843
3rd_test,disp_240Hz_ideal,99.25,0.04560459
3rd_test,disp_240Hz_ideal,99.5833,0.030511294
3rd_test,disp_240Hz_ideal,99.9167,0.037042502
3rd_test,disp_240Hz_ideal,100.25,0.034051053
3rd_test,disp_240Hz_ideal,100.5833,0.039099423
3rd_test,disp_240Hz_ideal,100.9167,0.044035514
3rd_test,disp_240Hz_ideal,101.25,0.031253581
3rd_test,disp_240Hz_ideal,101.5833,0.043797545
3rd_test,disp_240Hz_ideal,101.9167,0.049904966
3rd_test,disp_240Hz_ideal,102.25,0.043113797
3rd_test,disp_240Hz_ideal,102.5833,0.052239321
3rd_test,disp_240Hz_ideal,102.9167,0.031741451
3rd_test,disp_240Hz_ideal,103.25,0.044139783
3rd_test,disp_240Hz_ideal,103.5833,0.041075711
3rd_test,disp_240Hz_ideal,103.9167,0.035240597
3rd_test,disp_240Hz_ideal,104.25,0.038476055
3rd_test,disp_240Hz_ideal,104.5833,0.039837683
3rd_test,disp_240Hz_ideal,104.9167,0.035921783
3rd_test,disp_240Hz_ideal,105.25,0.044412136
3rd_test,disp_240Hz_ideal,105.5833,0.032745013
3rd_test,disp_240Hz_ideal,105.9167,0.049778971
3rd_test,disp_240Hz_ideal,106.25,0.039703408
3rd_test,disp_240Hz_ideal,106.5833,0.03221039
3rd_test,disp_240Hz_ideal,106.9167,0.028663536
3rd_test,disp_240Hz_ideal,107.25,0.025414044
3rd_test,disp_240Hz_ideal,107.5833,0.036408534
3rd_test,disp_240Hz_ideal,107.9167,0.037008416
3rd_test,disp_240Hz_ideal,108.25,0.0429438
3rd_test,disp_240Hz_ideal,108.5833,0.035073901
3rd_test,disp_240Hz_ideal,108.9167,0.035196005
3rd_test,disp_240Hz_ideal,109.25,0.040479027
3rd_test,disp_240Hz_ideal,109.5833,0.040901933
3rd_test,disp_240Hz_ideal,109.9167,0.036429278
3rd_test,disp_240Hz_ideal,110.25,0.0374416
3rd_test,disp_240Hz_ideal,110.5833,0.047495104
3rd_test,disp_240Hz_ideal,110.9167,0.044217194
3rd_test,disp_240Hz_ideal,111.25,0.057624432
3rd_test,disp_240Hz_ideal,111.5833,0.027365037
3rd_test,disp_240Hz_ideal,111.9167,0.028741402
3rd_test,disp_240Hz_ideal,112.25,0.0350917
3rd_test,disp_240Hz_ideal,112.5833,0.034595421
3rd_test,disp_240Hz_ideal,112.9167,0.048609373
3rd_test,disp_240Hz_ideal,113.25,0.043491165
3rd_test,disp_240Hz_ideal,113.5833,0.041962214
3rd_test,disp_240Hz_ideal,113.9167,0.037466674
3rd_test,disp_240Hz_ideal,114.25,0.054043002
3rd_test,disp_240Hz_ideal,114.5833,0.028764869
3rd_test,disp_240Hz_ideal,114.9167,0.03289635
3rd_test,disp_240Hz_ideal,115.25,0.046326994
3rd_test,disp_240Hz_ideal,115.5833,0.027901497
3rd_test,disp_240Hz_ideal,115.9167,0.045039542
3rd_test,disp_240Hz_ideal,116.25,0.045973201
3rd_test,disp_240Hz_ideal,116.5833,0.031480934
3rd_test,disp_240Hz_ideal,116.9167,0.045007132
3rd_test,disp_240Hz_ideal,117.25,0.054661166
3rd_test,disp_240Hz_ideal,117.5833,0.039750464
3rd_test,disp_240Hz_ideal,117.9167,0.037373728
3rd_test,disp_240Hz_ideal,118.25,0.035332469
3rd_test,disp_240Hz_ideal,118.5833,0.045798026
3rd_test,disp_240Hz_ideal,118.9167,0.033733821
3rd_test,disp_240Hz_ideal,119.25,0.030984908
3rd_test,disp_240Hz_ideal,119.5833,0.033592923
3rd_test,disp_240Hz_ideal,119.9167,0.03827626
3rd_test,disp_240Hz_ideal,120.25,0.035270358
3rd_test,disp_240Hz_ideal,120.5833,0.036122382
3rd_test,disp_240Hz_ideal,120.9167,0.040705851
3rd_test,disp_240Hz_ideal,121.25,0.027077094
3rd_test,disp_240Hz_ideal,121.5833,0.031987422
3rd_test,disp_240Hz_ideal,121.9167,0.027500676
3rd_test,disp_240Hz_ideal,122.25,0.035212837
3rd_test,disp_240Hz_ideal,122.5833,0.04022764
3rd_test,disp_240Hz_ideal,122.9167,0.045118548
3rd_test,disp_240Hz_ideal,123.25,0.033672205
3rd_test,disp_240Hz_ideal,123.5833,0.031381503
3rd_test,disp_240Hz_ideal,123.9167,0.025311217
3rd_test,disp_240Hz_ideal,124.25,0.048224617
3rd_test,disp_240Hz_ideal,124.5833,0.033555851
3rd_test,disp_240Hz_ideal,124.9167,0.044491868
3rd_test,disp_240Hz_ideal,125.25,0.033309839
3rd_test,disp_240Hz_ideal,125.5833,0.033218814
3rd_test,disp_240Hz_ideal,125.9167,0.052253551
3rd_test,disp_240Hz_ideal,126.25,0.035928467
3rd_test,disp_240Hz_ideal,126.5833,0.024579865
3rd_test,disp_240Hz_ideal,126.9167,0.034365536
3rd_test,disp_240Hz_ideal,127.25,0.031482778
3rd_test,disp_240Hz_ideal,127.5833,0.034033505
3rd_test,disp_240Hz_ideal,127.9167,0.029776722
3rd_test,disp_240Hz_ideal,128.25,0.05193833
3rd_test,disp_240Hz_ideal,128.5833,0.038643602
3rd_test,disp_240Hz_ideal,128.9167,0.03441026
3rd_test,disp_240Hz_ideal,129.25,0.03470153
3rd_test,disp_240Hz_ideal,129.5833,0.03346521
3rd_test,disp_240Hz_ideal,129.9167,0.053279549
3rd_test,disp_240Hz_ideal,130.25,0.03847034
3rd_test,disp_240Hz_ideal,130.5833,0.03971743
3rd_test,disp_240Hz_ideal,130.9167,0.027940935
3rd_test,disp_240Hz_ideal,131.25,0.02710571
3rd_test,disp_240Hz_ideal,131.5833,0.029272003
3rd_test,disp_240Hz_ideal,131.9167,0.029431696
3rd_test,disp_240Hz_ideal,132.25,0.052447055
3rd_test,disp_240Hz_ideal,132.5833,0.035576498
3rd_test,disp_240Hz_ideal,132.9167,0.027964274
3rd_test,disp_240Hz_ideal,133.25,0.035727783
3rd_test,disp_240Hz_ideal,133.5833,0.047207019
3rd_test,disp_240Hz_ideal,133.9167,0.037305726
3rd_test,disp_240Hz_ideal,134.25,0.049633523
3rd_test,disp_240Hz_ideal,134.5833,0.040183549
3rd_test,disp_240Hz_ideal,134.9167,0.029858817
3rd_test,disp_240Hz_ideal,135.25,0.026379097
3rd_test,disp_240Hz_ideal,135.5833,0.028564654
3rd_test,disp_240Hz_ideal,135.9167,0.048415212
3rd_test,disp_240Hz_ideal,136.25,0.048501133
3rd_test,disp_240Hz_ideal,136.5833,0.036355424
3rd_test,disp_240Hz_ideal,136.9167,0.04856303
3rd_test,disp_240Hz_ideal,137.25,0.064768238
3rd_test,disp_240Hz_ideal,137.5833,0.046316554
3rd_test,disp_240Hz_ideal,137.9167,0.043884952
3rd_test,disp_240Hz_ideal,138.25,0.034451808
3rd_test,disp_240Hz_ideal,138.5833,0.02643286
3rd_test,disp_240Hz_ideal,138.9167,0.031604803
3rd_test,disp_240Hz_ideal,139.25,0.050041536
3rd_test,disp_240Hz_ideal,139.5833,0.037742167
3rd_test,disp_240Hz_ideal,139.9167,0.03614522
3rd_test,disp_240Hz_ideal,140.25,0.033007844
3rd_test,disp_240Hz_ideal,140.5833,0.042705842
3rd_test,disp_240Hz_ideal,140.9167,0.024573744
3rd_test,disp_240Hz_ideal,141.25,0.047658093
3rd_test,disp_240Hz_ideal,141.5833,0.039124778
3rd_test,disp_240Hz_ideal,141.9167,0.043485189
3rd_test,disp_240Hz_ideal,142.25,0.029817353
3rd_test,disp_240Hz_ideal,142.5833,0.050619589
3rd_test,disp_240Hz_ideal,142.9167,0.034311782
3rd_test,disp_240Hz_ideal,143.25,0.027379433
3rd_test,disp_240Hz_ideal,143.5833,0.04684426
3rd_test,disp_240Hz_ideal,143.9167,0.038580503
3rd_test,disp_240Hz_ideal,144.25,0.037855436
3rd_test,disp_240Hz_ideal,144.5833,0.033947578
3rd_test,disp_240Hz_ideal,144.9167,0.027567053
3rd_test,disp_240Hz_ideal,145.25,0.045695624
3rd_test,disp_240Hz_ideal,145.5833,0.038249425
3rd_test,disp_240Hz_ideal,145.9167,0.040241004
3rd_test,disp_240Hz_ideal,146.25,0.044206199
3rd_test,disp_240Hz_ideal,146.5833,0.04301791
3rd_test,disp_240Hz_ideal,146.9167,0.050833083
3rd_test,disp_240Hz_ideal,147.25,0.043025778
3rd_test,disp_240Hz_ideal,147.5833,0.025277482
3rd_test,disp_240Hz_ideal,147.9167,0.053133228
3rd_test,disp_240Hz_ideal,148.25,0.048347914
3rd_test,disp_240Hz_ideal,148.5833,0.034431706
3rd_test,disp_240Hz_ideal,148.9167,0.046885949
3rd_test,disp_240Hz_ideal,149.25,0.038941154
3rd_test,disp_240Hz_ideal,149.5833,0.030829313
3rd_test,disp_240Hz_ideal,149.9167,0.045808882
3rd_test,disp_240Hz_ideal,150.25,0.046642071
3rd_test,disp_240Hz_ideal,150.5833,0.036746487
3rd_test,disp_240Hz_ideal,150.9167,0.03144901
3rd_test,disp_240Hz_ideal,151.25,0.047667114
3rd_test,disp_240Hz_ideal,151.5833,0.033053293
3rd_test,disp_240Hz_ideal,151.9167,0.050233045
3rd_test,disp_240Hz_ideal,152.25,0.037621822
3rd_test,disp_240Hz_ideal,152.5833,0.032025071
3rd_test,disp_240Hz_ideal,152.9167,0.036777362
3rd_test,disp_240Hz_ideal,153.25,0.030099235
3rd_test,disp_240Hz_ideal,153.5833,0.0427485
3rd_test,disp_240Hz_ideal,153.9167,0.02519509
3rd_test,disp_240Hz_ideal,154.25,0.02855791
3rd_test,disp_240Hz_ideal,154.5833,0.022223053
3rd_test,disp_240Hz_ideal,154.9167,0.031019541
3rd_test,disp_240Hz_ideal,155.25,0.039420769
3rd_test,disp_240Hz_ideal,155.5833,0.048338552
3rd_test,disp_240Hz_ideal,155.9167,0.053346445
3rd_test,disp_240Hz_ideal,156.25,0.039216467
3rd_test,disp_240Hz_ideal,156.5833,0.065057282
3rd_test,disp_240Hz_ideal,156.9167,0.037523068
3rd_test,disp_240Hz_ideal,157.25,0.030440044
3rd_test,disp_240Hz_ideal,157.5833,0.037458868
3rd_test,disp_240Hz_ideal,157.9167,0.038903595
3rd_test,disp_240Hz_ideal,158.25,0.02189915
3rd_test,disp_240Hz_ideal,158.5833,0.034298114
3rd_test,disp_240Hz_ideal,158.9167,0.042241095
3rd_test,disp_240Hz_ideal,159.25,0.046494928
3rd_test,disp_240Hz_ideal,159.5833,0.036760335
3rd_test,disp_240Hz_ideal,159.9167,0.0291688
3rd_test,disp_240Hz_ideal,160.25,0.030123661
3rd_test,disp_240Hz_ideal,160.5833,0.043930259
3rd_test,disp_240Hz_ideal,160.9167,0.047696771
3rd_test,disp_240Hz_ideal,161.25,0.037254591
3rd_test,disp_240Hz_ideal,161.5833,0.02520276
3rd_test,disp_240Hz_ideal,161.9167,0.025588209
3rd_test,disp_240Hz_ideal,162.25,0.057229744
3rd_test,disp_240Hz_ideal,162.5833,0.036640907
3rd_test,disp_240Hz_ideal,162.9167,0.030659764
3rd_test,disp_240Hz_ideal,163.25,0.030066901
3rd_test,disp_240Hz_ideal,163.5833,0.024077868
3rd_test,disp_240Hz_ideal,163.9167,0.025926621
3rd_test,disp_240Hz_ideal,164.25,0.029919087
3rd_test,disp_240Hz_ideal,164.5833,0.038308826
3rd_test,disp_240Hz_ideal,164.9167,0.02207873
3rd_test,disp_240Hz_ideal,165.25,0.039897902
3rd_test,disp_240Hz_ideal,165.5833,0.032899907
3rd_test,disp_240Hz_ideal,165.9167,0.030512645
3rd_test,disp_240Hz_ideal,166.25,0.040532188
3rd_test,disp_240Hz_ideal,166.5833,0.029088547
3rd_test,disp_240Hz_ideal,166.9167,0.038362647
3rd_test,disp_240Hz_ideal,167.25,0.043991883
3rd_test,disp_240Hz_ideal,167.5833,0.053408369
3rd_test,disp_240Hz_ideal,167.9167,0.02591418
3rd_test,disp_240Hz_ideal,168.25,0.051587044
3rd_test,disp_240Hz_ideal,168.5833,0.039267321
3rd_test,disp_240Hz_ideal,168.9167,0.026905643
3rd_test,disp_240Hz_ideal,169.25,0.033381443
3rd_test,disp_240Hz_ideal,169.5833,0.062313801
3rd_test,disp_240Hz_ideal,169.9167,0.041944723
3rd_test,disp_240Hz_ideal,170.25,0.044197733
3rd_test,disp_240Hz_ideal,170.5833,0.042622286
3rd_test,disp_240Hz_ideal,170.9167,0.030585525
3rd_test,disp_240Hz_ideal,171.25,0.037453159
3rd_test,disp_240Hz_ideal,171.5833,0.043696006
3rd_test,disp_240Hz_ideal,171.9167,0.043089935
3rd_test,disp_240Hz_ideal,172.25,0.060124747
3rd_test,disp_240Hz_ideal,172.5833,0.042679034
3rd_test,disp_240Hz_ideal,172.9167,0.047362344
3rd_test,disp_240Hz_ideal,173.25,0.033473024
3rd_test,disp_240Hz_ideal,173.5833,0.037998312
3rd_test,disp_240Hz_ideal,173.9167,0.038673717
3rd_test,disp_240Hz_ideal,174.25,0.033636823
3rd_test,disp_240Hz_ideal,174.5833,0.045279018
3rd_test,disp_240Hz_ideal,174.9167,0.0424986
3rd_test,disp_240Hz_ideal,175.25,0.032629082
3rd_test,disp_240Hz_ideal,175.5833,0.042189925
3rd_test,disp_240Hz_ideal,175.9167,0.032232176
3rd_test,disp_240Hz_ideal,176.25,0.029226156
3rd_test,disp_240Hz_ideal,176.5833,0.042754865
3rd_test,disp_240Hz_ideal,176.9167,0.039713735
3rd_test,disp_240Hz_ideal,177.25,0.049909218
3rd_test,disp_240Hz_ideal,177.5833,0.03155461
3rd_test,disp_240Hz_ideal,177.9167,0.052433435
3rd_test,disp_240Hz_ideal,178.25,0.026997297
3rd_test,disp_240Hz_ideal,178.5833,0.035920459
3rd_test,disp_240Hz_ideal,178.9167,0.039059186
3rd_test,disp_240Hz_ideal,179.25,0.032784244
3rd_test,disp_240Hz_ideal,179.5833,0.035722269
3rd_test,disp_240Hz_ideal,179.9167,0.034194307
3rd_test,disp_240Hz_ideal,180.25,0.032435819
3rd_test,disp_240Hz_ideal,180.5833,0.035997914
3rd_test,disp_240Hz_ideal,180.9167,0.024428167
3rd_test,disp_240Hz_ideal,181.25,0.044969616
3rd_test,disp_240Hz_ideal,181.5833,0.028598808
3rd_test,disp_240Hz_ideal,181.9167,0.049087116
3rd_test,disp_240Hz_ideal,182.25,0.042803744
3rd_test,disp_240Hz_ideal,182.5833,0.048801225
3rd_test,disp_240Hz_ideal,182.9167,0.022527094
3rd_test,disp_240Hz_ideal,183.25,0.047236589
3rd_test,disp_240Hz_ideal,183.5833,0.027998584
3rd_test,disp_240Hz_ideal,183.9167,0.063379838
3rd_test,disp_240Hz_ideal,184.25,0.037041156
3rd_test,disp_240Hz_ideal,184.5833,0.031246663
3rd_test,disp_240Hz_ideal,184.9167,0.031429645
3rd_test,disp_240Hz_ideal,185.25,0.044107667
3rd_test,disp_240Hz_ideal,185.5833,0.061665691
3rd_test,disp_240Hz_ideal,185.9167,0.040303245
3rd_test,disp_240Hz_ideal,186.25,0.037261883
3rd_test,disp_240Hz_ideal,186.5833,0.034955764
3rd_test,disp_240Hz_ideal,186.9167,0.037346255
3rd_test,disp_240Hz_ideal,187.25,0.04135683
3rd_test,disp_240Hz_ideal,187.5833,0.042805583
3rd_test,disp_240Hz_ideal,187.9167,0.040804247
3rd_test,disp_240Hz_ideal,188.25,0.036801419
3rd_test,disp_240Hz_ideal,188.5833,0.036375531
3rd_test,disp_240Hz_ideal,188.9167,0.044892694
3rd_test,disp_240Hz_ideal,189.25,0.04113013
3rd_test,disp_240Hz_ideal,189.5833,0.044541407
3rd_test,disp_240Hz_ideal,189.9167,0.040670473
3rd_test,disp_240Hz_ideal,190.25,0.047205548
3rd_test,disp_240Hz_ideal,190.5833,0.044665577
3rd_test,disp_240Hz_ideal,190.9167,0.033769075
3rd_test,disp_240Hz_ideal,191.25,0.032898915
3rd_test,disp_240Hz_ideal,191.5833,0.030013668
3rd_test,disp_240Hz_ideal,191.9167,0.034640616
3rd_test,disp_240Hz_ideal,192.25,0.039704509
3rd_test,disp_240Hz_ideal,192.5833,0.045254454
3rd_test,disp_240Hz_ideal,192.9167,0.034573746
3rd_test,disp_240Hz_ideal,193.25,0.036822019
3rd_test,disp_240Hz_ideal,193.5833,0.045317166
3rd_test,disp_240Hz_ideal,193.9167,0.022408002
3rd_test,disp_240Hz_ideal,194.25,0.042530695
3rd_test,disp_240Hz_ideal,194.5833,0.029437382
3rd_test,disp_240Hz_ideal,194.9167,0.037445642
3rd_test,disp_240Hz_ideal,195.25,0.026771327
3rd_test,disp_240Hz_ideal,195.5833,0.035386969
3rd_test,disp_240Hz_ideal,195.9167,0.037974569
3rd_test,disp_240Hz_ideal,196.25,0.045775902
3rd_test,disp_240Hz_ideal,196.5833,0.041985421
3rd_test,disp_240Hz_ideal,196.9167,0.029457424
3rd_test,disp_240Hz_ideal,197.25,0.037285333
3rd_test,disp_240Hz_ideal,197.5833,0.039449687
3rd_test,disp_240Hz_ideal,197.9167,0.040609705
3rd_test,disp_240Hz_ideal,198.25,0.059742783
3rd_test,disp_240Hz_ideal,198.5833,0.032974114
3rd_test,disp_240Hz_ideal,198.9167,0.036512071
3rd_test,disp_240Hz_ideal,199.25,0.040497796
3rd_test,disp_240Hz_ideal,199.5833,0.031399059
3rd_test,disp_240Hz_ideal,199.9167,0.034048119
3rd_test,disp_240Hz_ideal,200.25,0.057417809
3rd_test,disp_240Hz_ideal,200.5833,0.044125667
3rd_test,disp_240Hz_ideal,200.9167,0.043969483
3rd_test,disp_240Hz_ideal,201.25,0.046348414
3rd_test,disp_240Hz_ideal,201.5833,0.037367929
3rd_test,disp_240Hz_ideal,201.9167,0.042328694
3rd_test,disp_240Hz_ideal,202.25,0.047293634
3rd_test,disp_240Hz_ideal,202.5833,0.033550383
3rd_test,disp_240Hz_ideal,202.9167,0.048204601
3rd_test,disp_240Hz_ideal,203.25,0.039138059
3rd_test,disp_240Hz_ideal,203.5833,0.030721712
3rd_test,disp_240Hz_ideal,203.9167,0.033813785
3rd_test,disp_240Hz_ideal,204.25,0.051682947
3rd_test,disp_240Hz_ideal,204.5833,0.036148322
3rd_test,disp_240Hz_ideal,204.9167,0.048244474
3rd_test,disp_240Hz_ideal,205.25,0.036241943
3rd_test,disp_240Hz_ideal,205.5833,0.037822537
3rd_test,disp_240Hz_ideal,205.9167,0.044992316
3rd_test,disp_240Hz_ideal,206.25,0.031694174
3rd_test,disp_240Hz_ideal,206.5833,0.037235243
3rd_test,disp_240Hz_ideal,206.9167,0.035214868
3rd_test,disp_240Hz_ideal,207.25,0.026010538
3rd_test,disp_240Hz_ideal,207.5833,0.03691266
3rd_test,disp_240Hz_ideal,207.9167,0.050765908
3rd_test,disp_240Hz_ideal,208.25,0.049905044
3rd_test,disp_240Hz_ideal,208.5833,0.028903012
3rd_test,disp_240Hz_ideal,208.9167,0.047349988
3rd_test,disp_240Hz_ideal,209.25,0.041656722
3rd_test,disp_240Hz_ideal,209.5833,0.020753466
3rd_test,disp_240Hz_ideal,209.9167,0.039766594
3rd_test,disp_240Hz_ideal,210.25,0.039243417
3rd_test,disp_240Hz_ideal,210.5833,0.030758932
3rd_test,disp_240Hz_ideal,210.9167,0.035191613
3rd_test,disp_240Hz_ideal,211.25,0.042398273
3rd_test,disp_240Hz_ideal,211.5833,0.030968601
3rd_test,disp_240Hz_ideal,211.9167,0.044366681
3rd_test,disp_240Hz_ideal,212.25,0.043004172
3rd_test,disp_240Hz_ideal,212.5833,0.029192016
3rd_test,disp_240Hz_ideal,212.9167,0.032255319
3rd_test,disp_240Hz_ideal,213.25,0.055169736
3rd_test,disp_240Hz_ideal,213.5833,0.026715313
3rd_test,disp_240Hz_ideal,213.9167,0.039357559
3rd_test,disp_240Hz_ideal,214.25,0.04433414
3rd_test,disp_240Hz_ideal,214.5833,0.052406701
3rd_test,disp_240Hz_ideal,214.9167,0.038105079
3rd_test,disp_240Hz_ideal,215.25,0.045344577
3rd_test,disp_240Hz_ideal,215.5833,0.030039925
3rd_test,disp_240Hz_ideal,215.9167,0.037347914
3rd_test,disp_240Hz_ideal,216.25,0.028653401
3rd_test,disp_240Hz_ideal,216.5833,0.030394941
3rd_test,disp_240Hz_ideal,216.9167,0.042796497
3rd_test,disp_240Hz_ideal,217.25,0.049873766
3rd_test,disp_240Hz_ideal,217.5833,0.037693479
3rd_test,disp_240Hz_ideal,217.9167,0.028920316
3rd_test,disp_240Hz_ideal,218.25,0.031033183
3rd_test,disp_240Hz_ideal,218.5833,0.052433371
3rd_test,disp_240Hz_ideal,218.9167,0.039891939
3rd_test,disp_240Hz_ideal,219.25,0.041495528
3rd_test,disp_240Hz_ideal,219.5833,0.031379482
3rd_test,disp_240Hz_ideal,219.9167,0.030029774
3rd_test,disp_240Hz_ideal,220.25,0.029402451
3rd_test,disp_240Hz_ideal,220.5833,0.031220752
3rd_test,disp_240Hz_ideal,220.9167,0.036160767
3rd_test,disp_240Hz_ideal,221.25,0.033809564
3rd_test,disp_240Hz_ideal,221.5833,0.048999454
3rd_test,disp_240Hz_ideal,221.9167,0.036508777
3rd_test,disp_240Hz_ideal,222.25,0.067540205
3rd_test,disp_240Hz_ideal,222.5833,0.046188485
3rd_test,disp_240Hz_ideal,222.9167,0.039101478
3rd_test,disp_240Hz_ideal,223.25,0.048789823
3rd_test,disp_240Hz_ideal,223.5833,0.043143369
3rd_test,disp_240Hz_ideal,223.9167,0.041807837
3rd_test,disp_240Hz_ideal,224.25,0.03222317
3rd_test,disp_240Hz_ideal,224.5833,0.039467078
3rd_test,disp_240Hz_ideal,224.9167,0.033464157
3rd_test,disp_240Hz_ideal,225.25,0.02286529
3rd_test,disp_240Hz_ideal,225.5833,0.027992209
3rd_test,disp_240Hz_ideal,225.9167,0.053887357
3rd_test,disp_240Hz_ideal,226.25,0.045468523
3rd_test,disp_240Hz_ideal,226.5833,0.029615835
3rd_test,disp_240Hz_ideal,226.9167,0.038556515
3rd_test,disp_240Hz_ideal,227.25,0.035923854
3rd_test,disp_240Hz_ideal,227.5833,0.044683366
3rd_test,disp_240Hz_ideal,227.9167,0.036295817
3rd_test,disp_240Hz_ideal,228.25,0.038831945
3rd_test,disp_240Hz_ideal,228.5833,0.041170852
3rd_test,disp_240Hz_ideal,228.9167,0.030124181
3rd_test,disp_240Hz_ideal,229.25,0.039039508
3rd_test,disp_240Hz_ideal,229.5833,0.031234807
3rd_test,disp_240Hz_ideal,229.9167,0.02918601
3rd_test,disp_240Hz_ideal,230.25,0.042428248
3rd_test,disp_240Hz_ideal,230.5833,0.036122173
3rd_test,disp_240Hz_ideal,230.9167,0.036820977
3rd_test,disp_240Hz_ideal,231.25,0.038459466
3rd_test,disp_240Hz_ideal,231.5833,0.038794219
3rd_test,disp_240Hz_ideal,231.9167,0.043264778
3rd_test,disp_240Hz_ideal,232.25,0.036744532
3rd_test,disp_240Hz_ideal,232.5833,0.040040162
3rd_test,disp_240Hz_ideal,232.9167,0.03467685
3rd_test,disp_240Hz_ideal,233.25,0.038913328
3rd_test,disp_240Hz_ideal,233.5833,0.042687405
3rd_test,disp_240Hz_ideal,233.9167,0.040852768
3rd_test,disp_240Hz_ideal,234.25,0.041540763
3rd_test,disp_240Hz_ideal,234.5833,0.034132574
3rd_test,disp_240Hz_ideal,234.9167,0.035243267
3rd_test,disp_240Hz_ideal,235.25,0.035875278
3rd_test,disp_240Hz_ideal,235.5833,0.032141699
3rd_test,disp_240Hz_ideal,235.9167,0.028976631
3rd_test,disp_240Hz_ideal,236.25,0.037053043
3rd_test,disp_240Hz_ideal,236.5833,0.035015858
3rd_test,disp_240Hz_ideal,236.9167,0.027740445
3rd_test,disp_240Hz_ideal,237.25,0.040450689
3rd_test,disp_240Hz_ideal,237.5833,0.037130504
3rd_test,disp_240Hz_ideal,237.9167,0.048396784
3rd_test,disp_240Hz_ideal,238.25,0.036196208
3rd_test,disp_240Hz_ideal,238.5833,0.026921973
3rd_test,disp_240Hz_ideal,238.9167,0.034665873
3rd_test,disp_240Hz_ideal,239.25,0.034032835
3rd_test,disp_240Hz_ideal,239.5833,0.04319701
3rd_test,disp_240Hz_ideal,239.9167,0.041073659
3rd_test,disp_240Hz_ideal,240.25,0.036088168
3rd_test,disp_240Hz_ideal,240.5833,0.033268913
3rd_test,disp_240Hz_ideal,240.9167,0.063114593
3rd_test,disp_240Hz_ideal,241.25,0.036854508
3rd_test,disp_240Hz_ideal,241.5833,0.031946635
3rd_test,disp_240Hz_ideal,241.9167,0.039526646
3rd_test,disp_240Hz_ideal,242.25,0.04273579
3rd_test,disp_240Hz_ideal,242.5833,0.043718509
3rd_test,disp_240Hz_ideal,242.9167,0.047829358
3rd_test,disp_240Hz_ideal,243.25,0.041314681
3rd_test,disp_240Hz_ideal,243.5833,0.066188113
3rd_test,disp_240Hz_ideal,243.9167,0.031256767
3rd_test,disp_240Hz_ideal,244.25,0.031571362
3rd_test,disp_240Hz_ideal,244.5833,0.033015963
3rd_test,disp_240Hz_ideal,244.9167,0.045862192
3rd_test,disp_240Hz_ideal,245.25,0.03779846
3rd_test,disp_240Hz_ideal,245.5833,0.036550068
3rd_test,disp_240Hz_ideal,245.9167,0.035422582
3rd_test,disp_240Hz_ideal,246.25,0.032111898
3rd_test,disp_240Hz_ideal,246.5833,0.033543322
3rd_test,disp_240Hz_ideal,246.9167,0.042545192
3rd_test,disp_240Hz_ideal,247.25,0.050726925
3rd_test,disp_240Hz_ideal,247.5833,0.051939271
3rd_test,disp_240Hz_ideal,247.9167,0.02990298
3rd_test,disp_240Hz_ideal,248.25,0.050232192
3rd_test,disp_240Hz_ideal,248.5833,0.022905349
3rd_test,disp_240Hz_ideal,248.9167,0.042844032
3rd_test,disp_240Hz_ideal,249.25,0.033054314
3rd_test,disp_240Hz_ideal,249.5833,0.044636719
3rd_test,disp_240Hz_ideal,249.9167,0.044718641
3rd_test,disp_240Hz_ideal,250.25,0.06141473
3rd_test,disp_240Hz_ideal,250.5833,0.030101961
3rd_test,disp_240Hz_ideal,250.9167,0.065673288
3rd_test,disp_240Hz_ideal,251.25,0.036141979
3rd_test,disp_240Hz_ideal,251.5833,0.044062462
3rd_test,disp_240Hz_ideal,251.9167,0.040427019
3rd_test,disp_240Hz_ideal,252.25,0.047813721
3rd_test,disp_240Hz_ideal,252.5833,0.064022209
3rd_test,disp_240Hz_ideal,252.9167,0.046428331
3rd_test,disp_240Hz_ideal,253.25,0.046725133
3rd_test,disp_240Hz_ideal,253.5833,0.03787561
3rd_test,disp_240Hz_ideal,253.9167,0.048879426
3rd_test,disp_240Hz_ideal,254.25,0.047177011
3rd_test,disp_240Hz_ideal,254.5833,0.032616649
3rd_test,disp_240Hz_ideal,254.9167,0.041552658
3rd_test,disp_240Hz_ideal,255.25,0.049769679
3rd_test,disp_240Hz_ideal,255.5833,0.039970551
3rd_test,disp_240Hz_ideal,255.9167,0.036347959
3rd_test,disp_240Hz_ideal,256.25,0.03242975
3rd_test,disp_240Hz_ideal,256.5833,0.031038519
3rd_test,disp_240Hz_ideal,256.9167,0.029847588
3rd_test,disp_240Hz_ideal,257.25,0.025408632
3rd_test,disp_240Hz_ideal,257.5833,0.029757552
3rd_test,disp_240Hz_ideal,257.9167,0.024865114
3rd_test,disp_240Hz_ideal,258.25,0.032882749
3rd_test,disp_240Hz_ideal,258.5833,0.031333986
3rd_test,disp_240Hz_ideal,258.9167,0.037153013
3rd_test,disp_240Hz_ideal,259.25,0.0228065
3rd_test,disp_240Hz_ideal,259.5833,0.047214674
3rd_test,disp_240Hz_ideal,259.9167,0.038010954
3rd_test,disp_240Hz_ideal,260.25,0.038467902
3rd_test,disp_240Hz_ideal,260.5833,0.031829477
3rd_test,disp_240Hz_ideal,260.9167,0.046328977
3rd_test,disp_240Hz_ideal,261.25,0.03855578
3rd_test,disp_240Hz_ideal,261.5833,0.045296933
3rd_test,disp_240Hz_ideal,261.9167,0.033337098
3rd_test,disp_240Hz_ideal,266.5864,0.039267759
3rd_test,disp_240Hz_ideal,266.7928,0.047243713
3rd_test,disp_240Hz_ideal,267.1261,0.030647221
3rd_test,disp_240Hz_ideal,267.4594,0.034838907
3rd_test,disp_240Hz_ideal,267.7928,0.039066108
3rd_test,disp_240Hz_ideal,268.1261,0.044249525
3rd_test,disp_240Hz_ideal,268.4594,0.040398564
3rd_test,disp_240Hz_ideal,268.7928,0.030166482
3rd_test,disp_240Hz_ideal,269.1261,0.03521236
3rd_test,disp_240Hz_ideal,269.4594,0.030929027
3rd_test,disp_240Hz_ideal,269.7928,0.02929024
3rd_test,disp_240Hz_ideal,270.1261,0.05026711
3rd_test,disp_240Hz_ideal,270.4594,0.039873165
3rd_test,disp_240Hz_ideal,270.7928,0.044820236
3rd_test,disp_240Hz_ideal,271.1261,0.041890969
3rd_test,disp_240Hz_ideal,271.4594,0.057980147
3rd_test,disp_240Hz_ideal,271.7928,0.02802415
3rd_test,disp_240Hz_ideal,272.1261,0.044035864
3rd_test,disp_240Hz_ideal,272.4594,0.050424432
3rd_test,disp_240Hz_ideal,272.7928,0.051709531
3rd_test,disp_240Hz_ideal,273.1261,0.033705985
3rd_test,disp_240Hz_ideal,273.4594,0.043100217
3rd_test,disp_240Hz_ideal,273.7928,0.040716917
3rd_test,disp_240Hz_ideal,274.1261,0.052361211
3rd_test,disp_240Hz_ideal,274.4594,0.027322261
3rd_test,disp_240Hz_ideal,274.7928,0.053762804
3rd_test,disp_240Hz_ideal,275.1261,0.027991939
3rd_test,disp_240Hz_ideal,275.4594,0.045076734
3rd_test,disp_240Hz_ideal,275.7928,0.038674165
3rd_test,disp_240Hz_ideal,276.1261,0.03580966
3rd_test,disp_240Hz_ideal,276.4594,0.035075362
3rd_test,disp_240Hz_ideal,276.7928,0.039176783
3rd_test,disp_240Hz_ideal,277.1261,0.02901463
3rd_test,disp_240Hz_ideal,277.4594,0.047444216
3rd_test,disp_240Hz_ideal,277.7928,0.032789788
3rd_test,disp_240Hz_ideal,278.1261,0.053879396
3rd_test,disp_240Hz_ideal,278.4594,0.035405223
3rd_test,disp_240Hz_ideal,278.7928,0.029204119
3rd_test,disp_240Hz_ideal,279.1261,0.029976942
3rd_test,disp_240Hz_ideal,279.4594,0.050337007
3rd_test,disp_240Hz_ideal,279.7928,0.023238733
3rd_test,disp_240Hz_ideal,280.1261,0.033118275
3rd_test,disp_240Hz_ideal,280.4594,0.047130472
3rd_test,disp_240Hz_ideal,280.7928,0.035654861
3rd_test,disp_240Hz_ideal,281.1261,0.049721087
3rd_test,disp_240Hz_ideal,281.4594,0.035268165
3rd_test,disp_240Hz_ideal,281.7928,0.037540718
3rd_test,disp_240Hz_ideal,282.1261,0.032792769
3rd_test,disp_240Hz_ideal,282.4594,0.048631088
3rd_test,disp_240Hz_ideal,282.7928,0.029732352
3rd_test,disp_240Hz_ideal,283.1261,0.037879081
3rd_test,disp_240Hz_ideal,283.4594,0.027933536
3rd_test,disp_240Hz_ideal,283.7928,0.036132819
3rd_test,disp_240Hz_ideal,284.1261,0.029353119
3rd_test,disp_240Hz_ideal,284.4594,0.037372841
3rd_test,disp_240Hz_ideal,284.7928,0.040692664
3rd_test,disp_240Hz_ideal,285.1261,0.046038099
3rd_test,disp_240Hz_ideal,285.4594,0.033076762
3rd_test,disp_240Hz_ideal,285.7928,0.046668655
3rd_test,disp_240Hz_ideal,286.1261,0.043305958
3rd_test,disp_240Hz_ideal,286.4594,0.02712844
3rd_test,disp_240Hz_ideal,286.7928,0.030958233
3rd_test,disp_240Hz_ideal,287.1261,0.03073502
3rd_test,disp_240Hz_ideal,287.4594,0.044449937
3rd_test,disp_240Hz_ideal,287.7928,0.037506188
3rd_test,disp_240Hz_ideal,288.1261,0.033248928
3rd_test,disp_240Hz_ideal,288.4594,0.030108438
3rd_test,disp_240Hz_ideal,288.7928,0.041165188
3rd_test,disp_240Hz_ideal,289.1261,0.041868107
3rd_test,disp_240Hz_ideal,289.4594,0.039308852
3rd_test,disp_240Hz_ideal,289.7928,0.03201681
3rd_test,disp_240Hz_ideal,290.1261,0.025414775
3rd_test,disp_240Hz_ideal,290.4594,0.049256173
3rd_test,disp_240Hz_ideal,290.7928,0.044823321
3rd_test,disp_240Hz_ideal,291.1261,0.03489913
3rd_test,disp_240Hz_ideal,291.4594,0.03747363
3rd_test,disp_240Hz_ideal,291.7928,0.037690224
3rd_test,disp_240Hz_ideal,292.1261,0.047271775
3rd_test,disp_240Hz_ideal,292.4594,0.02499224
3rd_test,disp_240Hz_ideal,292.7928,0.066894343
3rd_test,disp_240Hz_ideal,293.1261,0.039607442
3rd_test,disp_240Hz_ideal,293.4594,0.026767833
3rd_test,disp_240Hz_ideal,293.7928,0.025327642
3rd_test,disp_240Hz_ideal,294.1261,0.023910461
3rd_test,disp_240Hz_ideal,294.4594,0.04265879
3rd_test,disp_240Hz_ideal,294.7928,0.030242415
3rd_test,disp_240Hz_ideal,295.1261,0.045077523
3rd_test,disp_240Hz_ideal,295.4594,0.040131546
3rd_test,disp_240Hz_ideal,295.7928,0.043160915
3rd_test,disp_240Hz_ideal,296.1261,0.031345053
3rd_test,disp_240Hz_ideal,296.4594,0.036116618
3rd_test,disp_240Hz_ideal,296.7928,0.051848244
3rd_test,disp_240Hz_ideal,297.1261,0.035803678
3rd_test,disp_240Hz_ideal,297.4594,0.048300411
3rd_test,disp_240Hz_ideal,297.7928,0.0533729
3rd_test,disp_240Hz_ideal,298.1261,0.034401435
3rd_test,disp_240Hz_ideal,298.4594,0.040614781
3rd_test,disp_240Hz_ideal,298.7928,0.03706491
3rd_test,disp_240Hz_ideal,299.1261,0.021231325
3rd_test,disp_240Hz_ideal,299.4594,0.045122301
3rd_test,disp_240Hz_ideal,299.7928,0.034836456
3rd_test,disp_240Hz_ideal,300.1261,0.037210077
3rd_test,disp_240Hz_ideal,300.4594,0.034280232
3rd_test,disp_240Hz_ideal,300.7928,0.04477465
3rd_test,disp_240Hz_ideal,301.1261,0.039621416
3rd_test,disp_240Hz_ideal,301.4594,0.035211823
3rd_test,disp_240Hz_ideal,301.7928,0.04223215
3rd_test,disp_240Hz_ideal,302.1261,0.039434676
3rd_test,disp_240Hz_ideal,302.4594,0.030289996
3rd_test,disp_240Hz_ideal,302.7928,0.036367624
3rd_test,disp_240Hz_ideal,303.1261,0.030097124
3rd_test,disp_240Hz_ideal,303.4594,0.045018266
3rd_test,disp_240Hz_ideal,303.7928,0.043028168
3rd_test,disp_240Hz_ideal,304.1261,0.035010377
3rd_test,disp_240Hz_ideal,304.4594,0.026151775
3rd_test,disp_240Hz_ideal,304.7928,0.04389677
3rd_test,disp_240Hz_ideal,305.1261,0.024097574
3rd_test,disp_240Hz_ideal,305.4594,0.036924934
3rd_test,disp_240Hz_ideal,305.7928,0.038406727
3rd_test,disp_240Hz_ideal,306.1261,0.026531631
3rd_test,disp_240Hz_ideal,306.4594,0.042334684
3rd_test,disp_240Hz_ideal,306.7928,0.035230867
3rd_test,disp_240Hz_ideal,307.1261,0.032963431
3rd_test,disp_240Hz_ideal,307.4594,0.047327418
3rd_test,disp_240Hz_ideal,307.7928,0.04420116
3rd_test,disp_240Hz_ideal,308.1261,0.0413561
3rd_test,disp_240Hz_ideal,308.4594,0.025982724
3rd_test,disp_240Hz_ideal,308.7928,0.036914522
3rd_test,disp_240Hz_ideal,309.1261,0.021950503
3rd_test,disp_240Hz_ideal,309.4594,0.054413977
3rd_test,disp_240Hz_ideal,309.7928,0.047226136
3rd_test,disp_240Hz_ideal,310.1261,0.041599876
3rd_test,disp_240Hz_ideal,310.4594,0.036107747
3rd_test,disp_240Hz_ideal,310.7928,0.035987503
3rd_test,disp_240Hz_ideal,311.1261,0.031156617
3rd_test,disp_240Hz_ideal,311.4594,0.076335304
3rd_test,disp_240Hz_ideal,311.7928,0.027560657
3rd_test,disp_240Hz_ideal,312.1261,0.050119228
3rd_test,disp_240Hz_ideal,312.4594,0.047926083
3rd_test,disp_240Hz_ideal,312.7928,0.052690715
3rd_test,disp_240Hz_ideal,313.1261,0.043056536
3rd_test,disp_240Hz_ideal,313.4594,0.033697543
3rd_test,disp_240Hz_ideal,313.7928,0.031335801
3rd_test,disp_240Hz_ideal,314.1261,0.040021205
3rd_test,disp_240Hz_ideal,314.4594,0.038114333
3rd_test,disp_240Hz_ideal,314.7928,0.032074605
3rd_test,disp_240Hz_ideal,315.1261,0.049731371
3rd_test,disp_240Hz_ideal,315.4594,0.04142465
3rd_test,disp_240Hz_ideal,315.7928,0.03848806
3rd_test,disp_240Hz_ideal,316.1261,0.030529327
3rd_test,disp_240Hz_ideal,316.4594,0.046663049
3rd_test,disp_240Hz_ideal,316.7928,0.044962109
3rd_test,disp_240Hz_ideal,317.1261,0.030857667
3rd_test,disp_240Hz_ideal,317.4594,0.030172275
3rd_test,disp_240Hz_ideal,317.7928,0.033102758
3rd_test,disp_240Hz_ideal,318.1261,0.047082437
3rd_test,disp_240Hz_ideal,318.4594,0.031581643
3rd_test,disp_240Hz_ideal,318.7928,0.027390518
3rd_test,disp_240Hz_ideal,319.1261,0.038589903
3rd_test,disp_240Hz_ideal,319.4594,0.031670149
3rd_test,disp_240Hz_ideal,319.7928,0.034444452
3rd_test,disp_240Hz_ideal,320.1261,0.028797438
3rd_test,disp_240Hz_ideal,320.4594,0.033560743
3rd_test,disp_240Hz_ideal,320.7928,0.037055495
3rd_test,disp_240Hz_ideal,321.1261,0.043921874
3rd_test,disp_240Hz_ideal,321.4594,0.041758866
3rd_test,disp_240Hz_ideal,321.7928,0.049780234
3rd_test,disp_240Hz_ideal,322.1261,0.039601059
3rd_test,disp_240Hz_ideal,322.4594,0.033057801
3rd_test,disp_240Hz_ideal,322.7928,0.031296994
3rd_test,disp_240Hz_ideal,323.1261,0.037832361
3rd_test,disp_240Hz_ideal,323.4594,0.041094963
3rd_test,disp_240Hz_ideal,323.7928,0.027006993
3rd_test,disp_240Hz_ideal,324.1261,0.034837773
3rd_test,disp_240Hz_ideal,324.4594,0.035370435
3rd_test,disp_240Hz_ideal,324.7928,0.034070218
3rd_test,disp_240Hz_ideal,325.1261,0.051462264
3rd_test,disp_240Hz_ideal,325.4594,0.028724844
3rd_test,disp_240Hz_ideal,325.7928,0.036253403
3rd_test,disp_240Hz_ideal,326.1261,0.046949136
3rd_test,disp_240Hz_ideal,326.4594,0.050726754
3rd_test,disp_240Hz_ideal,326.7928,0.046140457
3rd_test,disp_240Hz_ideal,327.1261,0.041072151
3rd_test,disp_240Hz_ideal,327.4594,0.054051039
3rd_test,disp_240Hz_ideal,327.7928,0.028677727
3rd_test,disp_240Hz_ideal,328.1261,0.029081836
3rd_test,disp_240Hz_ideal,328.4594,0.044485912
3rd_test,disp_240Hz_ideal,328.7928,0.032973598
3rd_test,disp_240Hz_ideal,329.1261,0.040259761
3rd_test,disp_240Hz_ideal,329.4594,0.050615678
3rd_test,disp_240Hz_ideal,329.7928,0.032854529
3rd_test,disp_240Hz_ideal,330.1261,0.035215601
3rd_test,disp_240Hz_ideal,330.4594,0.038202147
3rd_test,disp_240Hz_ideal,330.7928,0.03269228
3rd_test,disp_240Hz_ideal,331.1261,0.035435463
3rd_test,disp_240Hz_ideal,331.4594,0.028794841
3rd_test,disp_240Hz_ideal,331.7928,0.037709918
3rd_test,disp_240Hz_ideal,332.1261,0.030642349
3rd_test,disp_240Hz_ideal,332.4594,0.046349813
3rd_test,disp_240Hz_ideal,332.7928,0.035470922
3rd_test,disp_240Hz_ideal,333.1261,0.036172639
3rd_test,disp_240Hz_ideal,333.4594,0.046949197
3rd_test,disp_240Hz_ideal,333.7928,0.044680747
3rd_test,disp_240Hz_ideal,334.1261,0.045792692
3rd_test,disp_240Hz_ideal,334.4594,0.031811709
3rd_test,disp_240Hz_ideal,334.7928,0.029226096
3rd_test,disp_240Hz_ideal,335.1261,0.032976743
3rd_test,disp_240Hz_ideal,335.4594,0.037539633
3rd_test,disp_240Hz_ideal,335.7928,0.032871315
3rd_test,disp_240Hz_ideal,336.1261,0.034087738
3rd_test,disp_240Hz_ideal,336.4594,0.041187635
3rd_test,disp_240Hz_ideal,336.7928,0.033031703
3rd_test,disp_240Hz_ideal,337.1261,0.034851786
3rd_test,disp_240Hz_ideal,337.4594,0.019602952
3rd_test,disp_240Hz_ideal,337.7928,0.032550423
3rd_test,disp_240Hz_ideal,338.1261,0.041266942
3rd_test,disp_240Hz_ideal,338.4594,0.025111084
3rd_test,disp_240Hz_ideal,338.7928,0.035566053
3rd_test,disp_240Hz_ideal,339.1261,0.0483147
3rd_test,disp_240Hz_ideal,339.4594,0.03500559
3rd_test,disp_240Hz_ideal,339.7928,0.029480518
3rd_test,disp_240Hz_ideal,340.1261,0.034399447
3rd_test,disp_240Hz_ideal,340.4594,0.065242386
3rd_test,disp_240Hz_ideal,340.7928,0.026798862
3rd_test,disp_240Hz_ideal,341.1261,0.045998582
3rd_test,disp_240Hz_ideal,341.4594,0.045678283
3rd_test,disp_240Hz_ideal,341.7928,0.032286512
3rd_test,disp_240Hz_ideal,342.1261,0.032800223
3rd_test,disp_240Hz_ideal,342.4594,0.032885705
3rd_test,disp_240Hz_ideal,342.7928,0.042839818
3rd_test,disp_240Hz_ideal,343.1261,0.042392204
3rd_test,disp_240Hz_ideal,343.4594,0.036199597
3rd_test,disp_240Hz_ideal,343.7928,0.026207543
3rd_test,disp_240Hz_ideal,344.1261,0.035338383
3rd_test,disp_240Hz_ideal,344.4594,0.034899705
3rd_test,disp_240Hz_ideal,344.7928,0.0337922
3rd_test,disp_240Hz_ideal,345.1261,0.032248394
3rd_test,disp_240Hz_ideal,345.4594,0.043882861
3rd_test,disp_240Hz_ideal,345.7928,0.041343979
3rd_test,disp_240Hz_ideal,346.1261,0.049124592
3rd_test,disp_240Hz_ideal,346.4594,0.049314831
3rd_test,disp_240Hz_ideal,346.7928,0.025637389
3rd_test,disp_240Hz_ideal,347.1261,0.030169178
3rd_test,disp_240Hz_ideal,347.4594,0.045364211
3rd_test,disp_240Hz_ideal,347.7928,0.027978788
3rd_test,disp_240Hz_ideal,348.1261,0.023444959
3rd_test,disp_240Hz_ideal,348.4594,0.038197804
3rd_test,disp_240Hz_ideal,348.7928,0.028396378
3rd_test,disp_240Hz_ideal,349.1261,0.031088087
3rd_test,disp_240Hz_ideal,349.4594,0.033977103
3rd_test,disp_240Hz_ideal,349.7928,0.029500907
3rd_test,disp_240Hz_ideal,350.1261,0.027712411
3rd_test,disp_240Hz_ideal,350.4594,0.038092716
3rd_test,disp_240Hz_ideal,350.7928,0.05258705
3rd_test,disp_240Hz_ideal,351.1261,0.042095601
3rd_test,disp_240Hz_ideal,351.4594,0.055474101
3rd_test,disp_240Hz_ideal,351.7928,0.039503112
3rd_test,disp_240Hz_ideal,352.1261,0.03394276
3rd_test,disp_240Hz_ideal,352.4594,0.03314892
3rd_test,disp_240Hz_ideal,352.7928,0.044008644
3rd_test,disp_240Hz_ideal,353.1261,0.039836668
3rd_test,disp_240Hz_ideal,353.4594,0.054167358
3rd_test,disp_240Hz_ideal,361.1586,0.03782846
3rd_test,disp_240Hz_ideal,361.4031,0.042991093
3rd_test,disp_240Hz_ideal,361.7364,0.05132533
3rd_test,disp_240Hz_ideal,362.0697,0.035816359
3rd_test,disp_240Hz_ideal,362.4031,0.035928447
3rd_test,disp_240Hz_ideal,362.7364,0.034131822
3rd_test,disp_240Hz_ideal,363.0697,0.039361396
3rd_test,disp_240Hz_ideal,363.4031,0.042623246
3rd_test,disp_240Hz_ideal,363.7364,0.034204722
3rd_test,disp_240Hz_ideal,364.0697,0.028816527
3rd_test,disp_240Hz_ideal,364.4031,0.02862963
3rd_test,disp_240Hz_ideal,364.7364,0.05139438
3rd_test,disp_240Hz_ideal,365.0697,0.050119558
3rd_test,disp_240Hz_ideal,365.4031,0.039360966
3rd_test,disp_240Hz_ideal,365.7364,0.048135787
3rd_test,disp_240Hz_ideal,366.0697,0.03615322
3rd_test,disp_240Hz_ideal,366.4031,0.035778572
3rd_test,disp_240Hz_ideal,366.7364,0.044573326
3rd_test,disp_240Hz_ideal,367.0697,0.032947621
3rd_test,disp_240Hz_ideal,367.4031,0.04475898
3rd_test,disp_240Hz_ideal,367.7364,0.045952337
3rd_test,disp_240Hz_ideal,368.0697,0.054037833
3rd_test,disp_240Hz_ideal,368.4031,0.04094171
3rd_test,disp_240Hz_ideal,368.7364,0.034813384
3rd_test,disp_240Hz_ideal,369.0697,0.030202216
3rd_test,disp_240Hz_ideal,369.4031,0.052475855
3rd_test,disp_240Hz_ideal,369.7364,0.041344583
3rd_test,disp_240Hz_ideal,370.0697,0.036357113
3rd_test,disp_240Hz_ideal,370.4031,0.031642628
3rd_test,disp_240Hz_ideal,370.7364,0.038144622
3rd_test,disp_240Hz_ideal,371.0697,0.042714252
3rd_test,disp_240Hz_ideal,371.4031,0.041504868
3rd_test,disp_240Hz_ideal,371.7364,0.045020846
3rd_test,disp_240Hz_ideal,372.0697,0.029199834
3rd_test,disp_240Hz_ideal,372.4031,0.023829855
3rd_test,disp_240Hz_ideal,372.7364,0.025264752
3rd_test,disp_240Hz_ideal,373.0697,0.042820925
3rd_test,disp_240Hz_ideal,373.4031,0.038151607
3rd_test,disp_240Hz_ideal,373.7364,0.033888811
3rd_test,disp_240Hz_ideal,374.0697,0.023581398
3rd_test,disp_240Hz_ideal,374.4031,0.036278108
3rd_test,disp_240Hz_ideal,374.7364,0.037206036
3rd_test,disp_240Hz_ideal,375.0697,0.029743703
3rd_test,disp_240Hz_ideal,375.4031,0.039262191
3rd_test,disp_240Hz_ideal,375.7364,0.027354092
3rd_test,disp_240Hz_ideal,376.0697,0.031726794
3rd_test,disp_240Hz_ideal,376.4031,0.036072022
3rd_test,disp_240Hz_ideal,376.7364,0.030230195
3rd_test,disp_240Hz_ideal,377.0697,0.029991631
3rd_test,disp_240Hz_ideal,377.4031,0.042096474
3rd_test,disp_240Hz_ideal,377.7364,0.028039735
3rd_test,disp_240Hz_ideal,378.0697,0.041546776
3rd_test,disp_240Hz_ideal,378.4031,0.036893566
3rd_test,disp_240Hz_ideal,378.7364,0.029452997
3rd_test,disp_240Hz_ideal,379.0697,0.053265151
3rd_test,disp_240Hz_ideal,379.4031,0.041041543
3rd_test,disp_240Hz_ideal,379.7364,0.040084474
3rd_test,disp_240Hz_ideal,380.0697,0.046940282
3rd_test,disp_240Hz_ideal,380.4031,0.022650549
3rd_test,disp_240Hz_ideal,380.7364,0.055753269
3rd_test,disp_240Hz_ideal,381.0697,0.045004893
3rd_test,disp_240Hz_ideal,381.4031,0.045860435
3rd_test,disp_240Hz_ideal,381.7364,0.03565777
3rd_test,disp_240Hz_ideal,382.0697,0.048433023
3rd_test,disp_240Hz_ideal,382.4031,0.03963626
3rd_test,disp_240Hz_ideal,382.7364,0.034122974
3rd_test,disp_240Hz_ideal,383.0697,0.036827499
3rd_test,disp_240Hz_ideal,383.4031,0.05069055
3rd_test,disp_240Hz_ideal,383.7364,0.035080366
3rd_test,disp_240Hz_ideal,384.0697,0.031849417
3rd_test,disp_240Hz_ideal,384.4031,0.043526879
3rd_test,disp_240Hz_ideal,384.7364,0.043089053
3rd_test,disp_240Hz_ideal,385.0697,0.046822385
3rd_test,disp_240Hz_ideal,385.4031,0.038512739
3rd_test,disp_240Hz_ideal,385.7364,0.02416718
3rd_test,disp_240Hz_ideal,386.0697,0.03834346
3rd_test,disp_240Hz_ideal,386.4031,0.042735961
3rd_test,disp_240Hz_ideal,386.7364,0.038255347
3rd_test,disp_240Hz_ideal,387.0697,0.037246303
3rd_test,disp_240Hz_ideal,387.4031,0.03357626
3rd_test,disp_240Hz_ideal,387.7364,0.037005362
3rd_test,disp_240Hz_ideal,388.0697,0.031422601
3rd_test,disp_240Hz_ideal,388.4031,0.030522094
3rd_test,disp_240Hz_ideal,388.7364,0.030082018
3rd_test,disp_240Hz_ideal,389.0697,0.036669801
3rd_test,disp_240Hz_ideal,389.4031,0.051913754
3rd_test,disp_240Hz_ideal,389.7364,0.047261573
3rd_test,disp_240Hz_ideal,390.0697,0.039777017
3rd_test,disp_240Hz_ideal,390.4031,0.044262473
3rd_test,disp_240Hz_ideal,390.7364,0.021801198
3rd_test,disp_240Hz_ideal,391.0697,0.038224734
3rd_test,disp_240Hz_ideal,391.4031,0.029490376
3rd_test,disp_240Hz_ideal,391.7364,0.045338365
3rd_test,disp_240Hz_ideal,392.0697,0.0350523
3rd_test,disp_240Hz_ideal,392.4031,0.028403618
3rd_test,disp_240Hz_ideal,392.7364,0.030338868
3rd_test,disp_240Hz_ideal,393.0697,0.055690374
3rd_test,disp_240Hz_ideal,393.4031,0.045724205
3rd_test,disp_240Hz_ideal,393.7364,0.027811837
3rd_test,disp_240Hz_ideal,394.0697,0.032197882
3rd_test,disp_240Hz_ideal,394.4031,0.036088622
3rd_test,disp_240Hz_ideal,394.7364,0.031640973
3rd_test,disp_240Hz_ideal,395.0697,0.033841051
3rd_test,disp_240Hz_ideal,395.4031,0.038969736
3rd_test,disp_240Hz_ideal,395.7364,0.031269115
3rd_test,disp_240Hz_ideal,396.0697,0.039046027
3rd_test,disp_240Hz_ideal,396.4031,0.024625596
3rd_test,disp_240Hz_ideal,396.7364,0.029415117
3rd_test,disp_240Hz_ideal,397.0697,0.038534301
3rd_test,disp_240Hz_ideal,397.4031,0.025455118
3rd_test,disp_240Hz_ideal,397.7364,0.031189228
3rd_test,disp_240Hz_ideal,398.0697,0.027508979
3rd_test,disp_240Hz_ideal,398.4031,0.024370366
3rd_test,disp_240Hz_ideal,398.7364,0.041660428
3rd_test,disp_240Hz_ideal,399.0697,0.048623774
3rd_test,disp_240Hz_ideal,399.4031,0.032536286
3rd_test,disp_240Hz_ideal,399.7364,0.033649491
3rd_test,disp_240Hz_ideal,400.0697,0.04573586
3rd_test,disp_240Hz_ideal,400.4031,0.022858607
3rd_test,disp_240Hz_ideal,400.7364,0.030730718
3rd_test,disp_240Hz_ideal,401.0697,0.041921211
3rd_test,disp_240Hz_ideal,401.4031,0.025838411
3rd_test,disp_240Hz_ideal,401.7364,0.032916294
3rd_test,disp_240Hz_ideal,402.0697,0.031443836
3rd_test,disp_240Hz_ideal,402.4031,0.046916636
3rd_test,disp_240Hz_ideal,402.7364,0.032565264
3rd_test,disp_240Hz_ideal,403.0697,0.039101509
3rd_test,disp_240Hz_ideal,403.4031,0.038049829
3rd_test,disp_240Hz_ideal,403.7364,0.026696793
3rd_test,disp_240Hz_ideal,404.0697,0.035204465
3rd_test,disp_240Hz_ideal,404.4031,0.035739808
3rd_test,disp_240Hz_ideal,404.7364,0.037611426
3rd_test,disp_240Hz_ideal,405.0697,0.031142015
3rd_test,disp_240Hz_ideal,405.4031,0.023889341
3rd_test,disp_240Hz_ideal,405.7364,0.042263027
3rd_test,disp_240Hz_ideal,406.0697,0.044015353
3rd_test,disp_240Hz_ideal,406.4031,0.045224353
3rd_test,disp_240Hz_ideal,406.7364,0.02729874
3rd_test,disp_240Hz_ideal,407.0697,0.032702744
3rd_test,disp_240Hz_ideal,407.4031,0.043313135
3rd_test,disp_240Hz_ideal,407.7364,0.037495025
3rd_test,disp_240Hz_ideal,408.0697,0.033558544
3rd_test,disp_240Hz_ideal,408.4031,0.033456465
3rd_test,disp_240Hz_ideal,408.7364,0.062949052
3rd_test,disp_240Hz_ideal,409.0697,0.035780312
3rd_test,disp_240Hz_ideal,409.4031,0.052016289
3rd_test,disp_240Hz_ideal,409.7364,0.028471377
3rd_test,disp_240Hz_ideal,410.0697,0.040562026
3rd_test,disp_240Hz_ideal,410.4031,0.05394691
3rd_test,disp_240Hz_ideal,410.7364,0.030846455
3rd_test,disp_240Hz_ideal,411.0697,0.030410929
3rd_test,disp_240Hz_ideal,411.4031,0.036535864
3rd_test,disp_240Hz_ideal,411.7364,0.02834416
3rd_test,disp_240Hz_ideal,412.0697,0.045816433
3rd_test,disp_240Hz_ideal,412.4031,0.049144845
3rd_test,disp_240Hz_ideal,412.7364,0.028306178
3rd_test,disp_240Hz_ideal,413.0697,0.039605674
3rd_test,disp_240Hz_ideal,413.4031,0.025410825
3rd_test,disp_240Hz_ideal,413.7364,0.039887577
3rd_test,disp_240Hz_ideal,414.0697,0.035744803
3rd_test,disp_240Hz_ideal,414.4031,0.040919506
3rd_test,disp_240Hz_ideal,414.7364,0.036905968
3rd_test,disp_240Hz_ideal,415.0697,0.031834865
3rd_test,disp_240Hz_ideal,415.4031,0.043949533
3rd_test,disp_240Hz_ideal,415.7364,0.058486203
3rd_test,disp_240Hz_ideal,416.0697,0.046853571
3rd_test,disp_240Hz_ideal,416.4031,0.034889659
3rd_test,disp_240Hz_ideal,416.7364,0.034206918
3rd_test,disp_240Hz_ideal,417.0697,0.040559962
3rd_test,disp_240Hz_ideal,417.4031,0.050106366
3rd_test,disp_240Hz_ideal,417.7364,0.040971276
3rd_test,disp_240Hz_ideal,418.0697,0.023769308
3rd_test,disp_240Hz_ideal,418.4031,0.040437824
3rd_test,disp_240Hz_ideal,418.7364,0.031093799
3rd_test,disp_240Hz_ideal,419.0697,0.032452453
3rd_test,disp_240Hz_ideal,419.4031,0.038739449
3rd_test,disp_240Hz_ideal,419.7364,0.039005589
3rd_test,disp_240Hz_ideal,420.0697,0.030664479
3rd_test,disp_240Hz_ideal,420.4031,0.043559395
3rd_test,disp_240Hz_ideal,420.7364,0.031439265
3rd_test,disp_240Hz_ideal,421.0697,0.029018161
3rd_test,disp_240Hz_ideal,421.4031,0.04756615
3rd_test,disp_240Hz_ideal,421.7364,0.039468105
3rd_test,disp_240Hz_ideal,422.0697,0.039886158
3rd_test,disp_240Hz_ideal,422.4031,0.038801276
3rd_test,disp_240Hz_ideal,422.7364,0.020651025
3rd_test,disp_240Hz_ideal,423.0697,0.056501945
3rd_test,disp_240Hz_ideal,423.4031,0.038077302
3rd_test,disp_240Hz_ideal,423.7364,0.03391061
3rd_test,disp_240Hz_ideal,424.0697,0.042919508
3rd_test,disp_240Hz_ideal,424.4031,0.044647952
3rd_test,disp_240Hz_ideal,424.7364,0.033449024
3rd_test,disp_240Hz_ideal,425.0697,0.045049626
3rd_test,disp_240Hz_ideal,425.4031,0.028048815
3rd_test,disp_240Hz_ideal,425.7364,0.042887823
3rd_test,disp_240Hz_ideal,426.0697,0.026452131
3rd_test,disp_240Hz_ideal,426.4031,0.044397051
3rd_test,disp_240Hz_ideal,426.7364,0.023897378
3rd_test,disp_240Hz_ideal,427.0697,0.030115639
3rd_test,disp_240Hz_ideal,427.4031,0.05144444
3rd_test,disp_240Hz_ideal,427.7364,0.038097122
3rd_test,disp_240Hz_ideal,428.0697,0.021828253
3rd_test,disp_240Hz_ideal,428.4031,0.033389016
3rd_test,disp_240Hz_ideal,428.7364,0.034183938
3rd_test,disp_240Hz_ideal,429.0697,0.04215138
3rd_test,disp_240Hz_ideal,429.4031,0.019417854
3rd_test,disp_240Hz_ideal,429.7364,0.034096797
3rd_test,disp_240Hz_ideal,430.0697,0.033764276
3rd_test,disp_240Hz_ideal,430.4031,0.044519057
3rd_test,disp_240Hz_ideal,430.7364,0.037791967
3rd_test,disp_240Hz_ideal,431.0697,0.044230131
3rd_test,disp_240Hz_ideal,431.4031,0.046627698
3rd_test,disp_240Hz_ideal,431.7364,0.028082058
3rd_test,disp_240Hz_ideal,432.0697,0.02582486
3rd_test,disp_240Hz_ideal,432.4031,0.050445343
3rd_test,disp_240Hz_ideal,432.7364,0.028120819
3rd_test,disp_240Hz_ideal,433.0697,0.037559207
3rd_test,disp_240Hz_ideal,433.4031,0.031928872
3rd_test,disp_240Hz_ideal,433.7364,0.053270092
3rd_test,disp_240Hz_ideal,434.0697,0.045507059
3rd_test,disp_240Hz_ideal,434.4031,0.038497742
3rd_test,disp_240Hz_ideal,434.7364,0.038353084
3rd_test,disp_240Hz_ideal,435.0697,0.043334428
3rd_test,disp_240Hz_ideal,435.4031,0.049237206
3rd_test,disp_240Hz_ideal,435.7364,0.036064503
3rd_test,disp_240Hz_ideal,436.0697,0.036953507
3rd_test,disp_240Hz_ideal,436.4031,0.040830785
3rd_test,disp_240Hz_ideal,436.7364,0.046240447
3rd_test,disp_240Hz_ideal,437.0697,0.034489128
3rd_test,disp_240Hz_ideal,437.4031,0.030783655
3rd_test,disp_240Hz_ideal,437.7364,0.037497442
3rd_test,disp_240Hz_ideal,438.0697,0.028567402
3rd_test,disp_240Hz_ideal,438.4031,0.039469572
3rd_test,disp_240Hz_ideal,438.7364,0.039950651
3rd_test,disp_240Hz_ideal,439.0697,0.030264797
3rd_test,disp_240Hz_ideal,439.4031,0.02938251
3rd_test,disp_240Hz_ideal,439.7364,0.04610492
3rd_test,disp_240Hz_ideal,440.0697,0.033308075
3rd_test,disp_240Hz_ideal,440.4031,0.033070383
3rd_test,disp_240Hz_ideal,440.7364,0.032835806
3rd_test,disp_240Hz_ideal,441.0697,0.036106071
3rd_test,disp_240Hz_ideal,441.4031,0.037974981
3rd_test,disp_240Hz_ideal,441.7364,0.026412351
3rd_test,disp_240Hz_ideal,442.0697,0.0358735
3rd_test,disp_240Hz_ideal,442.4031,0.052832971
3rd_test,disp_240Hz_ideal,442.7364,0.018750197
3rd_test,disp_240Hz_ideal,443.0697,0.026027591
3rd_test,disp_240Hz_ideal,443.4031,0.037211588
3rd_test,disp_240Hz_ideal,443.7364,0.042629032
3rd_test,disp_240Hz_ideal,444.0697,0.042624298
3rd_test,disp_240Hz_ideal,444.4031,0.057312152
3rd_test,disp_240Hz_ideal,444.7364,0.062249459
3rd_test,disp_240Hz_ideal,445.0697,0.036797489
3rd_test,disp_240Hz_ideal,445.4031,0.042643641
3rd_test,disp_240Hz_ideal,445.7364,0.051659775
3rd_test,disp_240Hz_ideal,446.0697,0.03095398
3rd_test,disp_240Hz_ideal,446.4031,0.026764378
3rd_test,disp_240Hz_ideal,446.7364,0.040124097
3rd_test,disp_240Hz_ideal,447.0697,0.039468933
3rd_test,disp_240Hz_ideal,447.4031,0.038391681
3rd_test,disp_240Hz_ideal,447.7364,0.040693775
3rd_test,disp_240Hz_ideal,448.0697,0.039270487
3rd_test,disp_240Hz_ideal,448.4031,0.042008272
3rd_test,disp_240Hz_ideal,448.7364,0.046495977
3rd_test,disp_240Hz_ideal,449.0697,0.045441606
3rd_test,disp_240Hz_ideal,449.4031,0.037911588
3rd_test,disp_240Hz_ideal,449.7364,0.048328441
3rd_test,disp_240Hz_ideal,450.0697,0.032691428
3rd_test,disp_240Hz_ideal,450.4031,0.033347169
3rd_test,disp_240Hz_ideal,450.7364,0.045005191
3rd_test,disp_240Hz_ideal,451.0697,0.044586629
3rd_test,disp_240Hz_ideal,451.4031,0.038179044
3rd_test,disp_240Hz_ideal,451.7364,0.031478492
3rd_test,disp_240Hz_ideal,452.0697,0.051759791
3rd_test,disp_240Hz_ideal,452.4031,0.058803943
3rd_test,disp_240Hz_ideal,452.7364,0.058951916
3rd_test,disp_240Hz_ideal,453.0697,0.034260385
3rd_test,disp_240Hz_ideal,453.4031,0.055399439
3rd_test,disp_240Hz_ideal,453.7364,0.04179922
3rd_test,disp_240Hz_ideal,454.0697,0.036834456
3rd_test,disp_240Hz_ideal,454.4031,0.044855695
3rd_test,disp_240Hz_ideal,454.7364,0.030111945
3rd_test,disp_240Hz_ideal,455.0697,0.026855044
3rd_test,disp_240Hz_ideal,455.4031,0.030689737
3rd_test,disp_240Hz_ideal,455.7364,0.032617092
3rd_test,disp_240Hz_ideal,456.0697,0.033048999
3rd_test,disp_240Hz_ideal,456.4031,0.032866976
3rd_test,disp_240Hz_ideal,456.7364,0.033316604
3rd_test,disp_240Hz_ideal,457.0697,0.024276622
3rd_test,disp_240Hz_ideal,457.4031,0.039453034
3rd_test,disp_240Hz_ideal,457.7364,0.036955169
3rd_test,disp_240Hz_ideal,458.0697,0.025230012
3rd_test,disp_240Hz_ideal,458.4031,0.030773105
3rd_test,disp_240Hz_ideal,458.7364,0.036660422
3rd_test,disp_240Hz_ideal,459.0697,0.028991328
3rd_test,disp_240Hz_ideal,459.4031,0.035085159
3rd_test,disp_240Hz_ideal,459.7364,0.032288937
3rd_test,disp_240Hz_ideal,460.0697,0.031235687
3rd_test,disp_240Hz_ideal,460.4031,0.055165877
3rd_test,disp_240Hz_ideal,460.7364,0.031141469
3rd_test,disp_240Hz_ideal,461.0697,0.042351781
3rd_test,disp_240Hz_ideal,461.4031,0.040291508
3rd_test,disp_240Hz_ideal,461.7364,0.033265408
3rd_test,disp_240Hz_ideal,462.0697,0.044251366
3rd_test,disp_240Hz_ideal,462.4031,0.043636113
3rd_test,disp_240Hz_ideal,462.7364,0.03498755
3rd_test,disp_240Hz_ideal,463.0697,0.034738341
3rd_test,disp_240Hz_ideal,463.4031,0.04200632
3rd_test,disp_240Hz_ideal,463.7364,0.03311394
3rd_test,disp_240Hz_ideal,464.0697,0.030667579
3rd_test,disp_240Hz_ideal,464.4031,0.040840055
3rd_test,disp_240Hz_ideal,464.7364,0.027559737
3rd_test,disp_240Hz_ideal,465.0697,0.045445609
3rd_test,disp_240Hz_ideal,465.4031,0.04142461
3rd_test,disp_240Hz_ideal,465.7364,0.03807958
3rd_test,disp_240Hz_ideal,466.0697,0.044943074
3rd_test,disp_240Hz_ideal,466.4031,0.0347556
3rd_test,disp_240Hz_ideal,466.7364,0.037029186
3rd_test,disp_240Hz_ideal,467.0697,0.036099447
3rd_test,disp_240Hz_ideal,467.4031,0.055257947
3rd_test,disp_240Hz_ideal,467.7364,0.035406277
3rd_test,disp_240Hz_ideal,468.0697,0.032358289
3rd_test,disp_240Hz_ideal,468.4031,0.03365407
3rd_test,disp_240Hz_ideal,468.7364,0.034796265
3rd_test,disp_240Hz_ideal,469.0697,0.048179383
3rd_test,disp_240Hz_ideal,469.4031,0.03543839
3rd_test,disp_240Hz_ideal,469.7364,0.036175948
3rd_test,disp_240Hz_ideal,470.0697,0.050341083
3rd_test,disp_240Hz_ideal,470.4031,0.034877514
3rd_test,disp_240Hz_ideal,470.7364,0.0531386
3rd_test,disp_240Hz_ideal,471.0697,0.036490033
3rd_test,disp_240Hz_ideal,471.4031,0.038487695
3rd_test,disp_240Hz_ideal,471.7364,0.037699901
3rd_test,disp_240Hz_ideal,472.0697,0.039749109
3rd_test,disp_240Hz_ideal,472.4031,0.051476079
3rd_test,disp_240Hz_ideal,472.7364,0.050956308
3rd_test,disp_240Hz_ideal,473.0697,0.021319135
3rd_test,disp_240Hz_ideal,473.4031,0.031817883
3rd_test,disp_240Hz_ideal,473.7364,0.035806555
3rd_test,disp_240Hz_ideal,474.0697,0.044861044
3rd_test,disp_240Hz_ideal,474.4031,0.020625296
3rd_test,disp_240Hz_ideal,474.7364,0.042138978
3rd_test,disp_240Hz_ideal,475.0697,0.031243273
3rd_test,disp_240Hz_ideal,475.4031,0.032396315
3rd_test,disp_240Hz_ideal,475.7364,0.026530113
3rd_test,disp_240Hz_ideal,476.0697,0.040571852
3rd_test,disp_240Hz_ideal,476.4031,0.040858077
3rd_test,disp_240Hz_ideal,476.7364,0.022571288
3rd_test,disp_240Hz_ideal,477.0697,0.039504724
3rd_test,disp_240Hz_ideal,477.4031,0.039018184
3rd_test,disp_240Hz_ideal,477.7364,0.053547772
3rd_test,disp_240Hz_ideal,478.0697,0.031920441
3rd_test,disp_240Hz_ideal,478.4031,0.033067154
3rd_test,disp_240Hz_ideal,478.7364,0.040678628
3rd_test,disp_240Hz_ideal,479.0697,0.026576036
3rd_test,disp_240Hz_ideal,479.4031,0.045894805
3rd_test,disp_240Hz_ideal,479.7364,0.041508783
3rd_test,disp_240Hz_ideal,480.0697,0.026519585
3rd_test,disp_240Hz_ideal,480.4031,0.044427321
3rd_test,disp_240Hz_ideal,480.7364,0.045035009
3rd_test,disp_240Hz_ideal,481.0697,0.050585591
3rd_test,disp_240Hz_ideal,481.4031,0.045485948
3rd_test,disp_240Hz_ideal,481.7364,0.05825463
3rd_test,disp_240Hz_ideal,482.0697,0.041098855
3rd_test,disp_240Hz_ideal,482.4031,0.047992831
3rd_test,disp_240Hz_ideal,482.7364,0.029273338
3rd_test,disp_240Hz_ideal,483.0697,0.0295389
3rd_test,disp_240Hz_ideal,483.4031,0.040032812
3rd_test,disp_240Hz_ideal,483.7364,0.044687603
3rd_test,disp_240Hz_ideal,484.0697,0.041099089
3rd_test,disp_240Hz_ideal,484.4031,0.043316342
3rd_test,disp_240Hz_ideal,484.7364,0.033997332
3rd_test,disp_240Hz_ideal,485.0697,0.028369461
3rd_test,disp_240Hz_ideal,485.4031,0.028741491
3rd_test,disp_240Hz_ideal,485.7364,0.046855802
3rd_test,disp_240Hz_ideal,486.0697,0.044720668
3rd_test,disp_240Hz_ideal,486.4031,0.040697691
3rd_test,disp_240Hz_ideal,486.7364,0.02145762
3rd_test,disp_240Hz_ideal,487.0697,0.042261873
3rd_test,disp_240Hz_ideal,487.4031,0.042644354
3rd_test,disp_240Hz_ideal,487.7364,0.029893774
3rd_test,disp_240Hz_ideal,488.0697,0.030787191
3rd_test,disp_240Hz_ideal,488.4031,0.044273918
3rd_test,disp_240Hz_ideal,488.7364,0.042639649
3rd_test,disp_240Hz_ideal,489.0697,0.037299275
3rd_test,disp_240Hz_ideal,489.4031,0.033105059
3rd_test,disp_240Hz_ideal,489.7364,0.02424619
3rd_test,disp_240Hz_ideal,490.0697,0.04291663
3rd_test,disp_240Hz_ideal,490.4031,0.048886448
3rd_test,disp_240Hz_ideal,490.7364,0.031531774
3rd_test,disp_240Hz_ideal,491.0697,0.03508537
3rd_test,disp_240Hz_ideal,491.4031,0.047835151
3rd_test,disp_240Hz_ideal,491.7364,0.042608701
3rd_test,disp_240Hz_ideal,492.0697,0.041615953
3rd_test,disp_240Hz_ideal,492.4031,0.046987817
3rd_test,disp_240Hz_ideal,492.7364,0.041550139
3rd_test,disp_240Hz_ideal,493.0697,0.043149343
3rd_test,disp_240Hz_ideal,493.4031,0.037063648
3rd_test,disp_240Hz_ideal,493.7364,0.031854186
3rd_test,disp_240Hz_ideal,494.0697,0.033198635
3rd_test,disp_240Hz_ideal,494.4031,0.039393764
3rd_test,disp_240Hz_ideal,494.7364,0.034572329
3rd_test,disp_240Hz_ideal,495.0697,0.052040263
3rd_test,disp_240Hz_ideal,495.4031,0.04745391
3rd_test,disp_240Hz_ideal,495.7364,0.04629701
3rd_test,disp_240Hz_ideal,496.0697,0.035502566
3rd_test,disp_240Hz_ideal,496.4031,0.042424621
3rd_test,disp_240Hz_ideal,496.7364,0.055675574
3rd_test,disp_240Hz_ideal,497.0697,0.026519078
3rd_test,disp_240Hz_ideal,497.4031,0.051020758
3rd_test,disp_240Hz_ideal,497.7364,0.035187139
3rd_test,disp_240Hz_ideal,498.0697,0.042108709
3rd_test,disp_240Hz_ideal,498.4031,0.031857908
3rd_test,disp_240Hz_ideal,498.7364,0.04849522
3rd_test,disp_240Hz_ideal,499.0697,0.047875237
3rd_test,disp_240Hz_ideal,499.4031,0.037397749
3rd_test,disp_240Hz_ideal,499.7364,0.042381037
3rd_test,disp_240Hz_ideal,500.0697,0.035076885
3rd_test,disp_240Hz_ideal,500.4031,0.036871056
3rd_test,disp_240Hz_ideal,500.7364,0.053213884
3rd_test,disp_240Hz_ideal,501.0697,0.041631488
3rd_test,disp_240Hz_ideal,501.4031,0.035360904
3rd_test,disp_240Hz_ideal,501.7364,0.048861131
3rd_test,disp_240Hz_ideal,502.0697,0.04167387
3rd_test,disp_240Hz_ideal,502.4031,0.023121503
3rd_test,disp_240Hz_ideal,502.7364,0.038148394
3rd_test,disp_240Hz_ideal,503.0697,0.036360832
3rd_test,disp_240Hz_ideal,503.4031,0.041008579
3rd_test,disp_240Hz_ideal,503.7364,0.031682817
3rd_test,disp_240Hz_ideal,504.0697,0.044929773
3rd_test,disp_240Hz_ideal,504.4031,0.040870681
3rd_test,disp_240Hz_ideal,504.7364,0.036370543
3rd_test,disp_240Hz_ideal,505.0697,0.031358778
3rd_test,disp_240Hz_ideal,505.4031,0.035569533
3rd_test,disp_240Hz_ideal,505.7364,0.043815642
3rd_test,disp_240Hz_ideal,506.0697,0.036579845
3rd_test,disp_240Hz_ideal,506.4031,0.01965956
3rd_test,disp_240Hz_ideal,506.7364,0.025959578
3rd_test,disp_240Hz_ideal,507.0697,0.051713354
3rd_test,disp_240Hz_ideal,507.4031,0.03882699
3rd_test,disp_240Hz_ideal,507.7364,0.031910584
3rd_test,disp_240Hz_ideal,508.0697,0.021415278
3rd_test,disp_240Hz_ideal,508.4031,0.033043083
3rd_test,disp_240Hz_ideal,508.7364,0.033880162
3rd_test,disp_240Hz_ideal,509.0697,0.058225064
3rd_test,disp_240Hz_ideal,509.4031,0.042020122
3rd_test,disp_240Hz_ideal,509.7364,0.042123258
3rd_test,disp_240Hz_ideal,510.0697,0.033131596
3rd_test,disp_240Hz_ideal,510.4031,0.046034303
3rd_test,disp_240Hz_ideal,510.7364,0.035417189
3rd_test,disp_240Hz_ideal,511.0697,0.033265942
3rd_test,disp_240Hz_ideal,511.4031,0.026617027
3rd_test,disp_240Hz_ideal,511.7364,0.038678205
3rd_test,disp_240Hz_ideal,512.0697,0.02714689
3rd_test,disp_240Hz_ideal,512.4031,0.048238077
3rd_test,disp_240Hz_ideal,512.7364,0.043056404
3rd_test,disp_240Hz_ideal,513.0697,0.0366435
3rd_test,disp_240Hz_ideal,513.4031,0.033347941
3rd_test,disp_240Hz_ideal,513.7364,0.043066259
3rd_test,disp_240Hz_ideal,514.0697,0.049206238
3rd_test,disp_240Hz_ideal,514.4031,0.033688318
3rd_test,disp_240Hz_ideal,514.7364,0.045011262
3rd_test,disp_240Hz_ideal,515.0697,0.034890515
3rd_test,disp_240Hz_ideal,515.4031,0.039663097
3rd_test,disp_240Hz_ideal,515.7364,0.042113606
3rd_test,disp_240Hz_ideal,516.0697,0.046779216
3rd_test,disp_240Hz_ideal,516.4031,0.033274823
3rd_test,disp_240Hz_ideal,516.7364,0.04805994
3rd_test,disp_240Hz_ideal,517.0697,0.038266894
3rd_test,disp_240Hz_ideal,517.4031,0.03314901
3rd_test,disp_240Hz_ideal,517.7364,0.03759392
3rd_test,disp_240Hz_ideal,518.0697,0.031864803
3rd_test,disp_240Hz_ideal,518.4031,0.02662852
3rd_test,disp_240Hz_ideal,518.7364,0.031447922
3rd_test,disp_240Hz_ideal,519.0697,0.036985785
3rd_test,disp_240Hz_ideal,519.4031,0.043235526
3rd_test,disp_240Hz_ideal,519.7364,0.042794847
3rd_test,disp_240Hz_ideal,520.0697,0.040469432
3rd_test,disp_240Hz_ideal,520.4031,0.037073418
3rd_test,disp_240Hz_ideal,520.7364,0.063458534
3rd_test,disp_240Hz_ideal,521.0697,0.036993251
3rd_test,disp_240Hz_ideal,521.4031,0.037428425
3rd_test,disp_240Hz_ideal,521.7364,0.038303621
3rd_test,disp_240Hz_ideal,522.0697,0.031903872
3rd_test,disp_240Hz_ideal,522.4031,0.044057083
3rd_test,disp_240Hz_ideal,522.7364,0.058943963
3rd_test,disp_240Hz_ideal,523.0697,0.037826217
3rd_test,disp_240Hz_ideal,523.4031,0.045812985
3rd_test,disp_240Hz_ideal,523.7364,0.036251716
3rd_test,disp_240Hz_ideal,524.0697,0.047735254
3rd_test,disp_240Hz_ideal,524.4031,0.045498503
3rd_test,disp_240Hz_ideal,524.7364,0.049680336
3rd_test,disp_240Hz_ideal,525.0697,0.036354971
3rd_test,disp_240Hz_ideal,525.4031,0.039426264
3rd_test,disp_240Hz_ideal,525.7364,0.036345572
3rd_test,disp_240Hz_ideal,526.0697,0.034496851
3rd_test,disp_240Hz_ideal,526.4031,0.035292946
3rd_test,disp_240Hz_ideal,526.7364,0.03863985
3rd_test,disp_240Hz_ideal,527.0697,0.036880666
3rd_test,disp_240Hz_ideal,527.4031,0.032555348
3rd_test,disp_240Hz_ideal,527.7364,0.032699225
3rd_test,disp_240Hz_ideal,528.0697,0.034697041
3rd_test,disp_240Hz_ideal,528.4031,0.047719266
3rd_test,disp_240Hz_ideal,528.7364,0.034744431
3rd_test,disp_240Hz_ideal,529.0697,0.039968436
3rd_test,disp_240Hz_ideal,529.4031,0.032457981
3rd_test,disp_240Hz_ideal,529.7364,0.038460188
3rd_test,disp_240Hz_ideal,530.0697,0.040692666
3rd_test,disp_240Hz_ideal,530.4031,0.040576725
3rd_test,disp_240Hz_ideal,530.7364,0.033720816
3rd_test,disp_240Hz_ideal,531.0697,0.034797149
3rd_test,disp_240Hz_ideal,531.4031,0.026209256
3rd_test,disp_240Hz_ideal,531.7364,0.052706039
3rd_test,disp_240Hz_ideal,532.0697,0.025550709
3rd_test,disp_240Hz_ideal,532.4031,0.047022847
3rd_test,disp_240Hz_ideal,532.7364,0.053109311
3rd_test,disp_240Hz_ideal,533.0697,0.027456432
3rd_test,disp_240Hz_ideal,533.4031,0.039274093
3rd_test,disp_240Hz_ideal,533.7364,0.055170465
3rd_test,disp_240Hz_ideal,534.0697,0.051656328
3rd_test,disp_240Hz_ideal,534.4031,0.026139422
3rd_test,disp_240Hz_ideal,534.7364,0.035420083
3rd_test,disp_240Hz_ideal,535.0697,0.050889324
3rd_test,disp_240Hz_ideal,535.4031,0.040847571
3rd_test,disp_240Hz_ideal,535.7364,0.030499857
3rd_test,disp_240Hz_ideal,536.0697,0.028975358
3rd_test,disp_240Hz_ideal,536.4031,0.042308376
3rd_test,disp_240Hz_ideal,536.7364,0.038073254
3rd_test,disp_240Hz_ideal,537.0697,0.056206018
3rd_test,disp_240Hz_ideal,537.4031,0.055606346
3rd_test,disp_240Hz_ideal,537.7364,0.032513011
3rd_test,disp_240Hz_ideal,538.0697,0.048273086
3rd_test,disp_240Hz_ideal,538.4031,0.0257146
3rd_test,disp_240Hz_ideal,538.7364,0.021528447
3rd_test,disp_240Hz_ideal,539.0697,0.041326549
3rd_test,disp_240Hz_ideal,539.4031,0.037555755
3rd_test,disp_240Hz_ideal,539.7364,0.028707245
3rd_test,disp_240Hz_ideal,540.0697,0.035066665
3rd_test,disp_240Hz_ideal,540.4031,0.047253541
3rd_test,disp_240Hz_ideal,540.7364,0.038778817
3rd_test,disp_240Hz_ideal,541.0697,0.033047424
3rd_test,disp_240Hz_ideal,541.4031,0.043892741
3rd_test,disp_240Hz_ideal,541.7364,0.036149363
3rd_test,disp_240Hz_ideal,542.0697,0.030910167
3rd_test,disp_240Hz_ideal,542.4031,0.05607611
3rd_test,disp_240Hz_ideal,542.7364,0.042807066
3rd_test,disp_240Hz_ideal,543.0697,0.025419419
3rd_test,disp_240Hz_ideal,543.4031,0.028444284
3rd_test,disp_240Hz_ideal,543.7364,0.028156513
3rd_test,disp_240Hz_ideal,544.0697,0.038600096
3rd_test,disp_240Hz_ideal,544.4031,0.027512089
3rd_test,disp_240Hz_ideal,544.7364,0.02299089
3rd_test,disp_240Hz_ideal,545.0697,0.028513594
3rd_test,disp_240Hz_ideal,545.4031,0.03671611
3rd_test,disp_240Hz_ideal,545.7364,0.038444537
3rd_test,disp_240Hz_ideal,546.0697,0.040689171
3rd_test,disp_240Hz_ideal,546.4031,0.03233168
3rd_test,disp_240Hz_ideal,546.7364,0.033299756
3rd_test,disp_240Hz_ideal,547.0697,0.035667311
3rd_test,disp_240Hz_ideal,547.4031,0.031139441
3rd_test,disp_240Hz_ideal,547.7364,0.027571598
3rd_test,disp_240Hz_ideal,548.0697,0.046121012
3rd_test,disp_240Hz_ideal,548.4031,0.041315178
3rd_test,disp_240Hz_ideal,548.7364,0.048306051
3rd_test,disp_240Hz_ideal,549.0697,0.040326405
3rd_test,disp_240Hz_ideal,549.4031,0.034641574
3rd_test,disp_240Hz_ideal,549.7364,0.030060519
3rd_test,disp_240Hz_ideal,550.0697,0.038896107
3rd_test,disp_240Hz_ideal,550.4031,0.035380383
3rd_test,disp_240Hz_ideal,550.7364,0.035636903
3rd_test,disp_240Hz_ideal,551.0697,0.035191561
3rd_test,disp_240Hz_ideal,551.4031,0.041975423
3rd_test,disp_240Hz_ideal,551.7364,0.048605649
3rd_test,disp_240Hz_ideal,552.0697,0.055250361
3rd_test,disp_240Hz_ideal,552.4031,0.031289353
3rd_test,disp_240Hz_ideal,552.7364,0.050651551
3rd_test,disp_240Hz_ideal,553.0697,0.034514927
3rd_test,disp_240Hz_ideal,553.4031,0.036820694
3rd_test,disp_240Hz_ideal,553.7364,0.032719586
3rd_test,disp_240Hz_ideal,554.0697,0.026530832
3rd_test,disp_240Hz_ideal,554.4031,0.038125103
3rd_test,disp_240Hz_ideal,554.7364,0.02760717
3rd_test,disp_240Hz_ideal,555.0697,0.035364331
3rd_test,disp_240Hz_ideal,555.4031,0.044839647
3rd_test,disp_240Hz_ideal,555.7364,0.038368341
3rd_test,disp_240Hz_ideal,556.0697,0.032732881
3rd_test,disp_240Hz_ideal,556.4031,0.029256523
3rd_test,disp_240Hz_ideal,556.7364,0.049289773
3rd_test,disp_240Hz_ideal,557.0697,0.033226768
3rd_test,disp_240Hz_ideal,557.4031,0.050482336
3rd_test,disp_240Hz_ideal,557.7364,0.038054781
3rd_test,disp_240Hz_ideal,558.0697,0.032654509
3rd_test,disp_240Hz_ideal,558.4031,0.050476228
3rd_test,disp_240Hz_ideal,558.7364,0.036768586
3rd_test,disp_240Hz_ideal,559.0697,0.051492637
3rd_test,disp_240Hz_ideal,559.4031,0.033810066
3rd_test,disp_240Hz_ideal,559.7364,0.050535079
3rd_test,disp_240Hz_ideal,560.0697,0.032968141
3rd_test,disp_240Hz_ideal,560.4031,0.040421693
3rd_test,disp_240Hz_ideal,560.7364,0.028692759
3rd_test,disp_240Hz_ideal,561.0697,0.045966101
3rd_test,disp_240Hz_ideal,561.4031,0.028032244
3rd_test,disp_240Hz_ideal,561.7364,0.029355514
3rd_test,disp_240Hz_ideal,562.0697,0.045545971
3rd_test,disp_240Hz_ideal,562.4031,0.05079851
3rd_test,disp_240Hz_ideal,562.7364,0.035476049
3rd_test,disp_240Hz_ideal,563.0697,0.059503334
3rd_test,disp_240Hz_ideal,563.4031,0.030172488
3rd_test,disp_240Hz_ideal,563.7364,0.061175107
3rd_test,disp_240Hz_ideal,564.0697,0.050408991
3rd_test,disp_240Hz_ideal,564.4031,0.040902472
3rd_test,disp_240Hz_ideal,564.7364,0.046460971
3rd_test,disp_240Hz_ideal,565.0697,0.034126245
3rd_test,disp_240Hz_ideal,565.4031,0.042580828
3rd_test,disp_240Hz_ideal,565.7364,0.042381153
3rd_test,disp_240Hz_ideal,566.0697,0.031236399
3rd_test,disp_240Hz_ideal,566.4031,0.041183808
3rd_test,disp_240Hz_ideal,566.7364,0.057578564
3rd_test,disp_240Hz_ideal,567.0697,0.026786747
3rd_test,disp_240Hz_ideal,567.4031,0.040950545
3rd_test,disp_240Hz_ideal,567.7364,0.048123044
3rd_test,disp_240Hz_ideal,568.0697,0.043280247
3rd_test,disp_240Hz_ideal,568.4031,0.037386017
3rd_test,disp_240Hz_ideal,568.7364,0.045005557
3rd_test,disp_240Hz_ideal,569.0697,0.034859848
3rd_test,disp_240Hz_ideal,569.4031,0.030776492
3rd_test,disp_240Hz_ideal,569.7364,0.043946825
3rd_test,disp_240Hz_ideal,570.0697,0.036694763
3rd_test,disp_240Hz_ideal,570.4031,0.053952373
3rd_test,disp_240Hz_ideal,570.7364,0.044423448
3rd_test,disp_240Hz_ideal,571.0697,0.044707798
3rd_test,disp_240Hz_ideal,571.4031,0.032017027
3rd_test,disp_240Hz_ideal,571.7364,0.040909543
3rd_test,disp_240Hz_ideal,572.0697,0.027679369
3rd_test,disp_240Hz_ideal,572.4031,0.031396061
3rd_test,disp_240Hz_ideal,572.7364,0.033056111
3rd_test,disp_240Hz_ideal,573.0697,0.031207273
3rd_test,disp_240Hz_ideal,573.4031,0.043528711
3rd_test,disp_240Hz_ideal,573.7364,0.033969766
3rd_test,disp_240Hz_ideal,574.0697,0.042397814
3rd_test,disp_240Hz_ideal,574.4031,0.048659079
3rd_test,disp_240Hz_ideal,574.7364,0.027392847
3rd_test,disp_240Hz_ideal,575.0697,0.032797584
3rd_test,disp_240Hz_ideal,575.4031,0.037866521
3rd_test,disp_240Hz_ideal,575.7364,0.039521872
3rd_test,disp_240Hz_ideal,576.0697,0.036458279
3rd_test,disp_240Hz_ideal,576.4031,0.047096033
3rd_test,disp_240Hz_ideal,576.7364,0.03724625
3rd_test,disp_240Hz_ideal,577.0697,0.041832507
3rd_test,disp_240Hz_ideal,577.4031,0.044901025
3rd_test,disp_240Hz_ideal,577.7364,0.040007405
3rd_test,disp_240Hz_ideal,578.0697,0.029611087
3rd_test,disp_240Hz_ideal,578.4031,0.040964606
3rd_test,disp_240Hz_ideal,578.7364,0.04247188
3rd_test,disp_240Hz_ideal,579.0697,0.045651344
3rd_test,disp_240Hz_ideal,579.4031,0.026529685
3rd_test,disp_240Hz_ideal,579.7364,0.040476284
3rd_test,disp_240Hz_ideal,580.0697,0.030722855
3rd_test,disp_240Hz_ideal,580.4031,0.034883753
3rd_test,disp_240Hz_ideal,580.7364,0.033543197
3rd_test,disp_240Hz_ideal,581.0697,0.045710324
3rd_test,disp_240Hz_ideal,581.4031,0.036456918
3rd_test,disp_240Hz_ideal,581.7364,0.056025543
3rd_test,disp_240Hz_ideal,582.0697,0.045043345
3rd_test,disp_240Hz_ideal,582.4031,0.039385926
3rd_test,disp_240Hz_ideal,582.7364,0.039815157
3rd_test,disp_240Hz_ideal,583.0697,0.061531952
3rd_test,disp_240Hz_ideal,583.4031,0.034425246
3rd_test,disp_240Hz_ideal,583.7364,0.034714327
3rd_test,disp_240Hz_ideal,584.0697,0.039069075
3rd_test,disp_240Hz_ideal,584.4031,0.028036023
3rd_test,disp_240Hz_ideal,584.7364,0.055139726
3rd_test,disp_240Hz_ideal,585.0697,0.029201243
3rd_test,disp_240Hz_ideal,585.4031,0.02737586
3rd_test,disp_240Hz_ideal,585.7364,0.035328051
3rd_test,disp_240Hz_ideal,586.0697,0.042481646
3rd_test,disp_240Hz_ideal,586.4031,0.036642048
3rd_test,disp_240Hz_ideal,586.7364,0.052395834
3rd_test,disp_240Hz_ideal,587.0697,0.03437844
3rd_test,disp_240Hz_ideal,587.4031,0.028322647
3rd_test,disp_240Hz_ideal,587.7364,0.048180999
3rd_test,disp_240Hz_ideal,588.0697,0.030282824
3rd_test,disp_240Hz_ideal,588.4031,0.026485
3rd_test,disp_240Hz_ideal,588.7364,0.034435011
3rd_test,disp_240Hz_ideal,589.0697,0.037034762
3rd_test,disp_240Hz_ideal,589.4031,0.044509424
3rd_test,disp_240Hz_ideal,589.7364,0.047799761
3rd_test,disp_240Hz_ideal,590.0697,0.046157182
3rd_test,disp_240Hz_ideal,590.4031,0.03802836
3rd_test,disp_240Hz_ideal,590.7364,0.022198638
3rd_test,disp_240Hz_ideal,591.0697,0.029884254
3rd_test,disp_240Hz_ideal,591.4031,0.037893681
3rd_test,disp_240Hz_ideal,591.7364,0.04880467
3rd_test,disp_240Hz_ideal,592.0697,0.027525736
3rd_test,disp_240Hz_ideal,592.4031,0.027916029
3rd_test,disp_240Hz_ideal,592.7364,0.039216161
3rd_test,disp_240Hz_ideal,593.0697,0.038779727
3rd_test,disp_240Hz_ideal,593.4031,0.02790468
3rd_test,disp_240Hz_ideal,593.7364,0.03374296
3rd_test,disp_240Hz_ideal,594.0697,0.027586228
3rd_test,disp_240Hz_ideal,594.4031,0.035598211
3rd_test,disp_240Hz_ideal,594.7364,0.024337459
3rd_test,disp_240Hz_ideal,595.0697,0.043574795
3rd_test,disp_240Hz_ideal,595.4031,0.049160482
3rd_test,disp_240Hz_ideal,595.7364,0.043145361
3rd_test,disp_240Hz_ideal,596.0697,0.038256532
3rd_test,disp_240Hz_ideal,596.4031,0.0351788
3rd_test,disp_240Hz_ideal,596.7364,0.040275089
3rd_test,disp_240Hz_ideal,597.0697,0.032063079
3rd_test,disp_240Hz_ideal,597.4031,0.043655309
3rd_test,disp_240Hz_ideal,597.7364,0.030472425
3rd_test,disp_240Hz_ideal,598.0697,0.037005949
3rd_test,disp_240Hz_ideal,598.4031,0.036394071
3rd_test,disp_240Hz_ideal,598.7364,0.054823493
3rd_test,disp_240Hz_ideal,599.0697,0.030890322
3rd_test,disp_240Hz_ideal,599.4031,0.032398485
3rd_test,disp_240Hz_ideal,599.7364,0.029609522
3rd_test,disp_240Hz_ideal,600.0697,0.035749288
3rd_test,disp_240Hz_ideal,600.4031,0.027839017
3rd_test,disp_240Hz_ideal,600.7364,0.044221076
3rd_test,disp_240Hz_ideal,601.0697,0.033041505
3rd_test,disp_240Hz_ideal,601.4031,0.037366716
3rd_test,disp_240Hz_ideal,601.7364,0.038861438
3rd_test,disp_240Hz_ideal,602.0697,0.054648181
3rd_test,disp_240Hz_ideal,602.4031,0.036615882
3rd_test,disp_240Hz_ideal,602.7364,0.049774616
3rd_test,disp_240Hz_ideal,603.0697,0.044244972
3rd_test,disp_240Hz_ideal,603.4031,0.03470555
3rd_test,disp_240Hz_ideal,603.7364,0.064760604
3rd_test,disp_240Hz_ideal,604.0697,0.045892934
3rd_test,disp_240Hz_ideal,604.4031,0.029542609
3rd_test,disp_240Hz_ideal,604.7364,0.04114462
3rd_test,disp_240Hz_ideal,605.0697,0.049096741
3rd_test,disp_240Hz_ideal,605.4031,0.034605806
3rd_test,disp_240Hz_ideal,605.7364,0.025819991
3rd_test,disp_240Hz_ideal,606.0697,0.040683627
3rd_test,disp_240Hz_ideal,606.4031,0.040609908
3rd_test,disp_240Hz_ideal,606.7364,0.045218568
3rd_test,disp_240Hz_ideal,607.0697,0.03447988
3rd_test,disp_240Hz_ideal,607.4031,0.031939591
3rd_test,disp_240Hz_ideal,607.7364,0.050609784
3rd_test,disp_240Hz_ideal,608.0697,0.024710656
3rd_test,disp_240Hz_ideal,608.4031,0.044039901
3rd_test,disp_240Hz_ideal,608.7364,0.030891537
3rd_test,disp_240Hz_ideal,609.0697,0.056291337
3rd_test,disp_240Hz_ideal,609.4031,0.04336444
3rd_test,disp_240Hz_ideal,609.7364,0.038379277
3rd_test,disp_240Hz_ideal,610.0697,0.038355452
3rd_test,disp_240Hz_ideal,610.4031,0.03702925
3rd_test,disp_240Hz_ideal,610.7364,0.035803624
3rd_test,disp_240Hz_ideal,611.0697,0.041271034
3rd_test,disp_240Hz_ideal,611.4031,0.03165875
3rd_test,disp_240Hz_ideal,611.7364,0.03958517
3rd_test,disp_240Hz_ideal,612.0697,0.018100043
3rd_test,disp_240Hz_ideal,612.4031,0.047902774
3rd_test,disp_240Hz_ideal,612.7364,0.060184838
3rd_test,disp_240Hz_ideal,613.0697,0.0415928
3rd_test,disp_240Hz_ideal,613.4031,0.045543103
3rd_test,disp_240Hz_ideal,613.7364,0.029834625
3rd_test,disp_240Hz_ideal,614.0697,0.03751073
3rd_test,disp_240Hz_ideal,614.4031,0.046084745
3rd_test,disp_240Hz_ideal,614.7364,0.032244469
3rd_test,disp_240Hz_ideal,615.0697,0.027435406
3rd_test,disp_240Hz_ideal,615.4031,0.042586908
3rd_test,disp_240Hz_ideal,615.7364,0.019325513
3rd_test,disp_240Hz_ideal,616.0697,0.062888495
3rd_test,disp_240Hz_ideal,616.4031,0.033862151
3rd_test,disp_240Hz_ideal,616.7364,0.044511131
3rd_test,disp_240Hz_ideal,617.0697,0.032862848
3rd_test,disp_240Hz_ideal,617.4031,0.050578224
3rd_test,disp_240Hz_ideal,617.7364,0.049129591
3rd_test,disp_240Hz_ideal,618.0697,0.028396872
3rd_test,disp_240Hz_ideal,618.4031,0.031007591
3rd_test,disp_240Hz_ideal,618.7364,0.0281472
3rd_test,disp_240Hz_ideal,619.0697,0.04593112
3rd_test,disp_240Hz_ideal,619.4031,0.036793511
3rd_test,disp_240Hz_ideal,619.7364,0.042323416
3rd_test,disp_240Hz_ideal,620.0697,0.035314347
3rd_test,disp_240Hz_ideal,620.4031,0.029212358
3rd_test,disp_240Hz_ideal,620.7364,0.032143309
3rd_test,disp_240Hz_ideal,621.0697,0.044462525
3rd_test,disp_240Hz_ideal,621.4031,0.030902343
3rd_test,disp_240Hz_ideal,621.7364,0.035330555
3rd_test,disp_240Hz_ideal,622.0697,0.042997478
3rd_test,disp_240Hz_ideal,622.4031,0.036848421
3rd_test,disp_240Hz_ideal,622.7364,0.046909554
3rd_test,disp_240Hz_ideal,623.0697,0.036105566
3rd_test,disp_240Hz_ideal,623.4031,0.037653228
3rd_test,disp_240Hz_ideal,623.7364,0.028608087
3rd_test,disp_240Hz_ideal,624.0697,0.038959178
3rd_test,disp_240Hz_ideal,624.4031,0.029425784
3rd_test,disp_240Hz_ideal,624.7364,0.037843232
3rd_test,disp_240Hz_ideal,625.0697,0.050502472
3rd_test,disp_240Hz_ideal,625.4031,0.031644896
3rd_test,disp_240Hz_ideal,625.7364,0.034007541
3rd_test,disp_240Hz_ideal,626.0697,0.025205018
3rd_test,disp_240Hz_ideal,626.4031,0.029470783
3rd_test,disp_240Hz_ideal,626.7364,0.038507408
3rd_test,disp_240Hz_ideal,627.0697,0.030997291
3rd_test,disp_240Hz_ideal,627.4031,0.035796607
3rd_test,disp_240Hz_ideal,627.7364,0.037951049
3rd_test,disp_240Hz_ideal,628.0697,0.041990434
3rd_test,disp_240Hz_ideal,628.4031,0.041135379
3rd_test,disp_240Hz_ideal,628.7364,0.02598398
3rd_test,disp_240Hz_ideal,629.0697,0.045779421
3rd_test,disp_240Hz_ideal,629.4031,0.031956931
3rd_test,disp_240Hz_ideal,629.7364,0.037941671
3rd_test,disp_240Hz_ideal,630.0697,0.043289972
3rd_test,disp_240Hz_ideal,630.4031,0.039361798
3rd_test,disp_240Hz_ideal,630.7364,0.04594158
3rd_test,disp_240Hz_ideal,631.0697,0.037187617
3rd_test,disp_240Hz_ideal,631.4031,0.030911051
3rd_test,disp_240Hz_ideal,631.7364,0.039161389
3rd_test,disp_240Hz_ideal,632.0697,0.033836201
3rd_test,disp_240Hz_ideal,632.4031,0.044544483
3rd_test,disp_240Hz_ideal,632.7364,0.043360118
3rd_test,disp_240Hz_ideal,633.0697,0.03567552
3rd_test,disp_240Hz_ideal,633.4031,0.04488778
3rd_test,disp_240Hz_ideal,633.7364,0.033005765
3rd_test,disp_240Hz_ideal,634.0697,0.049655663
3rd_test,disp_240Hz_ideal,634.4031,0.031200036
3rd_test,disp_240Hz_ideal,634.7364,0.039609706
3rd_test,disp_240Hz_ideal,635.0697,0.052796596
3rd_test,disp_240Hz_ideal,635.4031,0.029923957
3rd_test,disp_240Hz_ideal,635.7364,0.044232931
3rd_test,disp_240Hz_ideal,636.0697,0.02501964
3rd_test,disp_240Hz_ideal,636.4031,0.054617675
3rd_test,disp_240Hz_ideal,636.7364,0.028549614
3rd_test,disp_240Hz_ideal,637.0697,0.060930644
3rd_test,disp_240Hz_ideal,637.4031,0.048258426
3rd_test,disp_240Hz_ideal,637.7364,0.052361764
3rd_test,disp_240Hz_ideal,638.0697,0.042727235
3rd_test,disp_240Hz_ideal,638.4031,0.021339433
3rd_test,disp_240Hz_ideal,638.7364,0.048014763
3rd_test,disp_240Hz_ideal,639.0697,0.04002902
3rd_test,disp_240Hz_ideal,639.4031,0.029752202
3rd_test,disp_240Hz_ideal,639.7364,0.023705942
3rd_test,disp_240Hz_ideal,640.0697,0.046669318
3rd_test,disp_240Hz_ideal,640.4031,0.029713837
3rd_test,disp_240Hz_ideal,640.7364,0.0321967
3rd_test,disp_240Hz_ideal,641.0697,0.032298826
3rd_test,disp_240Hz_ideal,641.4031,0.045097296
3rd_test,disp_240Hz_ideal,641.7364,0.04094701
3rd_test,disp_240Hz_ideal,642.0697,0.050233169
3rd_test,disp_240Hz_ideal,642.4031,0.030322674
3rd_test,disp_240Hz_ideal,642.7364,0.030403004
3rd_test,disp_240Hz_ideal,643.0697,0.046143405
3rd_test,disp_240Hz_ideal,643.4031,0.033378227
3rd_test,disp_240Hz_ideal,643.7364,0.034291995
3rd_test,disp_240Hz_ideal,644.0697,0.040121664
3rd_test,disp_240Hz_ideal,644.4031,0.048002727
3rd_test,disp_240Hz_ideal,644.7364,0.036941491
3rd_test,disp_240Hz_ideal,645.0697,0.061007683
3rd_test,disp_240Hz_ideal,645.4031,0.039744144
3rd_test,disp_240Hz_ideal,645.7364,0.048132935
3rd_test,disp_240Hz_ideal,646.0697,0.04797988
3rd_test,disp_240Hz_ideal,646.4031,0.029437136
3rd_test,disp_240Hz_ideal,646.7364,0.044202598
3rd_test,disp_240Hz_ideal,647.0697,0.027937235
3rd_test,disp_240Hz_ideal,647.4031,0.046009561
3rd_test,disp_240Hz_ideal,647.7364,0.034710626
3rd_test,disp_240Hz_ideal,648.0697,0.037009701
3rd_test,disp_240Hz_ideal,648.4031,0.037171813
3rd_test,disp_240Hz_ideal,648.7364,0.044776837
3rd_test,disp_240Hz_ideal,649.0697,0.026002649
3rd_test,disp_240Hz_ideal,649.4031,0.036918336
3rd_test,disp_240Hz_ideal,649.7364,0.035306307
3rd_test,disp_240Hz_ideal,650.0697,0.043682624
3rd_test,disp_240Hz_ideal,650.4031,0.050888512
3rd_test,disp_240Hz_ideal,650.7364,0.028823747
3rd_test,disp_240Hz_ideal,651.0697,0.039978104
3rd_test,disp_240Hz_ideal,651.4031,0.043198867
3rd_test,disp_240Hz_ideal,651.7364,0.034838504
3rd_test,disp_240Hz_ideal,652.0697,0.035607228
3rd_test,disp_240Hz_ideal,652.4031,0.041165067
3rd_test,disp_240Hz_ideal,652.7364,0.037964503
3rd_test,disp_240Hz_ideal,653.0697,0.035950831
3rd_test,disp_240Hz_ideal,653.4031,0.029890936
3rd_test,disp_240Hz_ideal,653.7364,0.033374181
3rd_test,disp_240Hz_ideal,654.0697,0.036207282
3rd_test,disp_240Hz_ideal,654.4031,0.040243642
3rd_test,disp_240Hz_ideal,654.7364,0.030185638
3rd_test,disp_240Hz_ideal,655.0697,0.03730796
3rd_test,disp_240Hz_ideal,655.4031,0.030940593
3rd_test,disp_240Hz_ideal,655.7364,0.05168814
3rd_test,disp_240Hz_ideal,656.0697,0.028050251
3rd_test,disp_240Hz_ideal,656.4031,0.05726592
3rd_test,disp_240Hz_ideal,656.7364,0.035925786
3rd_test,disp_240Hz_ideal,657.0697,0.041028853
3rd_test,disp_240Hz_ideal,657.4031,0.026978057
3rd_test,disp_240Hz_ideal,657.7364,0.051032813
3rd_test,disp_240Hz_ideal,658.0697,0.048482217
3rd_test,disp_240Hz_ideal,658.4031,0.030526423
3rd_test,disp_240Hz_ideal,658.7364,0.037239737
3rd_test,disp_240Hz_ideal,659.0697,0.03409398
3rd_test,disp_240Hz_ideal,659.4031,0.056397104
3rd_test,disp_240Hz_ideal,659.7364,0.054619285
3rd_test,disp_240Hz_ideal,660.0697,0.037965768
3rd_test,disp_240Hz_ideal,660.4031,0.029865948
3rd_test,disp_240Hz_ideal,660.7364,0.040176079
3rd_test,disp_240Hz_ideal,661.0697,0.033806358
3rd_test,disp_240Hz_ideal,661.4031,0.048831824
3rd_test,disp_240Hz_ideal,661.7364,0.037150362
3rd_test,disp_240Hz_ideal,662.0697,0.04624185
3rd_test,disp_240Hz_ideal,662.4031,0.03982485
3rd_test,disp_240Hz_ideal,662.7364,0.048529729
3rd_test,disp_240Hz_ideal,663.0697,0.061660533
3rd_test,disp_240Hz_ideal,663.4031,0.03178039
3rd_test,disp_240Hz_ideal,663.7364,0.035623335
3rd_test,disp_240Hz_ideal,664.0697,0.037027061
3rd_test,disp_240Hz_ideal,664.4031,0.037132839
3rd_test,disp_240Hz_ideal,664.7364,0.036865761
3rd_test,disp_240Hz_ideal,665.0697,0.033603999
3rd_test,disp_240Hz_ideal,665.4031,0.046251245
3rd_test,disp_240Hz_ideal,665.7364,0.036990852
3rd_test,disp_240Hz_ideal,666.0697,0.043825718
3rd_test,disp_240Hz_ideal,666.4031,0.021046572
3rd_test,disp_240Hz_ideal,666.7364,0.027314751
3rd_test,disp_240Hz_ideal,667.0697,0.036401
3rd_test,disp_240Hz_ideal,667.4031,0.026836297
3rd_test,disp_240Hz_ideal,667.7364,0.041726355
3rd_test,disp_240Hz_ideal,668.0697,0.034683607
3rd_test,disp_240Hz_ideal,668.4031,0.054702076
3rd_test,disp_240Hz_ideal,668.7364,0.026600645
3rd_test,disp_240Hz_ideal,669.0697,0.037884366
3rd_test,disp_240Hz_ideal,669.4031,0.050703772
3rd_test,disp_240Hz_ideal,669.7364,0.049203574
3rd_test,disp_240Hz_ideal,670.0697,0.042421151
3rd_test,disp_240Hz_ideal,670.4031,0.042965169
3rd_test,disp_240Hz_ideal,670.7364,0.047349999
3rd_test,disp_240Hz_ideal,671.0697,0.047606275
3rd_test,disp_240Hz_ideal,671.4031,0.026496085
3rd_test,disp_240Hz_ideal,671.7364,0.03190646
3rd_test,disp_240Hz_ideal,672.0697,0.028080601
3rd_test,disp_240Hz_ideal,672.4031,0.052238367
3rd_test,disp_240Hz_ideal,672.7364,0.040244594
3rd_test,disp_240Hz_ideal,673.0697,0.03760437
3rd_test,disp_240Hz_ideal,673.4031,0.04754894
3rd_test,disp_240Hz_ideal,673.7364,0.03116966
3rd_test,disp_240Hz_ideal,674.0697,0.038171755
3rd_test,disp_240Hz_ideal,674.4031,0.027727234
3rd_test,disp_240Hz_ideal,674.7364,0.035172619
3rd_test,disp_240Hz_ideal,675.0697,0.037526973
3rd_test,disp_240Hz_ideal,675.4031,0.040330054
3rd_test,disp_240Hz_ideal,675.7364,0.052738893
3rd_test,disp_240Hz_ideal,676.0697,0.035618972
3rd_test,disp_240Hz_ideal,676.4031,0.042320388
3rd_test,disp_240Hz_ideal,676.7364,0.041779519
3rd_test,disp_240Hz_ideal,677.0697,0.048360991
3rd_test,disp_240Hz_ideal,677.4031,0.066950529
3rd_test,disp_240Hz_ideal,677.7364,0.048275873
3rd_test,disp_240Hz_ideal,678.0697,0.043616489
3rd_test,disp_240Hz_ideal,678.4031,0.042848124
3rd_test,disp_240Hz_ideal,678.7364,0.036530285
3rd_test,disp_240Hz_ideal,679.0697,0.038590863
3rd_test,disp_240Hz_ideal,679.4031,0.033887286
3rd_test,disp_240Hz_ideal,679.7364,0.036679703
3rd_test,disp_240Hz_ideal,680.0697,0.04259612
3rd_test,disp_240Hz_ideal,680.4031,0.036922685
3rd_test,disp_240Hz_ideal,680.7364,0.032119789
3rd_test,disp_240Hz_ideal,681.0697,0.024604716
3rd_test,disp_240Hz_ideal,681.4031,0.042714255
3rd_test,disp_240Hz_ideal,681.7364,0.029965868
3rd_test,disp_240Hz_ideal,682.0697,0.026830615
3rd_test,disp_240Hz_ideal,682.4031,0.04642377
3rd_test,disp_240Hz_ideal,682.7364,0.029816184
3rd_test,disp_240Hz_ideal,683.0697,0.03319056
3rd_test,disp_240Hz_ideal,683.4031,0.044893335
3rd_test,disp_240Hz_ideal,683.7364,0.022466817
3rd_test,disp_240Hz_ideal,684.0697,0.032403988
3rd_test,disp_240Hz_ideal,684.4031,0.037170793
3rd_test,disp_240Hz_ideal,684.7364,0.030104787
3rd_test,disp_240Hz_ideal,685.0697,0.034363735
3rd_test,disp_240Hz_ideal,685.4031,0.043370489
3rd_test,disp_240Hz_ideal,685.7364,0.063816963
3rd_test,disp_240Hz_ideal,686.0697,0.039397613
3rd_test,disp_240Hz_ideal,686.4031,0.036912461
3rd_test,disp_240Hz_ideal,686.7364,0.027727243
3rd_test,disp_240Hz_ideal,687.0697,0.034886251
3rd_test,disp_240Hz_ideal,687.4031,0.03601534
3rd_test,disp_240Hz_ideal,687.7364,0.052572126
3rd_test,disp_240Hz_ideal,688.0697,0.02931634
3rd_test,disp_240Hz_ideal,688.4031,0.028688336
3rd_test,disp_240Hz_ideal,688.7364,0.033266995
3rd_test,disp_240Hz_ideal,689.0697,0.03855499
3rd_test,disp_240Hz_ideal,689.4031,0.028471673
3rd_test,disp_240Hz_ideal,689.7364,0.047305615
3rd_test,disp_240Hz_ideal,690.0697,0.03908733
3rd_test,disp_240Hz_ideal,690.4031,0.028915822
3rd_test,disp_240Hz_ideal,690.7364,0.033773625
3rd_test,disp_240Hz_ideal,691.0697,0.035378106
3rd_test,disp_240Hz_ideal,691.4031,0.036788857
3rd_test,disp_240Hz_ideal,691.7364,0.028183728
3rd_test,disp_240Hz_ideal,692.0697,0.057148566
3rd_test,disp_240Hz_ideal,692.4031,0.033504838
3rd_test,disp_240Hz_ideal,692.7364,0.039888317
3rd_test,disp_240Hz_ideal,693.0697,0.033542762
3rd_test,disp_240Hz_ideal,693.4031,0.049271965
3rd_test,disp_240Hz_ideal,693.7364,0.025140386
3rd_test,disp_240Hz_ideal,694.0697,0.041495067
3rd_test,disp_240Hz_ideal,694.4031,0.031136328
3rd_test,disp_240Hz_ideal,694.7364,0.046761106
3rd_test,disp_240Hz_ideal,695.0697,0.036008873
3rd_test,disp_240Hz_ideal,695.4031,0.02999998
3rd_test,disp_240Hz_ideal,695.7364,0.040939589
3rd_test,disp_240Hz_ideal,696.0697,0.031416146
3rd_test,disp_240Hz_ideal,696.4031,0.037492986
3rd_test,disp_240Hz_ideal,696.7364,0.032700806
3rd_test,disp_240Hz_ideal,697.0697,0.032517484
3rd_test,disp_240Hz_ideal,697.4031,0.042893991
3rd_test,disp_240Hz_ideal,697.7364,0.034596611
3rd_test,disp_240Hz_ideal,698.0697,0.042300172
3rd_test,disp_240Hz_ideal,698.4031,0.04590287
3rd_test,disp_240Hz_ideal,698.7364,0.036968664
3rd_test,disp_240Hz_ideal,699.0697,0.035334644
3rd_test,disp_240Hz_ideal,699.4031,0.042686997
3rd_test,disp_240Hz_ideal,699.7364,0.034358224
3rd_test,disp_240Hz_ideal,700.0697,0.040257696
3rd_test,disp_240Hz_ideal,700.4031,0.023706545
3rd_test,disp_240Hz_ideal,700.7364,0.023075577
3rd_test,disp_240Hz_ideal,701.0697,0.049220021
3rd_test,disp_240Hz_ideal,701.4031,0.044127383
3rd_test,disp_240Hz_ideal,701.7364,0.034547994
3rd_test,disp_240Hz_ideal,702.0697,0.019773033
3rd_test,disp_240Hz_ideal,702.4031,0.049780862
3rd_test,disp_240Hz_ideal,702.7364,0.02900748
3rd_test,disp_240Hz_ideal,703.0697,0.027455037
3rd_test,disp_240Hz_ideal,703.4031,0.033971319
3rd_test,disp_240Hz_ideal,703.7364,0.043593138
3rd_test,disp_240Hz_ideal,704.0697,0.038053939
3rd_test,disp_240Hz_ideal,704.4031,0.042127699
3rd_test,disp_240Hz_ideal,704.7364,0.035416587
3rd_test,disp_240Hz_ideal,705.0697,0.054112962
3rd_test,disp_240Hz_ideal,705.4031,0.046050816
3rd_test,disp_240Hz_ideal,705.7364,0.047989795
3rd_test,disp_240Hz_ideal,706.0697,0.045562136
3rd_test,disp_240Hz_ideal,706.4031,0.038796509
3rd_test,disp_240Hz_ideal,706.7364,0.035630296
3rd_test,disp_240Hz_ideal,707.0697,0.047266613
3rd_test,disp_240Hz_ideal,707.4031,0.042343654
3rd_test,disp_240Hz_ideal,707.7364,0.057099561
3rd_test,disp_240Hz_ideal,708.0697,0.039105869
3rd_test,disp_240Hz_ideal,708.4031,0.025338499
3rd_test,disp_240Hz_ideal,708.7364,0.039483399
3rd_test,disp_240Hz_ideal,709.0697,0.040048283
3rd_test,disp_240Hz_ideal,709.4031,0.038846807
3rd_test,disp_240Hz_ideal,709.7364,0.048396582
3rd_test,disp_240Hz_ideal,710.0697,0.033234915
3rd_test,disp_240Hz_ideal,710.4031,0.035831591
3rd_test,disp_240Hz_ideal,710.7364,0.037016852
3rd_test,disp_240Hz_ideal,711.0697,0.041746213
3rd_test,disp_240Hz_ideal,711.4031,0.047572606
3rd_test,disp_240Hz_ideal,711.7364,0.049645474
3rd_test,disp_240Hz_ideal,712.0697,0.028609133
3rd_test,disp_240Hz_ideal,712.4031,0.059704115
3rd_test,disp_240Hz_ideal,712.7364,0.028850486
3rd_test,disp_240Hz_ideal,713.0697,0.035132143
3rd_test,disp_240Hz_ideal,713.4031,0.040595526
3rd_test,disp_240Hz_ideal,713.7364,0.028414016
3rd_test,disp_240Hz_ideal,714.0697,0.039682166
3rd_test,disp_240Hz_ideal,714.4031,0.038915674
3rd_test,disp_240Hz_ideal,714.7364,0.02244473
3rd_test,disp_240Hz_ideal,715.0697,0.038723021
3rd_test,disp_240Hz_ideal,715.4031,0.047973147
3rd_test,disp_240Hz_ideal,715.7364,0.036450967
3rd_test,disp_240Hz_ideal,716.0697,0.043194649
3rd_test,disp_240Hz_ideal,716.4031,0.033703322
3rd_test,disp_240Hz_ideal,716.7364,0.048305461
3rd_test,disp_240Hz_ideal,717.0697,0.049748987
3rd_test,disp_240Hz_ideal,717.4031,0.034440486
3rd_test,disp_240Hz_ideal,717.7364,0.047648713
3rd_test,disp_240Hz_ideal,718.0697,0.030083612
3rd_test,disp_240Hz_ideal,718.4031,0.045484369
3rd_test,disp_240Hz_ideal,718.7364,0.040997665
3rd_test,disp_240Hz_ideal,719.0697,0.03390835
3rd_test,disp_240Hz_ideal,719.4031,0.033152936
3rd_test,disp_240Hz_ideal,719.7364,0.038454156
3rd_test,disp_240Hz_ideal,720.0697,0.037859897
3rd_test,disp_240Hz_ideal,720.4031,0.041221965
3rd_test,disp_240Hz_ideal,720.7364,0.043565634
3rd_test,disp_240Hz_ideal,721.0697,0.024742855
3rd_test,disp_240Hz_ideal,721.4031,0.043489532
3rd_test,disp_240Hz_ideal,721.7364,0.049281016
3rd_test,disp_240Hz_ideal,722.0697,0.028803235
3rd_test,disp_240Hz_ideal,722.4031,0.035459228
3rd_test,disp_240Hz_ideal,722.7364,0.04700385
3rd_test,disp_240Hz_ideal,723.0697,0.065580225
3rd_test,disp_240Hz_ideal,723.4031,0.033451734
3rd_test,disp_240Hz_ideal,723.7364,0.033138097
3rd_test,disp_240Hz_ideal,724.0697,0.044586477
3rd_test,disp_240Hz_ideal,724.4031,0.034950395
3rd_test,disp_240Hz_ideal,724.7364,0.042930251
3rd_test,disp_240Hz_ideal,725.0697,0.039336602
3rd_test,disp_240Hz_ideal,725.4031,0.032503155
3rd_test,disp_240Hz_ideal,725.7364,0.050482755
3rd_test,disp_240Hz_ideal,726.0697,0.029837082
3rd_test,disp_240Hz_ideal,726.4031,0.034582104
3rd_test,disp_240Hz_ideal,726.7364,0.036792583
3rd_test,disp_240Hz_ideal,727.0697,0.049397209
3rd_test,disp_240Hz_ideal,727.4031,0.039477175
3rd_test,disp_240Hz_ideal,727.7364,0.041917784
3rd_test,disp_240Hz_ideal,728.0697,0.019139547
3rd_test,disp_240Hz_ideal,728.4031,0.03318796
3rd_test,disp_240Hz_ideal,728.7364,0.030163172
3rd_test,disp_240Hz_ideal,729.0697,0.04722298
3rd_test,disp_240Hz_ideal,729.4031,0.050801333
3rd_test,disp_240Hz_ideal,729.7364,0.036166759
3rd_test,disp_240Hz_ideal,730.0697,0.029270227
3rd_test,disp_240Hz_ideal,730.4031,0.051776865
3rd_test,disp_240Hz_ideal,730.7364,0.029164769
3rd_test,disp_240Hz_ideal,731.0697,0.038640162
3rd_test,disp_240Hz_ideal,731.4031,0.025931844
3rd_test,disp_240Hz_ideal,731.7364,0.057149131
3rd_test,disp_240Hz_ideal,732.0697,0.031191678
3rd_test,disp_240Hz_ideal,732.4031,0.027638163
3rd_test,disp_240Hz_ideal,732.7364,0.033275549
3rd_test,disp_240Hz_ideal,733.0697,0.041183806
3rd_test,disp_240Hz_ideal,733.4031,0.044428004
3rd_test,disp_240Hz_ideal,733.7364,0.036405061
3rd_test,disp_240Hz_ideal,734.0697,0.047204406
3rd_test,disp_240Hz_ideal,734.4031,0.032312761
3rd_test,disp_240Hz_ideal,734.7364,0.031322388
3rd_test,disp_240Hz_ideal,735.0697,0.034853403
3rd_test,disp_240Hz_ideal,735.4031,0.034773854
3rd_test,disp_240Hz_ideal,735.7364,0.030668867
3rd_test,disp_240Hz_ideal,736.0697,0.035532398
3rd_test,disp_240Hz_ideal,736.4031,0.043810412
3rd_test,disp_240Hz_ideal,737.7364,0.038127625
3rd_test,disp_240Hz_ideal,738.0697,0.046592596
3rd_test,disp_240Hz_ideal,738.4031,0.046014048
3rd_test,disp_240Hz_ideal,738.7364,0.031612733
3rd_test,disp_240Hz_ideal,739.0697,0.023295374
3rd_test,disp_240Hz_ideal,739.4031,0.054673468
3rd_test,disp_240Hz_ideal,739.7364,0.03634798
3rd_test,disp_240Hz_ideal,740.0697,0.041109811
3rd_test,disp_240Hz_ideal,740.4031,0.04414685
3rd_test,disp_240Hz_ideal,740.7364,0.042139322
3rd_test,disp_240Hz_ideal,741.0697,0.052046235
3rd_test,disp_240Hz_ideal,741.4031,0.038480729
3rd_test,disp_240Hz_ideal,741.7364,0.048397214
3rd_test,disp_240Hz_ideal,742.0697,0.040064812
3rd_test,disp_240Hz_ideal,742.4031,0.026783825
3rd_test,disp_240Hz_ideal,742.7364,0.032481419
3rd_test,disp_240Hz_ideal,743.0697,0.033114028
3rd_test,disp_240Hz_ideal,743.4031,0.035372128
3rd_test,disp_240Hz_ideal,743.7364,0.034224792
3rd_test,disp_240Hz_ideal,744.0697,0.019682851
3rd_test,disp_240Hz_ideal,744.4031,0.033201789
3rd_test,disp_240Hz_ideal,744.7364,0.04067609
3rd_test,disp_240Hz_ideal,745.0697,0.040277037
3rd_test,disp_240Hz_ideal,745.4031,0.050391429
3rd_test,disp_240Hz_ideal,745.7364,0.044301852
3rd_test,disp_240Hz_ideal,746.0697,0.041532423
3rd_test,disp_240Hz_ideal,746.4031,0.040955119
3rd_test,disp_240Hz_ideal,746.7364,0.039539163
3rd_test,disp_240Hz_ideal,747.0697,0.043208303
3rd_test,disp_240Hz_ideal,747.4031,0.041621037
3rd_test,disp_240Hz_ideal,747.7364,0.04396724
3rd_test,disp_240Hz_ideal,748.0697,0.036933564
3rd_test,disp_240Hz_ideal,748.4031,0.040185745
3rd_test,disp_240Hz_ideal,748.7364,0.037453066
3rd_test,disp_240Hz_ideal,749.0697,0.049800012
3rd_test,disp_240Hz_ideal,749.4031,0.037650961
3rd_test,disp_240Hz_ideal,749.7364,0.032894284
3rd_test,disp_240Hz_ideal,750.0697,0.047829683
3rd_test,disp_240Hz_ideal,750.4031,0.026688858
3rd_test,disp_240Hz_ideal,750.7364,0.034997672
3rd_test,disp_240Hz_ideal,751.0697,0.045577766
3rd_test,disp_240Hz_ideal,751.4031,0.031636247
3rd_test,disp_240Hz_ideal,751.7364,0.059382869
3rd_test,disp_240Hz_ideal,752.0697,0.066286978
3rd_test,disp_240Hz_ideal,752.4031,0.042588608
3rd_test,disp_240Hz_ideal,752.7364,0.038976604
3rd_test,disp_240Hz_ideal,753.0697,0.042736452
3rd_test,disp_240Hz_ideal,753.4031,0.032634306
3rd_test,disp_240Hz_ideal,753.7364,0.049381278
3rd_test,disp_240Hz_ideal,754.0697,0.043573993
3rd_test,disp_240Hz_ideal,754.4031,0.041634894
3rd_test,disp_240Hz_ideal,754.7364,0.035786565
3rd_test,disp_240Hz_ideal,755.0697,0.025648265
3rd_test,disp_240Hz_ideal,755.4031,0.038142369
3rd_test,disp_240Hz_ideal,755.7364,0.049687552
3rd_test,disp_240Hz_ideal,756.0697,0.055494308
3rd_test,disp_240Hz_ideal,756.4031,0.047783918
3rd_test,disp_240Hz_ideal,756.7364,0.043412385
3rd_test,disp_240Hz_ideal,757.0697,0.046138617
3rd_test,disp_240Hz_ideal,757.4031,0.028017956
3rd_test,disp_240Hz_ideal,757.7364,0.028635068
3rd_test,disp_240Hz_ideal,758.0697,0.042699829
3rd_test,disp_240Hz_ideal,758.4031,0.03869751
3rd_test,disp_240Hz_ideal,758.7364,0.03755858
3rd_test,disp_240Hz_ideal,759.0697,0.034330343
3rd_test,disp_240Hz_ideal,759.4031,0.042729754
3rd_test,disp_240Hz_ideal,759.7364,0.032704408
3rd_test,disp_240Hz_ideal,760.0697,0.023110939
3rd_test,disp_240Hz_ideal,760.4031,0.022474569
3rd_test,disp_240Hz_ideal,760.7364,0.039043577
3rd_test,disp_240Hz_ideal,761.0697,0.036841901
3rd_test,disp_240Hz_ideal,761.4031,0.044326786
3rd_test,disp_240Hz_ideal,761.7364,0.048708907
3rd_test,disp_240Hz_ideal,762.0697,0.029134161
3rd_test,disp_240Hz_ideal,762.4031,0.060368832
3rd_test,disp_240Hz_ideal,762.7364,0.03932135
3rd_test,disp_240Hz_ideal,763.0697,0.052268
3rd_test,disp_240Hz_ideal,763.4031,0.035354533
3rd_test,disp_240Hz_ideal,763.7364,0.042727237
3rd_test,disp_240Hz_ideal,764.0697,0.054547388
3rd_test,disp_240Hz_ideal,764.4031,0.046406711
3rd_test,disp_240Hz_ideal,764.7364,0.052845908
3rd_test,disp_240Hz_ideal,765.0697,0.04377548
3rd_test,disp_240Hz_ideal,765.4031,0.031895709
3rd_test,disp_240Hz_ideal,765.7364,0.032812001
3rd_test,disp_240Hz_ideal,766.0697,0.025458448
3rd_test,disp_240Hz_ideal,766.4031,0.051590903
3rd_test,disp_240Hz_ideal,766.7364,0.029588048
3rd_test,disp_240Hz_ideal,767.0697,0.028617805
3rd_test,disp_240Hz_ideal,767.4031,0.03888948
3rd_test,disp_240Hz_ideal,767.7364,0.033316296
3rd_test,disp_240Hz_ideal,768.0697,0.030583721
3rd_test,disp_240Hz_ideal,768.4031,0.028100073
3rd_test,disp_240Hz_ideal,768.7364,0.033040595
3rd_test,disp_240Hz_ideal,769.0697,0.038580101
3rd_test,disp_240Hz_ideal,769.4031,0.03679584
3rd_test,disp_240Hz_ideal,769.7364,0.043739597
3rd_test,disp_240Hz_ideal,770.0697,0.035610964
3rd_test,disp_240Hz_ideal,770.4031,0.042343012
3rd_test,disp_240Hz_ideal,770.7364,0.032571636
3rd_test,disp_240Hz_ideal,771.0697,0.038677873
3rd_test,disp_240Hz_ideal,771.4031,0.035434175
3rd_test,disp_240Hz_ideal,771.7364,0.04318253
3rd_test,disp_240Hz_ideal,772.0697,0.049344383
3rd_test,disp_240Hz_ideal,772.4031,0.043411773
3rd_test,disp_240Hz_ideal,772.7364,0.038254276
3rd_test,disp_240Hz_ideal,773.0697,0.044673693
3rd_test,disp_240Hz_ideal,773.4031,0.028191129
3rd_test,disp_240Hz_ideal,773.7364,0.027292053
3rd_test,disp_240Hz_ideal,774.0697,0.048650807
3rd_test,disp_240Hz_ideal,774.4031,0.070999421
3rd_test,disp_240Hz_ideal,774.7364,0.027376301
3rd_test,disp_240Hz_ideal,775.0697,0.039651702
3rd_test,disp_240Hz_ideal,775.4031,0.036606691
3rd_test,disp_240Hz_ideal,775.7364,0.033104036
3rd_test,disp_240Hz_ideal,776.0697,0.059059273
3rd_test,disp_240Hz_ideal,776.4031,0.054092467
3rd_test,disp_240Hz_ideal,776.7364,0.033099087
3rd_test,disp_240Hz_ideal,777.0697,0.041761512
3rd_test,disp_240Hz_ideal,777.4031,0.060885178
3rd_test,disp_240Hz_ideal,777.7364,0.051949268
3rd_test,disp_240Hz_ideal,778.0697,0.036712919
3rd_test,disp_240Hz_ideal,778.4031,0.031192555
3rd_test,disp_240Hz_ideal,778.7364,0.078359392
3rd_test,disp_240Hz_ideal,779.0697,0.025313302
3rd_test,disp_240Hz_ideal,779.4031,0.028557379
3rd_test,disp_240Hz_ideal,779.7364,0.03764453
3rd_test,disp_240Hz_ideal,780.0697,0.040164256
3rd_test,disp_240Hz_ideal,780.4031,0.037399011
3rd_test,disp_240Hz_ideal,780.7364,0.036284868
3rd_test,disp_240Hz_ideal,781.0697,0.054826194
3rd_test,disp_240Hz_ideal,781.4031,0.042924094
3rd_test,disp_240Hz_ideal,781.7364,0.040435398
3rd_test,disp_240Hz_ideal,782.0697,0.034512446
3rd_test,disp_240Hz_ideal,782.4031,0.043624219
3rd_test,disp_240Hz_ideal,782.7364,0.051114981
3rd_test,disp_240Hz_ideal,783.0697,0.045922458
3rd_test,disp_240Hz_ideal,783.4031,0.051191971
3rd_test,disp_240Hz_ideal,783.7364,0.030662051
3rd_test,disp_240Hz_ideal,784.0697,0.044409408
3rd_test,disp_240Hz_ideal,784.4031,0.053020519
3rd_test,disp_240Hz_ideal,784.7364,0.031543893
3rd_test,disp_240Hz_ideal,785.0697,0.05527879
3rd_test,disp_240Hz_ideal,785.4031,0.038195083
3rd_test,disp_240Hz_ideal,785.7364,0.039970797
3rd_test,disp_240Hz_ideal,786.0697,0.050412765
3rd_test,disp_240Hz_ideal,786.4031,0.026889966
3rd_test,disp_240Hz_ideal,786.7364,0.056855553
3rd_test,disp_240Hz_ideal,787.0697,0.029479507
3rd_test,disp_240Hz_ideal,787.4031,0.037036972
3rd_test,disp_240Hz_ideal,787.7364,0.029033134
3rd_test,disp_240Hz_ideal,788.0697,0.038544159
3rd_test,disp_240Hz_ideal,788.4031,0.025108734
3rd_test,disp_240Hz_ideal,788.7364,0.039945643
3rd_test,disp_240Hz_ideal,789.0697,0.033962815
3rd_test,disp_240Hz_ideal,789.4031,0.038337257
3rd_test,disp_240Hz_ideal,789.7364,0.018654055
3rd_test,disp_240Hz_ideal,790.0697,0.033468174
3rd_test,disp_240Hz_ideal,790.4031,0.027067678
3rd_test,disp_240Hz_ideal,790.7364,0.048770989
3rd_test,disp_240Hz_ideal,791.0697,0.030473136
3rd_test,disp_240Hz_ideal,791.4031,0.03777531
3rd_test,disp_240Hz_ideal,791.7364,0.039033921
3rd_test,disp_240Hz_ideal,792.0697,0.051097407
3rd_test,disp_240Hz_ideal,792.4031,0.032127455
3rd_test,disp_240Hz_ideal,792.7364,0.032492996
3rd_test,disp_240Hz_ideal,793.0697,0.041115894
3rd_test,disp_240Hz_ideal,793.4031,0.033320812
3rd_test,disp_240Hz_ideal,793.7364,0.024873801
3rd_test,disp_240Hz_ideal,794.0697,0.031788637
3rd_test,disp_240Hz_ideal,794.4031,0.029449711
3rd_test,disp_240Hz_ideal,794.7364,0.040746514
3rd_test,disp_240Hz_ideal,795.0697,0.024795434
3rd_test,disp_240Hz_ideal,795.4031,0.033713818
3rd_test,disp_240Hz_ideal,795.7364,0.029746864
3rd_test,disp_240Hz_ideal,796.0697,0.044295255
3rd_test,disp_240Hz_ideal,796.4031,0.04850335
3rd_test,disp_240Hz_ideal,796.7364,0.045885878
3rd_test,disp_240Hz_ideal,797.0697,0.045069687
3rd_test,disp_240Hz_ideal,797.4031,0.028478058
3rd_test,disp_240Hz_ideal,797.7364,0.036348469
3rd_test,disp_240Hz_ideal,798.0697,0.0373851
3rd_test,disp_240Hz_ideal,798.4031,0.035046902
3rd_test,disp_240Hz_ideal,798.7364,0.031919142
3rd_test,disp_240Hz_ideal,799.0697,0.042961065
3rd_test,disp_240Hz_ideal,799.4031,0.022928952
3rd_test,disp_240Hz_ideal,799.7364,0.032138209
3rd_test,disp_240Hz_ideal,800.0697,0.035054025
3rd_test,disp_240Hz_ideal,800.4031,0.035386838
3rd_test,disp_240Hz_ideal,800.7364,0.046686286
3rd_test,disp_240Hz_ideal,801.0697,0.032432787
3rd_test,disp_240Hz_ideal,801.4031,0.040080107
3rd_test,disp_240Hz_ideal,801.7364,0.046385709
3rd_test,disp_240Hz_ideal,802.0697,0.03394417
3rd_test,disp_240Hz_ideal,802.4031,0.031338682
3rd_test,disp_240Hz_ideal,802.7364,0.050194777
3rd_test,disp_240Hz_ideal,803.0697,0.030192456
3rd_test,disp_240Hz_ideal,803.4031,0.054541552
3rd_test,disp_240Hz_ideal,803.7364,0.035965158
3rd_test,disp_240Hz_ideal,804.0697,0.0469802
3rd_test,disp_240Hz_ideal,804.4031,0.02639938
3rd_test,disp_240Hz_ideal,804.7364,0.025219385
3rd_test,disp_240Hz_ideal,805.0697,0.036302583
3rd_test,disp_240Hz_ideal,805.4031,0.044041341
3rd_test,disp_240Hz_ideal,805.7364,0.039340724
3rd_test,disp_240Hz_ideal,806.0697,0.060409811
3rd_test,disp_240Hz_ideal,806.4031,0.034020398
3rd_test,disp_240Hz_ideal,806.7364,0.026956082
3rd_test,disp_240Hz_ideal,807.0697,0.040878061
3rd_test,disp_240Hz_ideal,807.4031,0.031882697
3rd_test,disp_240Hz_ideal,807.7364,0.024446842
3rd_test,disp_240Hz_ideal,808.0697,0.034173456
3rd_test,disp_240Hz_ideal,808.4031,0.028320017
3rd_test,disp_240Hz_ideal,808.7364,0.04058244
3rd_test,disp_240Hz_ideal,809.0697,0.037294805
3rd_test,disp_240Hz_ideal,809.4031,0.051311967
3rd_test,disp_240Hz_ideal,809.7364,0.027439057
3rd_test,disp_240Hz_ideal,810.0697,0.051633027
3rd_test,disp_240Hz_ideal,810.4031,0.041918633
3rd_test,disp_240Hz_ideal,810.7364,0.042380026
3rd_test,disp_240Hz_ideal,811.0697,0.029139312
3rd_test,disp_240Hz_ideal,811.4031,0.053036531
3rd_test,disp_240Hz_ideal,811.7364,0.046321608
3rd_test,disp_240Hz_ideal,812.0697,0.050000848
3rd_test,disp_240Hz_ideal,812.4031,0.034203387
3rd_test,disp_240Hz_ideal,812.7364,0.035487469
3rd_test,disp_240Hz_ideal,813.0697,0.046711478
3rd_test,disp_240Hz_ideal,813.4031,0.038042119
3rd_test,disp_240Hz_ideal,813.7364,0.028478026
3rd_test,disp_240Hz_ideal,814.0697,0.03877422
3rd_test,disp_240Hz_ideal,814.4031,0.070015891
3rd_test,disp_240Hz_ideal,814.7364,0.054663456
3rd_test,disp_240Hz_ideal,815.0697,0.041426539
3rd_test,disp_240Hz_ideal,815.4031,0.040794598
3rd_test,disp_240Hz_ideal,815.7364,0.035446039
3rd_test,disp_240Hz_ideal,816.0697,0.043900282
3rd_test,disp_240Hz_ideal,816.4031,0.029830344
3rd_test,disp_240Hz_ideal,816.7364,0.047122097
3rd_test,disp_240Hz_ideal,817.0697,0.057411889
3rd_test,disp_240Hz_ideal,817.4031,0.029694102
3rd_test,disp_240Hz_ideal,817.7364,0.031787703
3rd_test,disp_240Hz_ideal,818.0697,0.043646086
3rd_test,disp_240Hz_ideal,818.4031,0.032366271
3rd_test,disp_240Hz_ideal,818.7364,0.052437308
3rd_test,disp_240Hz_ideal,819.0697,0.034879846
3rd_test,disp_240Hz_ideal,819.4031,0.041207342
3rd_test,disp_240Hz_ideal,819.7364,0.047024314
3rd_test,disp_240Hz_ideal,820.0697,0.066424455
3rd_test,disp_240Hz_ideal,820.4031,0.04616658
3rd_test,disp_240Hz_ideal,820.7364,0.049658174
3rd_test,disp_240Hz_ideal,821.0697,0.031691573
3rd_test,disp_240Hz_ideal,821.4031,0.034849229
3rd_test,disp_240Hz_ideal,821.7364,0.049316225
3rd_test,disp_240Hz_ideal,822.0697,0.065052756
3rd_test,disp_240Hz_ideal,822.4031,0.044709501
3rd_test,disp_240Hz_ideal,822.7364,0.029517136
3rd_test,disp_240Hz_ideal,823.0697,0.039985303
3rd_test,disp_240Hz_ideal,823.4031,0.041991349
3rd_test,disp_240Hz_ideal,823.7364,0.03656663
3rd_test,disp_240Hz_ideal,824.0697,0.041463999
3rd_test,disp_240Hz_ideal,824.4031,0.055086252
3rd_test,disp_240Hz_ideal,824.7364,0.036210741
3rd_test,disp_240Hz_ideal,825.0697,0.032094716
3rd_test,disp_240Hz_ideal,825.4031,0.029422876
3rd_test,disp_240Hz_ideal,825.7364,0.028669282
3rd_test,disp_240Hz_ideal,826.0697,0.034932904
3rd_test,disp_240Hz_ideal,826.4031,0.035261706
3rd_test,disp_240Hz_ideal,826.7364,0.061628391
3rd_test,disp_240Hz_ideal,827.0697,0.036054189
3rd_test,disp_240Hz_ideal,827.4031,0.03945527
3rd_test,disp_240Hz_ideal,827.7364,0.036412834
3rd_test,disp_240Hz_ideal,828.0697,0.046279539
3rd_test,disp_240Hz_ideal,828.4031,0.033271631
3rd_test,disp_240Hz_ideal,828.7364,0.031520564
3rd_test,disp_240Hz_ideal,829.0697,0.037631076
3rd_test,disp_240Hz_ideal,829.4031,0.050613068
3rd_test,disp_240Hz_ideal,829.7364,0.023819906
3rd_test,disp_240Hz_ideal,830.0697,0.046315001
3rd_test,disp_240Hz_ideal,830.4031,0.035753533
3rd_test,disp_240Hz_ideal,830.7364,0.044777409
3rd_test,disp_240Hz_ideal,831.0697,0.055013968
3rd_test,disp_240Hz_ideal,831.4031,0.043259659
3rd_test,disp_240Hz_ideal,831.7364,0.034931624
3rd_test,disp_240Hz_ideal,832.0697,0.025823653
3rd_test,disp_240Hz_ideal,832.4031,0.040109265
3rd_test,disp_240Hz_ideal,832.7364,0.042449874
3rd_test,disp_240Hz_ideal,833.0697,0.033035911
3rd_test,disp_240Hz_ideal,833.4031,0.042918614
3rd_test,disp_240Hz_ideal,833.7364,0.042550459
3rd_test,disp_240Hz_ideal,834.0697,0.041238968
3rd_test,disp_240Hz_ideal,834.4031,0.037094562
3rd_test,disp_240Hz_ideal,834.7364,0.034346619
3rd_test,disp_240Hz_ideal,835.0697,0.040675304
3rd_test,disp_240Hz_ideal,835.4031,0.030733233
3rd_test,disp_240Hz_ideal,835.7364,0.039314485
3rd_test,disp_240Hz_ideal,836.0697,0.038164367
3rd_test,disp_240Hz_ideal,836.4031,0.047397648
3rd_test,disp_240Hz_ideal,836.7364,0.028967919
3rd_test,disp_240Hz_ideal,837.0697,0.049484371
3rd_test,disp_240Hz_ideal,837.4031,0.032097679
3rd_test,disp_240Hz_ideal,837.7364,0.031853498
3rd_test,disp_240Hz_ideal,838.0697,0.039025721
3rd_test,disp_240Hz_ideal,838.4031,0.027251746
3rd_test,disp_240Hz_ideal,838.7364,0.044745844
3rd_test,disp_240Hz_ideal,839.0697,0.032385898
3rd_test,disp_240Hz_ideal,839.4031,0.028368587
3rd_test,disp_240Hz_ideal,839.7364,0.053562404
3rd_test,disp_240Hz_ideal,840.0697,0.03929744
3rd_test,disp_240Hz_ideal,840.4031,0.05328038
3rd_test,disp_240Hz_ideal,840.7364,0.041354991
3rd_test,disp_240Hz_ideal,841.0697,0.053340727
3rd_test,disp_240Hz_ideal,841.4031,0.038020682
3rd_test,disp_240Hz_ideal,841.7364,0.050434106
3rd_test,disp_240Hz_ideal,842.0697,0.040357695
3rd_test,disp_240Hz_ideal,842.4031,0.037721143
3rd_test,disp_240Hz_ideal,842.7364,0.029856653
3rd_test,disp_240Hz_ideal,843.0697,0.049948947
3rd_test,disp_240Hz_ideal,843.4031,0.048495112
3rd_test,disp_240Hz_ideal,843.7364,0.034880359
3rd_test,disp_240Hz_ideal,844.0697,0.03780527
3rd_test,disp_240Hz_ideal,844.4031,0.033247218
3rd_test,disp_240Hz_ideal,844.7364,0.05204307
3rd_test,disp_240Hz_ideal,845.0697,0.03594317
3rd_test,disp_240Hz_ideal,845.4031,0.027637683
3rd_test,disp_240Hz_ideal,845.7364,0.038160733
3rd_test,disp_240Hz_ideal,846.0697,0.037740372
3rd_test,disp_240Hz_ideal,846.4031,0.052183414
3rd_test,disp_240Hz_ideal,846.7364,0.042386583
3rd_test,disp_240Hz_ideal,847.0697,0.044136884
3rd_test,disp_240Hz_ideal,847.4031,0.03995396
3rd_test,disp_240Hz_ideal,847.7364,0.034466254
3rd_test,disp_240Hz_ideal,848.0697,0.029235108
3rd_test,disp_240Hz_ideal,848.4031,0.042782614
3rd_test,disp_240Hz_ideal,848.7364,0.042825656
3rd_test,disp_240Hz_ideal,849.0697,0.031436265
3rd_test,disp_240Hz_ideal,849.4031,0.033842962
3rd_test,disp_240Hz_ideal,849.7364,0.035270269
3rd_test,disp_240Hz_ideal,850.0697,0.03958607
3rd_test,disp_240Hz_ideal,850.4031,0.052268698
3rd_test,disp_240Hz_ideal,850.7364,0.035295001
3rd_test,disp_240Hz_ideal,851.0697,0.058596846
3rd_test,disp_240Hz_ideal,851.4031,0.037808067
3rd_test,disp_240Hz_ideal,851.7364,0.046882017
3rd_test,disp_240Hz_ideal,852.0697,0.048090728
3rd_test,disp_240Hz_ideal,852.4031,0.027887744
3rd_test,disp_240Hz_ideal,852.7364,0.030766267
3rd_test,disp_240Hz_ideal,853.0697,0.050249106
3rd_test,disp_240Hz_ideal,853.4031,0.041801336
3rd_test,disp_240Hz_ideal,853.7364,0.054159796
3rd_test,disp_240Hz_ideal,854.0697,0.037205125
3rd_test,disp_240Hz_ideal,854.4031,0.035775042
3rd_test,disp_240Hz_ideal,854.7364,0.034788128
3rd_test,disp_240Hz_ideal,855.0697,0.043499068
3rd_test,disp_240Hz_ideal,855.4031,0.041583072
3rd_test,disp_240Hz_ideal,855.7364,0.036373034
3rd_test,disp_240Hz_ideal,856.0697,0.03891673
3rd_test,disp_240Hz_ideal,856.4031,0.053354394
3rd_test,disp_240Hz_ideal,856.7364,0.05596147
3rd_test,disp_240Hz_ideal,857.0697,0.04574317
3rd_test,disp_240Hz_ideal,857.4031,0.03496031
3rd_test,disp_240Hz_ideal,857.7364,0.044680868
3rd_test,disp_240Hz_ideal,858.0697,0.032237813
3rd_test,disp_240Hz_ideal,858.4031,0.056025791
3rd_test,disp_240Hz_ideal,858.7364,0.055247679
3rd_test,disp_240Hz_ideal,859.0697,0.042495122
3rd_test,disp_240Hz_ideal,859.4031,0.02814869
3rd_test,disp_240Hz_ideal,859.7364,0.040298265
3rd_test,disp_240Hz_ideal,860.0697,0.037517209
3rd_test,disp_240Hz_ideal,860.4031,0.031846086
3rd_test,disp_240Hz_ideal,860.7364,0.051874091
3rd_test,disp_240Hz_ideal,861.0697,0.027996877
3rd_test,disp_240Hz_ideal,861.4031,0.027848761
3rd_test,disp_240Hz_ideal,861.7364,0.030950172
3rd_test,disp_240Hz_ideal,862.0697,0.054562043
3rd_test,disp_240Hz_ideal,862.4031,0.033092203
3rd_test,disp_240Hz_ideal,862.7364,0.030202009
3rd_test,disp_240Hz_ideal,863.0697,0.03891475
3rd_test,disp_240Hz_ideal,863.4031,0.043803391
3rd_test,disp_240Hz_ideal,863.7364,0.028343093
3rd_test,disp_240Hz_ideal,864.0697,0.03089045
3rd_test,disp_240Hz_ideal,864.4031,0.041264908
3rd_test,disp_240Hz_ideal,864.7364,0.027869651
3rd_test,disp_240Hz_ideal,865.0697,0.057070501
3rd_test,disp_240Hz_ideal,865.4031,0.032190826
3rd_test,disp_240Hz_ideal,865.7364,0.038182812
3rd_test,disp_240Hz_ideal,866.0697,0.035097299
3rd_test,disp_240Hz_ideal,866.4031,0.042245637
3rd_test,disp_240Hz_ideal,866.7364,0.0521393
3rd_test,disp_240Hz_ideal,867.0697,0.050448238
3rd_test,disp_240Hz_ideal,867.4031,0.034349662
3rd_test,disp_240Hz_ideal,867.7364,0.034692644
3rd_test,disp_240Hz_ideal,868.0697,0.05068163
3rd_test,disp_240Hz_ideal,868.4031,0.023555029
3rd_test,disp_240Hz_ideal,868.7364,0.02421313
3rd_test,disp_240Hz_ideal,869.0697,0.047216554
3rd_test,disp_240Hz_ideal,869.4031,0.044636168
3rd_test,disp_240Hz_ideal,869.7364,0.034594329
3rd_test,disp_240Hz_ideal,870.0697,0.025125448
3rd_test,disp_240Hz_ideal,870.4031,0.039283192
3rd_test,disp_240Hz_ideal,870.7364,0.041430337
3rd_test,disp_240Hz_ideal,871.0697,0.04371324
3rd_test,disp_240Hz_ideal,871.4031,0.036285013
3rd_test,disp_240Hz_ideal,871.7364,0.035634005
3rd_test,disp_240Hz_ideal,872.0697,0.046014292
3rd_test,disp_240Hz_ideal,872.4031,0.032463644
3rd_test,disp_240Hz_ideal,872.7364,0.027929968
3rd_test,disp_240Hz_ideal,873.0697,0.06279355
3rd_test,disp_240Hz_ideal,873.4031,0.040823507
3rd_test,disp_240Hz_ideal,873.7364,0.043646636
3rd_test,disp_240Hz_ideal,874.0697,0.042495453
3rd_test,disp_240Hz_ideal,874.4031,0.053755333
3rd_test,disp_240Hz_ideal,874.7364,0.036608424
3rd_test,disp_240Hz_ideal,875.0697,0.044839755
3rd_test,disp_240Hz_ideal,875.4031,0.047082109
3rd_test,disp_240Hz_ideal,875.7364,0.037091009
3rd_test,disp_240Hz_ideal,876.0697,0.031700009
3rd_test,disp_240Hz_ideal,876.4031,0.039394975
3rd_test,disp_240Hz_ideal,876.7364,0.040524807
3rd_test,disp_240Hz_ideal,877.0697,0.029413695
3rd_test,disp_240Hz_ideal,877.4031,0.03620036
3rd_test,disp_240Hz_ideal,877.7364,0.028719134
3rd_test,disp_240Hz_ideal,878.0697,0.036956951
3rd_test,disp_240Hz_ideal,878.4031,0.036906208
3rd_test,disp_240Hz_ideal,878.7364,0.044536652
3rd_test,disp_240Hz_ideal,879.0697,0.026520594
3rd_test,disp_240Hz_ideal,879.4031,0.035545306
3rd_test,disp_240Hz_ideal,879.7364,0.029835009
3rd_test,disp_240Hz_ideal,880.0697,0.029085162
3rd_test,disp_240Hz_ideal,880.4031,0.042334246
3rd_test,disp_240Hz_ideal,880.7364,0.038205476
3rd_test,disp_240Hz_ideal,881.0697,0.038392917
3rd_test,disp_240Hz_ideal,881.4031,0.03450645
3rd_test,disp_240Hz_ideal,881.7364,0.050915353
3rd_test,disp_240Hz_ideal,882.0697,0.022745835
3rd_test,disp_240Hz_ideal,882.4031,0.049082378
3rd_test,disp_240Hz_ideal,882.7364,0.047842451
3rd_test,disp_240Hz_ideal,883.0697,0.04375875
3rd_test,disp_240Hz_ideal,883.4031,0.063669617
3rd_test,disp_240Hz_ideal,883.7364,0.042996121
3rd_test,disp_240Hz_ideal,884.0697,0.041905327
3rd_test,disp_240Hz_ideal,884.4031,0.047722399
3rd_test,disp_240Hz_ideal,884.7364,0.041813019
3rd_test,disp_240Hz_ideal,885.0697,0.032650442
3rd_test,disp_240Hz_ideal,885.4031,0.031635024
3rd_test,disp_240Hz_ideal,885.7364,0.031146955
3rd_test,disp_240Hz_ideal,886.0697,0.034082372
3rd_test,disp_240Hz_ideal,886.4031,0.064492018
3rd_test,disp_240Hz_ideal,886.7364,0.075696208
3rd_test,disp_240Hz_ideal,887.0697,0.051394915
3rd_test,disp_240Hz_ideal,887.4031,0.036147482
3rd_test,disp_240Hz_ideal,887.7364,0.034703672
3rd_test,disp_240Hz_ideal,888.0697,0.035133035
3rd_test,disp_240Hz_ideal,888.4031,0.028595819
3rd_test,disp_240Hz_ideal,888.7364,0.044318307
3rd_test,disp_240Hz_ideal,889.0697,0.045896378
3rd_test,disp_240Hz_ideal,889.4031,0.046696004
3rd_test,disp_240Hz_ideal,889.7364,0.048876216
3rd_test,disp_240Hz_ideal,890.0697,0.044784065
3rd_test,disp_240Hz_ideal,890.4031,0.042859451
3rd_test,disp_240Hz_ideal,890.7364,0.041071484
3rd_test,disp_240Hz_ideal,891.0697,0.031019107
3rd_test,disp_240Hz_ideal,891.4031,0.038124053
3rd_test,disp_240Hz_ideal,891.7364,0.027143252
3rd_test,disp_240Hz_ideal,892.0697,0.031704814
3rd_test,disp_240Hz_ideal,892.4031,0.040282719
3rd_test,disp_240Hz_ideal,892.7364,0.025741513
3rd_test,disp_240Hz_ideal,893.0697,0.040913505
3rd_test,disp_240Hz_ideal,893.4031,0.037145037
3rd_test,disp_240Hz_ideal,893.7364,0.053170106
3rd_test,disp_240Hz_ideal,894.0697,0.03719543
3rd_test,disp_240Hz_ideal,894.4031,0.028686204
3rd_test,disp_240Hz_ideal,894.7364,0.038799811
3rd_test,disp_240Hz_ideal,895.0697,0.025852523
3rd_test,disp_240Hz_ideal,895.4031,0.043887446
3rd_test,disp_240Hz_ideal,895.7364,0.040553097
3rd_test,disp_240Hz_ideal,896.0697,0.062212682
3rd_test,disp_240Hz_ideal,896.4031,0.039925611
3rd_test,disp_240Hz_ideal,896.7364,0.051205432
3rd_test,disp_240Hz_ideal,897.0697,0.040402701
3rd_test,disp_240Hz_ideal,897.4031,0.031727971
3rd_test,disp_240Hz_ideal,897.7364,0.04011862
3rd_test,disp_240Hz_ideal,898.0697,0.055728155
3rd_test,disp_240Hz_ideal,898.4031,0.039348255
3rd_test,disp_240Hz_ideal,898.7364,0.034831753
3rd_test,disp_240Hz_ideal,899.0697,0.037980725
3rd_test,disp_240Hz_ideal,899.4031,0.041765621
3rd_test,disp_240Hz_ideal,899.7364,0.03894538
3rd_test,disp_240Hz_ideal,900.0697,0.038777107
3rd_test,disp_240Hz_ideal,900.4031,0.038025175
3rd_test,disp_240Hz_ideal,900.7364,0.035796496
3rd_test,disp_240Hz_ideal,901.0697,0.034998769
3rd_test,disp_240Hz_ideal,901.4031,0.036287073
3rd_test,disp_240Hz_ideal,901.7364,0.043140806
3rd_test,disp_240Hz_ideal,902.0697,0.042293173
3rd_test,disp_240Hz_ideal,902.4031,0.029917772
3rd_test,disp_240Hz_ideal,902.7364,0.035629492
3rd_test,disp_240Hz_ideal,903.0697,0.027433094
3rd_test,disp_240Hz_ideal,903.4031,0.046720719
3rd_test,disp_240Hz_ideal,903.7364,0.029828952
3rd_test,disp_240Hz_ideal,904.0697,0.036060202
3rd_test,disp_240Hz_ideal,904.4031,0.024191201
3rd_test,disp_240Hz_ideal,904.7364,0.047936193
3rd_test,disp_240Hz_ideal,905.0697,0.069306188
3rd_test,disp_240Hz_ideal,905.4031,0.036354124
3rd_test,disp_240Hz_ideal,905.7364,0.034964781
3rd_test,disp_240Hz_ideal,906.0697,0.028695858
3rd_test,disp_240Hz_ideal,906.4031,0.05989808
3rd_test,disp_240Hz_ideal,906.7364,0.034162721
3rd_test,disp_240Hz_ideal,907.0697,0.04248168
3rd_test,disp_240Hz_ideal,907.4031,0.046488827
3rd_test,disp_240Hz_ideal,907.7364,0.029688511
3rd_test,disp_240Hz_ideal,908.0697,0.043440635
3rd_test,disp_240Hz_ideal,908.4031,0.028437775
3rd_test,disp_240Hz_ideal,908.7364,0.051607537
3rd_test,disp_240Hz_ideal,909.0697,0.04096333
3rd_test,disp_240Hz_ideal,909.4031,0.046024414
3rd_test,disp_240Hz_ideal,909.7364,0.041835147
3rd_test,disp_240Hz_ideal,910.0697,0.032653375
3rd_test,disp_240Hz_ideal,910.4031,0.04180254
3rd_test,disp_240Hz_ideal,910.7364,0.036280861
3rd_test,disp_240Hz_ideal,911.0697,0.049354487
3rd_test,disp_240Hz_ideal,911.4031,0.042787637
3rd_test,disp_240Hz_ideal,911.7364,0.059418305
3rd_test,disp_240Hz_ideal,912.0697,0.04085832
3rd_test,disp_240Hz_ideal,912.4031,0.026937237
3rd_test,disp_240Hz_ideal,912.7364,0.065232546
3rd_test,disp_240Hz_ideal,913.0697,0.038505288
3rd_test,disp_240Hz_ideal,913.4031,0.030218614
3rd_test,disp_240Hz_ideal,913.7364,0.044104277
3rd_test,disp_240Hz_ideal,914.0697,0.037171427
3rd_test,disp_240Hz_ideal,914.4031,0.035303627
3rd_test,disp_240Hz_ideal,914.7364,0.035037414
3rd_test,disp_240Hz_ideal,915.0697,0.023707826
3rd_test,disp_240Hz_ideal,915.4031,0.049447005
3rd_test,disp_240Hz_ideal,915.7364,0.037826362
3rd_test,disp_240Hz_ideal,916.0697,0.046981491
3rd_test,disp_240Hz_ideal,916.4031,0.037953015
3rd_test,disp_240Hz_ideal,916.7364,0.052732394
3rd_test,disp_240Hz_ideal,917.0697,0.054676987
3rd_test,disp_240Hz_ideal,917.4031,0.043158174
3rd_test,disp_240Hz_ideal,917.7364,0.059278422
3rd_test,disp_240Hz_ideal,918.0697,0.055844751
3rd_test,disp_240Hz_ideal,918.4031,0.039159454
3rd_test,disp_240Hz_ideal,918.7364,0.057350324
3rd_test,disp_240Hz_ideal,919.0697,0.072464359
3rd_test,disp_240Hz_ideal,919.4031,0.053182214
3rd_test,disp_240Hz_ideal,919.7364,0.037739063
3rd_test,disp_240Hz_ideal,920.0697,0.044535952
3rd_test,disp_240Hz_ideal,920.4031,0.027402293
3rd_test,disp_240Hz_ideal,920.7364,0.042233638
3rd_test,disp_240Hz_ideal,921.0697,0.032458974
3rd_test,disp_240Hz_ideal,921.4031,0.030043061
3rd_test,disp_240Hz_ideal,921.7364,0.037397443
3rd_test,disp_240Hz_ideal,922.0697,0.03334043
3rd_test,disp_240Hz_ideal,922.4031,0.029726373
3rd_test,disp_240Hz_ideal,922.7364,0.054757698
3rd_test,disp_240Hz_ideal,923.0697,0.064073927
3rd_test,disp_240Hz_ideal,923.4031,0.035988882
3rd_test,disp_240Hz_ideal,923.7364,0.032174362
3rd_test,disp_240Hz_ideal,924.0697,0.034638457
3rd_test,disp_240Hz_ideal,924.4031,0.03928241
3rd_test,disp_240Hz_ideal,924.7364,0.043283044
3rd_test,disp_240Hz_ideal,925.0697,0.040816728
3rd_test,disp_240Hz_ideal,925.4031,0.038235465
3rd_test,disp_240Hz_ideal,925.7364,0.043413711
3rd_test,disp_240Hz_ideal,926.0697,0.036046521
3rd_test,disp_240Hz_ideal,926.4031,0.041612877
3rd_test,disp_240Hz_ideal,926.7364,0.036837254
3rd_test,disp_240Hz_ideal,927.0697,0.03691539
3rd_test,disp_240Hz_ideal,927.4031,0.040026263
3rd_test,disp_240Hz_ideal,927.7364,0.068165483
3rd_test,disp_240Hz_ideal,928.0697,0.04639588
3rd_test,disp_240Hz_ideal,928.4031,0.045270152
3rd_test,disp_240Hz_ideal,928.7364,0.056638048
3rd_test,disp_240Hz_ideal,929.0697,0.036143279
3rd_test,disp_240Hz_ideal,929.4031,0.042989405
3rd_test,disp_240Hz_ideal,929.7364,0.027925995
3rd_test,disp_240Hz_ideal,930.0697,0.05381618
3rd_test,disp_240Hz_ideal,930.4031,0.031517236
3rd_test,disp_240Hz_ideal,930.7364,0.070876405
3rd_test,disp_240Hz_ideal,931.0697,0.045420969
3rd_test,disp_240Hz_ideal,931.4031,0.051914821
3rd_test,disp_240Hz_ideal,931.7364,0.052713043
3rd_test,disp_240Hz_ideal,932.0697,0.03124612
3rd_test,disp_240Hz_ideal,932.4031,0.038271919
3rd_test,disp_240Hz_ideal,932.7364,0.040968311
3rd_test,disp_240Hz_ideal,933.0697,0.032615485
3rd_test,disp_240Hz_ideal,933.4031,0.052147156
3rd_test,disp_240Hz_ideal,933.7364,0.045361596
3rd_test,disp_240Hz_ideal,934.0697,0.028167645
3rd_test,disp_240Hz_ideal,934.4031,0.032905004
3rd_test,disp_240Hz_ideal,934.7364,0.034798751
3rd_test,disp_240Hz_ideal,935.0697,0.04279222
3rd_test,disp_240Hz_ideal,935.4031,0.049380719
3rd_test,disp_240Hz_ideal,935.7364,0.034528289
3rd_test,disp_240Hz_ideal,936.0697,0.042055455
3rd_test,disp_240Hz_ideal,936.4031,0.035330877
3rd_test,disp_240Hz_ideal,936.7364,0.034620852
3rd_test,disp_240Hz_ideal,937.0697,0.026405893
3rd_test,disp_240Hz_ideal,937.4031,0.036609287
3rd_test,disp_240Hz_ideal,937.7364,0.042348782
3rd_test,disp_240Hz_ideal,938.0697,0.039566424
3rd_test,disp_240Hz_ideal,938.4031,0.034737311
3rd_test,disp_240Hz_ideal,938.7364,0.036921278
3rd_test,disp_240Hz_ideal,939.0697,0.035625751
3rd_test,disp_240Hz_ideal,939.4031,0.03616048
3rd_test,disp_240Hz_ideal,939.7364,0.036280587
3rd_test,disp_240Hz_ideal,940.0697,0.031847038
3rd_test,disp_240Hz_ideal,940.4031,0.036441331
3rd_test,disp_240Hz_ideal,940.7364,0.046514045
3rd_test,disp_240Hz_ideal,941.0697,0.029490805
3rd_test,disp_240Hz_ideal,941.4031,0.030259432
3rd_test,disp_240Hz_ideal,941.7364,0.023588542
3rd_test,disp_240Hz_ideal,942.0697,0.026500318
3rd_test,disp_240Hz_ideal,942.4031,0.063007044
3rd_test,disp_240Hz_ideal,942.7364,0.045790213
3rd_test,disp_240Hz_ideal,943.0697,0.045118088
3rd_test,disp_240Hz_ideal,943.4031,0.038741387
3rd_test,disp_240Hz_ideal,943.7364,0.042522392
3rd_test,disp_240Hz_ideal,944.0697,0.049130943
3rd_test,disp_240Hz_ideal,944.4031,0.04061402
3rd_test,disp_240Hz_ideal,944.7364,0.037192751
3rd_test,disp_240Hz_ideal,945.0697,0.041575568
3rd_test,disp_240Hz_ideal,945.4031,0.021510396
3rd_test,disp_240Hz_ideal,945.7364,0.030555534
3rd_test,disp_240Hz_ideal,946.0697,0.024759842
3rd_test,disp_240Hz_ideal,946.4031,0.050495422
3rd_test,disp_240Hz_ideal,946.7364,0.031154544
3rd_test,disp_240Hz_ideal,947.0697,0.028815748
3rd_test,disp_240Hz_ideal,947.4031,0.029419722
3rd_test,disp_240Hz_ideal,947.7364,0.027459579
3rd_test,disp_240Hz_ideal,948.0697,0.038329755
3rd_test,disp_240Hz_ideal,948.4031,0.050730667
3rd_test,disp_240Hz_ideal,948.7364,0.036939607
3rd_test,disp_240Hz_ideal,949.0697,0.038789675
3rd_test,disp_240Hz_ideal,949.4031,0.039336968
3rd_test,disp_240Hz_ideal,949.7364,0.055050941
3rd_test,disp_240Hz_ideal,950.0697,0.034800244
3rd_test,disp_240Hz_ideal,950.4031,0.045097736
3rd_test,disp_240Hz_ideal,950.7364,0.038715021
3rd_test,disp_240Hz_ideal,951.0697,0.027825246
3rd_test,disp_240Hz_ideal,951.4031,0.045837667
3rd_test,disp_240Hz_ideal,951.7364,0.052725959
3rd_test,disp_240Hz_ideal,952.0697,0.041075763
3rd_test,disp_240Hz_ideal,952.4031,0.033574144
3rd_test,disp_240Hz_ideal,952.7364,0.030363007
3rd_test,disp_240Hz_ideal,953.0697,0.040654582
3rd_test,disp_240Hz_ideal,953.4031,0.042138302
3rd_test,disp_240Hz_ideal,953.7364,0.03522547
3rd_test,disp_240Hz_ideal,954.0697,0.051844906
3rd_test,disp_240Hz_ideal,954.4031,0.043532789
3rd_test,disp_240Hz_ideal,954.7364,0.036841286
3rd_test,disp_240Hz_ideal,955.0697,0.028507072
3rd_test,disp_240Hz_ideal,955.4031,0.037278396
3rd_test,disp_240Hz_ideal,955.7364,0.035723194
3rd_test,disp_240Hz_ideal,956.0697,0.021760345
3rd_test,disp_240Hz_ideal,956.4031,0.035163833
3rd_test,disp_240Hz_ideal,956.7364,0.041397723
3rd_test,disp_240Hz_ideal,957.0697,0.029937236
3rd_test,disp_240Hz_ideal,957.4031,0.029220507
3rd_test,disp_240Hz_ideal,957.7364,0.038708843
3rd_test,disp_240Hz_ideal,958.0697,0.044500505
3rd_test,disp_240Hz_ideal,958.4031,0.039940349
3rd_test,disp_240Hz_ideal,958.7364,0.023071886
3rd_test,disp_240Hz_ideal,959.0697,0.040623913
3rd_test,disp_240Hz_ideal,959.4031,0.027684251
3rd_test,disp_240Hz_ideal,959.7364,0.039940085
3rd_test,disp_240Hz_ideal,960.0697,0.033783451
3rd_test,disp_240Hz_ideal,960.4031,0.044239072
3rd_test,disp_240Hz_ideal,960.7364,0.040501565
3rd_test,disp_240Hz_ideal,961.0697,0.034252647
3rd_test,disp_240Hz_ideal,961.4031,0.033757398
3rd_test,disp_240Hz_ideal,961.7364,0.044876823
3rd_test,disp_240Hz_ideal,962.0697,0.041760176
3rd_test,disp_240Hz_ideal,962.4031,0.05143022
3rd_test,disp_240Hz_ideal,962.7364,0.028075546
3rd_test,disp_240Hz_ideal,963.0697,0.051539202
3rd_test,disp_240Hz_ideal,963.4031,0.033423637
3rd_test,disp_240Hz_ideal,963.7364,0.045917626
3rd_test,disp_240Hz_ideal,964.0697,0.031448584
3rd_test,disp_240Hz_ideal,964.4031,0.029672927
3rd_test,disp_240Hz_ideal,964.7364,0.036188047
3rd_test,disp_240Hz_ideal,965.0697,0.032614174
3rd_test,disp_240Hz_ideal,965.4031,0.055377394
3rd_test,disp_240Hz_ideal,965.7364,0.062848874
3rd_test,disp_240Hz_ideal,966.0697,0.050823446
3rd_test,disp_240Hz_ideal,966.4031,0.031277792
3rd_test,disp_240Hz_ideal,966.7364,0.041646683
3rd_test,disp_240Hz_ideal,967.0697,0.041785181
3rd_test,disp_240Hz_ideal,967.4031,0.033773412
3rd_test,disp_240Hz_ideal,967.7364,0.02896172
3rd_test,disp_240Hz_ideal,968.0697,0.030294404
3rd_test,disp_240Hz_ideal,968.4031,0.058187272
3rd_test,disp_240Hz_ideal,968.7364,0.037113934
3rd_test,disp_240Hz_ideal,969.0697,0.029197075
3rd_test,disp_240Hz_ideal,969.4031,0.058366316
3rd_test,disp_240Hz_ideal,969.7364,0.031837036
3rd_test,disp_240Hz_ideal,970.0697,0.030133987
3rd_test,disp_240Hz_ideal,970.4031,0.056073245
3rd_test,disp_240Hz_ideal,970.7364,0.04386678
3rd_test,disp_240Hz_ideal,971.0697,0.034416111
3rd_test,disp_240Hz_ideal,971.4031,0.04733581
3rd_test,disp_240Hz_ideal,971.7364,0.030111243
3rd_test,disp_240Hz_ideal,972.0697,0.032151734
3rd_test,disp_240Hz_ideal,972.4031,0.037814503
3rd_test,disp_240Hz_ideal,972.7364,0.038758513
3rd_test,disp_240Hz_ideal,973.0697,0.038671639
3rd_test,disp_240Hz_ideal,973.4031,0.053359953
3rd_test,disp_240Hz_ideal,973.7364,0.063959124
3rd_test,disp_240Hz_ideal,974.0697,0.034494946
3rd_test,disp_240Hz_ideal,974.4031,0.030106343
3rd_test,disp_240Hz_ideal,974.7364,0.042872255
3rd_test,disp_240Hz_ideal,975.0697,0.042304502
3rd_test,disp_240Hz_ideal,975.4031,0.045829677
3rd_test,disp_240Hz_ideal,975.7364,0.025407171
3rd_test,disp_240Hz_ideal,976.0697,0.037679435
3rd_test,disp_240Hz_ideal,976.4031,0.034834917
3rd_test,disp_240Hz_ideal,976.7364,0.040742175
3rd_test,disp_240Hz_ideal,977.0697,0.056815502
3rd_test,disp_240Hz_ideal,977.4031,0.038610786
3rd_test,disp_240Hz_ideal,977.7364,0.034637741
3rd_test,disp_240Hz_ideal,978.0697,0.042252388
3rd_test,disp_240Hz_ideal,978.4031,0.026755698
3rd_test,disp_240Hz_ideal,978.7364,0.047511033
3rd_test,disp_240Hz_ideal,979.0697,0.04344538
3rd_test,disp_240Hz_ideal,979.4031,0.055776107
3rd_test,disp_240Hz_ideal,979.7364,0.03323264
3rd_test,disp_240Hz_ideal,980.0697,0.024454635
3rd_test,disp_240Hz_ideal,980.4031,0.034686776
3rd_test,disp_240Hz_ideal,980.7364,0.040277983
3rd_test,disp_240Hz_ideal,981.0697,0.042822279
3rd_test,disp_240Hz_ideal,981.4031,0.052408461
3rd_test,disp_240Hz_ideal,981.7364,0.055658367
3rd_test,disp_240Hz_ideal,982.0697,0.050672178
3rd_test,disp_240Hz_ideal,982.4031,0.038808005
3rd_test,disp_240Hz_ideal,982.7364,0.055187393
3rd_test,disp_240Hz_ideal,983.0697,0.041100559
3rd_test,disp_240Hz_ideal,983.4031,0.036870441
3rd_test,disp_240Hz_ideal,983.7364,0.038719436
3rd_test,disp_240Hz_ideal,984.0697,0.030754154
3rd_test,disp_240Hz_ideal,984.4031,0.041206631
3rd_test,disp_240Hz_ideal,984.7364,0.037167228
3rd_test,disp_240Hz_ideal,985.0697,0.026025285
3rd_test,disp_240Hz_ideal,985.4031,0.040115121
3rd_test,disp_240Hz_ideal,985.7364,0.044927735
3rd_test,disp_240Hz_ideal,986.0697,0.034731808
3rd_test,disp_240Hz_ideal,986.4031,0.027053771
3rd_test,disp_240Hz_ideal,986.7364,0.048526324
3rd_test,disp_240Hz_ideal,987.0697,0.047063777
3rd_test,disp_240Hz_ideal,987.4031,0.033814121
3rd_test,disp_240Hz_ideal,987.7364,0.029761723
3rd_test,disp_240Hz_ideal,988.0697,0.037803435
3rd_test,disp_240Hz_ideal,988.4031,0.035644851
3rd_test,disp_240Hz_ideal,988.7364,0.040681407
3rd_test,disp_240Hz_ideal,989.0697,0.030072237
3rd_test,disp_240Hz_ideal,989.4031,0.032672163
3rd_test,disp_240Hz_ideal,989.7364,0.039392902
3rd_test,disp_240Hz_ideal,990.0697,0.053561115
3rd_test,disp_240Hz_ideal,990.4031,0.04230418
3rd_test,disp_240Hz_ideal,990.7364,0.05327202
3rd_test,disp_240Hz_ideal,991.0697,0.049036256
3rd_test,disp_240Hz_ideal,991.4031,0.035319482
3rd_test,disp_240Hz_ideal,991.7364,0.044077325
3rd_test,disp_240Hz_ideal,992.0697,0.029010112
3rd_test,disp_240Hz_ideal,992.4031,0.051601151
3rd_test,disp_240Hz_ideal,992.7364,0.032107308
3rd_test,disp_240Hz_ideal,993.0697,0.044663234
3rd_test,disp_240Hz_ideal,993.4031,0.030249094
3rd_test,disp_240Hz_ideal,993.7364,0.03881879
3rd_test,disp_240Hz_ideal,994.0697,0.04323845
3rd_test,disp_240Hz_ideal,994.4031,0.031849665
3rd_test,disp_240Hz_ideal,994.7364,0.039211082
3rd_test,disp_240Hz_ideal,995.0697,0.032845668
3rd_test,disp_240Hz_ideal,995.4031,0.037367748
3rd_test,disp_240Hz_ideal,995.7364,0.038206813
3rd_test,disp_240Hz_ideal,996.0697,0.026030165
3rd_test,disp_240Hz_ideal,996.4031,0.050179146
3rd_test,disp_240Hz_ideal,996.7364,0.042082293
3rd_test,disp_240Hz_ideal,997.0697,0.034191576
3rd_test,disp_240Hz_ideal,997.4031,0.028350881
3rd_test,disp_240Hz_ideal,997.7364,0.031485877
3rd_test,disp_240Hz_ideal,998.0697,0.030057774
3rd_test,disp_240Hz_ideal,998.4031,0.051007988
3rd_test,disp_240Hz_ideal,998.7364,0.030941992
3rd_test,disp_240Hz_ideal,999.0697,0.051157956
3rd_test,disp_240Hz_ideal,999.4031,0.041684745
3rd_test,disp_240Hz_ideal,999.7364,0.050866508
3rd_test,disp_240Hz_ideal,1000.0697,0.036903302
3rd_test,disp_240Hz_ideal,1000.4031,0.034138653
3rd_test,disp_240Hz_ideal,1000.7364,0.029956145
3rd_test,disp_240Hz_ideal,1001.0697,0.032318314
3rd_test,disp_240Hz_ideal,1001.4031,0.05455669
3rd_test,disp_240Hz_ideal,1008.9019,0.037708833
3rd_test,disp_240Hz_ideal,1009.0858,0.042148259
3rd_test,disp_240Hz_ideal,1009.4192,0.050560433
3rd_test,disp_240Hz_ideal,1009.7525,0.027081314
3rd_test,disp_240Hz_ideal,1010.0858,0.045179555
3rd_test,disp_240Hz_ideal,1010.4192,0.045193491
3rd_test,disp_240Hz_ideal,1010.7525,0.034071772
3rd_test,disp_240Hz_ideal,1011.0858,0.03263838
3rd_test,disp_240Hz_ideal,1011.4192,0.049035866
3rd_test,disp_240Hz_ideal,1011.7525,0.034769356
3rd_test,disp_240Hz_ideal,1012.0858,0.055899054
3rd_test,disp_240Hz_ideal,1012.4192,0.038594666
3rd_test,disp_240Hz_ideal,1012.7525,0.045661587
3rd_test,disp_240Hz_ideal,1013.0858,0.036183997
3rd_test,disp_240Hz_ideal,1013.4192,0.049457824
3rd_test,disp_240Hz_ideal,1013.7525,0.029808899
3rd_test,disp_240Hz_ideal,1014.0858,0.058074235
3rd_test,disp_240Hz_ideal,1014.4192,0.048983854
3rd_test,disp_240Hz_ideal,1014.7525,0.034724624
3rd_test,disp_240Hz_ideal,1015.0858,0.098168687
3rd_test,disp_240Hz_ideal,1015.4192,0.069876285
3rd_test,disp_240Hz_ideal,1015.7525,0.054497125
3rd_test,disp_240Hz_ideal,1016.0858,0.046884342
3rd_test,disp_240Hz_ideal,1016.4192,0.053477715
3rd_test,disp_240Hz_ideal,1016.7525,0.054209756
3rd_test,disp_240Hz_ideal,1017.0858,0.044545746
3rd_test,disp_240Hz_ideal,1017.4192,0.053493245
3rd_test,disp_240Hz_ideal,1017.7525,0.046835274
3rd_test,disp_240Hz_ideal,1018.0858,0.03617963
3rd_test,disp_240Hz_ideal,1018.4192,0.066520357
3rd_test,disp_240Hz_ideal,1018.7525,0.0295187
3rd_test,disp_240Hz_ideal,1019.0858,0.060849745
3rd_test,disp_240Hz_ideal,1019.4192,0.041368284
3rd_test,disp_240Hz_ideal,1019.7525,0.04885064
3rd_test,disp_240Hz_ideal,1020.0858,0.049361854
3rd_test,disp_240Hz_ideal,1020.4192,0.047512264
3rd_test,disp_240Hz_ideal,1020.7525,0.051764961
3rd_test,disp_240Hz_ideal,1021.0858,0.071626713
3rd_test,disp_240Hz_ideal,1021.4192,0.054137887
3rd_test,disp_240Hz_ideal,1021.7525,0.0473569
3rd_test,disp_240Hz_ideal,1022.0858,0.064408501
3rd_test,disp_240Hz_ideal,1022.4192,0.068959588
3rd_test,disp_240Hz_ideal,1022.7525,0.055250896
3rd_test,disp_240Hz_ideal,1023.0858,0.054147513
3rd_test,disp_240Hz_ideal,1023.4192,0.053597168
3rd_test,disp_240Hz_ideal,1023.7525,0.070098912
3rd_test,disp_240Hz_ideal,1024.0858,0.054649648
3rd_test,disp_240Hz_ideal,1024.4192,0.067235993
3rd_test,disp_240Hz_ideal,1024.7525,0.060647339
3rd_test,disp_240Hz_ideal,1025.0858,0.053634779
3rd_test,disp_240Hz_ideal,1025.4192,0.05725967
3rd_test,disp_240Hz_ideal,1025.7525,0.048829429
3rd_test,disp_240Hz_ideal,1026.0858,0.040574305
3rd_test,disp_240Hz_ideal,1026.4192,0.056242485
3rd_test,disp_240Hz_ideal,1026.7525,0.038971569
3rd_test,disp_240Hz_ideal,1027.0858,0.059149996
3rd_test,disp_240Hz_ideal,1027.4192,0.050485479
3rd_test,disp_240Hz_ideal,1027.7525,0.072666835
3rd_test,disp_240Hz_ideal,1028.0858,0.045911675
3rd_test,disp_240Hz_ideal,1028.4192,0.041766157
3rd_test,disp_240Hz_ideal,1028.7525,0.05095815
3rd_test,disp_240Hz_ideal,1029.0858,0.03933263
3rd_test,disp_240Hz_ideal,1029.4192,0.045757552
3rd_test,disp_240Hz_ideal,1029.7525,0.044632276
3rd_test,disp_240Hz_ideal,1030.0858,0.036523687
3rd_test,disp_240Hz_ideal,1030.4192,0.05437022
3rd_test,disp_240Hz_ideal,1030.7525,0.043904521
3rd_test,disp_240Hz_ideal,1031.0858,0.068325693
3rd_test,disp_240Hz_ideal,1031.4192,0.058270844
3rd_test,disp_240Hz_ideal,1031.7525,0.049565264
3rd_test,disp_240Hz_ideal,1032.0858,0.043302881
3rd_test,disp_240Hz_ideal,1032.4192,0.053958816
3rd_test,disp_240Hz_ideal,1032.7525,0.051659859
3rd_test,disp_240Hz_ideal,1033.0858,0.050839573
3rd_test,disp_240Hz_ideal,1033.4192,0.068676779
3rd_test,disp_240Hz_ideal,1033.7525,0.05787192
3rd_test,disp_240Hz_ideal,1034.0858,0.052191447
3rd_test,disp_240Hz_ideal,1034.4192,0.057623055
3rd_test,disp_240Hz_ideal,1034.7525,0.057074607
3rd_test,disp_240Hz_ideal,1035.0858,0.044768155
3rd_test,disp_240Hz_ideal,1035.4192,0.064858361
3rd_test,disp_240Hz_ideal,1035.7525,0.062712972
3rd_test,disp_240Hz_ideal,1036.0858,0.053346419
3rd_test,disp_240Hz_ideal,1036.4192,0.055023275
3rd_test,disp_240Hz_ideal,1036.7525,0.047854707
3rd_test,disp_240Hz_ideal,1037.0858,0.027098853
3rd_test,disp_240Hz_ideal,1037.4192,0.055707518
3rd_test,disp_240Hz_ideal,1037.7525,0.045830631
3rd_test,disp_240Hz_ideal,1038.0858,0.078972005
3rd_test,disp_240Hz_ideal,1038.4192,0.056057954
3rd_test,disp_240Hz_ideal,1038.7525,0.069426116
3rd_test,disp_240Hz_ideal,1039.0858,0.035487538
3rd_test,disp_240Hz_ideal,1039.4192,0.039394975
3rd_test,disp_240Hz_ideal,1039.7525,0.064373718
3rd_test,disp_240Hz_ideal,1040.0858,0.03632056
3rd_test,disp_240Hz_ideal,1040.4192,0.047830744
3rd_test,disp_240Hz_ideal,1040.7525,0.044175139
3rd_test,disp_240Hz_ideal,1041.0858,0.030612929
3rd_test,disp_240Hz_ideal,1041.4192,0.045793708
3rd_test,disp_240Hz_ideal,1041.7525,0.049053906
3rd_test,disp_240Hz_ideal,1042.0858,0.044764178
3rd_test,disp_240Hz_ideal,1042.4192,0.047856047
3rd_test,disp_240Hz_ideal,1042.7525,0.048875006
3rd_test,disp_240Hz_ideal,1043.0858,0.042388727
3rd_test,disp_240Hz_ideal,1043.4192,0.038124548
3rd_test,disp_240Hz_ideal,1043.7525,0.04321999
3rd_test,disp_240Hz_ideal,1044.0858,0.034612085
3rd_test,disp_240Hz_ideal,1044.4192,0.046566279
3rd_test,disp_240Hz_ideal,1044.7525,0.064486139
3rd_test,disp_240Hz_ideal,1045.0858,0.049670636
3rd_test,disp_240Hz_ideal,1045.4192,0.044227549
3rd_test,disp_240Hz_ideal,1045.7525,0.056912463
3rd_test,disp_240Hz_ideal,1046.0858,0.07296947
3rd_test,disp_240Hz_ideal,1046.4192,0.030328733
3rd_test,disp_240Hz_ideal,1046.7525,0.071959714
3rd_test,disp_240Hz_ideal,1047.0858,0.038952782
3rd_test,disp_240Hz_ideal,1047.4192,0.063374684
3rd_test,disp_240Hz_ideal,1047.7525,0.050326338
3rd_test,disp_240Hz_ideal,1048.0858,0.045073189
3rd_test,disp_240Hz_ideal,1048.4192,0.035095109
3rd_test,disp_240Hz_ideal,1048.7525,0.06050086
3rd_test,disp_240Hz_ideal,1049.0858,0.041904605
3rd_test,disp_240Hz_ideal,1049.4192,0.055541854
3rd_test,disp_240Hz_ideal,1049.7525,0.046890283
3rd_test,disp_240Hz_ideal,1050.0858,0.06773151
3rd_test,disp_240Hz_ideal,1050.4192,0.040969429
3rd_test,disp_240Hz_ideal,1050.7525,0.060373966
3rd_test,disp_240Hz_ideal,1051.0858,0.062895934
3rd_test,disp_240Hz_ideal,1051.4192,0.05366253
3rd_test,disp_240Hz_ideal,1051.7525,0.076759176
3rd_test,disp_240Hz_ideal,1052.0858,0.035241475
3rd_test,disp_240Hz_ideal,1052.4192,0.043794623
3rd_test,disp_240Hz_ideal,1052.7525,0.050528224
3rd_test,disp_240Hz_ideal,1053.0858,0.051049481
3rd_test,disp_240Hz_ideal,1053.4192,0.065466919
3rd_test,disp_240Hz_ideal,1053.7525,0.053470993
3rd_test,disp_240Hz_ideal,1054.0858,0.069676932
3rd_test,disp_240Hz_ideal,1054.4192,0.051309023
3rd_test,disp_240Hz_ideal,1054.7525,0.064803357
3rd_test,disp_240Hz_ideal,1055.0858,0.043685312
3rd_test,disp_240Hz_ideal,1055.4192,0.060579026
3rd_test,disp_240Hz_ideal,1055.7525,0.047444859
3rd_test,disp_240Hz_ideal,1056.0858,0.071055311
3rd_test,disp_240Hz_ideal,1056.4192,0.042310665
3rd_test,disp_240Hz_ideal,1056.7525,0.068282841
3rd_test,disp_240Hz_ideal,1057.0858,0.063528799
3rd_test,disp_240Hz_ideal,1057.4192,0.071048263
3rd_test,disp_240Hz_ideal,1057.7525,0.070302542
3rd_test,disp_240Hz_ideal,1058.0858,0.044894798
3rd_test,disp_240Hz_ideal,1058.4192,0.083823421
3rd_test,disp_240Hz_ideal,1058.7525,0.076361349
3rd_test,disp_240Hz_ideal,1059.0858,0.077085597
3rd_test,disp_240Hz_ideal,1059.4192,0.059026731
3rd_test,disp_240Hz_ideal,1059.7525,0.081399347
3rd_test,disp_240Hz_ideal,1060.0858,0.05612854
3rd_test,disp_240Hz_ideal,1060.4192,0.069383007
3rd_test,disp_240Hz_ideal,1060.7525,0.084269521
3rd_test,disp_240Hz_ideal,1061.0858,0.099886905
3rd_test,disp_240Hz_ideal,1061.4192,0.079674966
3rd_test,disp_240Hz_ideal,1061.7525,0.078205603
3rd_test,disp_240Hz_ideal,1062.0858,0.05975706
3rd_test,disp_240Hz_ideal,1062.4192,0.056661936
3rd_test,disp_240Hz_ideal,1062.7525,0.10444044
3rd_test,disp_240Hz_ideal,1063.0858,0.068309995
3rd_test,disp_240Hz_ideal,1063.4192,0.10234383
3rd_test,disp_240Hz_ideal,1063.7525,0.093531684
3rd_test,disp_240Hz_ideal,1064.0858,0.093509176
3rd_test,disp_240Hz_ideal,1064.4192,0.089744601
3rd_test,disp_240Hz_ideal,1064.7525,0.10812068
3rd_test,disp_240Hz_ideal,1065.0858,0.1094426
3rd_test,disp_240Hz_ideal,1065.4192,0.10943012
3rd_test,disp_240Hz_ideal,1065.7525,0.11220585
3rd_test,disp_240Hz_ideal,1066.0858,0.062864781
3rd_test,disp_240Hz_ideal,1066.4192,0.12338898
3rd_test,disp_240Hz_ideal,1066.7525,0.11508306
3rd_test,disp_240Hz_ideal,1067.0858,0.079429573
3rd_test,disp_240Hz_ideal,1067.4192,0.098291177
3rd_test,disp_240Hz_ideal,1067.7525,0.056932626
3rd_test,disp_240Hz_ideal,1068.0858,0.086216771
3rd_test,disp_240Hz_ideal,1068.4192,0.11261449
3rd_test,disp_240Hz_ideal,1068.7525,0.11630489
3rd_test,disp_240Hz_ideal,1069.0858,0.11237471
3rd_test,disp_240Hz_ideal,1069.4192,0.10022682
3rd_test,disp_240Hz_ideal,1069.7525,0.11587529
3rd_test,disp_240Hz_ideal,1070.0858,0.22402038
3rd_test,disp_240Hz_ideal,1070.4192,0.13764889
3rd_test,disp_240Hz_ideal,1070.7525,0.11937597
3rd_test,disp_240Hz_ideal,1071.0858,0.17245649
3rd_test,disp_240Hz_ideal,1071.4192,0.14223205
3rd_test,disp_240Hz_ideal,1071.7525,0.14157343
3rd_test,disp_240Hz_ideal,1072.0858,0.28504135
3rd_test,disp_240Hz_ideal,1072.4192,0.26587305
3rd_test,disp_240Hz_ideal,1072.7525,0.16908212
3rd_test,disp_240Hz_ideal,1073.0858,6.4812896
3rd_test,disp_240Hz_boxcar,0.0,0.035571769
3rd_test,disp_240Hz_boxcar,0.25,0.046710482
3rd_test,disp_240Hz_boxcar,0.5833,0.038438146
3rd_test,disp_240Hz_boxcar,0.9167,0.045349722
3rd_test,disp_240Hz_boxcar,1.25,0.041377269
3rd_test,disp_240Hz_boxcar,1.5833,0.038253434
3rd_test,disp_240Hz_boxcar,1.9167,0.032976509
3rd_test,disp_240Hz_boxcar,2.25,0.047957203
3rd_test,disp_240Hz_boxcar,2.5833,0.033203916
3rd_test,disp_240Hz_boxcar,2.9167,0.04612299
3rd_test,disp_240Hz_boxcar,3.25,0.035337017
3rd_test,disp_240Hz_boxcar,3.5833,0.044346691
3rd_test,disp_240Hz_boxcar,3.9167,0.040394834
3rd_test,disp_240Hz_boxcar,4.25,0.040947429
3rd_test,disp_240Hz_boxcar,4.5833,0.049799101
3rd_test,disp_240Hz_boxcar,4.9167,0.045814761
3rd_test,disp_240Hz_boxcar,5.25,0.050291951
3rd_test,disp_240Hz_boxcar,5.5833,0.052497162
3rd_test,disp_240Hz_boxcar,5.9167,0.046332709
3rd_test,disp_240Hz_boxcar,6.25,0.028627955
3rd_test,disp_240Hz_boxcar,6.5833,0.043656905
3rd_test,disp_240Hz_boxcar,6.9167,0.049961495
3rd_test,disp_240Hz_boxcar,7.25,0.036134444
3rd_test,disp_240Hz_boxcar,7.5833,0.038890713
3rd_test,disp_240Hz_boxcar,7.9167,0.052486533
3rd_test,disp_240Hz_boxcar,8.25,0.045361521
3rd_test,disp_240Hz_boxcar,8.5833,0.055048211
3rd_test,disp_240Hz_boxcar,8.9167,0.0425467
3rd_test,disp_240Hz_boxcar,9.25,0.045653203
3rd_test,disp_240Hz_boxcar,9.5833,0.034702985
3rd_test,disp_240Hz_boxcar,9.9167,0.05048151
3rd_test,disp_240Hz_boxcar,10.25,0.036575619
3rd_test,disp_240Hz_boxcar,10.5833,0.055151909
3rd_test,disp_240Hz_boxcar,10.9167,0.028769738
3rd_test,disp_240Hz_boxcar,11.25,0.03647576
3rd_test,disp_240Hz_boxcar,11.5833,0.033626573
3rd_test,disp_240Hz_boxcar,11.9167,0.037322225
3rd_test,disp_240Hz_boxcar,12.25,0.047611387
3rd_test,disp_240Hz_boxcar,12.5833,0.037064532
3rd_test,disp_240Hz_boxcar,12.9167,0.029687632
3rd_test,disp_240Hz_boxcar,13.25,0.03422213
3rd_test,disp_240Hz_boxcar,13.5833,0.02934892
3rd_test,disp_240Hz_boxcar,13.9167,0.051900329
3rd_test,disp_240Hz_boxcar,14.25,0.039138807
3rd_test,disp_240Hz_boxcar,14.5833,0.036918579
3rd_test,disp_240Hz_boxcar,14.9167,0.036987034
3rd_test,disp_240Hz_boxcar,15.25,0.037747102
3rd_test,disp_240Hz_boxcar,15.5833,0.03813789
3rd_test,disp_240Hz_boxcar,15.9167,0.03813075
3rd_test,disp_240Hz_boxcar,16.25,0.036511633
3rd_test,disp_240Hz_boxcar,16.5833,0.031440043
3rd_test,disp_240Hz_boxcar,16.9167,0.034463829
3rd_test,disp_240Hz_boxcar,17.25,0.040553174
3rd_test,disp_240Hz_boxcar,17.5833,0.035259108
3rd_test,disp_240Hz_boxcar,17.9167,0.035510622
3rd_test,disp_240Hz_boxcar,18.25,0.030818696
3rd_test,disp_240Hz_boxcar,18.5833,0.043849129
3rd_test,disp_240Hz_boxcar,18.9167,0.019114949
3rd_test,disp_240Hz_boxcar,19.25,0.038014477
3rd_test,disp_240Hz_boxcar,19.5833,0.02692561
3rd_test,disp_240Hz_boxcar,19.9167,0.035012702
3rd_test,disp_240Hz_boxcar,20.25,0.025582532
3rd_test,disp_240Hz_boxcar,20.5833,0.048598505
3rd_test,disp_240Hz_boxcar,20.9167,0.04296327
3rd_test,disp_240Hz_boxcar,21.25,0.030314143
3rd_test,disp_240Hz_boxcar,21.5833,0.042219265
3rd_test,disp_240Hz_boxcar,21.9167,0.030872764
3rd_test,disp_240Hz_boxcar,22.25,0.049024996
3rd_test,disp_240Hz_boxcar,22.5833,0.0524024
3rd_test,disp_240Hz_boxcar,22.9167,0.027152704
3rd_test,disp_240Hz_boxcar,23.25,0.028777713
3rd_test,disp_240Hz_boxcar,23.5833,0.049031512
3rd_test,disp_240Hz_boxcar,23.9167,0.041799604
3rd_test,disp_240Hz_boxcar,24.25,0.042515399
3rd_test,disp_240Hz_boxcar,24.5833,0.031108624
3rd_test,disp_240Hz_boxcar,24.9167,0.034476202
3rd_test,disp_240Hz_boxcar,25.25,0.039511011
3rd_test,disp_240Hz_boxcar,25.5833,0.02827535
3rd_test,disp_240Hz_boxcar,25.9167,0.044350532
3rd_test,disp_240Hz_boxcar,26.25,0.030652557
3rd_test,disp_240Hz_boxcar,26.5833,0.045688937
3rd_test,disp_240Hz_boxcar,26.9167,0.057867251
3rd_test,disp_240Hz_boxcar,27.25,0.046609194
3rd_test,disp_240Hz_boxcar,27.5833,0.032127367
3rd_test,disp_240Hz_boxcar,27.9167,0.048507287
3rd_test,disp_240Hz_boxcar,28.25,0.030538228
3rd_test,disp_240Hz_boxcar,28.5833,0.037469488
3rd_test,disp_240Hz_boxcar,28.9167,0.041696543
3rd_test,disp_240Hz_boxcar,29.25,0.03505027
3rd_test,disp_240Hz_boxcar,29.5833,0.023690966
3rd_test,disp_240Hz_boxcar,29.9167,0.043254892
3rd_test,disp_240Hz_boxcar,30.25,0.03333318
3rd_test,disp_240Hz_boxcar,30.5833,0.044452173
3rd_test,disp_240Hz_boxcar,30.9167,0.050722974
3rd_test,disp_240Hz_boxcar,31.25,0.033711124
3rd_test,disp_240Hz_boxcar,31.5833,0.039026033
3rd_test,disp_240Hz_boxcar,31.9167,0.058459381
3rd_test,disp_240Hz_boxcar,32.25,0.040461962
3rd_test,disp_240Hz_boxcar,32.5833,0.035487683
3rd_test,disp_240Hz_boxcar,32.9167,0.044575701
3rd_test,disp_240Hz_boxcar,33.25,0.037292645
3rd_test,disp_240Hz_boxcar,33.5833,0.026861514
3rd_test,disp_240Hz_boxcar,33.9167,0.047597359
3rd_test,disp_240Hz_boxcar,34.25,0.031055912
3rd_test,disp_240Hz_boxcar,34.5833,0.031632856
3rd_test,disp_240Hz_boxcar,34.9167,0.044332818
3rd_test,disp_240Hz_boxcar,35.25,0.0347782
3rd_test,disp_240Hz_boxcar,35.5833,0.031512828
3rd_test,disp_240Hz_boxcar,35.9167,0.03456227
3rd_test,disp_240Hz_boxcar,36.25,0.034340412
3rd_test,disp_240Hz_boxcar,36.5833,0.042273847
3rd_test,disp_240Hz_boxcar,36.9167,0.046753887
3rd_test,disp_240Hz_boxcar,37.25,0.048081237
3rd_test,disp_240Hz_boxcar,37.5833,0.049771882
3rd_test,disp_240Hz_boxcar,37.9167,0.031011647
3rd_test,disp_240Hz_boxcar,38.25,0.037944947
3rd_test,disp_240Hz_boxcar,38.5833,0.039829977
3rd_test,disp_240Hz_boxcar,38.9167,0.037356629
3rd_test,disp_240Hz_boxcar,39.25,0.046416779
3rd_test,disp_240Hz_boxcar,39.5833,0.037189197
3rd_test,disp_240Hz_boxcar,39.9167,0.048020641
3rd_test,disp_240Hz_boxcar,40.25,0.042027411
3rd_test,disp_240Hz_boxcar,40.5833,0.035551205
3rd_test,disp_240Hz_boxcar,40.9167,0.026846067
3rd_test,disp_240Hz_boxcar,41.25,0.03021717
3rd_test,disp_240Hz_boxcar,41.5833,0.030392852
3rd_test,disp_240Hz_boxcar,41.9167,0.04360376
3rd_test,disp_240Hz_boxcar,42.25,0.033715523
3rd_test,disp_240Hz_boxcar,42.5833,0.038610866
3rd_test,disp_240Hz_boxcar,42.9167,0.040880652
3rd_test,disp_240Hz_boxcar,43.25,0.048391693
3rd_test,disp_240Hz_boxcar,43.5833,0.04374681
3rd_test,disp_240Hz_boxcar,43.9167,0.04247854
3rd_test,disp_240Hz_boxcar,44.25,0.027980929
3rd_test,disp_240Hz_boxcar,44.5833,0.035338511
3rd_test,disp_240Hz_boxcar,44.9167,0.035582196
3rd_test,disp_240Hz_boxcar,45.25,0.032155217
3rd_test,disp_240Hz_boxcar,45.5833,0.045580809
3rd_test,disp_240Hz_boxcar,45.9167,0.041274895
3rd_test,disp_240Hz_boxcar,46.25,0.021880877
3rd_test,disp_240Hz_boxcar,46.5833,0.056454015
3rd_test,disp_240Hz_boxcar,46.9167,0.036057459
3rd_test,disp_240Hz_boxcar,47.25,0.035262503
3rd_test,disp_240Hz_boxcar,47.5833,0.054234971
3rd_test,disp_240Hz_boxcar,47.9167,0.027624013
3rd_test,disp_240Hz_boxcar,48.25,0.02956751
3rd_test,disp_240Hz_boxcar,48.5833,0.0472061
3rd_test,disp_240Hz_boxcar,48.9167,0.033443207
3rd_test,disp_240Hz_boxcar,49.25,0.033962869
3rd_test,disp_240Hz_boxcar,49.5833,0.029981727
3rd_test,disp_240Hz_boxcar,49.9167,0.031532353
3rd_test,disp_240Hz_boxcar,50.25,0.037606399
3rd_test,disp_240Hz_boxcar,50.5833,0.022584725
3rd_test,disp_240Hz_boxcar,50.9167,0.034296396
3rd_test,disp_240Hz_boxcar,51.25,0.035881337
3rd_test,disp_240Hz_boxcar,51.5833,0.0309202
3rd_test,disp_240Hz_boxcar,51.9167,0.035597279
3rd_test,disp_240Hz_boxcar,52.25,0.035648331
3rd_test,disp_240Hz_boxcar,52.5833,0.03279406
3rd_test,disp_240Hz_boxcar,52.9167,0.031164854
3rd_test,disp_240Hz_boxcar,53.25,0.03300641
3rd_test,disp_240Hz_boxcar,53.5833,0.021209963
3rd_test,disp_240Hz_boxcar,53.9167,0.045312436
3rd_test,disp_240Hz_boxcar,54.25,0.034247044
3rd_test,disp_240Hz_boxcar,54.5833,0.041161785
3rd_test,disp_240Hz_boxcar,54.9167,0.046359644
3rd_test,disp_240Hz_boxcar,55.25,0.0364377
3rd_test,disp_240Hz_boxcar,55.5833,0.042310275
3rd_test,disp_240Hz_boxcar,55.9167,0.02252864
3rd_test,disp_240Hz_boxcar,56.25,0.040117071
3rd_test,disp_240Hz_boxcar,56.5833,0.036697234
3rd_test,disp_240Hz_boxcar,56.9167,0.041173489
3rd_test,disp_240Hz_boxcar,57.25,0.030046676
3rd_test,disp_240Hz_boxcar,57.5833,0.038222501
3rd_test,disp_240Hz_boxcar,57.9167,0.036664261
3rd_test,disp_240Hz_boxcar,58.25,0.029034472
3rd_test,disp_240Hz_boxcar,58.5833,0.027831645
3rd_test,disp_240Hz_boxcar,58.9167,0.031093154
3rd_test,disp_240Hz_boxcar,59.25,0.025818549
3rd_test,disp_240Hz_boxcar,59.5833,0.035761375
3rd_test,disp_240Hz_boxcar,59.9167,0.031435582
3rd_test,disp_240Hz_boxcar,60.25,0.042567481
3rd_test,disp_240Hz_boxcar,60.5833,0.043594739
3rd_test,disp_240Hz_boxcar,60.9167,0.034727786
3rd_test,disp_240Hz_boxcar,61.25,0.045092514
3rd_test,disp_240Hz_boxcar,61.5833,0.038546928
3rd_test,disp_240Hz_boxcar,61.9167,0.040102964
3rd_test,disp_240Hz_boxcar,62.25,0.044409687
3rd_test,disp_240Hz_boxcar,62.5833,0.041244137
3rd_test,disp_240Hz_boxcar,62.9167,0.053615597
3rd_test,disp_240Hz_boxcar,63.25,0.034689322
3rd_test,disp_240Hz_boxcar,63.5833,0.031390141
3rd_test,disp_240Hz_boxcar,63.9167,0.033585134
3rd_test,disp_240Hz_boxcar,64.25,0.040066455
3rd_test,disp_240Hz_boxcar,64.5833,0.036974477
3rd_test,disp_240Hz_boxcar,64.9167,0.037693753
3rd_test,disp_240Hz_boxcar,65.25,0.057368995
3rd_test,disp_240Hz_boxcar,65.5833,0.046687746
3rd_test,disp_240Hz_boxcar,65.9167,0.033901425
3rd_test,disp_240Hz_boxcar,66.25,0.027886349
3rd_test,disp_240Hz_boxcar,66.5833,0.028278752
3rd_test,disp_240Hz_boxcar,66.9167,0.032226272
3rd_test,disp_240Hz_boxcar,67.25,0.031103214
3rd_test,disp_240Hz_boxcar,67.5833,0.035743481
3rd_test,disp_240Hz_boxcar,67.9167,0.036364284
3rd_test,disp_240Hz_boxcar,68.25,0.033161164
3rd_test,disp_240Hz_boxcar,68.5833,0.0258668
3rd_test,disp_240Hz_boxcar,68.9167,0.035281347
3rd_test,disp_240Hz_boxcar,69.25,0.044015535
3rd_test,disp_240Hz_boxcar,69.5833,0.063292842
3rd_test,disp_240Hz_boxcar,69.9167,0.039925698
3rd_test,disp_240Hz_boxcar,70.25,0.046881013
3rd_test,disp_240Hz_boxcar,70.5833,0.037476687
3rd_test,disp_240Hz_boxcar,70.9167,0.035600519
3rd_test,disp_240Hz_boxcar,71.25,0.04056176
3rd_test,disp_240Hz_boxcar,71.5833,0.035243684
3rd_test,disp_240Hz_boxcar,71.9167,0.052200723
3rd_test,disp_240Hz_boxcar,72.25,0.03227196
3rd_test,disp_240Hz_boxcar,72.5833,0.025428352
3rd_test,disp_240Hz_boxcar,72.9167,0.035558079
3rd_test,disp_240Hz_boxcar,73.25,0.040870167
3rd_test,disp_240Hz_boxcar,73.5833,0.040778447
3rd_test,disp_240Hz_boxcar,73.9167,0.023275193
3rd_test,disp_240Hz_boxcar,74.25,0.033509668
3rd_test,disp_240Hz_boxcar,74.5833,0.039325598
3rd_test,disp_240Hz_boxcar,74.9167,0.024055553
3rd_test,disp_240Hz_boxcar,75.25,0.034995051
3rd_test,disp_240Hz_boxcar,75.5833,0.040111092
3rd_test,disp_240Hz_boxcar,75.9167,0.042359875
3rd_test,disp_240Hz_boxcar,76.25,0.046902964
3rd_test,disp_240Hz_boxcar,76.5833,0.035810684
3rd_test,disp_240Hz_boxcar,76.9167,0.043242876
3rd_test,disp_240Hz_boxcar,77.25,0.035167644
3rd_test,disp_240Hz_boxcar,77.5833,0.03540332
3rd_test,disp_240Hz_boxcar,77.9167,0.027776642
3rd_test,disp_240Hz_boxcar,78.25,0.03808631
3rd_test,disp_240Hz_boxcar,78.5833,0.052144865
3rd_test,disp_240Hz_boxcar,78.9167,0.040405312
3rd_test,disp_240Hz_boxcar,79.25,0.053132317
3rd_test,disp_240Hz_boxcar,79.5833,0.049312309
3rd_test,disp_240Hz_boxcar,79.9167,0.047651821
3rd_test,disp_240Hz_boxcar,80.25,0.042244162
3rd_test,disp_240Hz_boxcar,80.5833,0.024270315
3rd_test,disp_240Hz_boxcar,80.9167,0.035384079
3rd_test,disp_240Hz_boxcar,81.25,0.062644077
3rd_test,disp_240Hz_boxcar,81.5833,0.034932362
3rd_test,disp_240Hz_boxcar,81.9167,0.033272574
3rd_test,disp_240Hz_boxcar,82.25,0.036142583
3rd_test,disp_240Hz_boxcar,82.5833,0.026475312
3rd_test,disp_240Hz_boxcar,82.9167,0.034980496
3rd_test,disp_240Hz_boxcar,83.25,0.024936965
3rd_test,disp_240Hz_boxcar,83.5833,0.037283618
3rd_test,disp_240Hz_boxcar,83.9167,0.036793722
3rd_test,disp_240Hz_boxcar,84.25,0.041104868
3rd_test,disp_240Hz_boxcar,84.5833,0.035069104
3rd_test,disp_240Hz_boxcar,84.9167,0.04038711
3rd_test,disp_240Hz_boxcar,85.25,0.030046344
3rd_test,disp_240Hz_boxcar,85.5833,0.023206964
3rd_test,disp_240Hz_boxcar,85.9167,0.04249624
3rd_test,disp_240Hz_boxcar,86.25,0.04005814
3rd_test,disp_240Hz_boxcar,86.5833,0.0374711
3rd_test,disp_240Hz_boxcar,86.9167,0.038474398
3rd_test,disp_240Hz_boxcar,87.25,0.042115414
3rd_test,disp_240Hz_boxcar,87.5833,0.036201438
3rd_test,disp_240Hz_boxcar,87.9167,0.038166423
3rd_test,disp_240Hz_boxcar,88.25,0.035717867
3rd_test,disp_240Hz_boxcar,88.5833,0.033534374
3rd_test,disp_240Hz_boxcar,88.9167,0.024882221
3rd_test,disp_240Hz_boxcar,89.25,0.018607098
3rd_test,disp_240Hz_boxcar,89.5833,0.038959554
3rd_test,disp_240Hz_boxcar,89.9167,0.032386113
3rd_test,disp_240Hz_boxcar,90.25,0.048757724
3rd_test,disp_240Hz_boxcar,90.5833,0.032762461
3rd_test,disp_240Hz_boxcar,90.9167,0.037154626
3rd_test,disp_240Hz_boxcar,91.25,0.050647787
3rd_test,disp_240Hz_boxcar,91.5833,0.044371142
3rd_test,disp_240Hz_boxcar,91.9167,0.032502468
3rd_test,disp_240Hz_boxcar,92.25,0.040896343
3rd_test,disp_240Hz_boxcar,92.5833,0.028552812
3rd_test,disp_240Hz_boxcar,92.9167,0.042847323
3rd_test,disp_240Hz_boxcar,93.25,0.032140203
3rd_test,disp_240Hz_boxcar,93.5833,0.035898569
3rd_test,disp_240Hz_boxcar,93.9167,0.02529994
3rd_test,disp_240Hz_boxcar,94.25,0.036161588
3rd_test,disp_240Hz_boxcar,94.5833,0.037309782
3rd_test,disp_240Hz_boxcar,94.9167,0.042915368
3rd_test,disp_240Hz_boxcar,95.25,0.053466672
3rd_test,disp_240Hz_boxcar,95.5833,0.038252588
3rd_test,disp_240Hz_boxcar,95.9167,0.045167762
3rd_test,disp_240Hz_boxcar,96.25,0.042201739
3rd_test,disp_240Hz_boxcar,96.5833,0.024869893
3rd_test,disp_240Hz_boxcar,96.9167,0.032913915
3rd_test,disp_240Hz_boxcar,97.25,0.05077355
3rd_test,disp_240Hz_boxcar,97.5833,0.030234733
3rd_test,disp_240Hz_boxcar,97.9167,0.038415958
3rd_test,disp_240Hz_boxcar,98.25,0.040386889
3rd_test,disp_240Hz_boxcar,98.5833,0.046303236
3rd_test,disp_240Hz_boxcar,98.9167,0.031611105
3rd_test,disp_240Hz_boxcar,99.25,0.045452255
3rd_test,disp_240Hz_boxcar,99.5833,0.030419503
3rd_test,disp_240Hz_boxcar,99.9167,0.036934142
3rd_test,disp_240Hz_boxcar,100.25,0.033953177
3rd_test,disp_240Hz_boxcar,100.5833,0.038980806
3rd_test,disp_240Hz_boxcar,100.9167,0.043944638
3rd_test,disp_240Hz_boxcar,101.25,0.031149099
3rd_test,disp_240Hz_boxcar,101.5833,0.043697379
3rd_test,disp_240Hz_boxcar,101.9167,0.049787512
3rd_test,disp_240Hz_boxcar,102.25,0.042999244
3rd_test,disp_240Hz_boxcar,102.5833,0.05213551
3rd_test,disp_240Hz_boxcar,102.9167,0.031582032
3rd_test,disp_240Hz_boxcar,103.25,0.044031024
3rd_test,disp_240Hz_boxcar,103.5833,0.040979889
3rd_test,disp_240Hz_boxcar,103.9167,0.035086493
3rd_test,disp_240Hz_boxcar,104.25,0.038346837
3rd_test,disp_240Hz_boxcar,104.5833,0.039707871
3rd_test,disp_240Hz_boxcar,104.9167,0.035798643
3rd_test,disp_240Hz_boxcar,105.25,0.044302133
3rd_test,disp_240Hz_boxcar,105.5833,0.032640515
3rd_test,disp_240Hz_boxcar,105.9167,0.049682587
3rd_test,disp_240Hz_boxcar,106.25,0.039599927
3rd_test,disp_240Hz_boxcar,106.5833,0.032090481
3rd_test,disp_240Hz_boxcar,106.9167,0.028547662
3rd_test,disp_240Hz_boxcar,107.25,0.025288895
3rd_test,disp_240Hz_boxcar,107.5833,0.036298483
3rd_test,disp_240Hz_boxcar,107.9167,0.036891492
3rd_test,disp_240Hz_boxcar,108.25,0.042851883
3rd_test,disp_240Hz_boxcar,108.5833,0.034940596
3rd_test,disp_240Hz_boxcar,108.9167,0.035093541
3rd_test,disp_240Hz_boxcar,109.25,0.040364981
3rd_test,disp_240Hz_boxcar,109.5833,0.040794889
3rd_test,disp_240Hz_boxcar,109.9167,0.036242405
3rd_test,disp_240Hz_boxcar,110.25,0.037280987
3rd_test,disp_240Hz_boxcar,110.5833,0.047382467
3rd_test,disp_240Hz_boxcar,110.9167,0.044036599
3rd_test,disp_240Hz_boxcar,111.25,0.057521253
3rd_test,disp_240Hz_boxcar,111.5833,0.027244515
3rd_test,disp_240Hz_boxcar,111.9167,0.028620851
3rd_test,disp_240Hz_boxcar,112.25,0.034980037
3rd_test,disp_240Hz_boxcar,112.5833,0.034493585
3rd_test,disp_240Hz_boxcar,112.9167,0.048448975
3rd_test,disp_240Hz_boxcar,113.25,0.043374857
3rd_test,disp_240Hz_boxcar,113.5833,0.041866446
3rd_test,disp_240Hz_boxcar,113.9167,0.037383448
3rd_test,disp_240Hz_boxcar,114.25,0.053782615
3rd_test,disp_240Hz_boxcar,114.5833,0.02856022
3rd_test,disp_240Hz_boxcar,114.9167,0.032776191
3rd_test,disp_240Hz_boxcar,115.25,0.046156068
3rd_test,disp_240Hz_boxcar,115.5833,0.027748584
3rd_test,disp_240Hz_boxcar,115.9167,0.044933645
3rd_test,disp_240Hz_boxcar,116.25,0.04587833
3rd_test,disp_240Hz_boxcar,116.5833,0.031360475
3rd_test,disp_240Hz_boxcar,116.9167,0.044895109
3rd_test,disp_240Hz_boxcar,117.25,0.054514243
3rd_test,disp_240Hz_boxcar,117.5833,0.039596332
3rd_test,disp_240Hz_boxcar,117.9167,0.037279812
3rd_test,disp_240Hz_boxcar,118.25,0.035204188
3rd_test,disp_240Hz_boxcar,118.5833,0.045625391
3rd_test,disp_240Hz_boxcar,118.9167,0.033616451
3rd_test,disp_240Hz_boxcar,119.25,0.030856654
3rd_test,disp_240Hz_boxcar,119.5833,0.033486155
3rd_test,disp_240Hz_boxcar,119.9167,0.038120216
3rd_test,disp_240Hz_boxcar,120.25,0.035132083
3rd_test,disp_240Hz_boxcar,120.5833,0.036023306
3rd_test,disp_240Hz_boxcar,120.9167,0.040613004
3rd_test,disp_240Hz_boxcar,121.25,0.02695087
3rd_test,disp_240Hz_boxcar,121.5833,0.03186661
3rd_test,disp_240Hz_boxcar,121.9167,0.027323643
3rd_test,disp_240Hz_boxcar,122.25,0.035079807
3rd_test,disp_240Hz_boxcar,122.5833,0.040120411
3rd_test,disp_240Hz_boxcar,122.9167,0.045008324
3rd_test,disp_240Hz_boxcar,123.25,0.033494861
3rd_test,disp_240Hz_boxcar,123.5833,0.031254048
3rd_test,disp_240Hz_boxcar,123.9167,0.025180567
3rd_test,disp_240Hz_boxcar,124.25,0.0481134
3rd_test,disp_240Hz_boxcar,124.5833,0.033434401
3rd_test,disp_240Hz_boxcar,124.9167,0.044345111
3rd_test,disp_240Hz_boxcar,125.25,0.033152208
3rd_test,disp_240Hz_boxcar,125.5833,0.033108054
3rd_test,disp_240Hz_boxcar,125.9167,0.052112644
3rd_test,disp_240Hz_boxcar,126.25,0.035807656
3rd_test,disp_240Hz_boxcar,126.5833,0.024449393
3rd_test,disp_240Hz_boxcar,126.9167,0.034159978
3rd_test,disp_240Hz_boxcar,127.25,0.031364446
3rd_test,disp_240Hz_boxcar,127.5833,0.033906655
3rd_test,disp_240Hz_boxcar,127.9167,0.02967459
3rd_test,disp_240Hz_boxcar,128.25,0.051834518
3rd_test,disp_240Hz_boxcar,128.5833,0.038546811
3rd_test,disp_240Hz_boxcar,128.9167,0.034263505
3rd_test,disp_240Hz_boxcar,129.25,0.03459485
3rd_test,disp_240Hz_boxcar,129.5833,0.033353511
3rd_test,disp_240Hz_boxcar,129.9167,0.053159295
3rd_test,disp_240Hz_boxcar,130.25,0.038363284
3rd_test,disp_240Hz_boxcar,130.5833,0.039554648
3rd_test,disp_240Hz_boxcar,130.9167,0.027833763
3rd_test,disp_240Hz_boxcar,131.25,0.026979418
3rd_test,disp_240Hz_boxcar,131.5833,0.029168431
3rd_test,disp_240Hz_boxcar,131.9167,0.029326948
3rd_test,disp_240Hz_boxcar,132.25,0.052355402
3rd_test,disp_240Hz_boxcar,132.5833,0.035469973
3rd_test,disp_240Hz_boxcar,132.9167,0.027825787
3rd_test,disp_240Hz_boxcar,133.25,0.03557413
3rd_test,disp_240Hz_boxcar,133.5833,0.047096888
3rd_test,disp_240Hz_boxcar,133.9167,0.037223516
3rd_test,disp_240Hz_boxcar,134.25,0.049392627
3rd_test,disp_240Hz_boxcar,134.5833,0.040003226
3rd_test,disp_240Hz_boxcar,134.9167,0.029738706
3rd_test,disp_240Hz_boxcar,135.25,0.026255745
3rd_test,disp_240Hz_boxcar,135.5833,0.028443774
3rd_test,disp_240Hz_boxcar,135.9167,0.04832426
3rd_test,disp_240Hz_boxcar,136.25,0.048401541
3rd_test,disp_240Hz_boxcar,136.5833,0.036230967
3rd_test,disp_240Hz_boxcar,136.9167,0.0484429
3rd_test,disp_240Hz_boxcar,137.25,0.064581859
3rd_test,disp_240Hz_boxcar,137.5833,0.046218386
3rd_test,disp_240Hz_boxcar,137.9167,0.043756887
3rd_test,disp_240Hz_boxcar,138.25,0.034318784
3rd_test,disp_240Hz_boxcar,138.5833,0.026295831
3rd_test,disp_240Hz_boxcar,138.9167,0.031492323
3rd_test,disp_240Hz_boxcar,139.25,0.049759394
3rd_test,disp_240Hz_boxcar,139.5833,0.037627963
3rd_test,disp_240Hz_boxcar,139.9167,0.03605414
3rd_test,disp_240Hz_boxcar,140.25,0.032899853
3rd_test,disp_240Hz_boxcar,140.5833,0.042592036
3rd_test,disp_240Hz_boxcar,140.9167,0.024475704
3rd_test,disp_240Hz_boxcar,141.25,0.047549233
3rd_test,disp_240Hz_boxcar,141.5833,0.03899309
3rd_test,disp_240Hz_boxcar,141.9167,0.043389012
3rd_test,disp_240Hz_boxcar,142.25,0.02966945
3rd_test,disp_240Hz_boxcar,142.5833,0.050482928
3rd_test,disp_240Hz_boxcar,142.9167,0.034199533
3rd_test,disp_240Hz_boxcar,143.25,0.027253915
3rd_test,disp_240Hz_boxcar,143.5833,0.046698777
3rd_test,disp_240Hz_boxcar,143.9167,0.038449599
3rd_test,disp_240Hz_boxcar,144.25,0.037734231
3rd_test,disp_240Hz_boxcar,144.5833,0.033789175
3rd_test,disp_240Hz_boxcar,144.9167,0.027457609
3rd_test,disp_240Hz_boxcar,145.25,0.04557768
3rd_test,disp_240Hz_boxcar,145.5833,0.03809811
3rd_test,disp_240Hz_boxcar,145.9167,0.040123702
3rd_test,disp_240Hz_boxcar,146.25,0.044079853
3rd_test,disp_240Hz_boxcar,146.5833,0.042836831
3rd_test,disp_240Hz_boxcar,146.9167,0.050713103
3rd_test,disp_240Hz_boxcar,147.25,0.042913966
3rd_test,disp_240Hz_boxcar,147.5833,0.025151905
3rd_test,disp_240Hz_boxcar,147.9167,0.053037672
3rd_test,disp_240Hz_boxcar,148.25,0.04820738
3rd_test,disp_240Hz_boxcar,148.5833,0.034316263
3rd_test,disp_240Hz_boxcar,148.9167,0.046672852
3rd_test,disp_240Hz_boxcar,149.25,0.038833171
3rd_test,disp_240Hz_boxcar,149.5833,0.030699964
3rd_test,disp_240Hz_boxcar,149.9167,0.045695819
3rd_test,disp_240Hz_boxcar,150.25,0.046519781
3rd_test,disp_240Hz_boxcar,150.5833,0.036626237
3rd_test,disp_240Hz_boxcar,150.9167,0.031306001
3rd_test,disp_240Hz_boxcar,151.25,0.047491304
3rd_test,disp_240Hz_boxcar,151.5833,0.032924639
3rd_test,disp_240Hz_boxcar,151.9167,0.050096792
3rd_test,disp_240Hz_boxcar,152.25,0.037501456
3rd_test,disp_240Hz_boxcar,152.5833,0.031877389
3rd_test,disp_240Hz_boxcar,152.9167,0.03667211
3rd_test,disp_240Hz_boxcar,153.25,0.029937353
3rd_test,disp_240Hz_boxcar,153.5833,0.042623759
3rd_test,disp_240Hz_boxcar,153.9167,0.025087263
3rd_test,disp_240Hz_boxcar,154.25,0.028436802
3rd_test,disp_240Hz_boxcar,154.5833,0.022064049
3rd_test,disp_240Hz_boxcar,154.9167,0.030800225
3rd_test,disp_240Hz_boxcar,155.25,0.039269914
3rd_test,disp_240Hz_boxcar,155.5833,0.048215884
3rd_test,disp_240Hz_boxcar,155.9167,0.053246582
3rd_test,disp_240Hz_boxcar,156.25,0.039075438
3rd_test,disp_240Hz_boxcar,156.5833,0.064891042
3rd_test,disp_240Hz_boxcar,156.9167,0.037341705
3rd_test,disp_240Hz_boxcar,157.25,0.030311398
3rd_test,disp_240Hz_boxcar,157.5833,0.037294862
3rd_test,disp_240Hz_boxcar,157.9167,0.038795533
3rd_test,disp_240Hz_boxcar,158.25,0.021781111
3rd_test,disp_240Hz_boxcar,158.5833,0.034064926
3rd_test,disp_240Hz_boxcar,158.9167,0.042061193
3rd_test,disp_240Hz_boxcar,159.25,0.046347273
3rd_test,disp_240Hz_boxcar,159.5833,0.036636509
3rd_test,disp_240Hz_boxcar,159.9167,0.029066802
3rd_test,disp_240Hz_boxcar,160.25,0.030004301
3rd_test,disp_240Hz_boxcar,160.5833,0.043822151
3rd_test,disp_240Hz_boxcar,160.9167,0.047586145
3rd_test,disp_240Hz_boxcar,161.25,0.037129731
3rd_test,disp_240Hz_boxcar,161.5833,0.025045962
3rd_test,disp_240Hz_boxcar,161.9167,0.025471153
3rd_test,disp_240Hz_boxcar,162.25,0.057035822
3rd_test,disp_240Hz_boxcar,162.5833,0.036541146
3rd_test,disp_240Hz_boxcar,162.9167,0.03052582
3rd_test,disp_240Hz_boxcar,163.25,0.029963433
3rd_test,disp_240Hz_boxcar,163.5833,0.023945567
3rd_test,disp_240Hz_boxcar,163.9167,0.025799245
3rd_test,disp_240Hz_boxcar,164.25,0.029799555
3rd_test,disp_240Hz_boxcar,164.5833,0.038182881
3rd_test,disp_240Hz_boxcar,164.9167,0.021935656
3rd_test,disp_240Hz_boxcar,165.25,0.039737121
3rd_test,disp_240Hz_boxcar,165.5833,0.032784965
3rd_test,disp_240Hz_boxcar,165.9167,0.030398928
3rd_test,disp_240Hz_boxcar,166.25,0.040420405
3rd_test,disp_240Hz_boxcar,166.5833,0.028972011
3rd_test,disp_240Hz_boxcar,166.9167,0.038255576
3rd_test,disp_240Hz_boxcar,167.25,0.043869424
3rd_test,disp_240Hz_boxcar,167.5833,0.053261561
3rd_test,disp_240Hz_boxcar,167.9167,0.025746829
3rd_test,disp_240Hz_boxcar,168.25,0.051468002
3rd_test,disp_240Hz_boxcar,168.5833,0.039139639
3rd_test,disp_240Hz_boxcar,168.9167,0.026762383
3rd_test,disp_240Hz_boxcar,169.25,0.033255726
3rd_test,disp_240Hz_boxcar,169.5833,0.062154147
3rd_test,disp_240Hz_boxcar,169.9167,0.04184236
3rd_test,disp_240Hz_boxcar,170.25,0.043934127
3rd_test,disp_240Hz_boxcar,170.5833,0.042498723
3rd_test,disp_240Hz_boxcar,170.9167,0.03045358
3rd_test,disp_240Hz_boxcar,171.25,0.037355184
3rd_test,disp_240Hz_boxcar,171.5833,0.043569236
3rd_test,disp_240Hz_boxcar,171.9167,0.042955364
3rd_test,disp_240Hz_boxcar,172.25,0.059981642
3rd_test,disp_240Hz_boxcar,172.5833,0.042569052
3rd_test,disp_240Hz_boxcar,172.9167,0.047154511
3rd_test,disp_240Hz_boxcar,173.25,0.033351692
3rd_test,disp_240Hz_boxcar,173.5833,0.037906898
3rd_test,disp_240Hz_boxcar,173.9167,0.038544585
3rd_test,disp_240Hz_boxcar,174.25,0.033513202
3rd_test,disp_240Hz_boxcar,174.5833,0.045087203
3rd_test,disp_240Hz_boxcar,174.9167,0.042396676
3rd_test,disp_240Hz_boxcar,175.25,0.032508323
3rd_test,disp_240Hz_boxcar,175.5833,0.042101028
3rd_test,disp_240Hz_boxcar,175.9167,0.03206386
3rd_test,disp_240Hz_boxcar,176.25,0.029052157
3rd_test,disp_240Hz_boxcar,176.5833,0.042546479
3rd_test,disp_240Hz_boxcar,176.9167,0.03960788
3rd_test,disp_240Hz_boxcar,177.25,0.04980556
3rd_test,disp_240Hz_boxcar,177.5833,0.031411207
3rd_test,disp_240Hz_boxcar,177.9167,0.052212436
3rd_test,disp_240Hz_boxcar,178.25,0.02688974
3rd_test,disp_240Hz_boxcar,178.5833,0.035815857
3rd_test,disp_240Hz_boxcar,178.9167,0.038936545
3rd_test,disp_240Hz_boxcar,179.25,0.032600423
3rd_test,disp_240Hz_boxcar,179.5833,0.035574935
3rd_test,disp_240Hz_boxcar,179.9167,0.034017434
3rd_test,disp_240Hz_boxcar,180.25,0.032252019
3rd_test,disp_240Hz_boxcar,180.5833,0.035887166
3rd_test,disp_240Hz_boxcar,180.9167,0.024318422
3rd_test,disp_240Hz_boxcar,181.25,0.044876394
3rd_test,disp_240Hz_boxcar,181.5833,0.028485186
3rd_test,disp_240Hz_boxcar,181.9167,0.048912301
3rd_test,disp_240Hz_boxcar,182.25,0.042631713
3rd_test,disp_240Hz_boxcar,182.5833,0.048658307
3rd_test,disp_240Hz_boxcar,182.9167,0.022371417
3rd_test,disp_240Hz_boxcar,183.25,0.047143678
3rd_test,disp_240Hz_boxcar,183.5833,0.027890002
3rd_test,disp_240Hz_boxcar,183.9167,0.063234918
3rd_test,disp_240Hz_boxcar,184.25,0.036928652
3rd_test,disp_240Hz_boxcar,184.5833,0.031131812
3rd_test,disp_240Hz_boxcar,184.9167,0.031312092
3rd_test,disp_240Hz_boxcar,185.25,0.043913812
3rd_test,disp_240Hz_boxcar,185.5833,0.061353358
3rd_test,disp_240Hz_boxcar,185.9167,0.040180527
3rd_test,disp_240Hz_boxcar,186.25,0.037149674
3rd_test,disp_240Hz_boxcar,186.5833,0.034827776
3rd_test,disp_240Hz_boxcar,186.9167,0.037240001
3rd_test,disp_240Hz_boxcar,187.25,0.04123776
3rd_test,disp_240Hz_boxcar,187.5833,0.042647972
3rd_test,disp_240Hz_boxcar,187.9167,0.040668744
3rd_test,disp_240Hz_boxcar,188.25,0.036715009
3rd_test,disp_240Hz_boxcar,188.5833,0.036219715
3rd_test,disp_240Hz_boxcar,188.9167,0.044788663
3rd_test,disp_240Hz_boxcar,189.25,0.040977998
3rd_test,disp_240Hz_boxcar,189.5833,0.044446825
3rd_test,disp_240Hz_boxcar,189.9167,0.040552649
3rd_test,disp_240Hz_boxcar,190.25,0.047102311
3rd_test,disp_240Hz_boxcar,190.5833,0.044541779
3rd_test,disp_240Hz_boxcar,190.9167,0.03366524
3rd_test,disp_240Hz_boxcar,191.25,0.032781584
3rd_test,disp_240Hz_boxcar,191.5833,0.029897681
3rd_test,disp_240Hz_boxcar,191.9167,0.034530824
3rd_test,disp_240Hz_boxcar,192.25,0.039523451
3rd_test,disp_240Hz_boxcar,192.5833,0.045089238
3rd_test,disp_240Hz_boxcar,192.9167,0.034456422
3rd_test,disp_240Hz_boxcar,193.25,0.036672213
3rd_test,disp_240Hz_boxcar,193.5833,0.045205925
3rd_test,disp_240Hz_boxcar,193.9167,0.022273036
3rd_test,disp_240Hz_boxcar,194.25,0.042364849
3rd_test,disp_240Hz_boxcar,194.5833,0.02931402
3rd_test,disp_240Hz_boxcar,194.9167,0.03734055
3rd_test,disp_240Hz_boxcar,195.25,0.026623851
3rd_test,disp_240Hz_boxcar,195.5833,0.035288987
3rd_test,disp_240Hz_boxcar,195.9167,0.037889364
3rd_test,disp_240Hz_boxcar,196.25,0.045677217
3rd_test,disp_240Hz_boxcar,196.5833,0.041891152
3rd_test,disp_240Hz_boxcar,196.9167,0.029336615
3rd_test,disp_240Hz_boxcar,197.25,0.037181009
3rd_test,disp_240Hz_boxcar,197.5833,0.039354568
3rd_test,disp_240Hz_boxcar,197.9167,0.040525359
3rd_test,disp_240Hz_boxcar,198.25,0.059647789
3rd_test,disp_240Hz_boxcar,198.5833,0.032846215
3rd_test,disp_240Hz_boxcar,198.9167,0.036404072
3rd_test,disp_240Hz_boxcar,199.25,0.040388105
3rd_test,disp_240Hz_boxcar,199.5833,0.031283535
3rd_test,disp_240Hz_boxcar,199.9167,0.033919412
3rd_test,disp_240Hz_boxcar,200.25,0.057298695
3rd_test,disp_240Hz_boxcar,200.5833,0.044016207
3rd_test,disp_240Hz_boxcar,200.9167,0.04377856
3rd_test,disp_240Hz_boxcar,201.25,0.046223726
3rd_test,disp_240Hz_boxcar,201.5833,0.037270656
3rd_test,disp_240Hz_boxcar,201.9167,0.042232818
3rd_test,disp_240Hz_boxcar,202.25,0.047097345
3rd_test,disp_240Hz_boxcar,202.5833,0.033403855
3rd_test,disp_240Hz_boxcar,202.9167,0.048081604
3rd_test,disp_240Hz_boxcar,203.25,0.038963058
3rd_test,disp_240Hz_boxcar,203.5833,0.030632473
3rd_test,disp_240Hz_boxcar,203.9167,0.033669268
3rd_test,disp_240Hz_boxcar,204.25,0.051572167
3rd_test,disp_240Hz_boxcar,204.5833,0.035992787
3rd_test,disp_240Hz_boxcar,204.9167,0.048133135
3rd_test,disp_240Hz_boxcar,205.25,0.03612828
3rd_test,disp_240Hz_boxcar,205.5833,0.037709696
3rd_test,disp_240Hz_boxcar,205.9167,0.044856003
3rd_test,disp_240Hz_boxcar,206.25,0.031558332
3rd_test,disp_240Hz_boxcar,206.5833,0.037102198
3rd_test,disp_240Hz_boxcar,206.9167,0.035096097
3rd_test,disp_240Hz_boxcar,207.25,0.025880442
3rd_test,disp_240Hz_boxcar,207.5833,0.036784564
3rd_test,disp_240Hz_boxcar,207.9167,0.050573395
3rd_test,disp_240Hz_boxcar,208.25,0.049823541
3rd_test,disp_240Hz_boxcar,208.5833,0.028802285
3rd_test,disp_240Hz_boxcar,208.9167,0.047178397
3rd_test,disp_240Hz_boxcar,209.25,0.041518428
3rd_test,disp_240Hz_boxcar,209.5833,0.020658531
3rd_test,disp_240Hz_boxcar,209.9167,0.0396346
3rd_test,disp_240Hz_boxcar,210.25,0.039136246
3rd_test,disp_240Hz_boxcar,210.5833,0.030645826
3rd_test,disp_240Hz_boxcar,210.9167,0.035096921
3rd_test,disp_240Hz_boxcar,211.25,0.042282819
3rd_test,disp_240Hz_boxcar,211.5833,0.030858405
3rd_test,disp_240Hz_boxcar,211.9167,0.044259503
3rd_test,disp_240Hz_boxcar,212.25,0.042899461
3rd_test,disp_240Hz_boxcar,212.5833,0.028968216
3rd_test,disp_240Hz_boxcar,212.9167,0.032081639
3rd_test,disp_240Hz_boxcar,213.25,0.055031152
3rd_test,disp_240Hz_boxcar,213.5833,0.026623348
3rd_test,disp_240Hz_boxcar,213.9167,0.03925556
3rd_test,disp_240Hz_boxcar,214.25,0.044235069
3rd_test,disp_240Hz_boxcar,214.5833,0.052295698
3rd_test,disp_240Hz_boxcar,214.9167,0.037987545
3rd_test,disp_240Hz_boxcar,215.25,0.045232705
3rd_test,disp_240Hz_boxcar,215.5833,0.029920808
3rd_test,disp_240Hz_boxcar,215.9167,0.037186759
3rd_test,disp_240Hz_boxcar,216.25,0.028539031
3rd_test,disp_240Hz_boxcar,216.5833,0.030286279
3rd_test,disp_240Hz_boxcar,216.9167,0.042675849
3rd_test,disp_240Hz_boxcar,217.25,0.049742588
3rd_test,disp_240Hz_boxcar,217.5833,0.037552012
3rd_test,disp_240Hz_boxcar,217.9167,0.028807537
3rd_test,disp_240Hz_boxcar,218.25,0.030926439
3rd_test,disp_240Hz_boxcar,218.5833,0.052325494
3rd_test,disp_240Hz_boxcar,218.9167,0.039805165
3rd_test,disp_240Hz_boxcar,219.25,0.04135911
3rd_test,disp_240Hz_boxcar,219.5833,0.031148096
3rd_test,disp_240Hz_boxcar,219.9167,0.0299202
3rd_test,disp_240Hz_boxcar,220.25,0.029263144
3rd_test,disp_240Hz_boxcar,220.5833,0.031089712
3rd_test,disp_240Hz_boxcar,220.9167,0.036055685
3rd_test,disp_240Hz_boxcar,221.25,0.033695705
3rd_test,disp_240Hz_boxcar,221.5833,0.048867759
3rd_test,disp_240Hz_boxcar,221.9167,0.036401049
3rd_test,disp_240Hz_boxcar,222.25,0.067365353
3rd_test,disp_240Hz_boxcar,222.5833,0.046064751
3rd_test,disp_240Hz_boxcar,222.9167,0.038989289
3rd_test,disp_240Hz_boxcar,223.25,0.04864135
3rd_test,disp_240Hz_boxcar,223.5833,0.043049693
3rd_test,disp_240Hz_boxcar,223.9167,0.04165888
3rd_test,disp_240Hz_boxcar,224.25,0.032110467
3rd_test,disp_240Hz_boxcar,224.5833,0.039324988
3rd_test,disp_240Hz_boxcar,224.9167,0.033352769
3rd_test,disp_240Hz_boxcar,225.25,0.022761319
3rd_test,disp_240Hz_boxcar,225.5833,0.02788271
3rd_test,disp_240Hz_boxcar,225.9167,0.053758651
3rd_test,disp_240Hz_boxcar,226.25,0.045325843
3rd_test,disp_240Hz_boxcar,226.5833,0.029509826
3rd_test,disp_240Hz_boxcar,226.9167,0.038449692
3rd_test,disp_240Hz_boxcar,227.25,0.035800731
3rd_test,disp_240Hz_boxcar,227.5833,0.044532568
3rd_test,disp_240Hz_boxcar,227.9167,0.036173108
3rd_test,disp_240Hz_boxcar,228.25,0.038667395
3rd_test,disp_240Hz_boxcar,228.5833,0.041074806
3rd_test,disp_240Hz_boxcar,228.9167,0.030001683
3rd_test,disp_240Hz_boxcar,229.25,0.038920338
3rd_test,disp_240Hz_boxcar,229.5833,0.031123041
3rd_test,disp_240Hz_boxcar,229.9167,0.029045769
3rd_test,disp_240Hz_boxcar,230.25,0.042294623
3rd_test,disp_240Hz_boxcar,230.5833,0.036006787
3rd_test,disp_240Hz_boxcar,230.9167,0.036725124
3rd_test,disp_240Hz_boxcar,231.25,0.038323285
3rd_test,disp_240Hz_boxcar,231.5833,0.038690478
3rd_test,disp_240Hz_boxcar,231.9167,0.043139543
3rd_test,disp_240Hz_boxcar,232.25,0.036593125
3rd_test,disp_240Hz_boxcar,232.5833,0.039937139
3rd_test,disp_240Hz_boxcar,232.9167,0.034580257
3rd_test,disp_240Hz_boxcar,233.25,0.038819818
3rd_test,disp_240Hz_boxcar,233.5833,0.042532203
3rd_test,disp_240Hz_boxcar,233.9167,0.040741058
3rd_test,disp_240Hz_boxcar,234.25,0.04133483
3rd_test,disp_240Hz_boxcar,234.5833,0.034049736
3rd_test,disp_240Hz_boxcar,234.9167,0.035131585
3rd_test,disp_240Hz_boxcar,235.25,0.035723888
3rd_test,disp_240Hz_boxcar,235.5833,0.032021863
3rd_test,disp_240Hz_boxcar,235.9167,0.028873722
3rd_test,disp_240Hz_boxcar,236.25,0.036938067
3rd_test,disp_240Hz_boxcar,236.5833,0.034900765
3rd_test,disp_240Hz_boxcar,236.9167,0.027561352
3rd_test,disp_240Hz_boxcar,237.25,0.040317526
3rd_test,disp_240Hz_boxcar,237.5833,0.037020959
3rd_test,disp_240Hz_boxcar,237.9167,0.048265278
3rd_test,disp_240Hz_boxcar,238.25,0.036093035
3rd_test,disp_240Hz_boxcar,238.5833,0.026780575
3rd_test,disp_240Hz_boxcar,238.9167,0.034433051
3rd_test,disp_240Hz_boxcar,239.25,0.033929263
3rd_test,disp_240Hz_boxcar,239.5833,0.043106393
3rd_test,disp_240Hz_boxcar,239.9167,0.040978543
3rd_test,disp_240Hz_boxcar,240.25,0.03593106
3rd_test,disp_240Hz_boxcar,240.5833,0.033165324
3rd_test,disp_240Hz_boxcar,240.9167,0.062885246
3rd_test,disp_240Hz_boxcar,241.25,0.036759977
3rd_test,disp_240Hz_boxcar,241.5833,0.031811456
3rd_test,disp_240Hz_boxcar,241.9167,0.039398721
3rd_test,disp_240Hz_boxcar,242.25,0.042631443
3rd_test,disp_240Hz_boxcar,242.5833,0.043599798
3rd_test,disp_240Hz_boxcar,242.9167,0.047731969
3rd_test,disp_240Hz_boxcar,243.25,0.041185752
3rd_test,disp_240Hz_boxcar,243.5833,0.066054033
3rd_test,disp_240Hz_boxcar,243.9167,0.031110148
3rd_test,disp_240Hz_boxcar,244.25,0.031420157
3rd_test,disp_240Hz_boxcar,244.5833,0.032796228
3rd_test,disp_240Hz_boxcar,244.9167,0.04575474
3rd_test,disp_240Hz_boxcar,245.25,0.037674229
3rd_test,disp_240Hz_boxcar,245.5833,0.036442779
3rd_test,disp_240Hz_boxcar,245.9167,0.035287165
3rd_test,disp_240Hz_boxcar,246.25,0.031984277
3rd_test,disp_240Hz_boxcar,246.5833,0.033432544
3rd_test,disp_240Hz_boxcar,246.9167,0.042435306
3rd_test,disp_240Hz_boxcar,247.25,0.050542959
3rd_test,disp_240Hz_boxcar,247.5833,0.051836957
3rd_test,disp_240Hz_boxcar,247.9167,0.02975543
3rd_test,disp_240Hz_boxcar,248.25,0.050117719
3rd_test,disp_240Hz_boxcar,248.5833,0.022682759
3rd_test,disp_240Hz_boxcar,248.9167,0.04274948
3rd_test,disp_240Hz_boxcar,249.25,0.032922927
3rd_test,disp_240Hz_boxcar,249.5833,0.044522434
3rd_test,disp_240Hz_boxcar,249.9167,0.044592085
3rd_test,disp_240Hz_boxcar,250.25,0.061243509
3rd_test,disp_240Hz_boxcar,250.5833,0.029997184
3rd_test,disp_240Hz_boxcar,250.9167,0.065525306
3rd_test,disp_240Hz_boxcar,251.25,0.03602741
3rd_test,disp_240Hz_boxcar,251.5833,0.043937107
3rd_test,disp_240Hz_boxcar,251.9167,0.040327808
3rd_test,disp_240Hz_boxcar,252.25,0.047710256
3rd_test,disp_240Hz_boxcar,252.5833,0.063925143
3rd_test,disp_240Hz_boxcar,252.9167,0.046276055
3rd_test,disp_240Hz_boxcar,253.25,0.046625593
3rd_test,disp_240Hz_boxcar,253.5833,0.037769415
3rd_test,disp_240Hz_boxcar,253.9167,0.048760181
3rd_test,disp_240Hz_boxcar,254.25,0.047011019
3rd_test,disp_240Hz_boxcar,254.5833,0.032467785
3rd_test,disp_240Hz_boxcar,254.9167,0.041432388
3rd_test,disp_240Hz_boxcar,255.25,0.049638934
3rd_test,disp_240Hz_boxcar,255.5833,0.039858076
3rd_test,disp_240Hz_boxcar,255.9167,0.036156064
3rd_test,disp_240Hz_boxcar,256.25,0.03231836
3rd_test,disp_240Hz_boxcar,256.5833,0.030911318
3rd_test,disp_240Hz_boxcar,256.9167,0.029742029
3rd_test,disp_240Hz_boxcar,257.25,0.025272648
3rd_test,disp_240Hz_boxcar,257.5833,0.029644987
3rd_test,disp_240Hz_boxcar,257.9167,0.024748318
3rd_test,disp_240Hz_boxcar,258.25,0.03277399
3rd_test,disp_240Hz_boxcar,258.5833,0.03116146
3rd_test,disp_240Hz_boxcar,258.9167,0.036995094
3rd_test,disp_240Hz_boxcar,259.25,0.022692021
3rd_test,disp_240Hz_boxcar,259.5833,0.047053184
3rd_test,disp_240Hz_boxcar,259.9167,0.037919714
3rd_test,disp_240Hz_boxcar,260.25,0.038301781
3rd_test,disp_240Hz_boxcar,260.5833,0.031680845
3rd_test,disp_240Hz_boxcar,260.9167,0.046177426
3rd_test,disp_240Hz_boxcar,261.25,0.038391777
3rd_test,disp_240Hz_boxcar,261.5833,0.045179951
3rd_test,disp_240Hz_boxcar,261.9167,0.033225761
3rd_test,disp_240Hz_boxcar,266.5864,0.039133593
3rd_test,disp_240Hz_boxcar,266.7928,0.047146904
3rd_test,disp_240Hz_boxcar,267.1261,0.030541098
3rd_test,disp_240Hz_boxcar,267.4594,0.034724526
3rd_test,disp_240Hz_boxcar,267.7928,0.038937968
3rd_test,disp_240Hz_boxcar,268.1261,0.044146164
3rd_test,disp_240Hz_boxcar,268.4594,0.040303219
3rd_test,disp_240Hz_boxcar,268.7928,0.030021281
3rd_test,disp_240Hz_boxcar,269.1261,0.035111009
3rd_test,disp_240Hz_boxcar,269.4594,0.030764706
3rd_test,disp_240Hz_boxcar,269.7928,0.029188111
3rd_test,disp_240Hz_boxcar,270.1261,0.050161947
3rd_test,disp_240Hz_boxcar,270.4594,0.03975521
3rd_test,disp_240Hz_boxcar,270.7928,0.044619338
3rd_test,disp_240Hz_boxcar,271.1261,0.041786415
3rd_test,disp_240Hz_boxcar,271.4594,0.057820547
3rd_test,disp_240Hz_boxcar,271.7928,0.02790657
3rd_test,disp_240Hz_boxcar,272.1261,0.043895051
3rd_test,disp_240Hz_boxcar,272.4594,0.050303195
3rd_test,disp_240Hz_boxcar,272.7928,0.05159702
3rd_test,disp_240Hz_boxcar,273.1261,0.033546959
3rd_test,disp_240Hz_boxcar,273.4594,0.04298304
3rd_test,disp_240Hz_boxcar,273.7928,0.040571052
3rd_test,disp_240Hz_boxcar,274.1261,0.052234682
3rd_test,disp_240Hz_boxcar,274.4594,0.027200337
3rd_test,disp_240Hz_boxcar,274.7928,0.053681412
3rd_test,disp_240Hz_boxcar,275.1261,0.027906157
3rd_test,disp_240Hz_boxcar,275.4594,0.044973816
3rd_test,disp_240Hz_boxcar,275.7928,0.038549589
3rd_test,disp_240Hz_boxcar,276.1261,0.035696682
3rd_test,disp_240Hz_boxcar,276.4594,0.034951638
3rd_test,disp_240Hz_boxcar,276.7928,0.039081975
3rd_test,disp_240Hz_boxcar,277.1261,0.028827691
3rd_test,disp_240Hz_boxcar,277.4594,0.047346863
3rd_test,disp_240Hz_boxcar,277.7928,0.032599814
3rd_test,disp_240Hz_boxcar,278.1261,0.053684815
3rd_test,disp_240Hz_boxcar,278.4594,0.035283205
3rd_test,disp_240Hz_boxcar,278.7928,0.029088877
3rd_test,disp_240Hz_boxcar,279.1261,0.029864842
3rd_test,disp_240Hz_boxcar,279.4594,0.050151562
3rd_test,disp_240Hz_boxcar,279.7928,0.023132768
3rd_test,disp_240Hz_boxcar,280.1261,0.032994662
3rd_test,disp_240Hz_boxcar,280.4594,0.047025172
3rd_test,disp_240Hz_boxcar,280.7928,0.035564666
3rd_test,disp_240Hz_boxcar,281.1261,0.049620276
3rd_test,disp_240Hz_boxcar,281.4594,0.035126245
3rd_test,disp_240Hz_boxcar,281.7928,0.037440785
3rd_test,disp_240Hz_boxcar,282.1261,0.032602018
3rd_test,disp_240Hz_boxcar,282.4594,0.048527946
3rd_test,disp_240Hz_boxcar,282.7928,0.029594978
3rd_test,disp_240Hz_boxcar,283.1261,0.037767376
3rd_test,disp_240Hz_boxcar,283.4594,0.027836776
3rd_test,disp_240Hz_boxcar,283.7928,0.036002905
3rd_test,disp_240Hz_boxcar,284.1261,0.02922234
3rd_test,disp_240Hz_boxcar,284.4594,0.037253219
3rd_test,disp_240Hz_boxcar,284.7928,0.040571396
3rd_test,disp_240Hz_boxcar,285.1261,0.045924655
3rd_test,disp_240Hz_boxcar,285.4594,0.03295921
3rd_test,disp_240Hz_boxcar,285.7928,0.046567
3rd_test,disp_240Hz_boxcar,286.1261,0.043126367
3rd_test,disp_240Hz_boxcar,286.4594,0.026982219
3rd_test,disp_240Hz_boxcar,286.7928,0.030850643
3rd_test,disp_240Hz_boxcar,287.1261,0.030631889
3rd_test,disp_240Hz_boxcar,287.4594,0.044344358
3rd_test,disp_240Hz_boxcar,287.7928,0.037313137
3rd_test,disp_240Hz_boxcar,288.1261,0.033116417
3rd_test,disp_240Hz_boxcar,288.4594,0.029990032
3rd_test,disp_240Hz_boxcar,288.7928,0.041051696
3rd_test,disp_240Hz_boxcar,289.1261,0.041723408
3rd_test,disp_240Hz_boxcar,289.4594,0.039102073
3rd_test,disp_240Hz_boxcar,289.7928,0.031899783
3rd_test,disp_240Hz_boxcar,290.1261,0.025291326
3rd_test,disp_240Hz_boxcar,290.4594,0.049111953
3rd_test,disp_240Hz_boxcar,290.7928,0.044702329
3rd_test,disp_240Hz_boxcar,291.1261,0.034771389
3rd_test,disp_240Hz_boxcar,291.4594,0.037358228
3rd_test,disp_240Hz_boxcar,291.7928,0.037588772
3rd_test,disp_240Hz_boxcar,292.1261,0.047147128
3rd_test,disp_240Hz_boxcar,292.4594,0.024848895
3rd_test,disp_240Hz_boxcar,292.7928,0.06679379
3rd_test,disp_240Hz_boxcar,293.1261,0.039434878
3rd_test,disp_240Hz_boxcar,293.4594,0.026623121
3rd_test,disp_240Hz_boxcar,293.7928,0.025180649
3rd_test,disp_240Hz_boxcar,294.1261,0.023794494
3rd_test,disp_240Hz_boxcar,294.4594,0.042401339
3rd_test,disp_240Hz_boxcar,294.7928,0.030137714
3rd_test,disp_240Hz_boxcar,295.1261,0.044975397
3rd_test,disp_240Hz_boxcar,295.4594,0.039927462
3rd_test,disp_240Hz_boxcar,295.7928,0.043066725
3rd_test,disp_240Hz_boxcar,296.1261,0.031244348
3rd_test,disp_240Hz_boxcar,296.4594,0.036014925
3rd_test,disp_240Hz_boxcar,296.7928,0.051739259
3rd_test,disp_240Hz_boxcar,297.1261,0.035698094
3rd_test,disp_240Hz_boxcar,297.4594,0.048209917
3rd_test,disp_240Hz_boxcar,297.7928,0.05327995
3rd_test,disp_240Hz_boxcar,298.1261,0.034268145
3rd_test,disp_240Hz_boxcar,298.4594,0.040475167
3rd_test,disp_240Hz_boxcar,298.7928,0.036939509
3rd_test,disp_240Hz_boxcar,299.1261,0.021088022
3rd_test,disp_240Hz_boxcar,299.4594,0.04496567
3rd_test,disp_240Hz_boxcar,299.7928,0.034724073
3rd_test,disp_240Hz_boxcar,300.1261,0.037096899
3rd_test,disp_240Hz_boxcar,300.4594,0.034136773
3rd_test,disp_240Hz_boxcar,300.7928,0.04465865
3rd_test,disp_240Hz_boxcar,301.1261,0.03945582
3rd_test,disp_240Hz_boxcar,301.4594,0.035094267
3rd_test,disp_240Hz_boxcar,301.7928,0.042130932
3rd_test,disp_240Hz_boxcar,302.1261,0.039295042
3rd_test,disp_240Hz_boxcar,302.4594,0.030155667
3rd_test,disp_240Hz_boxcar,302.7928,0.036242097
3rd_test,disp_240Hz_boxcar,303.1261,0.029999133
3rd_test,disp_240Hz_boxcar,303.4594,0.044916226
3rd_test,disp_240Hz_boxcar,303.7928,0.042912589
3rd_test,disp_240Hz_boxcar,304.1261,0.034850792
3rd_test,disp_240Hz_boxcar,304.4594,0.026011638
3rd_test,disp_240Hz_boxcar,304.7928,0.043751986
3rd_test,disp_240Hz_boxcar,305.1261,0.023935946
3rd_test,disp_240Hz_boxcar,305.4594,0.036821616
3rd_test,disp_240Hz_boxcar,305.7928,0.038291485
3rd_test,disp_240Hz_boxcar,306.1261,0.026441552
3rd_test,disp_240Hz_boxcar,306.4594,0.04217712
3rd_test,disp_240Hz_boxcar,306.7928,0.035108536
3rd_test,disp_240Hz_boxcar,307.1261,0.032846996
3rd_test,disp_240Hz_boxcar,307.4594,0.047218838
3rd_test,disp_240Hz_boxcar,307.7928,0.044068909
3rd_test,disp_240Hz_boxcar,308.1261,0.041236821
3rd_test,disp_240Hz_boxcar,308.4594,0.025823248
3rd_test,disp_240Hz_boxcar,308.7928,0.036764083
3rd_test,disp_240Hz_boxcar,309.1261,0.021796207
3rd_test,disp_240Hz_boxcar,309.4594,0.0543153
3rd_test,disp_240Hz_boxcar,309.7928,0.04712053
3rd_test,disp_240Hz_boxcar,310.1261,0.041410895
3rd_test,disp_240Hz_boxcar,310.4594,0.035980724
3rd_test,disp_240Hz_boxcar,310.7928,0.035856469
3rd_test,disp_240Hz_boxcar,311.1261,0.031001834
3rd_test,disp_240Hz_boxcar,311.4594,0.076197319
3rd_test,disp_240Hz_boxcar,311.7928,0.027402198
3rd_test,disp_240Hz_boxcar,312.1261,0.050040387
3rd_test,disp_240Hz_boxcar,312.4594,0.047825414
3rd_test,disp_240Hz_boxcar,312.7928,0.052608304
3rd_test,disp_240Hz_boxcar,313.1261,0.04290263
3rd_test,disp_240Hz_boxcar,313.4594,0.033576045
3rd_test,disp_240Hz_boxcar,313.7928,0.031231732
3rd_test,disp_240Hz_boxcar,314.1261,0.03991481
3rd_test,disp_240Hz_boxcar,314.4594,0.037998975
3rd_test,disp_240Hz_boxcar,314.7928,0.031936544
3rd_test,disp_240Hz_boxcar,315.1261,0.049606572
3rd_test,disp_240Hz_boxcar,315.4594,0.041253972
3rd_test,disp_240Hz_boxcar,315.7928,0.03835219
3rd_test,disp_240Hz_boxcar,316.1261,0.030416959
3rd_test,disp_240Hz_boxcar,316.4594,0.046513647
3rd_test,disp_240Hz_boxcar,316.7928,0.044859606
3rd_test,disp_240Hz_boxcar,317.1261,0.030741325
3rd_test,disp_240Hz_boxcar,317.4594,0.03005521
3rd_test,disp_240Hz_boxcar,317.7928,0.032998855
3rd_test,disp_240Hz_boxcar,318.1261,0.046921501
3rd_test,disp_240Hz_boxcar,318.4594,0.031464885
3rd_test,disp_240Hz_boxcar,318.7928,0.027291509
3rd_test,disp_240Hz_boxcar,319.1261,0.038459525
3rd_test,disp_240Hz_boxcar,319.4594,0.031560264
3rd_test,disp_240Hz_boxcar,319.7928,0.034350828
3rd_test,disp_240Hz_boxcar,320.1261,0.02868306
3rd_test,disp_240Hz_boxcar,320.4594,0.033441235
3rd_test,disp_240Hz_boxcar,320.7928,0.036946443
3rd_test,disp_240Hz_boxcar,321.1261,0.043808416
3rd_test,disp_240Hz_boxcar,321.4594,0.04164944
3rd_test,disp_240Hz_boxcar,321.7928,0.049585141
3rd_test,disp_240Hz_boxcar,322.1261,0.039480689
3rd_test,disp_240Hz_boxcar,322.4594,0.032944107
3rd_test,disp_240Hz_boxcar,322.7928,0.031178486
3rd_test,disp_240Hz_boxcar,323.1261,0.037722967
3rd_test,disp_240Hz_boxcar,323.4594,0.040977324
3rd_test,disp_240Hz_boxcar,323.7928,0.026826566
3rd_test,disp_240Hz_boxcar,324.1261,0.03472597
3rd_test,disp_240Hz_boxcar,324.4594,0.035233631
3rd_test,disp_240Hz_boxcar,324.7928,0.033939559
3rd_test,disp_240Hz_boxcar,325.1261,0.051355768
3rd_test,disp_240Hz_boxcar,325.4594,0.028634223
3rd_test,disp_240Hz_boxcar,325.7928,0.036142399
3rd_test,disp_240Hz_boxcar,326.1261,0.046759186
3rd_test,disp_240Hz_boxcar,326.4594,0.05054035
3rd_test,disp_240Hz_boxcar,326.7928,0.045979606
3rd_test,disp_240Hz_boxcar,327.1261,0.040931285
3rd_test,disp_240Hz_boxcar,327.4594,0.053911607
3rd_test,disp_240Hz_boxcar,327.7928,0.028584018
3rd_test,disp_240Hz_boxcar,328.1261,0.028930771
3rd_test,disp_240Hz_boxcar,328.4594,0.044350583
3rd_test,disp_240Hz_boxcar,328.7928,0.032852425
3rd_test,disp_240Hz_boxcar,329.1261,0.040105639
3rd_test,disp_240Hz_boxcar,329.4594,0.050433599
3rd_test,disp_240Hz_boxcar,329.7928,0.032727986
3rd_test,disp_240Hz_boxcar,330.1261,0.03509918
3rd_test,disp_240Hz_boxcar,330.4594,0.038006889
3rd_test,disp_240Hz_boxcar,330.7928,0.032545302
3rd_test,disp_240Hz_boxcar,331.1261,0.035277135
3rd_test,disp_240Hz_boxcar,331.4594,0.028698799
3rd_test,disp_240Hz_boxcar,331.7928,0.037580487
3rd_test,disp_240Hz_boxcar,332.1261,0.030529116
3rd_test,disp_240Hz_boxcar,332.4594,0.046249099
3rd_test,disp_240Hz_boxcar,332.7928,0.035371248
3rd_test,disp_240Hz_boxcar,333.1261,0.036066749
3rd_test,disp_240Hz_boxcar,333.4594,0.046791252
3rd_test,disp_240Hz_boxcar,333.7928,0.044492941
3rd_test,disp_240Hz_boxcar,334.1261,0.045664938
3rd_test,disp_240Hz_boxcar,334.4594,0.031701952
3rd_test,disp_240Hz_boxcar,334.7928,0.029036273
3rd_test,disp_240Hz_boxcar,335.1261,0.03285023
3rd_test,disp_240Hz_boxcar,335.4594,0.037451761
3rd_test,disp_240Hz_boxcar,335.7928,0.032760039
3rd_test,disp_240Hz_boxcar,336.1261,0.033986867
3rd_test,disp_240Hz_boxcar,336.4594,0.041065399
3rd_test,disp_240Hz_boxcar,336.7928,0.03291403
3rd_test,disp_240Hz_boxcar,337.1261,0.034758915
3rd_test,disp_240Hz_boxcar,337.4594,0.019435059
3rd_test,disp_240Hz_boxcar,337.7928,0.03246468
3rd_test,disp_240Hz_boxcar,338.1261,0.041163967
3rd_test,disp_240Hz_boxcar,338.4594,0.025012541
3rd_test,disp_240Hz_boxcar,338.7928,0.035463567
3rd_test,disp_240Hz_boxcar,339.1261,0.048166878
3rd_test,disp_240Hz_boxcar,339.4594,0.034878456
3rd_test,disp_240Hz_boxcar,339.7928,0.029358252
3rd_test,disp_240Hz_boxcar,340.1261,0.034270867
3rd_test,disp_240Hz_boxcar,340.4594,0.065078156
3rd_test,disp_240Hz_boxcar,340.7928,0.026674964
3rd_test,disp_240Hz_boxcar,341.1261,0.045895476
3rd_test,disp_240Hz_boxcar,341.4594,0.045515658
3rd_test,disp_240Hz_boxcar,341.7928,0.032174062
3rd_test,disp_240Hz_boxcar,342.1261,0.032527459
3rd_test,disp_240Hz_boxcar,342.4594,0.032785713
3rd_test,disp_240Hz_boxcar,342.7928,0.042734665
3rd_test,disp_240Hz_boxcar,343.1261,0.042226841
3rd_test,disp_240Hz_boxcar,343.4594,0.036088106
3rd_test,disp_240Hz_boxcar,343.7928,0.026046921
3rd_test,disp_240Hz_boxcar,344.1261,0.035225048
3rd_test,disp_240Hz_boxcar,344.4594,0.034805258
3rd_test,disp_240Hz_boxcar,344.7928,0.033686924
3rd_test,disp_240Hz_boxcar,345.1261,0.032134885
3rd_test,disp_240Hz_boxcar,345.4594,0.043777462
3rd_test,disp_240Hz_boxcar,345.7928,0.041216807
3rd_test,disp_240Hz_boxcar,346.1261,0.048952088
3rd_test,disp_240Hz_boxcar,346.4594,0.049218921
3rd_test,disp_240Hz_boxcar,346.7928,0.02550077
3rd_test,disp_240Hz_boxcar,347.1261,0.030019727
3rd_test,disp_240Hz_boxcar,347.4594,0.045225348
3rd_test,disp_240Hz_boxcar,347.7928,0.027853118
3rd_test,disp_240Hz_boxcar,348.1261,0.023312072
3rd_test,disp_240Hz_boxcar,348.4594,0.038092077
3rd_test,disp_240Hz_boxcar,348.7928,0.028267714
3rd_test,disp_240Hz_boxcar,349.1261,0.030973114
3rd_test,disp_240Hz_boxcar,349.4594,0.03385898
3rd_test,disp_240Hz_boxcar,349.7928,0.0293869
3rd_test,disp_240Hz_boxcar,350.1261,0.02756582
3rd_test,disp_240Hz_boxcar,350.4594,0.037975364
3rd_test,disp_240Hz_boxcar,350.7928,0.052458517
3rd_test,disp_240Hz_boxcar,351.1261,0.041931962
3rd_test,disp_240Hz_boxcar,351.4594,0.055344275
3rd_test,disp_240Hz_boxcar,351.7928,0.039376711
3rd_test,disp_240Hz_boxcar,352.1261,0.033842574
3rd_test,disp_240Hz_boxcar,352.4594,0.033040541
3rd_test,disp_240Hz_boxcar,352.7928,0.043791461
3rd_test,disp_240Hz_boxcar,353.1261,0.039700537
3rd_test,disp_240Hz_boxcar,353.4594,0.054064882
3rd_test,disp_240Hz_boxcar,361.1586,0.037668759
3rd_test,disp_240Hz_boxcar,361.4031,0.042870933
3rd_test,disp_240Hz_boxcar,361.7364,0.051163011
3rd_test,disp_240Hz_boxcar,362.0697,0.035639524
3rd_test,disp_240Hz_boxcar,362.4031,0.035835113
3rd_test,disp_240Hz_boxcar,362.7364,0.034026471
3rd_test,disp_240Hz_boxcar,363.0697,0.039251425
3rd_test,disp_240Hz_boxcar,363.4031,0.042507614
3rd_test,disp_240Hz_boxcar,363.7364,0.03410177
3rd_test,disp_240Hz_boxcar,364.0697,0.028689757
3rd_test,disp_240Hz_boxcar,364.4031,0.028490092
3rd_test,disp_240Hz_boxcar,364.7364,0.051062114
3rd_test,disp_240Hz_boxcar,365.0697,0.050022954
3rd_test,disp_240Hz_boxcar,365.4031,0.039227661
3rd_test,disp_240Hz_boxcar,365.7364,0.048006264
3rd_test,disp_240Hz_boxcar,366.0697,0.036027951
3rd_test,disp_240Hz_boxcar,366.4031,0.035591608
3rd_test,disp_240Hz_boxcar,366.7364,0.044440939
3rd_test,disp_240Hz_boxcar,367.0697,0.032795769
3rd_test,disp_240Hz_boxcar,367.4031,0.044640635
3rd_test,disp_240Hz_boxcar,367.7364,0.045684871
3rd_test,disp_240Hz_boxcar,368.0697,0.053886627
3rd_test,disp_240Hz_boxcar,368.4031,0.040841465
3rd_test,disp_240Hz_boxcar,368.7364,0.034693017
3rd_test,disp_240Hz_boxcar,369.0697,0.029995992
3rd_test,disp_240Hz_boxcar,369.4031,0.052350988
3rd_test,disp_240Hz_boxcar,369.7364,0.041246509
3rd_test,disp_240Hz_boxcar,370.0697,0.036124579
3rd_test,disp_240Hz_boxcar,370.4031,0.031524091
3rd_test,disp_240Hz_boxcar,370.7364,0.038028444
3rd_test,disp_240Hz_boxcar,371.0697,0.042583049
3rd_test,disp_240Hz_boxcar,371.4031,0.04137986
3rd_test,disp_240Hz_boxcar,371.7364,0.044813378
3rd_test,disp_240Hz_boxcar,372.0697,0.029025174
3rd_test,disp_240Hz_boxcar,372.4031,0.023708206
3rd_test,disp_240Hz_boxcar,372.7364,0.025168934
3rd_test,disp_240Hz_boxcar,373.0697,0.042713393
3rd_test,disp_240Hz_boxcar,373.4031,0.038020656
3rd_test,disp_240Hz_boxcar,373.7364,0.033780339
3rd_test,disp_240Hz_boxcar,374.0697,0.02345552
3rd_test,disp_240Hz_boxcar,374.4031,0.036159904
3rd_test,disp_240Hz_boxcar,374.7364,0.037070092
3rd_test,disp_240Hz_boxcar,375.0697,0.029624133
3rd_test,disp_240Hz_boxcar,375.4031,0.039086006
3rd_test,disp_240Hz_boxcar,375.7364,0.027235851
3rd_test,disp_240Hz_boxcar,376.0697,0.031596604
3rd_test,disp_240Hz_boxcar,376.4031,0.035942081
3rd_test,disp_240Hz_boxcar,376.7364,0.030111544
3rd_test,disp_240Hz_boxcar,377.0697,0.02989002
3rd_test,disp_240Hz_boxcar,377.4031,0.04187343
3rd_test,disp_240Hz_boxcar,377.7364,0.027939594
3rd_test,disp_240Hz_boxcar,378.0697,0.041418795
3rd_test,disp_240Hz_boxcar,378.4031,0.036781783
3rd_test,disp_240Hz_boxcar,378.7364,0.02929776
3rd_test,disp_240Hz_boxcar,379.0697,0.053166857
3rd_test,disp_240Hz_boxcar,379.4031,0.040885836
3rd_test,disp_240Hz_boxcar,379.7364,0.039969285
3rd_test,disp_240Hz_boxcar,380.0697,0.046744832
3rd_test,disp_240Hz_boxcar,380.4031,0.022512748
3rd_test,disp_240Hz_boxcar,380.7364,0.055631722
3rd_test,disp_240Hz_boxcar,381.0697,0.044805855
3rd_test,disp_240Hz_boxcar,381.4031,0.045730431
3rd_test,disp_240Hz_boxcar,381.7364,0.035542179
3rd_test,disp_240Hz_boxcar,382.0697,0.048334076
3rd_test,disp_240Hz_boxcar,382.4031,0.039528996
3rd_test,disp_240Hz_boxcar,382.7364,0.034011343
3rd_test,disp_240Hz_boxcar,383.0697,0.036710921
3rd_test,disp_240Hz_boxcar,383.4031,0.050545284
3rd_test,disp_240Hz_boxcar,383.7364,0.034930631
3rd_test,disp_240Hz_boxcar,384.0697,0.031685661
3rd_test,disp_240Hz_boxcar,384.4031,0.043407247
3rd_test,disp_240Hz_boxcar,384.7364,0.042946106
3rd_test,disp_240Hz_boxcar,385.0697,0.046710634
3rd_test,disp_240Hz_boxcar,385.4031,0.038362144
3rd_test,disp_240Hz_boxcar,385.7364,0.024022707
3rd_test,disp_240Hz_boxcar,386.0697,0.038216759
3rd_test,disp_240Hz_boxcar,386.4031,0.042584338
3rd_test,disp_240Hz_boxcar,386.7364,0.038136598
3rd_test,disp_240Hz_boxcar,387.0697,0.037045233
3rd_test,disp_240Hz_boxcar,387.4031,0.033397045
3rd_test,disp_240Hz_boxcar,387.7364,0.036915498
3rd_test,disp_240Hz_boxcar,388.0697,0.031309113
3rd_test,disp_240Hz_boxcar,388.4031,0.030372488
3rd_test,disp_240Hz_boxcar,388.7364,0.029954736
3rd_test,disp_240Hz_boxcar,389.0697,0.036536829
3rd_test,disp_240Hz_boxcar,389.4031,0.051758846
3rd_test,disp_240Hz_boxcar,389.7364,0.047140334
3rd_test,disp_240Hz_boxcar,390.0697,0.039671863
3rd_test,disp_240Hz_boxcar,390.4031,0.044052678
3rd_test,disp_240Hz_boxcar,390.7364,0.021658613
3rd_test,disp_240Hz_boxcar,391.0697,0.038073166
3rd_test,disp_240Hz_boxcar,391.4031,0.029366368
3rd_test,disp_240Hz_boxcar,391.7364,0.0452431
3rd_test,disp_240Hz_boxcar,392.0697,0.034896186
3rd_test,disp_240Hz_boxcar,392.4031,0.028258715
3rd_test,disp_240Hz_boxcar,392.7364,0.030205221
3rd_test,disp_240Hz_boxcar,393.0697,0.055561604
3rd_test,disp_240Hz_boxcar,393.4031,0.045620994
3rd_test,disp_240Hz_boxcar,393.7364,0.027714812
3rd_test,disp_240Hz_boxcar,394.0697,0.032102827
3rd_test,disp_240Hz_boxcar,394.4031,0.03593595
3rd_test,disp_240Hz_boxcar,394.7364,0.031514499
3rd_test,disp_240Hz_boxcar,395.0697,0.033737647
3rd_test,disp_240Hz_boxcar,395.4031,0.038881904
3rd_test,disp_240Hz_boxcar,395.7364,0.031107623
3rd_test,disp_240Hz_boxcar,396.0697,0.038933097
3rd_test,disp_240Hz_boxcar,396.4031,0.024499474
3rd_test,disp_240Hz_boxcar,396.7364,0.029308418
3rd_test,disp_240Hz_boxcar,397.0697,0.03841687
3rd_test,disp_240Hz_boxcar,397.4031,0.025348314
3rd_test,disp_240Hz_boxcar,397.7364,0.031099419
3rd_test,disp_240Hz_boxcar,398.0697,0.027409648
3rd_test,disp_240Hz_boxcar,398.4031,0.024248429
3rd_test,disp_240Hz_boxcar,398.7364,0.041537958
3rd_test,disp_240Hz_boxcar,399.0697,0.048510317
3rd_test,disp_240Hz_boxcar,399.4031,0.03229787
3rd_test,disp_240Hz_boxcar,399.7364,0.033545676
3rd_test,disp_240Hz_boxcar,400.0697,0.045639766
3rd_test,disp_240Hz_boxcar,400.4031,0.022749394
3rd_test,disp_240Hz_boxcar,400.7364,0.030605777
3rd_test,disp_240Hz_boxcar,401.0697,0.041763137
3rd_test,disp_240Hz_boxcar,401.4031,0.0257081
3rd_test,disp_240Hz_boxcar,401.7364,0.032796801
3rd_test,disp_240Hz_boxcar,402.0697,0.031335257
3rd_test,disp_240Hz_boxcar,402.4031,0.046755582
3rd_test,disp_240Hz_boxcar,402.7364,0.032455328
3rd_test,disp_240Hz_boxcar,403.0697,0.0390095
3rd_test,disp_240Hz_boxcar,403.4031,0.037939421
3rd_test,disp_240Hz_boxcar,403.7364,0.0265752
3rd_test,disp_240Hz_boxcar,404.0697,0.035046684
3rd_test,disp_240Hz_boxcar,404.4031,0.035637243
3rd_test,disp_240Hz_boxcar,404.7364,0.03749054
3rd_test,disp_240Hz_boxcar,405.0697,0.031022243
3rd_test,disp_240Hz_boxcar,405.4031,0.023789736
3rd_test,disp_240Hz_boxcar,405.7364,0.042169991
3rd_test,disp_240Hz_boxcar,406.0697,0.043896451
3rd_test,disp_240Hz_boxcar,406.4031,0.045014066
3rd_test,disp_240Hz_boxcar,406.7364,0.027147891
3rd_test,disp_240Hz_boxcar,407.0697,0.032555732
3rd_test,disp_240Hz_boxcar,407.4031,0.043179224
3rd_test,disp_240Hz_boxcar,407.7364,0.037412021
3rd_test,disp_240Hz_boxcar,408.0697,0.033455546
3rd_test,disp_240Hz_boxcar,408.4031,0.033344003
3rd_test,disp_240Hz_boxcar,408.7364,0.062863068
3rd_test,disp_240Hz_boxcar,409.0697,0.035637717
3rd_test,disp_240Hz_boxcar,409.4031,0.051843978
3rd_test,disp_240Hz_boxcar,409.7364,0.028346782
3rd_test,disp_240Hz_boxcar,410.0697,0.040452563
3rd_test,disp_240Hz_boxcar,410.4031,0.053830607
3rd_test,disp_240Hz_boxcar,410.7364,0.030746635
3rd_test,disp_240Hz_boxcar,411.0697,0.03030139
3rd_test,disp_240Hz_boxcar,411.4031,0.036424756
3rd_test,disp_240Hz_boxcar,411.7364,0.028214994
3rd_test,disp_240Hz_boxcar,412.0697,0.045712404
3rd_test,disp_240Hz_boxcar,412.4031,0.049038587
3rd_test,disp_240Hz_boxcar,412.7364,0.028158045
3rd_test,disp_240Hz_boxcar,413.0697,0.039493434
3rd_test,disp_240Hz_boxcar,413.4031,0.025294555
3rd_test,disp_240Hz_boxcar,413.7364,0.039719166
3rd_test,disp_240Hz_boxcar,414.0697,0.035605732
3rd_test,disp_240Hz_boxcar,414.4031,0.040735654
3rd_test,disp_240Hz_boxcar,414.7364,0.036796684
3rd_test,disp_240Hz_boxcar,415.0697,0.031697893
3rd_test,disp_240Hz_boxcar,415.4031,0.04382168
3rd_test,disp_240Hz_boxcar,415.7364,0.058348323
3rd_test,disp_240Hz_boxcar,416.0697,0.046760798
3rd_test,disp_240Hz_boxcar,416.4031,0.034809627
3rd_test,disp_240Hz_boxcar,416.7364,0.034091169
3rd_test,disp_240Hz_boxcar,417.0697,0.040405886
3rd_test,disp_240Hz_boxcar,417.4031,0.050002631
3rd_test,disp_240Hz_boxcar,417.7364,0.040873714
3rd_test,disp_240Hz_boxcar,418.0697,0.023624252
3rd_test,disp_240Hz_boxcar,418.4031,0.040341856
3rd_test,disp_240Hz_boxcar,418.7364,0.030990899
3rd_test,disp_240Hz_boxcar,419.0697,0.032346472
3rd_test,disp_240Hz_boxcar,419.4031,0.03863247
3rd_test,disp_240Hz_boxcar,419.7364,0.038921283
3rd_test,disp_240Hz_boxcar,420.0697,0.0305463
3rd_test,disp_240Hz_boxcar,420.4031,0.043445394
3rd_test,disp_240Hz_boxcar,420.7364,0.031284616
3rd_test,disp_240Hz_boxcar,421.0697,0.028865104
3rd_test,disp_240Hz_boxcar,421.4031,0.047444052
3rd_test,disp_240Hz_boxcar,421.7364,0.039335588
3rd_test,disp_240Hz_boxcar,422.0697,0.039776185
3rd_test,disp_240Hz_boxcar,422.4031,0.038684446
3rd_test,disp_240Hz_boxcar,422.7364,0.020543471
3rd_test,disp_240Hz_boxcar,423.0697,0.056384925
3rd_test,disp_240Hz_boxcar,423.4031,0.03791629
3rd_test,disp_240Hz_boxcar,423.7364,0.033782407
3rd_test,disp_240Hz_boxcar,424.0697,0.042833949
3rd_test,disp_240Hz_boxcar,424.4031,0.044498978
3rd_test,disp_240Hz_boxcar,424.7364,0.033337852
3rd_test,disp_240Hz_boxcar,425.0697,0.044902707
3rd_test,disp_240Hz_boxcar,425.4031,0.027932053
3rd_test,disp_240Hz_boxcar,425.7364,0.042759112
3rd_test,disp_240Hz_boxcar,426.0697,0.026331393
3rd_test,disp_240Hz_boxcar,426.4031,0.044299716
3rd_test,disp_240Hz_boxcar,426.7364,0.023775008
3rd_test,disp_240Hz_boxcar,427.0697,0.029993481
3rd_test,disp_240Hz_boxcar,427.4031,0.051151241
3rd_test,disp_240Hz_boxcar,427.7364,0.038002425
3rd_test,disp_240Hz_boxcar,428.0697,0.021675883
3rd_test,disp_240Hz_boxcar,428.4031,0.033304332
3rd_test,disp_240Hz_boxcar,428.7364,0.034097946
3rd_test,disp_240Hz_boxcar,429.0697,0.042040894
3rd_test,disp_240Hz_boxcar,429.4031,0.01928826
3rd_test,disp_240Hz_boxcar,429.7364,0.033946824
3rd_test,disp_240Hz_boxcar,430.0697,0.033665747
3rd_test,disp_240Hz_boxcar,430.4031,0.044375658
3rd_test,disp_240Hz_boxcar,430.7364,0.037699906
3rd_test,disp_240Hz_boxcar,431.0697,0.044125227
3rd_test,disp_240Hz_boxcar,431.4031,0.046522766
3rd_test,disp_240Hz_boxcar,431.7364,0.027933273
3rd_test,disp_240Hz_boxcar,432.0697,0.025708256
3rd_test,disp_240Hz_boxcar,432.4031,0.050332566
3rd_test,disp_240Hz_boxcar,432.7364,0.027965965
3rd_test,disp_240Hz_boxcar,433.0697,0.037419303
3rd_test,disp_240Hz_boxcar,433.4031,0.031837566
3rd_test,disp_240Hz_boxcar,433.7364,0.053152035
3rd_test,disp_240Hz_boxcar,434.0697,0.045426209
3rd_test,disp_240Hz_boxcar,434.4031,0.038368226
3rd_test,disp_240Hz_boxcar,434.7364,0.038265234
3rd_test,disp_240Hz_boxcar,435.0697,0.043211927
3rd_test,disp_240Hz_boxcar,435.4031,0.04909702
3rd_test,disp_240Hz_boxcar,435.7364,0.035973174
3rd_test,disp_240Hz_boxcar,436.0697,0.036843288
3rd_test,disp_240Hz_boxcar,436.4031,0.040664633
3rd_test,disp_240Hz_boxcar,436.7364,0.046093727
3rd_test,disp_240Hz_boxcar,437.0697,0.034383008
3rd_test,disp_240Hz_boxcar,437.4031,0.030694987
3rd_test,disp_240Hz_boxcar,437.7364,0.037401634
3rd_test,disp_240Hz_boxcar,438.0697,0.028448887
3rd_test,disp_240Hz_boxcar,438.4031,0.039386757
3rd_test,disp_240Hz_boxcar,438.7364,0.039843382
3rd_test,disp_240Hz_boxcar,439.0697,0.030129931
3rd_test,disp_240Hz_boxcar,439.4031,0.029279028
3rd_test,disp_240Hz_boxcar,439.7364,0.046002866
3rd_test,disp_240Hz_boxcar,440.0697,0.033196064
3rd_test,disp_240Hz_boxcar,440.4031,0.032943751
3rd_test,disp_240Hz_boxcar,440.7364,0.032643939
3rd_test,disp_240Hz_boxcar,441.0697,0.036007858
3rd_test,disp_240Hz_boxcar,441.4031,0.037837589
3rd_test,disp_240Hz_boxcar,441.7364,0.026304287
3rd_test,disp_240Hz_boxcar,442.0697,0.035772314
3rd_test,disp_240Hz_boxcar,442.4031,0.052707981
3rd_test,disp_240Hz_boxcar,442.7364,0.018597275
3rd_test,disp_240Hz_boxcar,443.0697,0.025902527
3rd_test,disp_240Hz_boxcar,443.4031,0.037102106
3rd_test,disp_240Hz_boxcar,443.7364,0.04251898
3rd_test,disp_240Hz_boxcar,444.0697,0.042461842
3rd_test,disp_240Hz_boxcar,444.4031,0.057208737
3rd_test,disp_240Hz_boxcar,444.7364,0.062155977
3rd_test,disp_240Hz_boxcar,445.0697,0.036678388
3rd_test,disp_240Hz_boxcar,445.4031,0.042504078
3rd_test,disp_240Hz_boxcar,445.7364,0.05146595
3rd_test,disp_240Hz_boxcar,446.0697,0.030811156
3rd_test,disp_240Hz_boxcar,446.4031,0.026633248
3rd_test,disp_240Hz_boxcar,446.7364,0.04001953
3rd_test,disp_240Hz_boxcar,447.0697,0.039354585
3rd_test,disp_240Hz_boxcar,447.4031,0.038267191
3rd_test,disp_240Hz_boxcar,447.7364,0.040594071
3rd_test,disp_240Hz_boxcar,448.0697,0.039177982
3rd_test,disp_240Hz_boxcar,448.4031,0.041872918
3rd_test,disp_240Hz_boxcar,448.7364,0.04637735
3rd_test,disp_240Hz_boxcar,449.0697,0.045324427
3rd_test,disp_240Hz_boxcar,449.4031,0.03779496
3rd_test,disp_240Hz_boxcar,449.7364,0.048110091
3rd_test,disp_240Hz_boxcar,450.0697,0.032585058
3rd_test,disp_240Hz_boxcar,450.4031,0.033243551
3rd_test,disp_240Hz_boxcar,450.7364,0.044872529
3rd_test,disp_240Hz_boxcar,451.0697,0.044481998
3rd_test,disp_240Hz_boxcar,451.4031,0.0381004
3rd_test,disp_240Hz_boxcar,451.7364,0.031348333
3rd_test,disp_240Hz_boxcar,452.0697,0.051664576
3rd_test,disp_240Hz_boxcar,452.4031,0.058666042
3rd_test,disp_240Hz_boxcar,452.7364,0.05880895
3rd_test,disp_240Hz_boxcar,453.0697,0.034126131
3rd_test,disp_240Hz_boxcar,453.4031,0.055283721
3rd_test,disp_240Hz_boxcar,453.7364,0.041692434
3rd_test,disp_240Hz_boxcar,454.0697,0.036726466
3rd_test,disp_240Hz_boxcar,454.4031,0.044676575
3rd_test,disp_240Hz_boxcar,454.7364,0.029983829
3rd_test,disp_240Hz_boxcar,455.0697,0.02674177
3rd_test,disp_240Hz_boxcar,455.4031,0.030606987
3rd_test,disp_240Hz_boxcar,455.7364,0.032456717
3rd_test,disp_240Hz_boxcar,456.0697,0.032895118
3rd_test,disp_240Hz_boxcar,456.4031,0.032658022
3rd_test,disp_240Hz_boxcar,456.7364,0.033210024
3rd_test,disp_240Hz_boxcar,457.0697,0.024150346
3rd_test,disp_240Hz_boxcar,457.4031,0.039336946
3rd_test,disp_240Hz_boxcar,457.7364,0.036733254
3rd_test,disp_240Hz_boxcar,458.0697,0.02512289
3rd_test,disp_240Hz_boxcar,458.4031,0.030683499
3rd_test,disp_240Hz_boxcar,458.7364,0.036520701
3rd_test,disp_240Hz_boxcar,459.0697,0.028861208
3rd_test,disp_240Hz_boxcar,459.4031,0.034989975
3rd_test,disp_240Hz_boxcar,459.7364,0.032196375
3rd_test,disp_240Hz_boxcar,460.0697,0.031129556
3rd_test,disp_240Hz_boxcar,460.4031,0.055070903
3rd_test,disp_240Hz_boxcar,460.7364,0.031020484
3rd_test,disp_240Hz_boxcar,461.0697,0.042223641
3rd_test,disp_240Hz_boxcar,461.4031,0.04007239
3rd_test,disp_240Hz_boxcar,461.7364,0.033150664
3rd_test,disp_240Hz_boxcar,462.0697,0.044141591
3rd_test,disp_240Hz_boxcar,462.4031,0.043483193
3rd_test,disp_240Hz_boxcar,462.7364,0.034857162
3rd_test,disp_240Hz_boxcar,463.0697,0.034606845
3rd_test,disp_240Hz_boxcar,463.4031,0.041910965
3rd_test,disp_240Hz_boxcar,463.7364,0.033005752
3rd_test,disp_240Hz_boxcar,464.0697,0.030526431
3rd_test,disp_240Hz_boxcar,464.4031,0.040744103
3rd_test,disp_240Hz_boxcar,464.7364,0.027439668
3rd_test,disp_240Hz_boxcar,465.0697,0.045331267
3rd_test,disp_240Hz_boxcar,465.4031,0.041292267
3rd_test,disp_240Hz_boxcar,465.7364,0.037971395
3rd_test,disp_240Hz_boxcar,466.0697,0.044861844
3rd_test,disp_240Hz_boxcar,466.4031,0.034655369
3rd_test,disp_240Hz_boxcar,466.7364,0.036847022
3rd_test,disp_240Hz_boxcar,467.0697,0.035967781
3rd_test,disp_240Hz_boxcar,467.4031,0.055175777
3rd_test,disp_240Hz_boxcar,467.7364,0.035233801
3rd_test,disp_240Hz_boxcar,468.0697,0.032222313
3rd_test,disp_240Hz_boxcar,468.4031,0.033511743
3rd_test,disp_240Hz_boxcar,468.7364,0.034627615
3rd_test,disp_240Hz_boxcar,469.0697,0.048048366
3rd_test,disp_240Hz_boxcar,469.4031,0.035319518
3rd_test,disp_240Hz_boxcar,469.7364,0.036059851
3rd_test,disp_240Hz_boxcar,470.0697,0.050163098
3rd_test,disp_240Hz_boxcar,470.4031,0.034726852
3rd_test,disp_240Hz_boxcar,470.7364,0.052964349
3rd_test,disp_240Hz_boxcar,471.0697,0.036401647
3rd_test,disp_240Hz_boxcar,471.4031,0.038354617
3rd_test,disp_240Hz_boxcar,471.7364,0.037550023
3rd_test,disp_240Hz_boxcar,472.0697,0.039536691
3rd_test,disp_240Hz_boxcar,472.4031,0.051340027
3rd_test,disp_240Hz_boxcar,472.7364,0.050835988
3rd_test,disp_240Hz_boxcar,473.0697,0.021183993
3rd_test,disp_240Hz_boxcar,473.4031,0.031719634
3rd_test,disp_240Hz_boxcar,473.7364,0.035712755
3rd_test,disp_240Hz_boxcar,474.0697,0.04468097
3rd_test,disp_240Hz_boxcar,474.4031,0.020530907
3rd_test,disp_240Hz_boxcar,474.7364,0.042020494
3rd_test,disp_240Hz_boxcar,475.0697,0.031116823
3rd_test,disp_240Hz_boxcar,475.4031,0.032117382
3rd_test,disp_240Hz_boxcar,475.7364,0.026411975
3rd_test,disp_240Hz_boxcar,476.0697,0.040472358
3rd_test,disp_240Hz_boxcar,476.4031,0.040757721
3rd_test,disp_240Hz_boxcar,476.7364,0.022420383
3rd_test,disp_240Hz_boxcar,477.0697,0.039352224
3rd_test,disp_240Hz_boxcar,477.4031,0.038932356
3rd_test,disp_240Hz_boxcar,477.7364,0.053386221
3rd_test,disp_240Hz_boxcar,478.0697,0.03168866
3rd_test,disp_240Hz_boxcar,478.4031,0.032931877
3rd_test,disp_240Hz_boxcar,478.7364,0.04057505
3rd_test,disp_240Hz_boxcar,479.0697,0.026453706
3rd_test,disp_240Hz_boxcar,479.4031,0.0457324
3rd_test,disp_240Hz_boxcar,479.7364,0.041341282
3rd_test,disp_240Hz_boxcar,480.0697,0.02639921
3rd_test,disp_240Hz_boxcar,480.4031,0.044281366
3rd_test,disp_240Hz_boxcar,480.7364,0.044919334
3rd_test,disp_240Hz_boxcar,481.0697,0.050364797
3rd_test,disp_240Hz_boxcar,481.4031,0.045365189
3rd_test,disp_240Hz_boxcar,481.7364,0.058162086
3rd_test,disp_240Hz_boxcar,482.0697,0.041002781
3rd_test,disp_240Hz_boxcar,482.4031,0.047829741
3rd_test,disp_240Hz_boxcar,482.7364,0.029150201
3rd_test,disp_240Hz_boxcar,483.0697,0.029340124
3rd_test,disp_240Hz_boxcar,483.4031,0.03992742
3rd_test,disp_240Hz_boxcar,483.7364,0.044502374
3rd_test,disp_240Hz_boxcar,484.0697,0.040972439
3rd_test,disp_240Hz_boxcar,484.4031,0.043218905
3rd_test,disp_240Hz_boxcar,484.7364,0.033897235
3rd_test,disp_240Hz_boxcar,485.0697,0.028226874
3rd_test,disp_240Hz_boxcar,485.4031,0.028611065
3rd_test,disp_240Hz_boxcar,485.7364,0.046758788
3rd_test,disp_240Hz_boxcar,486.0697,0.044638392
3rd_test,disp_240Hz_boxcar,486.4031,0.040583571
3rd_test,disp_240Hz_boxcar,486.7364,0.02133126
3rd_test,disp_240Hz_boxcar,487.0697,0.042139815
3rd_test,disp_240Hz_boxcar,487.4031,0.042541644
3rd_test,disp_240Hz_boxcar,487.7364,0.029784292
3rd_test,disp_240Hz_boxcar,488.0697,0.03069652
3rd_test,disp_240Hz_boxcar,488.4031,0.044183112
3rd_test,disp_240Hz_boxcar,488.7364,0.042526591
3rd_test,disp_240Hz_boxcar,489.0697,0.037134477
3rd_test,disp_240Hz_boxcar,489.4031,0.032976957
3rd_test,disp_240Hz_boxcar,489.7364,0.024068849
3rd_test,disp_240Hz_boxcar,490.0697,0.042707325
3rd_test,disp_240Hz_boxcar,490.4031,0.048765278
3rd_test,disp_240Hz_boxcar,490.7364,0.031387405
3rd_test,disp_240Hz_boxcar,491.0697,0.034972842
3rd_test,disp_240Hz_boxcar,491.4031,0.047709961
3rd_test,disp_240Hz_boxcar,491.7364,0.04251105
3rd_test,disp_240Hz_boxcar,492.0697,0.041470435
3rd_test,disp_240Hz_boxcar,492.4031,0.046896758
3rd_test,disp_240Hz_boxcar,492.7364,0.041410112
3rd_test,disp_240Hz_boxcar,493.0697,0.043033171
3rd_test,disp_240Hz_boxcar,493.4031,0.03697531
3rd_test,disp_240Hz_boxcar,493.7364,0.031735324
3rd_test,disp_240Hz_boxcar,494.0697,0.033101289
3rd_test,disp_240Hz_boxcar,494.4031,0.039277884
3rd_test,disp_240Hz_boxcar,494.7364,0.034467305
3rd_test,disp_240Hz_boxcar,495.0697,0.05193223
3rd_test,disp_240Hz_boxcar,495.4031,0.047241705
3rd_test,disp_240Hz_boxcar,495.7364,0.046039262
3rd_test,disp_240Hz_boxcar,496.0697,0.035390912
3rd_test,disp_240Hz_boxcar,496.4031,0.042312235
3rd_test,disp_240Hz_boxcar,496.7364,0.055585559
3rd_test,disp_240Hz_boxcar,497.0697,0.026380235
3rd_test,disp_240Hz_boxcar,497.4031,0.050938689
3rd_test,disp_240Hz_boxcar,497.7364,0.035062135
3rd_test,disp_240Hz_boxcar,498.0697,0.042011801
3rd_test,disp_240Hz_boxcar,498.4031,0.031755291
3rd_test,disp_240Hz_boxcar,498.7364,0.048335571
3rd_test,disp_240Hz_boxcar,499.0697,0.047731368
3rd_test,disp_240Hz_boxcar,499.4031,0.037299245
3rd_test,disp_240Hz_boxcar,499.7364,0.042272624
3rd_test,disp_240Hz_boxcar,500.0697,0.03488861
3rd_test,disp_240Hz_boxcar,500.4031,0.036766942
3rd_test,disp_240Hz_boxcar,500.7364,0.053111167
3rd_test,disp_240Hz_boxcar,501.0697,0.041489414
3rd_test,disp_240Hz_boxcar,501.4031,0.035232063
3rd_test,disp_240Hz_boxcar,501.7364,0.048740974
3rd_test,disp_240Hz_boxcar,502.0697,0.041567435
3rd_test,disp_240Hz_boxcar,502.4031,0.02295253
3rd_test,disp_240Hz_boxcar,502.7364,0.038009722
3rd_test,disp_240Hz_boxcar,503.0697,0.036261402
3rd_test,disp_240Hz_boxcar,503.4031,0.040902247
3rd_test,disp_240Hz_boxcar,503.7364,0.031574448
3rd_test,disp_240Hz_boxcar,504.0697,0.044792302
3rd_test,disp_240Hz_boxcar,504.4031,0.040739376
3rd_test,disp_240Hz_boxcar,504.7364,0.036282653
3rd_test,disp_240Hz_boxcar,505.0697,0.031256974
3rd_test,disp_240Hz_boxcar,505.4031,0.035460333
3rd_test,disp_240Hz_boxcar,505.7364,0.043688435
3rd_test,disp_240Hz_boxcar,506.0697,0.036443606
3rd_test,disp_240Hz_boxcar,506.4031,0.019498252
3rd_test,disp_240Hz_boxcar,506.7364,0.025828659
3rd_test,disp_240Hz_boxcar,507.0697,0.051608995
3rd_test,disp_240Hz_boxcar,507.4031,0.038730951
3rd_test,disp_240Hz_boxcar,507.7364,0.031819007
3rd_test,disp_240Hz_boxcar,508.0697,0.021309507
3rd_test,disp_240Hz_boxcar,508.4031,0.032919027
3rd_test,disp_240Hz_boxcar,508.7364,0.033689206
3rd_test,disp_240Hz_boxcar,509.0697,0.058119934
3rd_test,disp_240Hz_boxcar,509.4031,0.041842554
3rd_test,disp_240Hz_boxcar,509.7364,0.042018514
3rd_test,disp_240Hz_boxcar,510.0697,0.033017906
3rd_test,disp_240Hz_boxcar,510.4031,0.045791809
3rd_test,disp_240Hz_boxcar,510.7364,0.035283843
3rd_test,disp_240Hz_boxcar,511.0697,0.033139596
3rd_test,disp_240Hz_boxcar,511.4031,0.026472639
3rd_test,disp_240Hz_boxcar,511.7364,0.038561231
3rd_test,disp_240Hz_boxcar,512.0697,0.027056683
3rd_test,disp_240Hz_boxcar,512.4031,0.048099663
3rd_test,disp_240Hz_boxcar,512.7364,0.042931636
3rd_test,disp_240Hz_boxcar,513.0697,0.036502607
3rd_test,disp_240Hz_boxcar,513.4031,0.033252207
3rd_test,disp_240Hz_boxcar,513.7364,0.0429549
3rd_test,disp_240Hz_boxcar,514.0697,0.049097418
3rd_test,disp_240Hz_boxcar,514.4031,0.033593639
3rd_test,disp_240Hz_boxcar,514.7364,0.044894771
3rd_test,disp_240Hz_boxcar,515.0697,0.034780266
3rd_test,disp_240Hz_boxcar,515.4031,0.039509754
3rd_test,disp_240Hz_boxcar,515.7364,0.04196165
3rd_test,disp_240Hz_boxcar,516.0697,0.046667412
3rd_test,disp_240Hz_boxcar,516.4031,0.033104223
3rd_test,disp_240Hz_boxcar,516.7364,0.047874924
3rd_test,disp_240Hz_boxcar,517.0697,0.038130691
3rd_test,disp_240Hz_boxcar,517.4031,0.033041866
3rd_test,disp_240Hz_boxcar,517.7364,0.037496386
3rd_test,disp_240Hz_boxcar,518.0697,0.031755397
3rd_test,disp_240Hz_boxcar,518.4031,0.026502266
3rd_test,disp_240Hz_boxcar,518.7364,0.031298747
3rd_test,disp_240Hz_boxcar,519.0697,0.036879884
3rd_test,disp_240Hz_boxcar,519.4031,0.043077977
3rd_test,disp_240Hz_boxcar,519.7364,0.042708746
3rd_test,disp_240Hz_boxcar,520.0697,0.040352834
3rd_test,disp_240Hz_boxcar,520.4031,0.036964469
3rd_test,disp_240Hz_boxcar,520.7364,0.063347614
3rd_test,disp_240Hz_boxcar,521.0697,0.036883377
3rd_test,disp_240Hz_boxcar,521.4031,0.037347335
3rd_test,disp_240Hz_boxcar,521.7364,0.038164641
3rd_test,disp_240Hz_boxcar,522.0697,0.031795283
3rd_test,disp_240Hz_boxcar,522.4031,0.043924297
3rd_test,disp_240Hz_boxcar,522.7364,0.058828501
3rd_test,disp_240Hz_boxcar,523.0697,0.037729912
3rd_test,disp_240Hz_boxcar,523.4031,0.045709884
3rd_test,disp_240Hz_boxcar,523.7364,0.036173586
3rd_test,disp_240Hz_boxcar,524.0697,0.0476308
3rd_test,disp_240Hz_boxcar,524.4031,0.045344724
3rd_test,disp_240Hz_boxcar,524.7364,0.049565888
3rd_test,disp_240Hz_boxcar,525.0697,0.036241506
3rd_test,disp_240Hz_boxcar,525.4031,0.039336457
3rd_test,disp_240Hz_boxcar,525.7364,0.036233692
3rd_test,disp_240Hz_boxcar,526.0697,0.034410562
3rd_test,disp_240Hz_boxcar,526.4031,0.03518564
3rd_test,disp_240Hz_boxcar,526.7364,0.038503428
3rd_test,disp_240Hz_boxcar,527.0697,0.036749545
3rd_test,disp_240Hz_boxcar,527.4031,0.032385461
3rd_test,disp_240Hz_boxcar,527.7364,0.032572693
3rd_test,disp_240Hz_boxcar,528.0697,0.034602838
3rd_test,disp_240Hz_boxcar,528.4031,0.047615179
3rd_test,disp_240Hz_boxcar,528.7364,0.034611438
3rd_test,disp_240Hz_boxcar,529.0697,0.039883957
3rd_test,disp_240Hz_boxcar,529.4031,0.032308501
3rd_test,disp_240Hz_boxcar,529.7364,0.038316468
3rd_test,disp_240Hz_boxcar,530.0697,0.040576185
3rd_test,disp_240Hz_boxcar,530.4031,0.040356179
3rd_test,disp_240Hz_boxcar,530.7364,0.033547099
3rd_test,disp_240Hz_boxcar,531.0697,0.03468391
3rd_test,disp_240Hz_boxcar,531.4031,0.026105063
3rd_test,disp_240Hz_boxcar,531.7364,0.052581628
3rd_test,disp_240Hz_boxcar,532.0697,0.025423126
3rd_test,disp_240Hz_boxcar,532.4031,0.046886143
3rd_test,disp_240Hz_boxcar,532.7364,0.053002324
3rd_test,disp_240Hz_boxcar,533.0697,0.027333599
3rd_test,disp_240Hz_boxcar,533.4031,0.039147277
3rd_test,disp_240Hz_boxcar,533.7364,0.055052484
3rd_test,disp_240Hz_boxcar,534.0697,0.051564607
3rd_test,disp_240Hz_boxcar,534.4031,0.026026112
3rd_test,disp_240Hz_boxcar,534.7364,0.035315336
3rd_test,disp_240Hz_boxcar,535.0697,0.050762444
3rd_test,disp_240Hz_boxcar,535.4031,0.040776068
3rd_test,disp_240Hz_boxcar,535.7364,0.030364857
3rd_test,disp_240Hz_boxcar,536.0697,0.028852863
3rd_test,disp_240Hz_boxcar,536.4031,0.042157606
3rd_test,disp_240Hz_boxcar,536.7364,0.037952277
3rd_test,disp_240Hz_boxcar,537.0697,0.056110665
3rd_test,disp_240Hz_boxcar,537.4031,0.055488936
3rd_test,disp_240Hz_boxcar,537.7364,0.032409706
3rd_test,disp_240Hz_boxcar,538.0697,0.048116934
3rd_test,disp_240Hz_boxcar,538.4031,0.025588815
3rd_test,disp_240Hz_boxcar,538.7364,0.021414495
3rd_test,disp_240Hz_boxcar,539.0697,0.041238147
3rd_test,disp_240Hz_boxcar,539.4031,0.037439959
3rd_test,disp_240Hz_boxcar,539.7364,0.028609413
3rd_test,disp_240Hz_boxcar,540.0697,0.034976587
3rd_test,disp_240Hz_boxcar,540.4031,0.047174233
3rd_test,disp_240Hz_boxcar,540.7364,0.038681148
3rd_test,disp_240Hz_boxcar,541.0697,0.03292946
3rd_test,disp_240Hz_boxcar,541.4031,0.043780529
3rd_test,disp_240Hz_boxcar,541.7364,0.036004258
3rd_test,disp_240Hz_boxcar,542.0697,0.030796636
3rd_test,disp_240Hz_boxcar,542.4031,0.05589633
3rd_test,disp_240Hz_boxcar,542.7364,0.042701012
3rd_test,disp_240Hz_boxcar,543.0697,0.025321505
3rd_test,disp_240Hz_boxcar,543.4031,0.028339723
3rd_test,disp_240Hz_boxcar,543.7364,0.02800178
3rd_test,disp_240Hz_boxcar,544.0697,0.038509724
3rd_test,disp_240Hz_boxcar,544.4031,0.027417663
3rd_test,disp_240Hz_boxcar,544.7364,0.022882967
3rd_test,disp_240Hz_boxcar,545.0697,0.028412566
3rd_test,disp_240Hz_boxcar,545.4031,0.036623008
3rd_test,disp_240Hz_boxcar,545.7364,0.038335629
3rd_test,disp_240Hz_boxcar,546.0697,0.040586393
3rd_test,disp_240Hz_boxcar,546.4031,0.032226284
3rd_test,disp_240Hz_boxcar,546.7364,0.033195936
3rd_test,disp_240Hz_boxcar,547.0697,0.035561416
3rd_test,disp_240Hz_boxcar,547.4031,0.031038698
3rd_test,disp_240Hz_boxcar,547.7364,0.027418865
3rd_test,disp_240Hz_boxcar,548.0697,0.046002013
3rd_test,disp_240Hz_boxcar,548.4031,0.041203782
3rd_test,disp_240Hz_boxcar,548.7364,0.048190132
3rd_test,disp_240Hz_boxcar,549.0697,0.040206
3rd_test,disp_240Hz_boxcar,549.4031,0.034543987
3rd_test,disp_240Hz_boxcar,549.7364,0.029952862
3rd_test,disp_240Hz_boxcar,550.0697,0.038799902
3rd_test,disp_240Hz_boxcar,550.4031,0.035285918
3rd_test,disp_240Hz_boxcar,550.7364,0.03554119
3rd_test,disp_240Hz_boxcar,551.0697,0.035084633
3rd_test,disp_240Hz_boxcar,551.4031,0.041830266
3rd_test,disp_240Hz_boxcar,551.7364,0.048389085
3rd_test,disp_240Hz_boxcar,552.0697,0.055149255
3rd_test,disp_240Hz_boxcar,552.4031,0.031182056
3rd_test,disp_240Hz_boxcar,552.7364,0.050547104
3rd_test,disp_240Hz_boxcar,553.0697,0.034414008
3rd_test,disp_240Hz_boxcar,553.4031,0.036739107
3rd_test,disp_240Hz_boxcar,553.7364,0.03262252
3rd_test,disp_240Hz_boxcar,554.0697,0.026376236
3rd_test,disp_240Hz_boxcar,554.4031,0.038014717
3rd_test,disp_240Hz_boxcar,554.7364,0.027484454
3rd_test,disp_240Hz_boxcar,555.0697,0.035235719
3rd_test,disp_240Hz_boxcar,555.4031,0.044689318
3rd_test,disp_240Hz_boxcar,555.7364,0.038213787
3rd_test,disp_240Hz_boxcar,556.0697,0.032641965
3rd_test,disp_240Hz_boxcar,556.4031,0.029160415
3rd_test,disp_240Hz_boxcar,556.7364,0.049111835
3rd_test,disp_240Hz_boxcar,557.0697,0.033120937
3rd_test,disp_240Hz_boxcar,557.4031,0.05033998
3rd_test,disp_240Hz_boxcar,557.7364,0.037939681
3rd_test,disp_240Hz_boxcar,558.0697,0.032516668
3rd_test,disp_240Hz_boxcar,558.4031,0.050340857
3rd_test,disp_240Hz_boxcar,558.7364,0.036637198
3rd_test,disp_240Hz_boxcar,559.0697,0.051391244
3rd_test,disp_240Hz_boxcar,559.4031,0.033665734
3rd_test,disp_240Hz_boxcar,559.7364,0.050351631
3rd_test,disp_240Hz_boxcar,560.0697,0.032868666
3rd_test,disp_240Hz_boxcar,560.4031,0.040297924
3rd_test,disp_240Hz_boxcar,560.7364,0.028596017
3rd_test,disp_240Hz_boxcar,561.0697,0.045864882
3rd_test,disp_240Hz_boxcar,561.4031,0.027923023
3rd_test,disp_240Hz_boxcar,561.7364,0.029207979
3rd_test,disp_240Hz_boxcar,562.0697,0.045440945
3rd_test,disp_240Hz_boxcar,562.4031,0.050690273
3rd_test,disp_240Hz_boxcar,562.7364,0.035342189
3rd_test,disp_240Hz_boxcar,563.0697,0.059401165
3rd_test,disp_240Hz_boxcar,563.4031,0.029986646
3rd_test,disp_240Hz_boxcar,563.7364,0.061065169
3rd_test,disp_240Hz_boxcar,564.0697,0.050269055
3rd_test,disp_240Hz_boxcar,564.4031,0.040788102
3rd_test,disp_240Hz_boxcar,564.7364,0.046369508
3rd_test,disp_240Hz_boxcar,565.0697,0.034036175
3rd_test,disp_240Hz_boxcar,565.4031,0.042472194
3rd_test,disp_240Hz_boxcar,565.7364,0.042268029
3rd_test,disp_240Hz_boxcar,566.0697,0.031109865
3rd_test,disp_240Hz_boxcar,566.4031,0.040976857
3rd_test,disp_240Hz_boxcar,566.7364,0.057465543
3rd_test,disp_240Hz_boxcar,567.0697,0.026670126
3rd_test,disp_240Hz_boxcar,567.4031,0.040775329
3rd_test,disp_240Hz_boxcar,567.7364,0.04800537
3rd_test,disp_240Hz_boxcar,568.0697,0.04306297
3rd_test,disp_240Hz_boxcar,568.4031,0.037249825
3rd_test,disp_240Hz_boxcar,568.7364,0.044900743
3rd_test,disp_240Hz_boxcar,569.0697,0.034716045
3rd_test,disp_240Hz_boxcar,569.4031,0.030672108
3rd_test,disp_240Hz_boxcar,569.7364,0.043676023
3rd_test,disp_240Hz_boxcar,570.0697,0.03655592
3rd_test,disp_240Hz_boxcar,570.4031,0.053862408
3rd_test,disp_240Hz_boxcar,570.7364,0.0442638
3rd_test,disp_240Hz_boxcar,571.0697,0.04460377
3rd_test,disp_240Hz_boxcar,571.4031,0.031888755
3rd_test,disp_240Hz_boxcar,571.7364,0.040771192
3rd_test,disp_240Hz_boxcar,572.0697,0.027511188
3rd_test,disp_240Hz_boxcar,572.4031,0.031287249
3rd_test,disp_240Hz_boxcar,572.7364,0.032937293
3rd_test,disp_240Hz_boxcar,573.0697,0.031114216
3rd_test,disp_240Hz_boxcar,573.4031,0.043442108
3rd_test,disp_240Hz_boxcar,573.7364,0.033829104
3rd_test,disp_240Hz_boxcar,574.0697,0.042257756
3rd_test,disp_240Hz_boxcar,574.4031,0.048544497
3rd_test,disp_240Hz_boxcar,574.7364,0.027285215
3rd_test,disp_240Hz_boxcar,575.0697,0.032685313
3rd_test,disp_240Hz_boxcar,575.4031,0.037700502
3rd_test,disp_240Hz_boxcar,575.7364,0.039434296
3rd_test,disp_240Hz_boxcar,576.0697,0.036327086
3rd_test,disp_240Hz_boxcar,576.4031,0.046971434
3rd_test,disp_240Hz_boxcar,576.7364,0.037139452
3rd_test,disp_240Hz_boxcar,577.0697,0.041707948
3rd_test,disp_240Hz_boxcar,577.4031,0.04478432
3rd_test,disp_240Hz_boxcar,577.7364,0.039903743
3rd_test,disp_240Hz_boxcar,578.0697,0.029469606
3rd_test,disp_240Hz_boxcar,578.4031,0.040819747
3rd_test,disp_240Hz_boxcar,578.7364,0.042390848
3rd_test,disp_240Hz_boxcar,579.0697,0.04555574
3rd_test,disp_240Hz_boxcar,579.4031,0.026378453
3rd_test,disp_240Hz_boxcar,579.7364,0.040332017
3rd_test,disp_240Hz_boxcar,580.0697,0.03063492
3rd_test,disp_240Hz_boxcar,580.4031,0.034771586
3rd_test,disp_240Hz_boxcar,580.7364,0.033416286
3rd_test,disp_240Hz_boxcar,581.0697,0.045480426
3rd_test,disp_240Hz_boxcar,581.4031,0.036318206
3rd_test,disp_240Hz_boxcar,581.7364,0.055899878
3rd_test,disp_240Hz_boxcar,582.0697,0.044875592
3rd_test,disp_240Hz_boxcar,582.4031,0.039285678
3rd_test,disp_240Hz_boxcar,582.7364,0.039715142
3rd_test,disp_240Hz_boxcar,583.0697,0.061405422
3rd_test,disp_240Hz_boxcar,583.4031,0.034306686
3rd_test,disp_240Hz_boxcar,583.7364,0.034618901
3rd_test,disp_240Hz_boxcar,584.0697,0.038981557
3rd_test,disp_240Hz_boxcar,584.4031,0.027830291
3rd_test,disp_240Hz_boxcar,584.7364,0.05499323
3rd_test,disp_240Hz_boxcar,585.0697,0.029056056
3rd_test,disp_240Hz_boxcar,585.4031,0.027271908
3rd_test,disp_240Hz_boxcar,585.7364,0.035193684
3rd_test,disp_240Hz_boxcar,586.0697,0.042368415
3rd_test,disp_240Hz_boxcar,586.4031,0.036508984
3rd_test,disp_240Hz_boxcar,586.7364,0.052170248
3rd_test,disp_240Hz_boxcar,587.0697,0.034264961
3rd_test,disp_240Hz_boxcar,587.4031,0.028227467
3rd_test,disp_240Hz_boxcar,587.7364,0.048058163
3rd_test,disp_240Hz_boxcar,588.0697,0.030174878
3rd_test,disp_240Hz_boxcar,588.4031,0.026353886
3rd_test,disp_240Hz_boxcar,588.7364,0.034303492
3rd_test,disp_240Hz_boxcar,589.0697,0.036922501
3rd_test,disp_240Hz_boxcar,589.4031,0.044335442
3rd_test,disp_240Hz_boxcar,589.7364,0.047697058
3rd_test,disp_240Hz_boxcar,590.0697,0.046040857
3rd_test,disp_240Hz_boxcar,590.4031,0.037915669
3rd_test,disp_240Hz_boxcar,590.7364,0.022044226
3rd_test,disp_240Hz_boxcar,591.0697,0.029786389
3rd_test,disp_240Hz_boxcar,591.4031,0.037794146
3rd_test,disp_240Hz_boxcar,591.7364,0.04866173
3rd_test,disp_240Hz_boxcar,592.0697,0.027417937
3rd_test,disp_240Hz_boxcar,592.4031,0.027803494
3rd_test,disp_240Hz_boxcar,592.7364,0.039090281
3rd_test,disp_240Hz_boxcar,593.0697,0.038583183
3rd_test,disp_240Hz_boxcar,593.4031,0.027779735
3rd_test,disp_240Hz_boxcar,593.7364,0.033636763
3rd_test,disp_240Hz_boxcar,594.0697,0.027483468
3rd_test,disp_240Hz_boxcar,594.4031,0.035489935
3rd_test,disp_240Hz_boxcar,594.7364,0.024223416
3rd_test,disp_240Hz_boxcar,595.0697,0.043436159
3rd_test,disp_240Hz_boxcar,595.4031,0.049025585
3rd_test,disp_240Hz_boxcar,595.7364,0.04295498
3rd_test,disp_240Hz_boxcar,596.0697,0.038142597
3rd_test,disp_240Hz_boxcar,596.4031,0.035062811
3rd_test,disp_240Hz_boxcar,596.7364,0.040154704
3rd_test,disp_240Hz_boxcar,597.0697,0.031932116
3rd_test,disp_240Hz_boxcar,597.4031,0.043452653
3rd_test,disp_240Hz_boxcar,597.7364,0.03035108
3rd_test,disp_240Hz_boxcar,598.0697,0.036900437
3rd_test,disp_240Hz_boxcar,598.4031,0.036275362
3rd_test,disp_240Hz_boxcar,598.7364,0.054707766
3rd_test,disp_240Hz_boxcar,599.0697,0.03073942
3rd_test,disp_240Hz_boxcar,599.4031,0.032278841
3rd_test,disp_240Hz_boxcar,599.7364,0.029487942
3rd_test,disp_240Hz_boxcar,600.0697,0.035618921
3rd_test,disp_240Hz_boxcar,600.4031,0.027721203
3rd_test,disp_240Hz_boxcar,600.7364,0.044129792
3rd_test,disp_240Hz_boxcar,601.0697,0.032922271
3rd_test,disp_240Hz_boxcar,601.4031,0.037263193
3rd_test,disp_240Hz_boxcar,601.7364,0.038731243
3rd_test,disp_240Hz_boxcar,602.0697,0.054501702
3rd_test,disp_240Hz_boxcar,602.4031,0.03640667
3rd_test,disp_240Hz_boxcar,602.7364,0.049669679
3rd_test,disp_240Hz_boxcar,603.0697,0.04408993
3rd_test,disp_240Hz_boxcar,603.4031,0.034579187
3rd_test,disp_240Hz_boxcar,603.7364,0.064646018
3rd_test,disp_240Hz_boxcar,604.0697,0.045658568
3rd_test,disp_240Hz_boxcar,604.4031,0.029418738
3rd_test,disp_240Hz_boxcar,604.7364,0.041009705
3rd_test,disp_240Hz_boxcar,605.0697,0.048986863
3rd_test,disp_240Hz_boxcar,605.4031,0.034509486
3rd_test,disp_240Hz_boxcar,605.7364,0.025707156
3rd_test,disp_240Hz_boxcar,606.0697,0.040577671
3rd_test,disp_240Hz_boxcar,606.4031,0.040513903
3rd_test,disp_240Hz_boxcar,606.7364,0.044942699
3rd_test,disp_240Hz_boxcar,607.0697,0.034268912
3rd_test,disp_240Hz_boxcar,607.4031,0.031830164
3rd_test,disp_240Hz_boxcar,607.7364,0.050488003
3rd_test,disp_240Hz_boxcar,608.0697,0.024548234
3rd_test,disp_240Hz_boxcar,608.4031,0.043913431
3rd_test,disp_240Hz_boxcar,608.7364,0.030688924
3rd_test,disp_240Hz_boxcar,609.0697,0.05618922
3rd_test,disp_240Hz_boxcar,609.4031,0.043242412
3rd_test,disp_240Hz_boxcar,609.7364,0.038232427
3rd_test,disp_240Hz_boxcar,610.0697,0.038238246
3rd_test,disp_240Hz_boxcar,610.4031,0.036926003
3rd_test,disp_240Hz_boxcar,610.7364,0.035571323
3rd_test,disp_240Hz_boxcar,611.0697,0.041155652
3rd_test,disp_240Hz_boxcar,611.4031,0.031399385
3rd_test,disp_240Hz_boxcar,611.7364,0.039442417
3rd_test,disp_240Hz_boxcar,612.0697,0.017958346
3rd_test,disp_240Hz_boxcar,612.4031,0.04774855
3rd_test,disp_240Hz_boxcar,612.7364,0.060076249
3rd_test,disp_240Hz_boxcar,613.0697,0.041465177
3rd_test,disp_240Hz_boxcar,613.4031,0.045395612
3rd_test,disp_240Hz_boxcar,613.7364,0.029728115
3rd_test,disp_240Hz_boxcar,614.0697,0.037390031
3rd_test,disp_240Hz_boxcar,614.4031,0.045870934
3rd_test,disp_240Hz_boxcar,614.7364,0.03214926
3rd_test,disp_240Hz_boxcar,615.0697,0.027325237
3rd_test,disp_240Hz_boxcar,615.4031,0.042448148
3rd_test,disp_240Hz_boxcar,615.7364,0.019195553
3rd_test,disp_240Hz_boxcar,616.0697,0.06275943
3rd_test,disp_240Hz_boxcar,616.4031,0.033613842
3rd_test,disp_240Hz_boxcar,616.7364,0.044393524
3rd_test,disp_240Hz_boxcar,617.0697,0.032749659
3rd_test,disp_240Hz_boxcar,617.4031,0.050469576
3rd_test,disp_240Hz_boxcar,617.7364,0.049014865
3rd_test,disp_240Hz_boxcar,618.0697,0.028265028
3rd_test,disp_240Hz_boxcar,618.4031,0.030893738
3rd_test,disp_240Hz_boxcar,618.7364,0.027999699
3rd_test,disp_240Hz_boxcar,619.0697,0.045836378
3rd_test,disp_240Hz_boxcar,619.4031,0.036649877
3rd_test,disp_240Hz_boxcar,619.7364,0.04217162
3rd_test,disp_240Hz_boxcar,620.0697,0.03521795
3rd_test,disp_240Hz_boxcar,620.4031,0.029081375
3rd_test,disp_240Hz_boxcar,620.7364,0.032050648
3rd_test,disp_240Hz_boxcar,621.0697,0.044358566
3rd_test,disp_240Hz_boxcar,621.4031,0.030716501
3rd_test,disp_240Hz_boxcar,621.7364,0.035242704
3rd_test,disp_240Hz_boxcar,622.0697,0.042871064
3rd_test,disp_240Hz_boxcar,622.4031,0.036695449
3rd_test,disp_240Hz_boxcar,622.7364,0.046806754
3rd_test,disp_240Hz_boxcar,623.0697,0.03581436
3rd_test,disp_240Hz_boxcar,623.4031,0.037488715
3rd_test,disp_240Hz_boxcar,623.7364,0.028472636
3rd_test,disp_240Hz_boxcar,624.0697,0.038821173
3rd_test,disp_240Hz_boxcar,624.4031,0.029324199
3rd_test,disp_240Hz_boxcar,624.7364,0.037736473
3rd_test,disp_240Hz_boxcar,625.0697,0.050369152
3rd_test,disp_240Hz_boxcar,625.4031,0.031430761
3rd_test,disp_240Hz_boxcar,625.7364,0.033892961
3rd_test,disp_240Hz_boxcar,626.0697,0.025073808
3rd_test,disp_240Hz_boxcar,626.4031,0.029343099
3rd_test,disp_240Hz_boxcar,626.7364,0.038359703
3rd_test,disp_240Hz_boxcar,627.0697,0.030774732
3rd_test,disp_240Hz_boxcar,627.4031,0.035693343
3rd_test,disp_240Hz_boxcar,627.7364,0.037765111
3rd_test,disp_240Hz_boxcar,628.0697,0.041850063
3rd_test,disp_240Hz_boxcar,628.4031,0.040939761
3rd_test,disp_240Hz_boxcar,628.7364,0.02587155
3rd_test,disp_240Hz_boxcar,629.0697,0.04558312
3rd_test,disp_240Hz_boxcar,629.4031,0.03180414
3rd_test,disp_240Hz_boxcar,629.7364,0.037845744
3rd_test,disp_240Hz_boxcar,630.0697,0.043139548
3rd_test,disp_240Hz_boxcar,630.4031,0.03924544
3rd_test,disp_240Hz_boxcar,630.7364,0.045830765
3rd_test,disp_240Hz_boxcar,631.0697,0.03703865
3rd_test,disp_240Hz_boxcar,631.4031,0.030810124
3rd_test,disp_240Hz_boxcar,631.7364,0.039031306
3rd_test,disp_240Hz_boxcar,632.0697,0.03370359
3rd_test,disp_240Hz_boxcar,632.4031,0.04443984
3rd_test,disp_240Hz_boxcar,632.7364,0.043242335
3rd_test,disp_240Hz_boxcar,633.0697,0.035565342
3rd_test,disp_240Hz_boxcar,633.4031,0.044795129
3rd_test,disp_240Hz_boxcar,633.7364,0.032888908
3rd_test,disp_240Hz_boxcar,634.0697,0.049585614
3rd_test,disp_240Hz_boxcar,634.4031,0.031096528
3rd_test,disp_240Hz_boxcar,634.7364,0.039491203
3rd_test,disp_240Hz_boxcar,635.0697,0.052634586
3rd_test,disp_240Hz_boxcar,635.4031,0.029743103
3rd_test,disp_240Hz_boxcar,635.7364,0.044068979
3rd_test,disp_240Hz_boxcar,636.0697,0.024912435
3rd_test,disp_240Hz_boxcar,636.4031,0.054475191
3rd_test,disp_240Hz_boxcar,636.7364,0.028438289
3rd_test,disp_240Hz_boxcar,637.0697,0.060825048
3rd_test,disp_240Hz_boxcar,637.4031,0.048137044
3rd_test,disp_240Hz_boxcar,637.7364,0.052239292
3rd_test,disp_240Hz_boxcar,638.0697,0.042604747
3rd_test,disp_240Hz_boxcar,638.4031,0.02121917
3rd_test,disp_240Hz_boxcar,638.7364,0.047893437
3rd_test,disp_240Hz_boxcar,639.0697,0.039940043
3rd_test,disp_240Hz_boxcar,639.4031,0.029568808
3rd_test,disp_240Hz_boxcar,639.7364,0.023551781
3rd_test,disp_240Hz_boxcar,640.0697,0.046559545
3rd_test,disp_240Hz_boxcar,640.4031,0.029606208
3rd_test,disp_240Hz_boxcar,640.7364,0.03210069
3rd_test,disp_240Hz_boxcar,641.0697,0.032224097
3rd_test,disp_240Hz_boxcar,641.4031,0.045003226
3rd_test,disp_240Hz_boxcar,641.7364,0.040617802
3rd_test,disp_240Hz_boxcar,642.0697,0.050082135
3rd_test,disp_240Hz_boxcar,642.4031,0.03013575
3rd_test,disp_240Hz_boxcar,642.7364,0.030311728
3rd_test,disp_240Hz_boxcar,643.0697,0.046049024
3rd_test,disp_240Hz_boxcar,643.4031,0.033256379
3rd_test,disp_240Hz_boxcar,643.7364,0.03415294
3rd_test,disp_240Hz_boxcar,644.0697,0.040026279
3rd_test,disp_240Hz_boxcar,644.4031,0.047821479
3rd_test,disp_240Hz_boxcar,644.7364,0.03671362
3rd_test,disp_240Hz_boxcar,645.0697,0.060871212
3rd_test,disp_240Hz_boxcar,645.4031,0.039647254
3rd_test,disp_240Hz_boxcar,645.7364,0.04801428
3rd_test,disp_240Hz_boxcar,646.0697,0.047853133
3rd_test,disp_240Hz_boxcar,646.4031,0.02932928
3rd_test,disp_240Hz_boxcar,646.7364,0.044017828
3rd_test,disp_240Hz_boxcar,647.0697,0.027830004
3rd_test,disp_240Hz_boxcar,647.4031,0.045889533
3rd_test,disp_240Hz_boxcar,647.7364,0.034604271
3rd_test,disp_240Hz_boxcar,648.0697,0.036834604
3rd_test,disp_240Hz_boxcar,648.4031,0.037058916
3rd_test,disp_240Hz_boxcar,648.7364,0.044673344
3rd_test,disp_240Hz_boxcar,649.0697,0.025890784
3rd_test,disp_240Hz_boxcar,649.4031,0.036800099
3rd_test,disp_240Hz_boxcar,649.7364,0.035171851
3rd_test,disp_240Hz_boxcar,650.0697,0.04358404
3rd_test,disp_240Hz_boxcar,650.4031,0.050694583
3rd_test,disp_240Hz_boxcar,650.7364,0.02872803
3rd_test,disp_240Hz_boxcar,651.0697,0.03985204
3rd_test,disp_240Hz_boxcar,651.4031,0.043031324
3rd_test,disp_240Hz_boxcar,651.7364,0.034646786
3rd_test,disp_240Hz_boxcar,652.0697,0.035505647
3rd_test,disp_240Hz_boxcar,652.4031,0.041056906
3rd_test,disp_240Hz_boxcar,652.7364,0.037872552
3rd_test,disp_240Hz_boxcar,653.0697,0.035839322
3rd_test,disp_240Hz_boxcar,653.4031,0.029764184
3rd_test,disp_240Hz_boxcar,653.7364,0.033242611
3rd_test,disp_240Hz_boxcar,654.0697,0.036091291
3rd_test,disp_240Hz_boxcar,654.4031,0.040128765
3rd_test,disp_240Hz_boxcar,654.7364,0.0300419
3rd_test,disp_240Hz_boxcar,655.0697,0.037158039
3rd_test,disp_240Hz_boxcar,655.4031,0.030802958
3rd_test,disp_240Hz_boxcar,655.7364,0.051508092
3rd_test,disp_240Hz_boxcar,656.0697,0.027967276
3rd_test,disp_240Hz_boxcar,656.4031,0.057058953
3rd_test,disp_240Hz_boxcar,656.7364,0.035801424
3rd_test,disp_240Hz_boxcar,657.0697,0.040946935
3rd_test,disp_240Hz_boxcar,657.4031,0.026891134
3rd_test,disp_240Hz_boxcar,657.7364,0.050875006
3rd_test,disp_240Hz_boxcar,658.0697,0.048376318
3rd_test,disp_240Hz_boxcar,658.4031,0.030393666
3rd_test,disp_240Hz_boxcar,658.7364,0.037119363
3rd_test,disp_240Hz_boxcar,659.0697,0.034006004
3rd_test,disp_240Hz_boxcar,659.4031,0.056308155
3rd_test,disp_240Hz_boxcar,659.7364,0.054508091
3rd_test,disp_240Hz_boxcar,660.0697,0.037861701
3rd_test,disp_240Hz_boxcar,660.4031,0.029745352
3rd_test,disp_240Hz_boxcar,660.7364,0.040071282
3rd_test,disp_240Hz_boxcar,661.0697,0.033666488
3rd_test,disp_240Hz_boxcar,661.4031,0.04858705
3rd_test,disp_240Hz_boxcar,661.7364,0.037013342
3rd_test,disp_240Hz_boxcar,662.0697,0.046120841
3rd_test,disp_240Hz_boxcar,662.4031,0.03971855
3rd_test,disp_240Hz_boxcar,662.7364,0.048378383
3rd_test,disp_240Hz_boxcar,663.0697,0.061527427
3rd_test,disp_240Hz_boxcar,663.4031,0.031670958
3rd_test,disp_240Hz_boxcar,663.7364,0.035507198
3rd_test,disp_240Hz_boxcar,664.0697,0.036916092
3rd_test,disp_240Hz_boxcar,664.4031,0.036973895
3rd_test,disp_240Hz_boxcar,664.7364,0.0367348
3rd_test,disp_240Hz_boxcar,665.0697,0.03343255
3rd_test,disp_240Hz_boxcar,665.4031,0.046167337
3rd_test,disp_240Hz_boxcar,665.7364,0.036824652
3rd_test,disp_240Hz_boxcar,666.0697,0.043673031
3rd_test,disp_240Hz_boxcar,666.4031,0.020872632
3rd_test,disp_240Hz_boxcar,666.7364,0.027181129
3rd_test,disp_240Hz_boxcar,667.0697,0.036262356
3rd_test,disp_240Hz_boxcar,667.4031,0.026662925
3rd_test,disp_240Hz_boxcar,667.7364,0.04160791
3rd_test,disp_240Hz_boxcar,668.0697,0.034569976
3rd_test,disp_240Hz_boxcar,668.4031,0.054569687
3rd_test,disp_240Hz_boxcar,668.7364,0.026496412
3rd_test,disp_240Hz_boxcar,669.0697,0.037799138
3rd_test,disp_240Hz_boxcar,669.4031,0.050585399
3rd_test,disp_240Hz_boxcar,669.7364,0.049128345
3rd_test,disp_240Hz_boxcar,670.0697,0.042210598
3rd_test,disp_240Hz_boxcar,670.4031,0.042859457
3rd_test,disp_240Hz_boxcar,670.7364,0.04718887
3rd_test,disp_240Hz_boxcar,671.0697,0.047500388
3rd_test,disp_240Hz_boxcar,671.4031,0.026372621
3rd_test,disp_240Hz_boxcar,671.7364,0.031802043
3rd_test,disp_240Hz_boxcar,672.0697,0.027956738
3rd_test,disp_240Hz_boxcar,672.4031,0.052038868
3rd_test,disp_240Hz_boxcar,672.7364,0.040125318
3rd_test,disp_240Hz_boxcar,673.0697,0.037495479
3rd_test,disp_240Hz_boxcar,673.4031,0.047457865
3rd_test,disp_240Hz_boxcar,673.7364,0.031008524
3rd_test,disp_240Hz_boxcar,674.0697,0.038070788
3rd_test,disp_240Hz_boxcar,674.4031,0.02761073
3rd_test,disp_240Hz_boxcar,674.7364,0.035057094
3rd_test,disp_240Hz_boxcar,675.0697,0.03740319
3rd_test,disp_240Hz_boxcar,675.4031,0.040203422
3rd_test,disp_240Hz_boxcar,675.7364,0.052611671
3rd_test,disp_240Hz_boxcar,676.0697,0.035493975
3rd_test,disp_240Hz_boxcar,676.4031,0.042198311
3rd_test,disp_240Hz_boxcar,676.7364,0.04161007
3rd_test,disp_240Hz_boxcar,677.0697,0.048231636
3rd_test,disp_240Hz_boxcar,677.4031,0.066801411
3rd_test,disp_240Hz_boxcar,677.7364,0.048106263
3rd_test,disp_240Hz_boxcar,678.0697,0.04351854
3rd_test,disp_240Hz_boxcar,678.4031,0.042738866
3rd_test,disp_240Hz_boxcar,678.7364,0.036422917
3rd_test,disp_240Hz_boxcar,679.0697,0.038494176
3rd_test,disp_240Hz_boxcar,679.4031,0.033788803
3rd_test,disp_240Hz_boxcar,679.7364,0.036483454
3rd_test,disp_240Hz_boxcar,680.0697,0.042452997
3rd_test,disp_240Hz_boxcar,680.4031,0.036825047
3rd_test,disp_240Hz_boxcar,680.7364,0.031968604
3rd_test,disp_240Hz_boxcar,681.0697,0.024501445
3rd_test,disp_240Hz_boxcar,681.4031,0.042573056
3rd_test,disp_240Hz_boxcar,681.7364,0.029860942
3rd_test,disp_240Hz_boxcar,682.0697,0.026636427
3rd_test,disp_240Hz_boxcar,682.4031,0.046284391
3rd_test,disp_240Hz_boxcar,682.7364,0.029700805
3rd_test,disp_240Hz_boxcar,683.0697,0.033091476
3rd_test,disp_240Hz_boxcar,683.4031,0.044780328
3rd_test,disp_240Hz_boxcar,683.7364,0.022332866
3rd_test,disp_240Hz_boxcar,684.0697,0.0322842
3rd_test,disp_240Hz_boxcar,684.4031,0.037071275
3rd_test,disp_240Hz_boxcar,684.7364,0.02990421
3rd_test,disp_240Hz_boxcar,685.0697,0.034226826
3rd_test,disp_240Hz_boxcar,685.4031,0.043271327
3rd_test,disp_240Hz_boxcar,685.7364,0.063723615
3rd_test,disp_240Hz_boxcar,686.0697,0.039284838
3rd_test,disp_240Hz_boxcar,686.4031,0.036675667
3rd_test,disp_240Hz_boxcar,686.7364,0.027602954
3rd_test,disp_240Hz_boxcar,687.0697,0.034766844
3rd_test,disp_240Hz_boxcar,687.4031,0.035862949
3rd_test,disp_240Hz_boxcar,687.7364,0.052474792
3rd_test,disp_240Hz_boxcar,688.0697,0.029183838
3rd_test,disp_240Hz_boxcar,688.4031,0.028577686
3rd_test,disp_240Hz_boxcar,688.7364,0.033079057
3rd_test,disp_240Hz_boxcar,689.0697,0.038453972
3rd_test,disp_240Hz_boxcar,689.4031,0.028368588
3rd_test,disp_240Hz_boxcar,689.7364,0.047108902
3rd_test,disp_240Hz_boxcar,690.0697,0.038988812
3rd_test,disp_240Hz_boxcar,690.4031,0.028807201
3rd_test,disp_240Hz_boxcar,690.7364,0.033624487
3rd_test,disp_240Hz_boxcar,691.0697,0.035269418
3rd_test,disp_240Hz_boxcar,691.4031,0.036697339
3rd_test,disp_240Hz_boxcar,691.7364,0.028033193
3rd_test,disp_240Hz_boxcar,692.0697,0.057056729
3rd_test,disp_240Hz_boxcar,692.4031,0.03340514
3rd_test,disp_240Hz_boxcar,692.7364,0.039781229
3rd_test,disp_240Hz_boxcar,693.0697,0.033425741
3rd_test,disp_240Hz_boxcar,693.4031,0.04918425
3rd_test,disp_240Hz_boxcar,693.7364,0.02499595
3rd_test,disp_240Hz_boxcar,694.0697,0.041390777
3rd_test,disp_240Hz_boxcar,694.4031,0.031009342
3rd_test,disp_240Hz_boxcar,694.7364,0.046636451
3rd_test,disp_240Hz_boxcar,695.0697,0.035888634
3rd_test,disp_240Hz_boxcar,695.4031,0.029888787
3rd_test,disp_240Hz_boxcar,695.7364,0.040826538
3rd_test,disp_240Hz_boxcar,696.0697,0.031274283
3rd_test,disp_240Hz_boxcar,696.4031,0.037385769
3rd_test,disp_240Hz_boxcar,696.7364,0.032580955
3rd_test,disp_240Hz_boxcar,697.0697,0.032395368
3rd_test,disp_240Hz_boxcar,697.4031,0.042753547
3rd_test,disp_240Hz_boxcar,697.7364,0.034436919
3rd_test,disp_240Hz_boxcar,698.0697,0.042137602
3rd_test,disp_240Hz_boxcar,698.4031,0.045770189
3rd_test,disp_240Hz_boxcar,698.7364,0.03684885
3rd_test,disp_240Hz_boxcar,699.0697,0.035209159
3rd_test,disp_240Hz_boxcar,699.4031,0.042560335
3rd_test,disp_240Hz_boxcar,699.7364,0.034249809
3rd_test,disp_240Hz_boxcar,700.0697,0.040171314
3rd_test,disp_240Hz_boxcar,700.4031,0.023563474
3rd_test,disp_240Hz_boxcar,700.7364,0.022944181
3rd_test,disp_240Hz_boxcar,701.0697,0.049125116
3rd_test,disp_240Hz_boxcar,701.4031,0.044020913
3rd_test,disp_240Hz_boxcar,701.7364,0.034411992
3rd_test,disp_240Hz_boxcar,702.0697,0.019653638
3rd_test,disp_240Hz_boxcar,702.4031,0.049657558
3rd_test,disp_240Hz_boxcar,702.7364,0.028902607
3rd_test,disp_240Hz_boxcar,703.0697,0.027337295
3rd_test,disp_240Hz_boxcar,703.4031,0.033860674
3rd_test,disp_240Hz_boxcar,703.7364,0.043456116
3rd_test,disp_240Hz_boxcar,704.0697,0.037861331
3rd_test,disp_240Hz_boxcar,704.4031,0.041941748
3rd_test,disp_240Hz_boxcar,704.7364,0.035310678
3rd_test,disp_240Hz_boxcar,705.0697,0.053886216
3rd_test,disp_240Hz_boxcar,705.4031,0.045906096
3rd_test,disp_240Hz_boxcar,705.7364,0.047818779
3rd_test,disp_240Hz_boxcar,706.0697,0.045458553
3rd_test,disp_240Hz_boxcar,706.4031,0.038636134
3rd_test,disp_240Hz_boxcar,706.7364,0.035505704
3rd_test,disp_240Hz_boxcar,707.0697,0.047091864
3rd_test,disp_240Hz_boxcar,707.4031,0.042168948
3rd_test,disp_240Hz_boxcar,707.7364,0.056895898
3rd_test,disp_240Hz_boxcar,708.0697,0.038924684
3rd_test,disp_240Hz_boxcar,708.4031,0.025246899
3rd_test,disp_240Hz_boxcar,708.7364,0.039389243
3rd_test,disp_240Hz_boxcar,709.0697,0.039962994
3rd_test,disp_240Hz_boxcar,709.4031,0.038719989
3rd_test,disp_240Hz_boxcar,709.7364,0.0483042
3rd_test,disp_240Hz_boxcar,710.0697,0.033062403
3rd_test,disp_240Hz_boxcar,710.4031,0.035728235
3rd_test,disp_240Hz_boxcar,710.7364,0.036913832
3rd_test,disp_240Hz_boxcar,711.0697,0.041660657
3rd_test,disp_240Hz_boxcar,711.4031,0.047455903
3rd_test,disp_240Hz_boxcar,711.7364,0.049563063
3rd_test,disp_240Hz_boxcar,712.0697,0.028444505
3rd_test,disp_240Hz_boxcar,712.4031,0.059569695
3rd_test,disp_240Hz_boxcar,712.7364,0.028678907
3rd_test,disp_240Hz_boxcar,713.0697,0.035009709
3rd_test,disp_240Hz_boxcar,713.4031,0.040482476
3rd_test,disp_240Hz_boxcar,713.7364,0.028258869
3rd_test,disp_240Hz_boxcar,714.0697,0.039557745
3rd_test,disp_240Hz_boxcar,714.4031,0.038771654
3rd_test,disp_240Hz_boxcar,714.7364,0.022283145
3rd_test,disp_240Hz_boxcar,715.0697,0.038564466
3rd_test,disp_240Hz_boxcar,715.4031,0.047817525
3rd_test,disp_240Hz_boxcar,715.7364,0.036271942
3rd_test,disp_240Hz_boxcar,716.0697,0.043079475
3rd_test,disp_240Hz_boxcar,716.4031,0.033567771
3rd_test,disp_240Hz_boxcar,716.7364,0.048148564
3rd_test,disp_240Hz_boxcar,717.0697,0.049656899
3rd_test,disp_240Hz_boxcar,717.4031,0.034302572
3rd_test,disp_240Hz_boxcar,717.7364,0.047535239
3rd_test,disp_240Hz_boxcar,718.0697,0.029989205
3rd_test,disp_240Hz_boxcar,718.4031,0.045390914
3rd_test,disp_240Hz_boxcar,718.7364,0.040690653
3rd_test,disp_240Hz_boxcar,719.0697,0.03379426
3rd_test,disp_240Hz_boxcar,719.4031,0.033001723
3rd_test,disp_240Hz_boxcar,719.7364,0.038314895
3rd_test,disp_240Hz_boxcar,720.0697,0.037743021
3rd_test,disp_240Hz_boxcar,720.4031,0.041043869
3rd_test,disp_240Hz_boxcar,720.7364,0.043414928
3rd_test,disp_240Hz_boxcar,721.0697,0.024581188
3rd_test,disp_240Hz_boxcar,721.4031,0.043354731
3rd_test,disp_240Hz_boxcar,721.7364,0.04903082
3rd_test,disp_240Hz_boxcar,722.0697,0.028621469
3rd_test,disp_240Hz_boxcar,722.4031,0.035348346
3rd_test,disp_240Hz_boxcar,722.7364,0.046919169
3rd_test,disp_240Hz_boxcar,723.0697,0.065491758
3rd_test,disp_240Hz_boxcar,723.4031,0.033341193
3rd_test,disp_240Hz_boxcar,723.7364,0.033018498
3rd_test,disp_240Hz_boxcar,724.0697,0.044387821
3rd_test,disp_240Hz_boxcar,724.4031,0.034814902
3rd_test,disp_240Hz_boxcar,724.7364,0.042834773
3rd_test,disp_240Hz_boxcar,725.0697,0.039217657
3rd_test,disp_240Hz_boxcar,725.4031,0.03238395
3rd_test,disp_240Hz_boxcar,725.7364,0.050357544
3rd_test,disp_240Hz_boxcar,726.0697,0.029678156
3rd_test,disp_240Hz_boxcar,726.4031,0.034499195
3rd_test,disp_240Hz_boxcar,726.7364,0.036666503
3rd_test,disp_240Hz_boxcar,727.0697,0.04919589
3rd_test,disp_240Hz_boxcar,727.4031,0.039366202
3rd_test,disp_240Hz_boxcar,727.7364,0.041813473
3rd_test,disp_240Hz_boxcar,728.0697,0.018990403
3rd_test,disp_240Hz_boxcar,728.4031,0.033064261
3rd_test,disp_240Hz_boxcar,728.7364,0.029976029
3rd_test,disp_240Hz_boxcar,729.0697,0.047104033
3rd_test,disp_240Hz_boxcar,729.4031,0.050630353
3rd_test,disp_240Hz_boxcar,729.7364,0.036043265
3rd_test,disp_240Hz_boxcar,730.0697,0.029135819
3rd_test,disp_240Hz_boxcar,730.4031,0.051650085
3rd_test,disp_240Hz_boxcar,730.7364,0.029042064
3rd_test,disp_240Hz_boxcar,731.0697,0.038469485
3rd_test,disp_240Hz_boxcar,731.4031,0.025832292
3rd_test,disp_240Hz_boxcar,731.7364,0.057001161
3rd_test,disp_240Hz_boxcar,732.0697,0.031090535
3rd_test,disp_240Hz_boxcar,732.4031,0.027500262
3rd_test,disp_240Hz_boxcar,732.7364,0.033093288
3rd_test,disp_240Hz_boxcar,733.0697,0.04099368
3rd_test,disp_240Hz_boxcar,733.4031,0.044309978
3rd_test,disp_240Hz_boxcar,733.7364,0.036290915
3rd_test,disp_240Hz_boxcar,734.0697,0.04707699
3rd_test,disp_240Hz_boxcar,734.4031,0.032176431
3rd_test,disp_240Hz_boxcar,734.7364,0.031190473
3rd_test,disp_240Hz_boxcar,735.0697,0.034734726
3rd_test,disp_240Hz_boxcar,735.4031,0.034625266
3rd_test,disp_240Hz_boxcar,735.7364,0.030566658
3rd_test,disp_240Hz_boxcar,736.0697,0.035438149
3rd_test,disp_240Hz_boxcar,736.4031,0.043555149
3rd_test,disp_240Hz_boxcar,737.7364,0.037978336
3rd_test,disp_240Hz_boxcar,738.0697,0.046425101
3rd_test,disp_240Hz_boxcar,738.4031,0.045859425
3rd_test,disp_240Hz_boxcar,738.7364,0.031487236
3rd_test,disp_240Hz_boxcar,739.0697,0.023134219
3rd_test,disp_240Hz_boxcar,739.4031,0.054573485
3rd_test,disp_240Hz_boxcar,739.7364,0.036126748
3rd_test,disp_240Hz_boxcar,740.0697,0.040969468
3rd_test,disp_240Hz_boxcar,740.4031,0.044030018
3rd_test,disp_240Hz_boxcar,740.7364,0.042012111
3rd_test,disp_240Hz_boxcar,741.0697,0.051863595
3rd_test,disp_240Hz_boxcar,741.4031,0.038361494
3rd_test,disp_240Hz_boxcar,741.7364,0.048285486
3rd_test,disp_240Hz_boxcar,742.0697,0.03996874
3rd_test,disp_240Hz_boxcar,742.4031,0.02666775
3rd_test,disp_240Hz_boxcar,742.7364,0.032360483
3rd_test,disp_240Hz_boxcar,743.0697,0.032998437
3rd_test,disp_240Hz_boxcar,743.4031,0.035264891
3rd_test,disp_240Hz_boxcar,743.7364,0.034091185
3rd_test,disp_240Hz_boxcar,744.0697,0.019570003
3rd_test,disp_240Hz_boxcar,744.4031,0.033082381
3rd_test,disp_240Hz_boxcar,744.7364,0.040561628
3rd_test,disp_240Hz_boxcar,745.0697,0.040152962
3rd_test,disp_240Hz_boxcar,745.4031,0.05029728
3rd_test,disp_240Hz_boxcar,745.7364,0.044131494
3rd_test,disp_240Hz_boxcar,746.0697,0.041318667
3rd_test,disp_240Hz_boxcar,746.4031,0.040784196
3rd_test,disp_240Hz_boxcar,746.7364,0.039431118
3rd_test,disp_240Hz_boxcar,747.0697,0.043102063
3rd_test,disp_240Hz_boxcar,747.4031,0.04151816
3rd_test,disp_240Hz_boxcar,747.7364,0.04383846
3rd_test,disp_240Hz_boxcar,748.0697,0.036737301
3rd_test,disp_240Hz_boxcar,748.4031,0.04007969
3rd_test,disp_240Hz_boxcar,748.7364,0.037356205
3rd_test,disp_240Hz_boxcar,749.0697,0.049692261
3rd_test,disp_240Hz_boxcar,749.4031,0.037508151
3rd_test,disp_240Hz_boxcar,749.7364,0.032765827
3rd_test,disp_240Hz_boxcar,750.0697,0.047663445
3rd_test,disp_240Hz_boxcar,750.4031,0.026550902
3rd_test,disp_240Hz_boxcar,750.7364,0.034894037
3rd_test,disp_240Hz_boxcar,751.0697,0.04543977
3rd_test,disp_240Hz_boxcar,751.4031,0.031521766
3rd_test,disp_240Hz_boxcar,751.7364,0.059276761
3rd_test,disp_240Hz_boxcar,752.0697,0.066182762
3rd_test,disp_240Hz_boxcar,752.4031,0.042433543
3rd_test,disp_240Hz_boxcar,752.7364,0.038865984
3rd_test,disp_240Hz_boxcar,753.0697,0.042603865
3rd_test,disp_240Hz_boxcar,753.4031,0.032510996
3rd_test,disp_240Hz_boxcar,753.7364,0.049285674
3rd_test,disp_240Hz_boxcar,754.0697,0.043467439
3rd_test,disp_240Hz_boxcar,754.4031,0.041508706
3rd_test,disp_240Hz_boxcar,754.7364,0.035638866
3rd_test,disp_240Hz_boxcar,755.0697,0.025499446
3rd_test,disp_240Hz_boxcar,755.4031,0.038046845
3rd_test,disp_240Hz_boxcar,755.7364,0.049441437
3rd_test,disp_240Hz_boxcar,756.0697,0.05536733
3rd_test,disp_240Hz_boxcar,756.4031,0.047663815
3rd_test,disp_240Hz_boxcar,756.7364,0.043293388
3rd_test,disp_240Hz_boxcar,757.0697,0.04596798
3rd_test,disp_240Hz_boxcar,757.4031,0.027811092
3rd_test,disp_240Hz_boxcar,757.7364,0.028497491
3rd_test,disp_240Hz_boxcar,758.0697,0.042572629
3rd_test,disp_240Hz_boxcar,758.4031,0.038593599
3rd_test,disp_240Hz_boxcar,758.7364,0.037442089
3rd_test,disp_240Hz_boxcar,759.0697,0.034214827
3rd_test,disp_240Hz_boxcar,759.4031,0.042639955
3rd_test,disp_240Hz_boxcar,759.7364,0.03259995
3rd_test,disp_240Hz_boxcar,760.0697,0.022955128
3rd_test,disp_240Hz_boxcar,760.4031,0.022320748
3rd_test,disp_240Hz_boxcar,760.7364,0.038927626
3rd_test,disp_240Hz_boxcar,761.0697,0.036721846
3rd_test,disp_240Hz_boxcar,761.4031,0.044194456
3rd_test,disp_240Hz_boxcar,761.7364,0.048591728
3rd_test,disp_240Hz_boxcar,762.0697,0.029024544
3rd_test,disp_240Hz_boxcar,762.4031,0.060229291
3rd_test,disp_240Hz_boxcar,762.7364,0.039185966
3rd_test,disp_240Hz_boxcar,763.0697,0.052067014
3rd_test,disp_240Hz_boxcar,763.4031,0.035242001
3rd_test,disp_240Hz_boxcar,763.7364,0.042616208
3rd_test,disp_240Hz_boxcar,764.0697,0.054402878
3rd_test,disp_240Hz_boxcar,764.4031,0.046192158
3rd_test,disp_240Hz_boxcar,764.7364,0.05275709
3rd_test,disp_240Hz_boxcar,765.0697,0.043649142
3rd_test,disp_240Hz_boxcar,765.4031,0.031747268
3rd_test,disp_240Hz_boxcar,765.7364,0.032681034
3rd_test,disp_240Hz_boxcar,766.0697,0.025337589
3rd_test,disp_240Hz_boxcar,766.4031,0.051455251
3rd_test,disp_240Hz_boxcar,766.7364,0.029384211
3rd_test,disp_240Hz_boxcar,767.0697,0.028411712
3rd_test,disp_240Hz_boxcar,767.4031,0.038754578
3rd_test,disp_240Hz_boxcar,767.7364,0.033227567
3rd_test,disp_240Hz_boxcar,768.0697,0.03046636
3rd_test,disp_240Hz_boxcar,768.4031,0.027971503
3rd_test,disp_240Hz_boxcar,768.7364,0.032921172
3rd_test,disp_240Hz_boxcar,769.0697,0.038459277
3rd_test,disp_240Hz_boxcar,769.4031,0.036668891
3rd_test,disp_240Hz_boxcar,769.7364,0.043621016
3rd_test,disp_240Hz_boxcar,770.0697,0.035432769
3rd_test,disp_240Hz_boxcar,770.4031,0.042206937
3rd_test,disp_240Hz_boxcar,770.7364,0.03242278
3rd_test,disp_240Hz_boxcar,771.0697,0.038566068
3rd_test,disp_240Hz_boxcar,771.4031,0.035337223
3rd_test,disp_240Hz_boxcar,771.7364,0.043038505
3rd_test,disp_240Hz_boxcar,772.0697,0.049176607
3rd_test,disp_240Hz_boxcar,772.4031,0.043268417
3rd_test,disp_240Hz_boxcar,772.7364,0.038142966
3rd_test,disp_240Hz_boxcar,773.0697,0.044564212
3rd_test,disp_240Hz_boxcar,773.4031,0.02807103
3rd_test,disp_240Hz_boxcar,773.7364,0.027163539
3rd_test,disp_240Hz_boxcar,774.0697,0.048534778
3rd_test,disp_240Hz_boxcar,774.4031,0.070828599
3rd_test,disp_240Hz_boxcar,774.7364,0.027232698
3rd_test,disp_240Hz_boxcar,775.0697,0.039554155
3rd_test,disp_240Hz_boxcar,775.4031,0.036479704
3rd_test,disp_240Hz_boxcar,775.7364,0.032964544
3rd_test,disp_240Hz_boxcar,776.0697,0.058860666
3rd_test,disp_240Hz_boxcar,776.4031,0.054011821
3rd_test,disp_240Hz_boxcar,776.7364,0.033002137
3rd_test,disp_240Hz_boxcar,777.0697,0.041637571
3rd_test,disp_240Hz_boxcar,777.4031,0.060759693
3rd_test,disp_240Hz_boxcar,777.7364,0.051834388
3rd_test,disp_240Hz_boxcar,778.0697,0.036602196
3rd_test,disp_240Hz_boxcar,778.4031,0.031014289
3rd_test,disp_240Hz_boxcar,778.7364,0.078171797
3rd_test,disp_240Hz_boxcar,779.0697,0.025183332
3rd_test,disp_240Hz_boxcar,779.4031,0.02844226
3rd_test,disp_240Hz_boxcar,779.7364,0.037525924
3rd_test,disp_240Hz_boxcar,780.0697,0.040060085
3rd_test,disp_240Hz_boxcar,780.4031,0.037311222
3rd_test,disp_240Hz_boxcar,780.7364,0.036197376
3rd_test,disp_240Hz_boxcar,781.0697,0.054643308
3rd_test,disp_240Hz_boxcar,781.4031,0.042818787
3rd_test,disp_240Hz_boxcar,781.7364,0.040243628
3rd_test,disp_240Hz_boxcar,782.0697,0.034393258
3rd_test,disp_240Hz_boxcar,782.4031,0.043502079
3rd_test,disp_240Hz_boxcar,782.7364,0.050998011
3rd_test,disp_240Hz_boxcar,783.0697,0.045799553
3rd_test,disp_240Hz_boxcar,783.4031,0.051017579
3rd_test,disp_240Hz_boxcar,783.7364,0.030524616
3rd_test,disp_240Hz_boxcar,784.0697,0.044291578
3rd_test,disp_240Hz_boxcar,784.4031,0.052799969
3rd_test,disp_240Hz_boxcar,784.7364,0.031419263
3rd_test,disp_240Hz_boxcar,785.0697,0.055021312
3rd_test,disp_240Hz_boxcar,785.4031,0.038009294
3rd_test,disp_240Hz_boxcar,785.7364,0.039814345
3rd_test,disp_240Hz_boxcar,786.0697,0.05015294
3rd_test,disp_240Hz_boxcar,786.4031,0.026751661
3rd_test,disp_240Hz_boxcar,786.7364,0.056718413
3rd_test,disp_240Hz_boxcar,787.0697,0.029256051
3rd_test,disp_240Hz_boxcar,787.4031,0.036929183
3rd_test,disp_240Hz_boxcar,787.7364,0.02892051
3rd_test,disp_240Hz_boxcar,788.0697,0.038379505
3rd_test,disp_240Hz_boxcar,788.4031,0.024976301
3rd_test,disp_240Hz_boxcar,788.7364,0.03983589
3rd_test,disp_240Hz_boxcar,789.0697,0.033839
3rd_test,disp_240Hz_boxcar,789.4031,0.038238395
3rd_test,disp_240Hz_boxcar,789.7364,0.018541151
3rd_test,disp_240Hz_boxcar,790.0697,0.033344267
3rd_test,disp_240Hz_boxcar,790.4031,0.026907855
3rd_test,disp_240Hz_boxcar,790.7364,0.04865555
3rd_test,disp_240Hz_boxcar,791.0697,0.030318157
3rd_test,disp_240Hz_boxcar,791.4031,0.037642575
3rd_test,disp_240Hz_boxcar,791.7364,0.038899977
3rd_test,disp_240Hz_boxcar,792.0697,0.050984306
3rd_test,disp_240Hz_boxcar,792.4031,0.032015626
3rd_test,disp_240Hz_boxcar,792.7364,0.032336019
3rd_test,disp_240Hz_boxcar,793.0697,0.040989875
3rd_test,disp_240Hz_boxcar,793.4031,0.033215464
3rd_test,disp_240Hz_boxcar,793.7364,0.024776434
3rd_test,disp_240Hz_boxcar,794.0697,0.031665765
3rd_test,disp_240Hz_boxcar,794.4031,0.02931311
3rd_test,disp_240Hz_boxcar,794.7364,0.040596113
3rd_test,disp_240Hz_boxcar,795.0697,0.024639155
3rd_test,disp_240Hz_boxcar,795.4031,0.033564864
3rd_test,disp_240Hz_boxcar,795.7364,0.029623487
3rd_test,disp_240Hz_boxcar,796.0697,0.044129312
3rd_test,disp_240Hz_boxcar,796.4031,0.04830088
3rd_test,disp_240Hz_boxcar,796.7364,0.045720998
3rd_test,disp_240Hz_boxcar,797.0697,0.044947926
3rd_test,disp_240Hz_boxcar,797.4031,0.028266461
3rd_test,disp_240Hz_boxcar,797.7364,0.036213819
3rd_test,disp_240Hz_boxcar,798.0697,0.037254083
3rd_test,disp_240Hz_boxcar,798.4031,0.034907283
3rd_test,disp_240Hz_boxcar,798.7364,0.03178684
3rd_test,disp_240Hz_boxcar,799.0697,0.042865153
3rd_test,disp_240Hz_boxcar,799.4031,0.02277999
3rd_test,disp_240Hz_boxcar,799.7364,0.032015926
3rd_test,disp_240Hz_boxcar,800.0697,0.034944508
3rd_test,disp_240Hz_boxcar,800.4031,0.035234495
3rd_test,disp_240Hz_boxcar,800.7364,0.046569924
3rd_test,disp_240Hz_boxcar,801.0697,0.032337157
3rd_test,disp_240Hz_boxcar,801.4031,0.039929367
3rd_test,disp_240Hz_boxcar,801.7364,0.046290909
3rd_test,disp_240Hz_boxcar,802.0697,0.033838216
3rd_test,disp_240Hz_boxcar,802.4031,0.031224522
3rd_test,disp_240Hz_boxcar,802.7364,0.050096879
3rd_test,disp_240Hz_boxcar,803.0697,0.030023414
3rd_test,disp_240Hz_boxcar,803.4031,0.05440373
3rd_test,disp_240Hz_boxcar,803.7364,0.035791681
3rd_test,disp_240Hz_boxcar,804.0697,0.046859907
3rd_test,disp_240Hz_boxcar,804.4031,0.02629593
3rd_test,disp_240Hz_boxcar,804.7364,0.02509307
3rd_test,disp_240Hz_boxcar,805.0697,0.036184635
3rd_test,disp_240Hz_boxcar,805.4031,0.04391481
3rd_test,disp_240Hz_boxcar,805.7364,0.039191022
3rd_test,disp_240Hz_boxcar,806.0697,0.060196281
3rd_test,disp_240Hz_boxcar,806.4031,0.033871749
3rd_test,disp_240Hz_boxcar,806.7364,0.026838444
3rd_test,disp_240Hz_boxcar,807.0697,0.040752658
3rd_test,disp_240Hz_boxcar,807.4031,0.031741346
3rd_test,disp_240Hz_boxcar,807.7364,0.024302358
3rd_test,disp_240Hz_boxcar,808.0697,0.034050375
3rd_test,disp_240Hz_boxcar,808.4031,0.028219292
3rd_test,disp_240Hz_boxcar,808.7364,0.040461936
3rd_test,disp_240Hz_boxcar,809.0697,0.037123733
3rd_test,disp_240Hz_boxcar,809.4031,0.05121467
3rd_test,disp_240Hz_boxcar,809.7364,0.027233978
3rd_test,disp_240Hz_boxcar,810.0697,0.051529112
3rd_test,disp_240Hz_boxcar,810.4031,0.041807237
3rd_test,disp_240Hz_boxcar,810.7364,0.042225552
3rd_test,disp_240Hz_boxcar,811.0697,0.028974249
3rd_test,disp_240Hz_boxcar,811.4031,0.052914339
3rd_test,disp_240Hz_boxcar,811.7364,0.046113183
3rd_test,disp_240Hz_boxcar,812.0697,0.04985458
3rd_test,disp_240Hz_boxcar,812.4031,0.034101522
3rd_test,disp_240Hz_boxcar,812.7364,0.035384957
3rd_test,disp_240Hz_boxcar,813.0697,0.046582121
3rd_test,disp_240Hz_boxcar,813.4031,0.037893091
3rd_test,disp_240Hz_boxcar,813.7364,0.028315233
3rd_test,disp_240Hz_boxcar,814.0697,0.038606163
3rd_test,disp_240Hz_boxcar,814.4031,0.069859785
3rd_test,disp_240Hz_boxcar,814.7364,0.054561862
3rd_test,disp_240Hz_boxcar,815.0697,0.041309601
3rd_test,disp_240Hz_boxcar,815.4031,0.040602599
3rd_test,disp_240Hz_boxcar,815.7364,0.035319069
3rd_test,disp_240Hz_boxcar,816.0697,0.043805708
3rd_test,disp_240Hz_boxcar,816.4031,0.029711642
3rd_test,disp_240Hz_boxcar,816.7364,0.046974743
3rd_test,disp_240Hz_boxcar,817.0697,0.05727932
3rd_test,disp_240Hz_boxcar,817.4031,0.029571758
3rd_test,disp_240Hz_boxcar,817.7364,0.03160202
3rd_test,disp_240Hz_boxcar,818.0697,0.043527608
3rd_test,disp_240Hz_boxcar,818.4031,0.032217339
3rd_test,disp_240Hz_boxcar,818.7364,0.052254571
3rd_test,disp_240Hz_boxcar,819.0697,0.034755444
3rd_test,disp_240Hz_boxcar,819.4031,0.041081627
3rd_test,disp_240Hz_boxcar,819.7364,0.046924673
3rd_test,disp_240Hz_boxcar,820.0697,0.066309667
3rd_test,disp_240Hz_boxcar,820.4031,0.046057268
3rd_test,disp_240Hz_boxcar,820.7364,0.049549734
3rd_test,disp_240Hz_boxcar,821.0697,0.031574826
3rd_test,disp_240Hz_boxcar,821.4031,0.034706556
3rd_test,disp_240Hz_boxcar,821.7364,0.049168978
3rd_test,disp_240Hz_boxcar,822.0697,0.064930104
3rd_test,disp_240Hz_boxcar,822.4031,0.044593598
3rd_test,disp_240Hz_boxcar,822.7364,0.029418184
3rd_test,disp_240Hz_boxcar,823.0697,0.039822699
3rd_test,disp_240Hz_boxcar,823.4031,0.041876754
3rd_test,disp_240Hz_boxcar,823.7364,0.036457509
3rd_test,disp_240Hz_boxcar,824.0697,0.04135698
3rd_test,disp_240Hz_boxcar,824.4031,0.054871304
3rd_test,disp_240Hz_boxcar,824.7364,0.036089845
3rd_test,disp_240Hz_boxcar,825.0697,0.031981084
3rd_test,disp_240Hz_boxcar,825.4031,0.029297684
3rd_test,disp_240Hz_boxcar,825.7364,0.028552413
3rd_test,disp_240Hz_boxcar,826.0697,0.034785404
3rd_test,disp_240Hz_boxcar,826.4031,0.035156316
3rd_test,disp_240Hz_boxcar,826.7364,0.061501366
3rd_test,disp_240Hz_boxcar,827.0697,0.035924793
3rd_test,disp_240Hz_boxcar,827.4031,0.039356918
3rd_test,disp_240Hz_boxcar,827.7364,0.036302497
3rd_test,disp_240Hz_boxcar,828.0697,0.046167696
3rd_test,disp_240Hz_boxcar,828.4031,0.033097494
3rd_test,disp_240Hz_boxcar,828.7364,0.031375118
3rd_test,disp_240Hz_boxcar,829.0697,0.037534257
3rd_test,disp_240Hz_boxcar,829.4031,0.050367798
3rd_test,disp_240Hz_boxcar,829.7364,0.023664495
3rd_test,disp_240Hz_boxcar,830.0697,0.046186289
3rd_test,disp_240Hz_boxcar,830.4031,0.035638083
3rd_test,disp_240Hz_boxcar,830.7364,0.044668681
3rd_test,disp_240Hz_boxcar,831.0697,0.054901045
3rd_test,disp_240Hz_boxcar,831.4031,0.043139782
3rd_test,disp_240Hz_boxcar,831.7364,0.034794614
3rd_test,disp_240Hz_boxcar,832.0697,0.025709071
3rd_test,disp_240Hz_boxcar,832.4031,0.039926724
3rd_test,disp_240Hz_boxcar,832.7364,0.042328617
3rd_test,disp_240Hz_boxcar,833.0697,0.03287967
3rd_test,disp_240Hz_boxcar,833.4031,0.042782493
3rd_test,disp_240Hz_boxcar,833.7364,0.042451938
3rd_test,disp_240Hz_boxcar,834.0697,0.041103939
3rd_test,disp_240Hz_boxcar,834.4031,0.036930898
3rd_test,disp_240Hz_boxcar,834.7364,0.034203413
3rd_test,disp_240Hz_boxcar,835.0697,0.040548203
3rd_test,disp_240Hz_boxcar,835.4031,0.030621838
3rd_test,disp_240Hz_boxcar,835.7364,0.039160104
3rd_test,disp_240Hz_boxcar,836.0697,0.038054996
3rd_test,disp_240Hz_boxcar,836.4031,0.047268617
3rd_test,disp_240Hz_boxcar,836.7364,0.028874783
3rd_test,disp_240Hz_boxcar,837.0697,0.049363697
3rd_test,disp_240Hz_boxcar,837.4031,0.031973526
3rd_test,disp_240Hz_boxcar,837.7364,0.031659268
3rd_test,disp_240Hz_boxcar,838.0697,0.038940118
3rd_test,disp_240Hz_boxcar,838.4031,0.027106179
3rd_test,disp_240Hz_boxcar,838.7364,0.044625935
3rd_test,disp_240Hz_boxcar,839.0697,0.032209502
3rd_test,disp_240Hz_boxcar,839.4031,0.02827588
3rd_test,disp_240Hz_boxcar,839.7364,0.053449297
3rd_test,disp_240Hz_boxcar,840.0697,0.039194305
3rd_test,disp_240Hz_boxcar,840.4031,0.053156905
3rd_test,disp_240Hz_boxcar,840.7364,0.041240572
3rd_test,disp_240Hz_boxcar,841.0697,0.053201028
3rd_test,disp_240Hz_boxcar,841.4031,0.037874724
3rd_test,disp_240Hz_boxcar,841.7364,0.050256545
3rd_test,disp_240Hz_boxcar,842.0697,0.040269537
3rd_test,disp_240Hz_boxcar,842.4031,0.037484814
3rd_test,disp_240Hz_boxcar,842.7364,0.02969021
3rd_test,disp_240Hz_boxcar,843.0697,0.049825339
3rd_test,disp_240Hz_boxcar,843.4031,0.04836986
3rd_test,disp_240Hz_boxcar,843.7364,0.034770791
3rd_test,disp_240Hz_boxcar,844.0697,0.037698862
3rd_test,disp_240Hz_boxcar,844.4031,0.03308175
3rd_test,disp_240Hz_boxcar,844.7364,0.051819543
3rd_test,disp_240Hz_boxcar,845.0697,0.035821354
3rd_test,disp_240Hz_boxcar,845.4031,0.027520038
3rd_test,disp_240Hz_boxcar,845.7364,0.038037804
3rd_test,disp_240Hz_boxcar,846.0697,0.037618622
3rd_test,disp_240Hz_boxcar,846.4031,0.052055748
3rd_test,disp_240Hz_boxcar,846.7364,0.042178502
3rd_test,disp_240Hz_boxcar,847.0697,0.043993136
3rd_test,disp_240Hz_boxcar,847.4031,0.039871244
3rd_test,disp_240Hz_boxcar,847.7364,0.034347393
3rd_test,disp_240Hz_boxcar,848.0697,0.029140394
3rd_test,disp_240Hz_boxcar,848.4031,0.04264917
3rd_test,disp_240Hz_boxcar,848.7364,0.042718906
3rd_test,disp_240Hz_boxcar,849.0697,0.031325574
3rd_test,disp_240Hz_boxcar,849.4031,0.033626642
3rd_test,disp_240Hz_boxcar,849.7364,0.035142007
3rd_test,disp_240Hz_boxcar,850.0697,0.039503956
3rd_test,disp_240Hz_boxcar,850.4031,0.052102209
3rd_test,disp_240Hz_boxcar,850.7364,0.035195215
3rd_test,disp_240Hz_boxcar,851.0697,0.058369717
3rd_test,disp_240Hz_boxcar,851.4031,0.037622996
3rd_test,disp_240Hz_boxcar,851.7364,0.046800393
3rd_test,disp_240Hz_boxcar,852.0697,0.04795591
3rd_test,disp_240Hz_boxcar,852.4031,0.027736514
3rd_test,disp_240Hz_boxcar,852.7364,0.030646661
3rd_test,disp_240Hz_boxcar,853.0697,0.050155944
3rd_test,disp_240Hz_boxcar,853.4031,0.041676044
3rd_test,disp_240Hz_boxcar,853.7364,0.054047933
3rd_test,disp_240Hz_boxcar,854.0697,0.03706211
3rd_test,disp_240Hz_boxcar,854.4031,0.035670969
3rd_test,disp_240Hz_boxcar,854.7364,0.034659574
3rd_test,disp_240Hz_boxcar,855.0697,0.043397628
3rd_test,disp_240Hz_boxcar,855.4031,0.041452908
3rd_test,disp_240Hz_boxcar,855.7364,0.036263309
3rd_test,disp_240Hz_boxcar,856.0697,0.038589712
3rd_test,disp_240Hz_boxcar,856.4031,0.053193222
3rd_test,disp_240Hz_boxcar,856.7364,0.055848308
3rd_test,disp_240Hz_boxcar,857.0697,0.045639169
3rd_test,disp_240Hz_boxcar,857.4031,0.034866836
3rd_test,disp_240Hz_boxcar,857.7364,0.044552403
3rd_test,disp_240Hz_boxcar,858.0697,0.032119747
3rd_test,disp_240Hz_boxcar,858.4031,0.055807146
3rd_test,disp_240Hz_boxcar,858.7364,0.055107047
3rd_test,disp_240Hz_boxcar,859.0697,0.042373163
3rd_test,disp_240Hz_boxcar,859.4031,0.02792727
3rd_test,disp_240Hz_boxcar,859.7364,0.040191809
3rd_test,disp_240Hz_boxcar,860.0697,0.037359247
3rd_test,disp_240Hz_boxcar,860.4031,0.03173977
3rd_test,disp_240Hz_boxcar,860.7364,0.0517879
3rd_test,disp_240Hz_boxcar,861.0697,0.027879811
3rd_test,disp_240Hz_boxcar,861.4031,0.027653098
3rd_test,disp_240Hz_boxcar,861.7364,0.030837532
3rd_test,disp_240Hz_boxcar,862.0697,0.05437303
3rd_test,disp_240Hz_boxcar,862.4031,0.032991581
3rd_test,disp_240Hz_boxcar,862.7364,0.030108681
3rd_test,disp_240Hz_boxcar,863.0697,0.038801634
3rd_test,disp_240Hz_boxcar,863.4031,0.043725521
3rd_test,disp_240Hz_boxcar,863.7364,0.028206548
3rd_test,disp_240Hz_boxcar,864.0697,0.030730341
3rd_test,disp_240Hz_boxcar,864.4031,0.041143024
3rd_test,disp_240Hz_boxcar,864.7364,0.027762463
3rd_test,disp_240Hz_boxcar,865.0697,0.056991974
3rd_test,disp_240Hz_boxcar,865.4031,0.032061233
3rd_test,disp_240Hz_boxcar,865.7364,0.037943327
3rd_test,disp_240Hz_boxcar,866.0697,0.034950109
3rd_test,disp_240Hz_boxcar,866.4031,0.042143818
3rd_test,disp_240Hz_boxcar,866.7364,0.051933021
3rd_test,disp_240Hz_boxcar,867.0697,0.050283976
3rd_test,disp_240Hz_boxcar,867.4031,0.034260491
3rd_test,disp_240Hz_boxcar,867.7364,0.034609291
3rd_test,disp_240Hz_boxcar,868.0697,0.050537382
3rd_test,disp_240Hz_boxcar,868.4031,0.023428638
3rd_test,disp_240Hz_boxcar,868.7364,0.024096372
3rd_test,disp_240Hz_boxcar,869.0697,0.047040137
3rd_test,disp_240Hz_boxcar,869.4031,0.044359679
3rd_test,disp_240Hz_boxcar,869.7364,0.03447841
3rd_test,disp_240Hz_boxcar,870.0697,0.02496176
3rd_test,disp_240Hz_boxcar,870.4031,0.039130605
3rd_test,disp_240Hz_boxcar,870.7364,0.041292375
3rd_test,disp_240Hz_boxcar,871.0697,0.043606673
3rd_test,disp_240Hz_boxcar,871.4031,0.036156878
3rd_test,disp_240Hz_boxcar,871.7364,0.035498615
3rd_test,disp_240Hz_boxcar,872.0697,0.045900804
3rd_test,disp_240Hz_boxcar,872.4031,0.032342857
3rd_test,disp_240Hz_boxcar,872.7364,0.02767421
3rd_test,disp_240Hz_boxcar,873.0697,0.06267857
3rd_test,disp_240Hz_boxcar,873.4031,0.04065194
3rd_test,disp_240Hz_boxcar,873.7364,0.043547322
3rd_test,disp_240Hz_boxcar,874.0697,0.042397115
3rd_test,disp_240Hz_boxcar,874.4031,0.053586594
3rd_test,disp_240Hz_boxcar,874.7364,0.036389813
3rd_test,disp_240Hz_boxcar,875.0697,0.044708236
3rd_test,disp_240Hz_boxcar,875.4031,0.046970346
3rd_test,disp_240Hz_boxcar,875.7364,0.036971076
3rd_test,disp_240Hz_boxcar,876.0697,0.031497027
3rd_test,disp_240Hz_boxcar,876.4031,0.039260528
3rd_test,disp_240Hz_boxcar,876.7364,0.040368476
3rd_test,disp_240Hz_boxcar,877.0697,0.029294989
3rd_test,disp_240Hz_boxcar,877.4031,0.036067403
3rd_test,disp_240Hz_boxcar,877.7364,0.02861191
3rd_test,disp_240Hz_boxcar,878.0697,0.036846846
3rd_test,disp_240Hz_boxcar,878.4031,0.036818847
3rd_test,disp_240Hz_boxcar,878.7364,0.044395224
3rd_test,disp_240Hz_boxcar,879.0697,0.026306013
3rd_test,disp_240Hz_boxcar,879.4031,0.035409597
3rd_test,disp_240Hz_boxcar,879.7364,0.029679902
3rd_test,disp_240Hz_boxcar,880.0697,0.028933043
3rd_test,disp_240Hz_boxcar,880.4031,0.042223054
3rd_test,disp_240Hz_boxcar,880.7364,0.038079467
3rd_test,disp_240Hz_boxcar,881.0697,0.038228478
3rd_test,disp_240Hz_boxcar,881.4031,0.034302111
3rd_test,disp_240Hz_boxcar,881.7364,0.050691878
3rd_test,disp_240Hz_boxcar,882.0697,0.022612244
3rd_test,disp_240Hz_boxcar,882.4031,0.048836987
3rd_test,disp_240Hz_boxcar,882.7364,0.04767621
3rd_test,disp_240Hz_boxcar,883.0697,0.043655538
3rd_test,disp_240Hz_boxcar,883.4031,0.063469504
3rd_test,disp_240Hz_boxcar,883.7364,0.042880931
3rd_test,disp_240Hz_boxcar,884.0697,0.04180557
3rd_test,disp_240Hz_boxcar,884.4031,0.047613087
3rd_test,disp_240Hz_boxcar,884.7364,0.041717301
3rd_test,disp_240Hz_boxcar,885.0697,0.032554801
3rd_test,disp_240Hz_boxcar,885.4031,0.031527549
3rd_test,disp_240Hz_boxcar,885.7364,0.031031988
3rd_test,disp_240Hz_boxcar,886.0697,0.033908788
3rd_test,disp_240Hz_boxcar,886.4031,0.064372544
3rd_test,disp_240Hz_boxcar,886.7364,0.075519255
3rd_test,disp_240Hz_boxcar,887.0697,0.05116329
3rd_test,disp_240Hz_boxcar,887.4031,0.036050942
3rd_test,disp_240Hz_boxcar,887.7364,0.034574145
3rd_test,disp_240Hz_boxcar,888.0697,0.034973406
3rd_test,disp_240Hz_boxcar,888.4031,0.02849044
3rd_test,disp_240Hz_boxcar,888.7364,0.044231397
3rd_test,disp_240Hz_boxcar,889.0697,0.045641521
3rd_test,disp_240Hz_boxcar,889.4031,0.046585178
3rd_test,disp_240Hz_boxcar,889.7364,0.048710893
3rd_test,disp_240Hz_boxcar,890.0697,0.04465163
3rd_test,disp_240Hz_boxcar,890.4031,0.042671066
3rd_test,disp_240Hz_boxcar,890.7364,0.040887368
3rd_test,disp_240Hz_boxcar,891.0697,0.030859573
3rd_test,disp_240Hz_boxcar,891.4031,0.038023323
3rd_test,disp_240Hz_boxcar,891.7364,0.027021803
3rd_test,disp_240Hz_boxcar,892.0697,0.031531666
3rd_test,disp_240Hz_boxcar,892.4031,0.040148697
3rd_test,disp_240Hz_boxcar,892.7364,0.025634711
3rd_test,disp_240Hz_boxcar,893.0697,0.040804018
3rd_test,disp_240Hz_boxcar,893.4031,0.037050614
3rd_test,disp_240Hz_boxcar,893.7364,0.053044521
3rd_test,disp_240Hz_boxcar,894.0697,0.03710643
3rd_test,disp_240Hz_boxcar,894.4031,0.028530564
3rd_test,disp_240Hz_boxcar,894.7364,0.038676036
3rd_test,disp_240Hz_boxcar,895.0697,0.025749424
3rd_test,disp_240Hz_boxcar,895.4031,0.043779751
3rd_test,disp_240Hz_boxcar,895.7364,0.040343494
3rd_test,disp_240Hz_boxcar,896.0697,0.062088338
3rd_test,disp_240Hz_boxcar,896.4031,0.039798179
3rd_test,disp_240Hz_boxcar,896.7364,0.051087034
3rd_test,disp_240Hz_boxcar,897.0697,0.040288504
3rd_test,disp_240Hz_boxcar,897.4031,0.031605244
3rd_test,disp_240Hz_boxcar,897.7364,0.040015521
3rd_test,disp_240Hz_boxcar,898.0697,0.055618704
3rd_test,disp_240Hz_boxcar,898.4031,0.039206084
3rd_test,disp_240Hz_boxcar,898.7364,0.034702931
3rd_test,disp_240Hz_boxcar,899.0697,0.037837468
3rd_test,disp_240Hz_boxcar,899.4031,0.041643347
3rd_test,disp_240Hz_boxcar,899.7364,0.038843955
3rd_test,disp_240Hz_boxcar,900.0697,0.038692259
3rd_test,disp_240Hz_boxcar,900.4031,0.037930006
3rd_test,disp_240Hz_boxcar,900.7364,0.035673769
3rd_test,disp_240Hz_boxcar,901.0697,0.0347982
3rd_test,disp_240Hz_boxcar,901.4031,0.036133295
3rd_test,disp_240Hz_boxcar,901.7364,0.043039259
3rd_test,disp_240Hz_boxcar,902.0697,0.042170738
3rd_test,disp_240Hz_boxcar,902.4031,0.029797662
3rd_test,disp_240Hz_boxcar,902.7364,0.035495129
3rd_test,disp_240Hz_boxcar,903.0697,0.027305779
3rd_test,disp_240Hz_boxcar,903.4031,0.04656328
3rd_test,disp_240Hz_boxcar,903.7364,0.029699941
3rd_test,disp_240Hz_boxcar,904.0697,0.035962962
3rd_test,disp_240Hz_boxcar,904.4031,0.024047822
3rd_test,disp_240Hz_boxcar,904.7364,0.04783157
3rd_test,disp_240Hz_boxcar,905.0697,0.06920047
3rd_test,disp_240Hz_boxcar,905.4031,0.036262151
3rd_test,disp_240Hz_boxcar,905.7364,0.034741122
3rd_test,disp_240Hz_boxcar,906.0697,0.028469581
3rd_test,disp_240Hz_boxcar,906.4031,0.059619859
3rd_test,disp_240Hz_boxcar,906.7364,0.034034425
3rd_test,disp_240Hz_boxcar,907.0697,0.042333015
3rd_test,disp_240Hz_boxcar,907.4031,0.046346373
3rd_test,disp_240Hz_boxcar,907.7364,0.029534446
3rd_test,disp_240Hz_boxcar,908.0697,0.043318228
3rd_test,disp_240Hz_boxcar,908.4031,0.028327375
3rd_test,disp_240Hz_boxcar,908.7364,0.051413156
3rd_test,disp_240Hz_boxcar,909.0697,0.040816836
3rd_test,disp_240Hz_boxcar,909.4031,0.045739918
3rd_test,disp_240Hz_boxcar,909.7364,0.041710608
3rd_test,disp_240Hz_boxcar,910.0697,0.032513157
3rd_test,disp_240Hz_boxcar,910.4031,0.04169231
3rd_test,disp_240Hz_boxcar,910.7364,0.035926554
3rd_test,disp_240Hz_boxcar,911.0697,0.04913685
3rd_test,disp_240Hz_boxcar,911.4031,0.042659909
3rd_test,disp_240Hz_boxcar,911.7364,0.059220002
3rd_test,disp_240Hz_boxcar,912.0697,0.040749206
3rd_test,disp_240Hz_boxcar,912.4031,0.026813407
3rd_test,disp_240Hz_boxcar,912.7364,0.065117637
3rd_test,disp_240Hz_boxcar,913.0697,0.038408647
3rd_test,disp_240Hz_boxcar,913.4031,0.030099782
3rd_test,disp_240Hz_boxcar,913.7364,0.043995465
3rd_test,disp_240Hz_boxcar,914.0697,0.03707616
3rd_test,disp_240Hz_boxcar,914.4031,0.035177608
3rd_test,disp_240Hz_boxcar,914.7364,0.034874329
3rd_test,disp_240Hz_boxcar,915.0697,0.023535433
3rd_test,disp_240Hz_boxcar,915.4031,0.049287564
3rd_test,disp_240Hz_boxcar,915.7364,0.037712848
3rd_test,disp_240Hz_boxcar,916.0697,0.046873383
3rd_test,disp_240Hz_boxcar,916.4031,0.037801715
3rd_test,disp_240Hz_boxcar,916.7364,0.052559991
3rd_test,disp_240Hz_boxcar,917.0697,0.054392787
3rd_test,disp_240Hz_boxcar,917.4031,0.042982543
3rd_test,disp_240Hz_boxcar,917.7364,0.059142732
3rd_test,disp_240Hz_boxcar,918.0697,0.055662181
3rd_test,disp_240Hz_boxcar,918.4031,0.038967094
3rd_test,disp_240Hz_boxcar,918.7364,0.057237958
3rd_test,disp_240Hz_boxcar,919.0697,0.072285648
3rd_test,disp_240Hz_boxcar,919.4031,0.05288964
3rd_test,disp_240Hz_boxcar,919.7364,0.037591633
3rd_test,disp_240Hz_boxcar,920.0697,0.04437217
3rd_test,disp_240Hz_boxcar,920.4031,0.027274897
3rd_test,disp_240Hz_boxcar,920.7364,0.042073119
3rd_test,disp_240Hz_boxcar,921.0697,0.032293552
3rd_test,disp_240Hz_boxcar,921.4031,0.029897335
3rd_test,disp_240Hz_boxcar,921.7364,0.037282689
3rd_test,disp_240Hz_boxcar,922.0697,0.033182379
3rd_test,disp_240Hz_boxcar,922.4031,0.02958892
3rd_test,disp_240Hz_boxcar,922.7364,0.054643522
3rd_test,disp_240Hz_boxcar,923.0697,0.063966354
3rd_test,disp_240Hz_boxcar,923.4031,0.035879603
3rd_test,disp_240Hz_boxcar,923.7364,0.032055099
3rd_test,disp_240Hz_boxcar,924.0697,0.034515296
3rd_test,disp_240Hz_boxcar,924.4031,0.039097641
3rd_test,disp_240Hz_boxcar,924.7364,0.04315774
3rd_test,disp_240Hz_boxcar,925.0697,0.040680583
3rd_test,disp_240Hz_boxcar,925.4031,0.038136664
3rd_test,disp_240Hz_boxcar,925.7364,0.043319152
3rd_test,disp_240Hz_boxcar,926.0697,0.035895919
3rd_test,disp_240Hz_boxcar,926.4031,0.041482706
3rd_test,disp_240Hz_boxcar,926.7364,0.036700792
3rd_test,disp_240Hz_boxcar,927.0697,0.036771468
3rd_test,disp_240Hz_boxcar,927.4031,0.039906043
3rd_test,disp_240Hz_boxcar,927.7364,0.068065215
3rd_test,disp_240Hz_boxcar,928.0697,0.046185265
3rd_test,disp_240Hz_boxcar,928.4031,0.045184603
3rd_test,disp_240Hz_boxcar,928.7364,0.056536553
3rd_test,disp_240Hz_boxcar,929.0697,0.03588544
3rd_test,disp_240Hz_boxcar,929.4031,0.042854268
3rd_test,disp_240Hz_boxcar,929.7364,0.02779407
3rd_test,disp_240Hz_boxcar,930.0697,0.053665975
3rd_test,disp_240Hz_boxcar,930.4031,0.031365097
3rd_test,disp_240Hz_boxcar,930.7364,0.070723296
3rd_test,disp_240Hz_boxcar,931.0697,0.0453088
3rd_test,disp_240Hz_boxcar,931.4031,0.051762832
3rd_test,disp_240Hz_boxcar,931.7364,0.052558785
3rd_test,disp_240Hz_boxcar,932.0697,0.031101786
3rd_test,disp_240Hz_boxcar,932.4031,0.038164572
3rd_test,disp_240Hz_boxcar,932.7364,0.040832666
3rd_test,disp_240Hz_boxcar,933.0697,0.032487265
3rd_test,disp_240Hz_boxcar,933.4031,0.052045231
3rd_test,disp_240Hz_boxcar,933.7364,0.045278336
3rd_test,disp_240Hz_boxcar,934.0697,0.028068606
3rd_test,disp_240Hz_boxcar,934.4031,0.032730581
3rd_test,disp_240Hz_boxcar,934.7364,0.034700112
3rd_test,disp_240Hz_boxcar,935.0697,0.042675974
3rd_test,disp_240Hz_boxcar,935.4031,0.049263078
3rd_test,disp_240Hz_boxcar,935.7364,0.034417374
3rd_test,disp_240Hz_boxcar,936.0697,0.041974187
3rd_test,disp_240Hz_boxcar,936.4031,0.035227609
3rd_test,disp_240Hz_boxcar,936.7364,0.034429118
3rd_test,disp_240Hz_boxcar,937.0697,0.026274642
3rd_test,disp_240Hz_boxcar,937.4031,0.036480177
3rd_test,disp_240Hz_boxcar,937.7364,0.042222257
3rd_test,disp_240Hz_boxcar,938.0697,0.039476899
3rd_test,disp_240Hz_boxcar,938.4031,0.034546261
3rd_test,disp_240Hz_boxcar,938.7364,0.036719202
3rd_test,disp_240Hz_boxcar,939.0697,0.035487025
3rd_test,disp_240Hz_boxcar,939.4031,0.035955023
3rd_test,disp_240Hz_boxcar,939.7364,0.036116237
3rd_test,disp_240Hz_boxcar,940.0697,0.031683161
3rd_test,disp_240Hz_boxcar,940.4031,0.036306385
3rd_test,disp_240Hz_boxcar,940.7364,0.046374981
3rd_test,disp_240Hz_boxcar,941.0697,0.029356449
3rd_test,disp_240Hz_boxcar,941.4031,0.030154989
3rd_test,disp_240Hz_boxcar,941.7364,0.023438754
3rd_test,disp_240Hz_boxcar,942.0697,0.026412227
3rd_test,disp_240Hz_boxcar,942.4031,0.06285797
3rd_test,disp_240Hz_boxcar,942.7364,0.045706689
3rd_test,disp_240Hz_boxcar,943.0697,0.045007377
3rd_test,disp_240Hz_boxcar,943.4031,0.038627307
3rd_test,disp_240Hz_boxcar,943.7364,0.042244973
3rd_test,disp_240Hz_boxcar,944.0697,0.04900762
3rd_test,disp_240Hz_boxcar,944.4031,0.040481268
3rd_test,disp_240Hz_boxcar,944.7364,0.037067097
3rd_test,disp_240Hz_boxcar,945.0697,0.04145847
3rd_test,disp_240Hz_boxcar,945.4031,0.021298076
3rd_test,disp_240Hz_boxcar,945.7364,0.030395957
3rd_test,disp_240Hz_boxcar,946.0697,0.024618255
3rd_test,disp_240Hz_boxcar,946.4031,0.050331056
3rd_test,disp_240Hz_boxcar,946.7364,0.031025672
3rd_test,disp_240Hz_boxcar,947.0697,0.028672376
3rd_test,disp_240Hz_boxcar,947.4031,0.029297112
3rd_test,disp_240Hz_boxcar,947.7364,0.027312761
3rd_test,disp_240Hz_boxcar,948.0697,0.038224117
3rd_test,disp_240Hz_boxcar,948.4031,0.050625189
3rd_test,disp_240Hz_boxcar,948.7364,0.036772874
3rd_test,disp_240Hz_boxcar,949.0697,0.038657906
3rd_test,disp_240Hz_boxcar,949.4031,0.039173903
3rd_test,disp_240Hz_boxcar,949.7364,0.054930857
3rd_test,disp_240Hz_boxcar,950.0697,0.034639353
3rd_test,disp_240Hz_boxcar,950.4031,0.044928905
3rd_test,disp_240Hz_boxcar,950.7364,0.038607349
3rd_test,disp_240Hz_boxcar,951.0697,0.027686112
3rd_test,disp_240Hz_boxcar,951.4031,0.045721817
3rd_test,disp_240Hz_boxcar,951.7364,0.052587376
3rd_test,disp_240Hz_boxcar,952.0697,0.040966098
3rd_test,disp_240Hz_boxcar,952.4031,0.033462057
3rd_test,disp_240Hz_boxcar,952.7364,0.030239544
3rd_test,disp_240Hz_boxcar,953.0697,0.040426249
3rd_test,disp_240Hz_boxcar,953.4031,0.041945445
3rd_test,disp_240Hz_boxcar,953.7364,0.035113704
3rd_test,disp_240Hz_boxcar,954.0697,0.05172716
3rd_test,disp_240Hz_boxcar,954.4031,0.043427229
3rd_test,disp_240Hz_boxcar,954.7364,0.036693966
3rd_test,disp_240Hz_boxcar,955.0697,0.028414554
3rd_test,disp_240Hz_boxcar,955.4031,0.03718575
3rd_test,disp_240Hz_boxcar,955.7364,0.035590119
3rd_test,disp_240Hz_boxcar,956.0697,0.021636187
3rd_test,disp_240Hz_boxcar,956.4031,0.035069788
3rd_test,disp_240Hz_boxcar,956.7364,0.041288219
3rd_test,disp_240Hz_boxcar,957.0697,0.029852624
3rd_test,disp_240Hz_boxcar,957.4031,0.029096402
3rd_test,disp_240Hz_boxcar,957.7364,0.038536202
3rd_test,disp_240Hz_boxcar,958.0697,0.044383046
3rd_test,disp_240Hz_boxcar,958.4031,0.03977001
3rd_test,disp_240Hz_boxcar,958.7364,0.022932889
3rd_test,disp_240Hz_boxcar,959.0697,0.04050758
3rd_test,disp_240Hz_boxcar,959.4031,0.0275757
3rd_test,disp_240Hz_boxcar,959.7364,0.039819065
3rd_test,disp_240Hz_boxcar,960.0697,0.033670193
3rd_test,disp_240Hz_boxcar,960.4031,0.044111861
3rd_test,disp_240Hz_boxcar,960.7364,0.040375063
3rd_test,disp_240Hz_boxcar,961.0697,0.034132979
3rd_test,disp_240Hz_boxcar,961.4031,0.033634359
3rd_test,disp_240Hz_boxcar,961.7364,0.044760878
3rd_test,disp_240Hz_boxcar,962.0697,0.041644887
3rd_test,disp_240Hz_boxcar,962.4031,0.051311803
3rd_test,disp_240Hz_boxcar,962.7364,0.027936273
3rd_test,disp_240Hz_boxcar,963.0697,0.051388223
3rd_test,disp_240Hz_boxcar,963.4031,0.033307073
3rd_test,disp_240Hz_boxcar,963.7364,0.045787354
3rd_test,disp_240Hz_boxcar,964.0697,0.031363411
3rd_test,disp_240Hz_boxcar,964.4031,0.029562522
3rd_test,disp_240Hz_boxcar,964.7364,0.036078431
3rd_test,disp_240Hz_boxcar,965.0697,0.032472158
3rd_test,disp_240Hz_boxcar,965.4031,0.055184978
3rd_test,disp_240Hz_boxcar,965.7364,0.062743779
3rd_test,disp_240Hz_boxcar,966.0697,0.050708166
3rd_test,disp_240Hz_boxcar,966.4031,0.0311743
3rd_test,disp_240Hz_boxcar,966.7364,0.041530469
3rd_test,disp_240Hz_boxcar,967.0697,0.041685259
3rd_test,disp_240Hz_boxcar,967.4031,0.033675324
3rd_test,disp_240Hz_boxcar,967.7364,0.028819827
3rd_test,disp_240Hz_boxcar,968.0697,0.03016496
3rd_test,disp_240Hz_boxcar,968.4031,0.058045015
3rd_test,disp_240Hz_boxcar,968.7364,0.036990553
3rd_test,disp_240Hz_boxcar,969.0697,0.029023509
3rd_test,disp_240Hz_boxcar,969.4031,0.058251904
3rd_test,disp_240Hz_boxcar,969.7364,0.031730889
3rd_test,disp_240Hz_boxcar,970.0697,0.029977876
3rd_test,disp_240Hz_boxcar,970.4031,0.055969834
3rd_test,disp_240Hz_boxcar,970.7364,0.043762342
3rd_test,disp_240Hz_boxcar,971.0697,0.034323556
3rd_test,disp_240Hz_boxcar,971.4031,0.047222078
3rd_test,disp_240Hz_boxcar,971.7364,0.029996921
3rd_test,disp_240Hz_boxcar,972.0697,0.032067843
3rd_test,disp_240Hz_boxcar,972.4031,0.037693778
3rd_test,disp_240Hz_boxcar,972.7364,0.0385208
3rd_test,disp_240Hz_boxcar,973.0697,0.038565787
3rd_test,disp_240Hz_boxcar,973.4031,0.053248825
3rd_test,disp_240Hz_boxcar,973.7364,0.063825056
3rd_test,disp_240Hz_boxcar,974.0697,0.034336475
3rd_test,disp_240Hz_boxcar,974.4031,0.029887545
3rd_test,disp_240Hz_boxcar,974.7364,0.042732575
3rd_test,disp_240Hz_boxcar,975.0697,0.042193095
3rd_test,disp_240Hz_boxcar,975.4031,0.045706311
3rd_test,disp_240Hz_boxcar,975.7364,0.025228246
3rd_test,disp_240Hz_boxcar,976.0697,0.037557129
3rd_test,disp_240Hz_boxcar,976.4031,0.034682712
3rd_test,disp_240Hz_boxcar,976.7364,0.040652801
3rd_test,disp_240Hz_boxcar,977.0697,0.056691452
3rd_test,disp_240Hz_boxcar,977.4031,0.038499505
3rd_test,disp_240Hz_boxcar,977.7364,0.034439814
3rd_test,disp_240Hz_boxcar,978.0697,0.042126593
3rd_test,disp_240Hz_boxcar,978.4031,0.026634323
3rd_test,disp_240Hz_boxcar,978.7364,0.047406633
3rd_test,disp_240Hz_boxcar,979.0697,0.043280617
3rd_test,disp_240Hz_boxcar,979.4031,0.055655304
3rd_test,disp_240Hz_boxcar,979.7364,0.033134956
3rd_test,disp_240Hz_boxcar,980.0697,0.024348634
3rd_test,disp_240Hz_boxcar,980.4031,0.034565856
3rd_test,disp_240Hz_boxcar,980.7364,0.040149065
3rd_test,disp_240Hz_boxcar,981.0697,0.042714992
3rd_test,disp_240Hz_boxcar,981.4031,0.052294877
3rd_test,disp_240Hz_boxcar,981.7364,0.055503067
3rd_test,disp_240Hz_boxcar,982.0697,0.050535663
3rd_test,disp_240Hz_boxcar,982.4031,0.038702472
3rd_test,disp_240Hz_boxcar,982.7364,0.054963057
3rd_test,disp_240Hz_boxcar,983.0697,0.041002466
3rd_test,disp_240Hz_boxcar,983.4031,0.036761795
3rd_test,disp_240Hz_boxcar,983.7364,0.038601529
3rd_test,disp_240Hz_boxcar,984.0697,0.030558766
3rd_test,disp_240Hz_boxcar,984.4031,0.041091756
3rd_test,disp_240Hz_boxcar,984.7364,0.037056558
3rd_test,disp_240Hz_boxcar,985.0697,0.025879491
3rd_test,disp_240Hz_boxcar,985.4031,0.040004707
3rd_test,disp_240Hz_boxcar,985.7364,0.044822074
3rd_test,disp_240Hz_boxcar,986.0697,0.034621488
3rd_test,disp_240Hz_boxcar,986.4031,0.026934218
3rd_test,disp_240Hz_boxcar,986.7364,0.048405452
3rd_test,disp_240Hz_boxcar,987.0697,0.04696032
3rd_test,disp_240Hz_boxcar,987.4031,0.033715419
3rd_test,disp_240Hz_boxcar,987.7364,0.029641542
3rd_test,disp_240Hz_boxcar,988.0697,0.037654958
3rd_test,disp_240Hz_boxcar,988.4031,0.035469819
3rd_test,disp_240Hz_boxcar,988.7364,0.040520223
3rd_test,disp_240Hz_boxcar,989.0697,0.0299437
3rd_test,disp_240Hz_boxcar,989.4031,0.032559593
3rd_test,disp_240Hz_boxcar,989.7364,0.039271451
3rd_test,disp_240Hz_boxcar,990.0697,0.053363676
3rd_test,disp_240Hz_boxcar,990.4031,0.042197285
3rd_test,disp_240Hz_boxcar,990.7364,0.053062763
3rd_test,disp_240Hz_boxcar,991.0697,0.048932737
3rd_test,disp_240Hz_boxcar,991.4031,0.03521938
3rd_test,disp_240Hz_boxcar,991.7364,0.043949523
3rd_test,disp_240Hz_boxcar,992.0697,0.028888152
3rd_test,disp_240Hz_boxcar,992.4031,0.05128703
3rd_test,disp_240Hz_boxcar,992.7364,0.031996936
3rd_test,disp_240Hz_boxcar,993.0697,0.044536685
3rd_test,disp_240Hz_boxcar,993.4031,0.030130364
3rd_test,disp_240Hz_boxcar,993.7364,0.038710606
3rd_test,disp_240Hz_boxcar,994.0697,0.043136935
3rd_test,disp_240Hz_boxcar,994.4031,0.031749948
3rd_test,disp_240Hz_boxcar,994.7364,0.039042763
3rd_test,disp_240Hz_boxcar,995.0697,0.03268509
3rd_test,disp_240Hz_boxcar,995.4031,0.037150056
3rd_test,disp_240Hz_boxcar,995.7364,0.038076412
3rd_test,disp_240Hz_boxcar,996.0697,0.025918504
3rd_test,disp_240Hz_boxcar,996.4031,0.049969185
3rd_test,disp_240Hz_boxcar,996.7364,0.041886352
3rd_test,disp_240Hz_boxcar,997.0697,0.03401262
3rd_test,disp_240Hz_boxcar,997.4031,0.028157511
3rd_test,disp_240Hz_boxcar,997.7364,0.031367224
3rd_test,disp_240Hz_boxcar,998.0697,0.029915592
3rd_test,disp_240Hz_boxcar,998.4031,0.050885972
3rd_test,disp_240Hz_boxcar,998.7364,0.030819393
3rd_test,disp_240Hz_boxcar,999.0697,0.051009861
3rd_test,disp_240Hz_boxcar,999.4031,0.041516884
3rd_test,disp_240Hz_boxcar,999.7364,0.050677797
3rd_test,disp_240Hz_boxcar,1000.0697,0.036812112
3rd_test,disp_240Hz_boxcar,1000.4031,0.03401159
3rd_test,disp_240Hz_boxcar,1000.7364,0.029849264
3rd_test,disp_240Hz_boxcar,1001.0697,0.032214636
3rd_test,disp_240Hz_boxcar,1001.4031,0.054450789
3rd_test,disp_240Hz_boxcar,1008.9019,0.03757902
3rd_test,disp_240Hz_boxcar,1009.0858,0.041934507
3rd_test,disp_240Hz_boxcar,1009.4192,0.050465897
3rd_test,disp_240Hz_boxcar,1009.7525,0.02697081
3rd_test,disp_240Hz_boxcar,1010.0858,0.045001447
3rd_test,disp_240Hz_boxcar,1010.4192,0.045090457
3rd_test,disp_240Hz_boxcar,1010.7525,0.033947874
3rd_test,disp_240Hz_boxcar,1011.0858,0.032431429
3rd_test,disp_240Hz_boxcar,1011.4192,0.048944523
3rd_test,disp_240Hz_boxcar,1011.7525,0.034649067
3rd_test,disp_240Hz_boxcar,1012.0858,0.055695622
3rd_test,disp_240Hz_boxcar,1012.4192,0.038479248
3rd_test,disp_240Hz_boxcar,1012.7525,0.045544242
3rd_test,disp_240Hz_boxcar,1013.0858,0.036081982
3rd_test,disp_240Hz_boxcar,1013.4192,0.049336107
3rd_test,disp_240Hz_boxcar,1013.7525,0.029654804
3rd_test,disp_240Hz_boxcar,1014.0858,0.057937976
3rd_test,disp_240Hz_boxcar,1014.4192,0.048865393
3rd_test,disp_240Hz_boxcar,1014.7525,0.034498679
3rd_test,disp_240Hz_boxcar,1015.0858,0.098019761
3rd_test,disp_240Hz_boxcar,1015.4192,0.069735899
3rd_test,disp_240Hz_boxcar,1015.7525,0.054372202
3rd_test,disp_240Hz_boxcar,1016.0858,0.046720071
3rd_test,disp_240Hz_boxcar,1016.4192,0.053241193
3rd_test,disp_240Hz_boxcar,1016.7525,0.054065652
3rd_test,disp_240Hz_boxcar,1017.0858,0.044440456
3rd_test,disp_240Hz_boxcar,1017.4192,0.053354221
3rd_test,disp_240Hz_boxcar,1017.7525,0.046688327
3rd_test,disp_240Hz_boxcar,1018.0858,0.03601645
3rd_test,disp_240Hz_boxcar,1018.4192,0.066392704
3rd_test,disp_240Hz_boxcar,1018.7525,0.029374117
3rd_test,disp_240Hz_boxcar,1019.0858,0.060736163
3rd_test,disp_240Hz_boxcar,1019.4192,0.041251227
3rd_test,disp_240Hz_boxcar,1019.7525,0.048730429
3rd_test,disp_240Hz_boxcar,1020.0858,0.049251342
3rd_test,disp_240Hz_boxcar,1020.4192,0.047357203
3rd_test,disp_240Hz_boxcar,1020.7525,0.051628491
3rd_test,disp_240Hz_boxcar,1021.0858,0.071482407
3rd_test,disp_240Hz_boxcar,1021.4192,0.054020921
3rd_test,disp_240Hz_boxcar,1021.7525,0.04725005
3rd_test,disp_240Hz_boxcar,1022.0858,0.064269095
3rd_test,disp_240Hz_boxcar,1022.4192,0.068817395
3rd_test,disp_240Hz_boxcar,1022.7525,0.055111271
3rd_test,disp_240Hz_boxcar,1023.0858,0.054041868
3rd_test,disp_240Hz_boxcar,1023.4192,0.053441542
3rd_test,disp_240Hz_boxcar,1023.7525,0.069965961
3rd_test,disp_240Hz_boxcar,1024.0858,0.054337339
3rd_test,disp_240Hz_boxcar,1024.4192,0.067135895
3rd_test,disp_240Hz_boxcar,1024.7525,0.060525253
3rd_test,disp_240Hz_boxcar,1025.0858,0.053456476
3rd_test,disp_240Hz_boxcar,1025.4192,0.05708654
3rd_test,disp_240Hz_boxcar,1025.7525,0.048667975
3rd_test,disp_240Hz_boxcar,1026.0858,0.040426707
3rd_test,disp_240Hz_boxcar,1026.4192,0.056108778
3rd_test,disp_240Hz_boxcar,1026.7525,0.038800421
3rd_test,disp_240Hz_boxcar,1027.0858,0.059010049
3rd_test,disp_240Hz_boxcar,1027.4192,0.050376747
3rd_test,disp_240Hz_boxcar,1027.7525,0.072522126
3rd_test,disp_240Hz_boxcar,1028.0858,0.045780882
3rd_test,disp_240Hz_boxcar,1028.4192,0.041625297
3rd_test,disp_240Hz_boxcar,1028.7525,0.050756122
3rd_test,disp_240Hz_boxcar,1029.0858,0.039211255
3rd_test,disp_240Hz_boxcar,1029.4192,0.045571428
3rd_test,disp_240Hz_boxcar,1029.7525,0.044527242
3rd_test,disp_240Hz_boxcar,1030.0858,0.036354519
3rd_test,disp_240Hz_boxcar,1030.4192,0.054172776
3rd_test,disp_240Hz_boxcar,1030.7525,0.043755899
3rd_test,disp_240Hz_boxcar,1031.0858,0.068218598
3rd_test,disp_240Hz_boxcar,1031.4192,0.058081121
3rd_test,disp_240Hz_boxcar,1031.7525,0.049451331
3rd_test,disp_240Hz_boxcar,1032.0858,0.043170118
3rd_test,disp_240Hz_boxcar,1032.4192,0.05365332
3rd_test,disp_240Hz_boxcar,1032.7525,0.051535514
3rd_test,disp_240Hz_boxcar,1033.0858,0.050700996
3rd_test,disp_240Hz_boxcar,1033.4192,0.068546822
3rd_test,disp_240Hz_boxcar,1033.7525,0.057740196
3rd_test,disp_240Hz_boxcar,1034.0858,0.052086633
3rd_test,disp_240Hz_boxcar,1034.4192,0.057486186
3rd_test,disp_240Hz_boxcar,1034.7525,0.056898067
3rd_test,disp_240Hz_boxcar,1035.0858,0.044634397
3rd_test,disp_240Hz_boxcar,1035.4192,0.064453992
3rd_test,disp_240Hz_boxcar,1035.7525,0.06258429
3rd_test,disp_240Hz_boxcar,1036.0858,0.053227084
3rd_test,disp_240Hz_boxcar,1036.4192,0.054869473
3rd_test,disp_240Hz_boxcar,1036.7525,0.047727468
3rd_test,disp_240Hz_boxcar,1037.0858,0.026966288
3rd_test,disp_240Hz_boxcar,1037.4192,0.055570173
3rd_test,disp_240Hz_boxcar,1037.7525,0.045688059
3rd_test,disp_240Hz_boxcar,1038.0858,0.078796351
3rd_test,disp_240Hz_boxcar,1038.4192,0.055767924
3rd_test,disp_240Hz_boxcar,1038.7525,0.069307251
3rd_test,disp_240Hz_boxcar,1039.0858,0.035334572
3rd_test,disp_240Hz_boxcar,1039.4192,0.03919553
3rd_test,disp_240Hz_boxcar,1039.7525,0.064227921
3rd_test,disp_240Hz_boxcar,1040.0858,0.036078871
3rd_test,disp_240Hz_boxcar,1040.4192,0.047723855
3rd_test,disp_240Hz_boxcar,1040.7525,0.04403625
3rd_test,disp_240Hz_boxcar,1041.0858,0.030496637
3rd_test,disp_240Hz_boxcar,1041.4192,0.045670803
3rd_test,disp_240Hz_boxcar,1041.7525,0.048903227
3rd_test,disp_240Hz_boxcar,1042.0858,0.044607376
3rd_test,disp_240Hz_boxcar,1042.4192,0.047722372
3rd_test,disp_240Hz_boxcar,1042.7525,0.048717945
3rd_test,disp_240Hz_boxcar,1043.0858,0.042282644
3rd_test,disp_240Hz_boxcar,1043.4192,0.037975886
3rd_test,disp_240Hz_boxcar,1043.7525,0.043101194
3rd_test,disp_240Hz_boxcar,1044.0858,0.034480921
3rd_test,disp_240Hz_boxcar,1044.4192,0.046477524
3rd_test,disp_240Hz_boxcar,1044.7525,0.064274873
3rd_test,disp_240Hz_boxcar,1045.0858,0.04952683
3rd_test,disp_240Hz_boxcar,1045.4192,0.044000317
3rd_test,disp_240Hz_boxcar,1045.7525,0.056774661
3rd_test,disp_240Hz_boxcar,1046.0858,0.07278526
3rd_test,disp_240Hz_boxcar,1046.4192,0.030207195
3rd_test,disp_240Hz_boxcar,1046.7525,0.071768793
3rd_test,disp_240Hz_boxcar,1047.0858,0.03880331
3rd_test,disp_240Hz_boxcar,1047.4192,0.063229488
3rd_test,disp_240Hz_boxcar,1047.7525,0.05017888
3rd_test,disp_240Hz_boxcar,1048.0858,0.044928307
3rd_test,disp_240Hz_boxcar,1048.4192,0.034944852
3rd_test,disp_240Hz_boxcar,1048.7525,0.060373718
3rd_test,disp_240Hz_boxcar,1049.0858,0.041770845
3rd_test,disp_240Hz_boxcar,1049.4192,0.055425776
3rd_test,disp_240Hz_boxcar,1049.7525,0.046756882
3rd_test,disp_240Hz_boxcar,1050.0858,0.067610213
3rd_test,disp_240Hz_boxcar,1050.4192,0.040818764
3rd_test,disp_240Hz_boxcar,1050.7525,0.060216004
3rd_test,disp_240Hz_boxcar,1051.0858,0.062614889
3rd_test,disp_240Hz_boxcar,1051.4192,0.05350471
3rd_test,disp_240Hz_boxcar,1051.7525,0.07661057
3rd_test,disp_240Hz_boxcar,1052.0858,0.035089074
3rd_test,disp_240Hz_boxcar,1052.4192,0.043632502
3rd_test,disp_240Hz_boxcar,1052.7525,0.050361202
3rd_test,disp_240Hz_boxcar,1053.0858,0.050881182
3rd_test,disp_240Hz_boxcar,1053.4192,0.065348949
3rd_test,disp_240Hz_boxcar,1053.7525,0.053331283
3rd_test,disp_240Hz_boxcar,1054.0858,0.069558004
3rd_test,disp_240Hz_boxcar,1054.4192,0.051149941
3rd_test,disp_240Hz_boxcar,1054.7525,0.064638215
3rd_test,disp_240Hz_boxcar,1055.0858,0.043574017
3rd_test,disp_240Hz_boxcar,1055.4192,0.060341692
3rd_test,disp_240Hz_boxcar,1055.7525,0.047281896
3rd_test,disp_240Hz_boxcar,1056.0858,0.070902719
3rd_test,disp_240Hz_boxcar,1056.4192,0.042178414
3rd_test,disp_240Hz_boxcar,1056.7525,0.068077129
3rd_test,disp_240Hz_boxcar,1057.0858,0.063312167
3rd_test,disp_240Hz_boxcar,1057.4192,0.070804335
3rd_test,disp_240Hz_boxcar,1057.7525,0.070140892
3rd_test,disp_240Hz_boxcar,1058.0858,0.044696207
3rd_test,disp_240Hz_boxcar,1058.4192,0.083681355
3rd_test,disp_240Hz_boxcar,1058.7525,0.076229284
3rd_test,disp_240Hz_boxcar,1059.0858,0.076848096
3rd_test,disp_240Hz_boxcar,1059.4192,0.058891941
3rd_test,disp_240Hz_boxcar,1059.7525,0.081231872
3rd_test,disp_240Hz_boxcar,1060.0858,0.055963542
3rd_test,disp_240Hz_boxcar,1060.4192,0.06917054
3rd_test,disp_240Hz_boxcar,1060.7525,0.084066682
3rd_test,disp_240Hz_boxcar,1061.0858,0.099630526
3rd_test,disp_240Hz_boxcar,1061.4192,0.079459102
3rd_test,disp_240Hz_boxcar,1061.7525,0.078016154
3rd_test,disp_240Hz_boxcar,1062.0858,0.059627928
3rd_test,disp_240Hz_boxcar,1062.4192,0.05650497
3rd_test,disp_240Hz_boxcar,1062.7525,0.1042346
3rd_test,disp_240Hz_boxcar,1063.0858,0.068015359
3rd_test,disp_240Hz_boxcar,1063.4192,0.10211921
3rd_test,disp_240Hz_boxcar,1063.7525,0.093320985
3rd_test,disp_240Hz_boxcar,1064.0858,0.093365198
3rd_test,disp_240Hz_boxcar,1064.4192,0.089548664
3rd_test,disp_240Hz_boxcar,1064.7525,0.10766521
3rd_test,disp_240Hz_boxcar,1065.0858,0.1091546
3rd_test,disp_240Hz_boxcar,1065.4192,0.10917167
3rd_test,disp_240Hz_boxcar,1065.7525,0.11188674
3rd_test,disp_240Hz_boxcar,1066.0858,0.062673121
3rd_test,disp_240Hz_boxcar,1066.4192,0.12313796
3rd_test,disp_240Hz_boxcar,1066.7525,0.11485013
3rd_test,disp_240Hz_boxcar,1067.0858,0.079247975
3rd_test,disp_240Hz_boxcar,1067.4192,0.097861309
3rd_test,disp_240Hz_boxcar,1067.7525,0.056733401
3rd_test,disp_240Hz_boxcar,1068.0858,0.08599254
3rd_test,disp_240Hz_boxcar,1068.4192,0.11236735
3rd_test,disp_240Hz_boxcar,1068.7525,0.11603493
3rd_test,disp_240Hz_boxcar,1069.0858,0.11215171
3rd_test,disp_240Hz_boxcar,1069.4192,0.099917413
3rd_test,disp_240Hz_boxcar,1069.7525,0.11553104
3rd_test,disp_240Hz_boxcar,1070.0858,0.22361594
3rd_test,disp_240Hz_boxcar,1070.4192,0.13734247
3rd_test,disp_240Hz_boxcar,1070.7525,0.1190034
3rd_test,disp_240Hz_boxcar,1071.0858,0.17208624
3rd_test,disp_240Hz_boxcar,1071.4192,0.14171222
3rd_test,disp_240Hz_boxcar,1071.7525,0.14120508
3rd_test,disp_240Hz_boxcar,1072.0858,0.28438768
3rd_test,disp_240Hz_boxcar,1072.4192,0.26542661
3rd_test,disp_240Hz_boxcar,1072.7525,0.16869482
3rd_test,disp_240Hz_boxcar,1073.0858,6.4716874
3rd_test,disp_240Hz_naive,0.0,0.035602106
3rd_test,disp_240Hz_naive,0.25,0.046783368
3rd_test,disp_240Hz_naive,0.5833,0.038477669
3rd_test,disp_240Hz_naive,0.9167,0.045436747
3rd_test,disp_240Hz_naive,1.25,0.041590312
3rd_test,disp_240Hz_naive,1.5833,0.03833882
3rd_test,disp_240Hz_naive,1.9167,0.033149866
3rd_test,disp_240Hz_naive,2.25,0.0480026
3rd_test,disp_240Hz_naive,2.5833,0.033327727
3rd_test,disp_240Hz_naive,2.9167,0.046282281
3rd_test,disp_240Hz_naive,3.25,0.035567356
3rd_test,disp_240Hz_naive,3.5833,0.04448974
3rd_test,disp_240Hz_naive,3.9167,0.04041524
3rd_test,disp_240Hz_naive,4.25,0.04099851
3rd_test,disp_240Hz_naive,4.5833,0.049854923
3rd_test,disp_240Hz_naive,4.9167,0.045929768
3rd_test,disp_240Hz_naive,5.25,0.050422898
3rd_test,disp_240Hz_naive,5.5833,0.052589364
3rd_test,disp_240Hz_naive,5.9167,0.046630391
3rd_test,disp_240Hz_naive,6.25,0.028731757
3rd_test,disp_240Hz_naive,6.5833,0.043688465
3rd_test,disp_240Hz_naive,6.9167,0.050049038
3rd_test,disp_240Hz_naive,7.25,0.036332843
3rd_test,disp_240Hz_naive,7.5833,0.038981186
3rd_test,disp_240Hz_naive,7.9167,0.052707137
3rd_test,disp_240Hz_naive,8.25,0.04540334
3rd_test,disp_240Hz_naive,8.5833,0.055141371
3rd_test,disp_240Hz_naive,8.9167,0.042615784
3rd_test,disp_240Hz_naive,9.25,0.045791231
3rd_test,disp_240Hz_naive,9.5833,0.034794387
3rd_test,disp_240Hz_naive,9.9167,0.050517155
3rd_test,disp_240Hz_naive,10.25,0.036892015
3rd_test,disp_240Hz_naive,10.5833,0.055519336
3rd_test,disp_240Hz_naive,10.9167,0.029017552
3rd_test,disp_240Hz_naive,11.25,0.036779297
3rd_test,disp_240Hz_naive,11.5833,0.033657475
3rd_test,disp_240Hz_naive,11.9167,0.037392654
3rd_test,disp_240Hz_naive,12.25,0.047738627
3rd_test,disp_240Hz_naive,12.5833,0.03720913
3rd_test,disp_240Hz_naive,12.9167,0.029766615
3rd_test,disp_240Hz_naive,13.25,0.034483104
3rd_test,disp_240Hz_naive,13.5833,0.029430579
3rd_test,disp_240Hz_naive,13.9167,0.052157755
3rd_test,disp_240Hz_naive,14.25,0.039223157
3rd_test,disp_240Hz_naive,14.5833,0.037067799
3rd_test,disp_240Hz_naive,14.9167,0.037183145
3rd_test,disp_240Hz_naive,15.25,0.038318301
3rd_test,disp_240Hz_naive,15.5833,0.038337265
3rd_test,disp_240Hz_naive,15.9167,0.038240508
3rd_test,disp_240Hz_naive,16.25,0.036566808
3rd_test,disp_240Hz_naive,16.5833,0.031488637
3rd_test,disp_240Hz_naive,16.9167,0.034536196
3rd_test,disp_240Hz_naive,17.25,0.040746764
3rd_test,disp_240Hz_naive,17.5833,0.035340998
3rd_test,disp_240Hz_naive,17.9167,0.036041017
3rd_test,disp_240Hz_naive,18.25,0.030931966
3rd_test,disp_240Hz_naive,18.5833,0.043974981
3rd_test,disp_240Hz_naive,18.9167,0.01923406
3rd_test,disp_240Hz_naive,19.25,0.038054552
3rd_test,disp_240Hz_naive,19.5833,0.026943109
3rd_test,disp_240Hz_naive,19.9167,0.035127287
3rd_test,disp_240Hz_naive,20.25,0.026059162
3rd_test,disp_240Hz_naive,20.5833,0.04868573
3rd_test,disp_240Hz_naive,20.9167,0.043101108
3rd_test,disp_240Hz_naive,21.25,0.030395835
3rd_test,disp_240Hz_naive,21.5833,0.042422156
3rd_test,disp_240Hz_naive,21.9167,0.030910381
3rd_test,disp_240Hz_naive,22.25,0.049430339
3rd_test,disp_240Hz_naive,22.5833,0.052632147
3rd_test,disp_240Hz_naive,22.9167,0.027278934
3rd_test,disp_240Hz_naive,23.25,0.028912064
3rd_test,disp_240Hz_naive,23.5833,0.049098584
3rd_test,disp_240Hz_naive,23.9167,0.042017425
3rd_test,disp_240Hz_naive,24.25,0.042750749
3rd_test,disp_240Hz_naive,24.5833,0.031254387
3rd_test,disp_240Hz_naive,24.9167,0.034513839
3rd_test,disp_240Hz_naive,25.25,0.039560643
3rd_test,disp_240Hz_naive,25.5833,0.02839917
3rd_test,disp_240Hz_naive,25.9167,0.044770512
3rd_test,disp_240Hz_naive,26.25,0.030847147
3rd_test,disp_240Hz_naive,26.5833,0.045776375
3rd_test,disp_240Hz_naive,26.9167,0.058272433
3rd_test,disp_240Hz_naive,27.25,0.046677245
3rd_test,disp_240Hz_naive,27.5833,0.032251238
3rd_test,disp_240Hz_naive,27.9167,0.048660984
3rd_test,disp_240Hz_naive,28.25,0.030631359
3rd_test,disp_240Hz_naive,28.5833,0.037712131
3rd_test,disp_240Hz_naive,28.9167,0.041757536
3rd_test,disp_240Hz_naive,29.25,0.035128409
3rd_test,disp_240Hz_naive,29.5833,0.023793872
3rd_test,disp_240Hz_naive,29.9167,0.043341756
3rd_test,disp_240Hz_naive,30.25,0.033391679
3rd_test,disp_240Hz_naive,30.5833,0.044513348
3rd_test,disp_240Hz_naive,30.9167,0.050939735
3rd_test,disp_240Hz_naive,31.25,0.034021832
3rd_test,disp_240Hz_naive,31.5833,0.039140798
3rd_test,disp_240Hz_naive,31.9167,0.058632068
3rd_test,disp_240Hz_naive,32.25,0.040760218
3rd_test,disp_240Hz_naive,32.5833,0.035555539
3rd_test,disp_240Hz_naive,32.9167,0.04472177
3rd_test,disp_240Hz_naive,33.25,0.037387796
3rd_test,disp_240Hz_naive,33.5833,0.026948882
3rd_test,disp_240Hz_naive,33.9167,0.047702426
3rd_test,disp_240Hz_naive,34.25,0.031213937
3rd_test,disp_240Hz_naive,34.5833,0.03181328
3rd_test,disp_240Hz_naive,34.9167,0.044408679
3rd_test,disp_240Hz_naive,35.25,0.034852943
3rd_test,disp_240Hz_naive,35.5833,0.031595053
3rd_test,disp_240Hz_naive,35.9167,0.034600469
3rd_test,disp_240Hz_naive,36.25,0.03438656
3rd_test,disp_240Hz_naive,36.5833,0.042356452
3rd_test,disp_240Hz_naive,36.9167,0.0468195
3rd_test,disp_240Hz_naive,37.25,0.048165056
3rd_test,disp_240Hz_naive,37.5833,0.049808941
3rd_test,disp_240Hz_naive,37.9167,0.031071709
3rd_test,disp_240Hz_naive,38.25,0.038021803
3rd_test,disp_240Hz_naive,38.5833,0.039929646
3rd_test,disp_240Hz_naive,38.9167,0.037405382
3rd_test,disp_240Hz_naive,39.25,0.046471762
3rd_test,disp_240Hz_naive,39.5833,0.037365309
3rd_test,disp_240Hz_naive,39.9167,0.048106708
3rd_test,disp_240Hz_naive,40.25,0.042276682
3rd_test,disp_240Hz_naive,40.5833,0.035990376
3rd_test,disp_240Hz_naive,40.9167,0.027105109
3rd_test,disp_240Hz_naive,41.25,0.030273438
3rd_test,disp_240Hz_naive,41.5833,0.030518923
3rd_test,disp_240Hz_naive,41.9167,0.043953919
3rd_test,disp_240Hz_naive,42.25,0.033781459
3rd_test,disp_240Hz_naive,42.5833,0.038656263
3rd_test,disp_240Hz_naive,42.9167,0.041086032
3rd_test,disp_240Hz_naive,43.25,0.048490605
3rd_test,disp_240Hz_naive,43.5833,0.043767601
3rd_test,disp_240Hz_naive,43.9167,0.042550842
3rd_test,disp_240Hz_naive,44.25,0.028019948
3rd_test,disp_240Hz_naive,44.5833,0.035458556
3rd_test,disp_240Hz_naive,44.9167,0.035677918
3rd_test,disp_240Hz_naive,45.25,0.032177098
3rd_test,disp_240Hz_naive,45.5833,0.046032393
3rd_test,disp_240Hz_naive,45.9167,0.041425862
3rd_test,disp_240Hz_naive,46.25,0.021939834
3rd_test,disp_240Hz_naive,46.5833,0.056560903
3rd_test,disp_240Hz_naive,46.9167,0.036140939
3rd_test,disp_240Hz_naive,47.25,0.035342536
3rd_test,disp_240Hz_naive,47.5833,0.054275583
3rd_test,disp_240Hz_naive,47.9167,0.027672038
3rd_test,disp_240Hz_naive,48.25,0.029619491
3rd_test,disp_240Hz_naive,48.5833,0.047257833
3rd_test,disp_240Hz_naive,48.9167,0.033899596
3rd_test,disp_240Hz_naive,49.25,0.034048231
3rd_test,disp_240Hz_naive,49.5833,0.030408042
3rd_test,disp_240Hz_naive,49.9167,0.031808263
3rd_test,disp_240Hz_naive,50.25,0.037701108
3rd_test,disp_240Hz_naive,50.5833,0.022785461
3rd_test,disp_240Hz_naive,50.9167,0.034365744
3rd_test,disp_240Hz_naive,51.25,0.036335597
3rd_test,disp_240Hz_naive,51.5833,0.031022382
3rd_test,disp_240Hz_naive,51.9167,0.035855051
3rd_test,disp_240Hz_naive,52.25,0.035688894
3rd_test,disp_240Hz_naive,52.5833,0.032934248
3rd_test,disp_240Hz_naive,52.9167,0.031326242
3rd_test,disp_240Hz_naive,53.25,0.033223665
3rd_test,disp_240Hz_naive,53.5833,0.021375694
3rd_test,disp_240Hz_naive,53.9167,0.045421419
3rd_test,disp_240Hz_naive,54.25,0.034427097
3rd_test,disp_240Hz_naive,54.5833,0.041551375
3rd_test,disp_240Hz_naive,54.9167,0.046671763
3rd_test,disp_240Hz_naive,55.25,0.036658017
3rd_test,disp_240Hz_naive,55.5833,0.042650234
3rd_test,disp_240Hz_naive,55.9167,0.022672489
3rd_test,disp_240Hz_naive,56.25,0.040249351
3rd_test,disp_240Hz_naive,56.5833,0.037174782
3rd_test,disp_240Hz_naive,56.9167,0.041534136
3rd_test,disp_240Hz_naive,57.25,0.030110412
3rd_test,disp_240Hz_naive,57.5833,0.038809097
3rd_test,disp_240Hz_naive,57.9167,0.036742108
3rd_test,disp_240Hz_naive,58.25,0.02909523
3rd_test,disp_240Hz_naive,58.5833,0.027929746
3rd_test,disp_240Hz_naive,58.9167,0.031153308
3rd_test,disp_240Hz_naive,59.25,0.025979551
3rd_test,disp_240Hz_naive,59.5833,0.035833638
3rd_test,disp_240Hz_naive,59.9167,0.031676349
3rd_test,disp_240Hz_naive,60.25,0.04265163
3rd_test,disp_240Hz_naive,60.5833,0.043911091
3rd_test,disp_240Hz_naive,60.9167,0.034795821
3rd_test,disp_240Hz_naive,61.25,0.045171166
3rd_test,disp_240Hz_naive,61.5833,0.038595055
3rd_test,disp_240Hz_naive,61.9167,0.040261589
3rd_test,disp_240Hz_naive,62.25,0.044669121
3rd_test,disp_240Hz_naive,62.5833,0.041478885
3rd_test,disp_240Hz_naive,62.9167,0.053707528
3rd_test,disp_240Hz_naive,63.25,0.034887246
3rd_test,disp_240Hz_naive,63.5833,0.031604891
3rd_test,disp_240Hz_naive,63.9167,0.033629539
3rd_test,disp_240Hz_naive,64.25,0.040269337
3rd_test,disp_240Hz_naive,64.5833,0.037174029
3rd_test,disp_240Hz_naive,64.9167,0.037768755
3rd_test,disp_240Hz_naive,65.25,0.057479703
3rd_test,disp_240Hz_naive,65.5833,0.046970972
3rd_test,disp_240Hz_naive,65.9167,0.033982001
3rd_test,disp_240Hz_naive,66.25,0.027868038
3rd_test,disp_240Hz_naive,66.5833,0.028454133
3rd_test,disp_240Hz_naive,66.9167,0.032331709
3rd_test,disp_240Hz_naive,67.25,0.031189069
3rd_test,disp_240Hz_naive,67.5833,0.035809201
3rd_test,disp_240Hz_naive,67.9167,0.036517184
3rd_test,disp_240Hz_naive,68.25,0.033156359
3rd_test,disp_240Hz_naive,68.5833,0.025931163
3rd_test,disp_240Hz_naive,68.9167,0.035328679
3rd_test,disp_240Hz_naive,69.25,0.044096604
3rd_test,disp_240Hz_naive,69.5833,0.063505929
3rd_test,disp_240Hz_naive,69.9167,0.040093645
3rd_test,disp_240Hz_naive,70.25,0.046939164
3rd_test,disp_240Hz_naive,70.5833,0.037843399
3rd_test,disp_240Hz_naive,70.9167,0.035737487
3rd_test,disp_240Hz_naive,71.25,0.040623339
3rd_test,disp_240Hz_naive,71.5833,0.03555861
3rd_test,disp_240Hz_naive,71.9167,0.052482239
3rd_test,disp_240Hz_naive,72.25,0.032550897
3rd_test,disp_240Hz_naive,72.5833,0.025738691
3rd_test,disp_240Hz_naive,72.9167,0.035612032
3rd_test,disp_240Hz_naive,73.25,0.040966446
3rd_test,disp_240Hz_naive,73.5833,0.040855055
3rd_test,disp_240Hz_naive,73.9167,0.023487904
3rd_test,disp_240Hz_naive,74.25,0.033770938
3rd_test,disp_240Hz_naive,74.5833,0.039380886
3rd_test,disp_240Hz_naive,74.9167,0.024135091
3rd_test,disp_240Hz_naive,75.25,0.035159802
3rd_test,disp_240Hz_naive,75.5833,0.040379853
3rd_test,disp_240Hz_naive,75.9167,0.042472765
3rd_test,disp_240Hz_naive,76.25,0.047184019
3rd_test,disp_240Hz_naive,76.5833,0.035876418
3rd_test,disp_240Hz_naive,76.9167,0.043962652
3rd_test,disp_240Hz_naive,77.25,0.035296443
3rd_test,disp_240Hz_naive,77.5833,0.035579618
3rd_test,disp_240Hz_naive,77.9167,0.027891566
3rd_test,disp_240Hz_naive,78.25,0.038316215
3rd_test,disp_240Hz_naive,78.5833,0.052649675
3rd_test,disp_240Hz_naive,78.9167,0.040930589
3rd_test,disp_240Hz_naive,79.25,0.053304417
3rd_test,disp_240Hz_naive,79.5833,0.049658991
3rd_test,disp_240Hz_naive,79.9167,0.048031441
3rd_test,disp_240Hz_naive,80.25,0.042406978
3rd_test,disp_240Hz_naive,80.5833,0.024604997
3rd_test,disp_240Hz_naive,80.9167,0.035441985
3rd_test,disp_240Hz_naive,81.25,0.062955647
3rd_test,disp_240Hz_naive,81.5833,0.034974438
3rd_test,disp_240Hz_naive,81.9167,0.033318559
3rd_test,disp_240Hz_naive,82.25,0.036212261
3rd_test,disp_240Hz_naive,82.5833,0.026882834
3rd_test,disp_240Hz_naive,82.9167,0.035373354
3rd_test,disp_240Hz_naive,83.25,0.025134989
3rd_test,disp_240Hz_naive,83.5833,0.037342294
3rd_test,disp_240Hz_naive,83.9167,0.036978105
3rd_test,disp_240Hz_naive,84.25,0.041286204
3rd_test,disp_240Hz_naive,84.5833,0.035231138
3rd_test,disp_240Hz_naive,84.9167,0.040401102
3rd_test,disp_240Hz_naive,85.25,0.030401614
3rd_test,disp_240Hz_naive,85.5833,0.023301345
3rd_test,disp_240Hz_naive,85.9167,0.042906087
3rd_test,disp_240Hz_naive,86.25,0.040289732
3rd_test,disp_240Hz_naive,86.5833,0.037565061
3rd_test,disp_240Hz_naive,86.9167,0.038660763
3rd_test,disp_240Hz_naive,87.25,0.042236682
3rd_test,disp_240Hz_naive,87.5833,0.036317691
3rd_test,disp_240Hz_naive,87.9167,0.038806289
3rd_test,disp_240Hz_naive,88.25,0.035772645
3rd_test,disp_240Hz_naive,88.5833,0.033787724
3rd_test,disp_240Hz_naive,88.9167,0.025167485
3rd_test,disp_240Hz_naive,89.25,0.018772453
3rd_test,disp_240Hz_naive,89.5833,0.039025356
3rd_test,disp_240Hz_naive,89.9167,0.032468502
3rd_test,disp_240Hz_naive,90.25,0.049241097
3rd_test,disp_240Hz_naive,90.5833,0.032889941
3rd_test,disp_240Hz_naive,90.9167,0.037441763
3rd_test,disp_240Hz_naive,91.25,0.050760145
3rd_test,disp_240Hz_naive,91.5833,0.044440938
3rd_test,disp_240Hz_naive,91.9167,0.032842749
3rd_test,disp_240Hz_naive,92.25,0.041464178
3rd_test,disp_240Hz_naive,92.5833,0.028644348
3rd_test,disp_240Hz_naive,92.9167,0.043093763
3rd_test,disp_240Hz_naive,93.25,0.032281425
3rd_test,disp_240Hz_naive,93.5833,0.036504134
3rd_test,disp_240Hz_naive,93.9167,0.02538071
3rd_test,disp_240Hz_naive,94.25,0.036419346
3rd_test,disp_240Hz_naive,94.5833,0.038032835
3rd_test,disp_240Hz_naive,94.9167,0.042970138
3rd_test,disp_240Hz_naive,95.25,0.053771953
3rd_test,disp_240Hz_naive,95.5833,0.038310574
3rd_test,disp_240Hz_naive,95.9167,0.045188533
3rd_test,disp_240Hz_naive,96.25,0.042552051
3rd_test,disp_240Hz_naive,96.5833,0.024896535
3rd_test,disp_240Hz_naive,96.9167,0.03297593
3rd_test,disp_240Hz_naive,97.25,0.05127313
3rd_test,disp_240Hz_naive,97.5833,0.030293376
3rd_test,disp_240Hz_naive,97.9167,0.03848973
3rd_test,disp_240Hz_naive,98.25,0.040451051
3rd_test,disp_240Hz_naive,98.5833,0.046712172
3rd_test,disp_240Hz_naive,98.9167,0.031760433
3rd_test,disp_240Hz_naive,99.25,0.045810589
3rd_test,disp_240Hz_naive,99.5833,0.030514957
3rd_test,disp_240Hz_naive,99.9167,0.037147241
3rd_test,disp_240Hz_naive,100.25,0.033944446
3rd_test,disp_240Hz_naive,100.5833,0.039141244
3rd_test,disp_240Hz_naive,100.9167,0.044039851
3rd_test,disp_240Hz_naive,101.25,0.031218473
3rd_test,disp_240Hz_naive,101.5833,0.043795079
3rd_test,disp_240Hz_naive,101.9167,0.049886057
3rd_test,disp_240Hz_naive,102.25,0.043193571
3rd_test,disp_240Hz_naive,102.5833,0.052239871
3rd_test,disp_240Hz_naive,102.9167,0.031913997
3rd_test,disp_240Hz_naive,103.25,0.044187992
3rd_test,disp_240Hz_naive,103.5833,0.041045812
3rd_test,disp_240Hz_naive,103.9167,0.035492114
3rd_test,disp_240Hz_naive,104.25,0.038504083
3rd_test,disp_240Hz_naive,104.5833,0.039887978
3rd_test,disp_240Hz_naive,104.9167,0.035898706
3rd_test,disp_240Hz_naive,105.25,0.044416886
3rd_test,disp_240Hz_naive,105.5833,0.032763198
3rd_test,disp_240Hz_naive,105.9167,0.049793189
3rd_test,disp_240Hz_naive,106.25,0.03982228
3rd_test,disp_240Hz_naive,106.5833,0.032211647
3rd_test,disp_240Hz_naive,106.9167,0.028624822
3rd_test,disp_240Hz_naive,107.25,0.02534186
3rd_test,disp_240Hz_naive,107.5833,0.036383609
3rd_test,disp_240Hz_naive,107.9167,0.037043984
3rd_test,disp_240Hz_naive,108.25,0.042932039
3rd_test,disp_240Hz_naive,108.5833,0.035170068
3rd_test,disp_240Hz_naive,108.9167,0.035161377
3rd_test,disp_240Hz_naive,109.25,0.040508857
3rd_test,disp_240Hz_naive,109.5833,0.040878015
3rd_test,disp_240Hz_naive,109.9167,0.03673966
3rd_test,disp_240Hz_naive,110.25,0.037634863
3rd_test,disp_240Hz_naive,110.5833,0.04745784
3rd_test,disp_240Hz_naive,110.9167,0.044582202
3rd_test,disp_240Hz_naive,111.25,0.057702868
3rd_test,disp_240Hz_naive,111.5833,0.027283838
3rd_test,disp_240Hz_naive,111.9167,0.028700179
3rd_test,disp_240Hz_naive,112.25,0.035121129
3rd_test,disp_240Hz_naive,112.5833,0.034492927
3rd_test,disp_240Hz_naive,112.9167,0.048773621
3rd_test,disp_240Hz_naive,113.25,0.043581896
3rd_test,disp_240Hz_naive,113.5833,0.04194354
3rd_test,disp_240Hz_naive,113.9167,0.037435261
3rd_test,disp_240Hz_naive,114.25,0.05459832
3rd_test,disp_240Hz_naive,114.5833,0.029087141
3rd_test,disp_240Hz_naive,114.9167,0.032916311
3rd_test,disp_240Hz_naive,115.25,0.046566338
3rd_test,disp_240Hz_naive,115.5833,0.027965286
3rd_test,disp_240Hz_naive,115.9167,0.045018377
3rd_test,disp_240Hz_naive,116.25,0.04602299
3rd_test,disp_240Hz_naive,116.5833,0.031543555
3rd_test,disp_240Hz_naive,116.9167,0.044921869
3rd_test,disp_240Hz_naive,117.25,0.054780508
3rd_test,disp_240Hz_naive,117.5833,0.039889538
3rd_test,disp_240Hz_naive,117.9167,0.037343941
3rd_test,disp_240Hz_naive,118.25,0.035373324
3rd_test,disp_240Hz_naive,118.5833,0.045951044
3rd_test,disp_240Hz_naive,118.9167,0.033749653
3rd_test,disp_240Hz_naive,119.25,0.030983142
3rd_test,disp_240Hz_naive,119.5833,0.033579719
3rd_test,disp_240Hz_naive,119.9167,0.03838152
3rd_test,disp_240Hz_naive,120.25,0.035347414
3rd_test,disp_240Hz_naive,120.5833,0.036107359
3rd_test,disp_240Hz_naive,120.9167,0.040718895
3rd_test,disp_240Hz_naive,121.25,0.027121777
3rd_test,disp_240Hz_naive,121.5833,0.032092762
3rd_test,disp_240Hz_naive,121.9167,0.027678253
3rd_test,disp_240Hz_naive,122.25,0.035218434
3rd_test,disp_240Hz_naive,122.5833,0.040238844
3rd_test,disp_240Hz_naive,122.9167,0.045102149
3rd_test,disp_240Hz_naive,123.25,0.033736533
3rd_test,disp_240Hz_naive,123.5833,0.03146695
3rd_test,disp_240Hz_naive,123.9167,0.025265596
3rd_test,disp_240Hz_naive,124.25,0.048229219
3rd_test,disp_240Hz_naive,124.5833,0.033614388
3rd_test,disp_240Hz_naive,124.9167,0.044656836
3rd_test,disp_240Hz_naive,125.25,0.033397497
3rd_test,disp_240Hz_naive,125.5833,0.033195571
3rd_test,disp_240Hz_naive,125.9167,0.052377354
3rd_test,disp_240Hz_naive,126.25,0.03589942
3rd_test,disp_240Hz_naive,126.5833,0.024596479
3rd_test,disp_240Hz_naive,126.9167,0.0346466
3rd_test,disp_240Hz_naive,127.25,0.031392405
3rd_test,disp_240Hz_naive,127.5833,0.034051335
3rd_test,disp_240Hz_naive,127.9167,0.029733533
3rd_test,disp_240Hz_naive,128.25,0.051890727
3rd_test,disp_240Hz_naive,128.5833,0.038680303
3rd_test,disp_240Hz_naive,128.9167,0.034587239
3rd_test,disp_240Hz_naive,129.25,0.034776281
3rd_test,disp_240Hz_naive,129.5833,0.033412371
3rd_test,disp_240Hz_naive,129.9167,0.053224091
3rd_test,disp_240Hz_naive,130.25,0.038430322
3rd_test,disp_240Hz_naive,130.5833,0.039951672
3rd_test,disp_240Hz_naive,130.9167,0.027966914
3rd_test,disp_240Hz_naive,131.25,0.027058044
3rd_test,disp_240Hz_naive,131.5833,0.029270444
3rd_test,disp_240Hz_naive,131.9167,0.029411825
3rd_test,disp_240Hz_naive,132.25,0.052433994
3rd_test,disp_240Hz_naive,132.5833,0.035571036
3rd_test,disp_240Hz_naive,132.9167,0.0280401
3rd_test,disp_240Hz_naive,133.25,0.03583976
3rd_test,disp_240Hz_naive,133.5833,0.047141761
3rd_test,disp_240Hz_naive,133.9167,0.037296055
3rd_test,disp_240Hz_naive,134.25,0.050164997
3rd_test,disp_240Hz_naive,134.5833,0.040523856
3rd_test,disp_240Hz_naive,134.9167,0.029835252
3rd_test,disp_240Hz_naive,135.25,0.026338387
3rd_test,disp_240Hz_naive,135.5833,0.028574824
3rd_test,disp_240Hz_naive,135.9167,0.048422079
3rd_test,disp_240Hz_naive,136.25,0.048499113
3rd_test,disp_240Hz_naive,136.5833,0.036416522
3rd_test,disp_240Hz_naive,136.9167,0.048514504
3rd_test,disp_240Hz_naive,137.25,0.065089099
3rd_test,disp_240Hz_naive,137.5833,0.046336272
3rd_test,disp_240Hz_naive,137.9167,0.043955657
3rd_test,disp_240Hz_naive,138.25,0.034476444
3rd_test,disp_240Hz_naive,138.5833,0.026437492
3rd_test,disp_240Hz_naive,138.9167,0.03162283
3rd_test,disp_240Hz_naive,139.25,0.050508294
3rd_test,disp_240Hz_naive,139.5833,0.037722292
3rd_test,disp_240Hz_naive,139.9167,0.036161939
3rd_test,disp_240Hz_naive,140.25,0.033029163
3rd_test,disp_240Hz_naive,140.5833,0.042792771
3rd_test,disp_240Hz_naive,140.9167,0.024594625
3rd_test,disp_240Hz_naive,141.25,0.04769359
3rd_test,disp_240Hz_naive,141.5833,0.039179609
3rd_test,disp_240Hz_naive,141.9167,0.043426512
3rd_test,disp_240Hz_naive,142.25,0.029769689
3rd_test,disp_240Hz_naive,142.5833,0.050548699
3rd_test,disp_240Hz_naive,142.9167,0.034285455
3rd_test,disp_240Hz_naive,143.25,0.027367916
3rd_test,disp_240Hz_naive,143.5833,0.046876873
3rd_test,disp_240Hz_naive,143.9167,0.038629948
3rd_test,disp_240Hz_naive,144.25,0.037764011
3rd_test,disp_240Hz_naive,144.5833,0.03406152
3rd_test,disp_240Hz_naive,144.9167,0.027537292
3rd_test,disp_240Hz_naive,145.25,0.045636883
3rd_test,disp_240Hz_naive,145.5833,0.038361238
3rd_test,disp_240Hz_naive,145.9167,0.040220224
3rd_test,disp_240Hz_naive,146.25,0.044218444
3rd_test,disp_240Hz_naive,146.5833,0.043304756
3rd_test,disp_240Hz_naive,146.9167,0.050901522
3rd_test,disp_240Hz_naive,147.25,0.043001455
3rd_test,disp_240Hz_naive,147.5833,0.025278821
3rd_test,disp_240Hz_naive,147.9167,0.053099608
3rd_test,disp_240Hz_naive,148.25,0.048430967
3rd_test,disp_240Hz_naive,148.5833,0.034478166
3rd_test,disp_240Hz_naive,148.9167,0.047169864
3rd_test,disp_240Hz_naive,149.25,0.038946551
3rd_test,disp_240Hz_naive,149.5833,0.030912375
3rd_test,disp_240Hz_naive,149.9167,0.045796351
3rd_test,disp_240Hz_naive,150.25,0.046643476
3rd_test,disp_240Hz_naive,150.5833,0.036723622
3rd_test,disp_240Hz_naive,150.9167,0.031531742
3rd_test,disp_240Hz_naive,151.25,0.047880025
3rd_test,disp_240Hz_naive,151.5833,0.033158233
3rd_test,disp_240Hz_naive,151.9167,0.050272192
3rd_test,disp_240Hz_naive,152.25,0.037604319
3rd_test,disp_240Hz_naive,152.5833,0.032103837
3rd_test,disp_240Hz_naive,152.9167,0.03674147
3rd_test,disp_240Hz_naive,153.25,0.030175652
3rd_test,disp_240Hz_naive,153.5833,0.042853817
3rd_test,disp_240Hz_naive,153.9167,0.025147033
3rd_test,disp_240Hz_naive,154.25,0.028533261
3rd_test,disp_240Hz_naive,154.5833,0.02236314
3rd_test,disp_240Hz_naive,154.9167,0.031369449
3rd_test,disp_240Hz_naive,155.25,0.039642331
3rd_test,disp_240Hz_naive,155.5833,0.048321305
3rd_test,disp_240Hz_naive,155.9167,0.053294931
3rd_test,disp_240Hz_naive,156.25,0.039274601
3rd_test,disp_240Hz_naive,156.5833,0.065282637
3rd_test,disp_240Hz_naive,156.9167,0.037627215
3rd_test,disp_240Hz_naive,157.25,0.030406452
3rd_test,disp_240Hz_naive,157.5833,0.037670318
3rd_test,disp_240Hz_naive,157.9167,0.038887423
3rd_test,disp_240Hz_naive,158.25,0.021832412
3rd_test,disp_240Hz_naive,158.5833,0.034769887
3rd_test,disp_240Hz_naive,158.9167,0.042384991
3rd_test,disp_240Hz_naive,159.25,0.046619057
3rd_test,disp_240Hz_naive,159.5833,0.036770263
3rd_test,disp_240Hz_naive,159.9167,0.029170975
3rd_test,disp_240Hz_naive,160.25,0.030007431
3rd_test,disp_240Hz_naive,160.5833,0.043960781
3rd_test,disp_240Hz_naive,160.9167,0.047637586
3rd_test,disp_240Hz_naive,161.25,0.037219589
3rd_test,disp_240Hz_naive,161.5833,0.025398932
3rd_test,disp_240Hz_naive,161.9167,0.025639808
3rd_test,disp_240Hz_naive,162.25,0.057602992
3rd_test,disp_240Hz_naive,162.5833,0.036642077
3rd_test,disp_240Hz_naive,162.9167,0.030639176
3rd_test,disp_240Hz_naive,163.25,0.030053432
3rd_test,disp_240Hz_naive,163.5833,0.024156076
3rd_test,disp_240Hz_naive,163.9167,0.025946846
3rd_test,disp_240Hz_naive,164.25,0.029940677
3rd_test,disp_240Hz_naive,164.5833,0.038230711
3rd_test,disp_240Hz_naive,164.9167,0.022052418
3rd_test,disp_240Hz_naive,165.25,0.040098411
3rd_test,disp_240Hz_naive,165.5833,0.032852756
3rd_test,disp_240Hz_naive,165.9167,0.030470877
3rd_test,disp_240Hz_naive,166.25,0.040585198
3rd_test,disp_240Hz_naive,166.5833,0.029077772
3rd_test,disp_240Hz_naive,166.9167,0.038319014
3rd_test,disp_240Hz_naive,167.25,0.043942048
3rd_test,disp_240Hz_naive,167.5833,0.053490393
3rd_test,disp_240Hz_naive,167.9167,0.025947293
3rd_test,disp_240Hz_naive,168.25,0.051518077
3rd_test,disp_240Hz_naive,168.5833,0.039238222
3rd_test,disp_240Hz_naive,168.9167,0.026845756
3rd_test,disp_240Hz_naive,169.25,0.033364131
3rd_test,disp_240Hz_naive,169.5833,0.062409356
3rd_test,disp_240Hz_naive,169.9167,0.041890234
3rd_test,disp_240Hz_naive,170.25,0.04465787
3rd_test,disp_240Hz_naive,170.5833,0.042716025
3rd_test,disp_240Hz_naive,170.9167,0.030604629
3rd_test,disp_240Hz_naive,171.25,0.037409843
3rd_test,disp_240Hz_naive,171.5833,0.043687801
3rd_test,disp_240Hz_naive,171.9167,0.043084026
3rd_test,disp_240Hz_naive,172.25,0.060147116
3rd_test,disp_240Hz_naive,172.5833,0.042697432
3rd_test,disp_240Hz_naive,172.9167,0.04770417
3rd_test,disp_240Hz_naive,173.25,0.03346586
3rd_test,disp_240Hz_naive,173.5833,0.038005395
3rd_test,disp_240Hz_naive,173.9167,0.038680133
3rd_test,disp_240Hz_naive,174.25,0.033732604
3rd_test,disp_240Hz_naive,174.5833,0.04550914
3rd_test,disp_240Hz_naive,174.9167,0.042503689
3rd_test,disp_240Hz_naive,175.25,0.032616547
3rd_test,disp_240Hz_naive,175.5833,0.042124816
3rd_test,disp_240Hz_naive,175.9167,0.032378316
3rd_test,disp_240Hz_naive,176.25,0.029420848
3rd_test,disp_240Hz_naive,176.5833,0.043079958
3rd_test,disp_240Hz_naive,176.9167,0.039750853
3rd_test,disp_240Hz_naive,177.25,0.049867962
3rd_test,disp_240Hz_naive,177.5833,0.031784992
3rd_test,disp_240Hz_naive,177.9167,0.052828551
3rd_test,disp_240Hz_naive,178.25,0.027029538
3rd_test,disp_240Hz_naive,178.5833,0.035916884
3rd_test,disp_240Hz_naive,178.9167,0.039155238
3rd_test,disp_240Hz_naive,179.25,0.033058482
3rd_test,disp_240Hz_naive,179.5833,0.035842917
3rd_test,disp_240Hz_naive,179.9167,0.034482052
3rd_test,disp_240Hz_naive,180.25,0.032620571
3rd_test,disp_240Hz_naive,180.5833,0.035998364
3rd_test,disp_240Hz_naive,180.9167,0.024455031
3rd_test,disp_240Hz_naive,181.25,0.045007902
3rd_test,disp_240Hz_naive,181.5833,0.02854014
3rd_test,disp_240Hz_naive,181.9167,0.049281529
3rd_test,disp_240Hz_naive,182.25,0.042946438
3rd_test,disp_240Hz_naive,182.5833,0.048877297
3rd_test,disp_240Hz_naive,182.9167,0.022567053
3rd_test,disp_240Hz_naive,183.25,0.047210048
3rd_test,disp_240Hz_naive,183.5833,0.027958121
3rd_test,disp_240Hz_naive,183.9167,0.063472985
3rd_test,disp_240Hz_naive,184.25,0.037041457
3rd_test,disp_240Hz_naive,184.5833,0.03125704
3rd_test,disp_240Hz_naive,184.9167,0.031412737
3rd_test,disp_240Hz_naive,185.25,0.044374048
3rd_test,disp_240Hz_naive,185.5833,0.062335238
3rd_test,disp_240Hz_naive,185.9167,0.040271485
3rd_test,disp_240Hz_naive,186.25,0.037238495
3rd_test,disp_240Hz_naive,186.5833,0.035075638
3rd_test,disp_240Hz_naive,186.9167,0.037314226
3rd_test,disp_240Hz_naive,187.25,0.041460073
3rd_test,disp_240Hz_naive,187.5833,0.042963443
3rd_test,disp_240Hz_naive,187.9167,0.040928162
3rd_test,disp_240Hz_naive,188.25,0.036754304
3rd_test,disp_240Hz_naive,188.5833,0.036558051
3rd_test,disp_240Hz_naive,188.9167,0.04486036
3rd_test,disp_240Hz_naive,189.25,0.041320899
3rd_test,disp_240Hz_naive,189.5833,0.044504267
3rd_test,disp_240Hz_naive,189.9167,0.040662135
3rd_test,disp_240Hz_naive,190.25,0.047127122
3rd_test,disp_240Hz_naive,190.5833,0.044727349
3rd_test,disp_240Hz_naive,190.9167,0.033739758
3rd_test,disp_240Hz_naive,191.25,0.032879209
3rd_test,disp_240Hz_naive,191.5833,0.030011569
3rd_test,disp_240Hz_naive,191.9167,0.034583837
3rd_test,disp_240Hz_naive,192.25,0.040033014
3rd_test,disp_240Hz_naive,192.5833,0.04544382
3rd_test,disp_240Hz_naive,192.9167,0.034638153
3rd_test,disp_240Hz_naive,193.25,0.036983617
3rd_test,disp_240Hz_naive,193.5833,0.045406068
3rd_test,disp_240Hz_naive,193.9167,0.022606532
3rd_test,disp_240Hz_naive,194.25,0.04272297
3rd_test,disp_240Hz_naive,194.5833,0.029400522
3rd_test,disp_240Hz_naive,194.9167,0.037456745
3rd_test,disp_240Hz_naive,195.25,0.026903857
3rd_test,disp_240Hz_naive,195.5833,0.035496732
3rd_test,disp_240Hz_naive,195.9167,0.037951211
3rd_test,disp_240Hz_naive,196.25,0.045756093
3rd_test,disp_240Hz_naive,196.5833,0.041960331
3rd_test,disp_240Hz_naive,196.9167,0.02941359
3rd_test,disp_240Hz_naive,197.25,0.037276933
3rd_test,disp_240Hz_naive,197.5833,0.039446206
3rd_test,disp_240Hz_naive,197.9167,0.040587037
3rd_test,disp_240Hz_naive,198.25,0.05975122
3rd_test,disp_240Hz_naive,198.5833,0.033014379
3rd_test,disp_240Hz_naive,198.9167,0.036539891
3rd_test,disp_240Hz_naive,199.25,0.040459897
3rd_test,disp_240Hz_naive,199.5833,0.031496627
3rd_test,disp_240Hz_naive,199.9167,0.0341277
3rd_test,disp_240Hz_naive,200.25,0.057433862
3rd_test,disp_240Hz_naive,200.5833,0.044088655
3rd_test,disp_240Hz_naive,200.9167,0.04427636
3rd_test,disp_240Hz_naive,201.25,0.046321535
3rd_test,disp_240Hz_naive,201.5833,0.03737025
3rd_test,disp_240Hz_naive,201.9167,0.042325329
3rd_test,disp_240Hz_naive,202.25,0.047698893
3rd_test,disp_240Hz_naive,202.5833,0.033602841
3rd_test,disp_240Hz_naive,202.9167,0.048276613
3rd_test,disp_240Hz_naive,203.25,0.0393233
3rd_test,disp_240Hz_naive,203.5833,0.030734155
3rd_test,disp_240Hz_naive,203.9167,0.034026542
3rd_test,disp_240Hz_naive,204.25,0.051662151
3rd_test,disp_240Hz_naive,204.5833,0.036266725
3rd_test,disp_240Hz_naive,204.9167,0.048278065
3rd_test,disp_240Hz_naive,205.25,0.036219067
3rd_test,disp_240Hz_naive,205.5833,0.037764467
3rd_test,disp_240Hz_naive,205.9167,0.045074677
3rd_test,disp_240Hz_naive,206.25,0.031832752
3rd_test,disp_240Hz_naive,206.5833,0.037348134
3rd_test,disp_240Hz_naive,206.9167,0.035150537
3rd_test,disp_240Hz_naive,207.25,0.026089035
3rd_test,disp_240Hz_naive,207.5833,0.036999657
3rd_test,disp_240Hz_naive,207.9167,0.051037248
3rd_test,disp_240Hz_naive,208.25,0.049892776
3rd_test,disp_240Hz_naive,208.5833,0.02887576
3rd_test,disp_240Hz_naive,208.9167,0.047618162
3rd_test,disp_240Hz_naive,209.25,0.041782369
3rd_test,disp_240Hz_naive,209.5833,0.020751022
3rd_test,disp_240Hz_naive,209.9167,0.039830316
3rd_test,disp_240Hz_naive,210.25,0.039178939
3rd_test,disp_240Hz_naive,210.5833,0.030747203
3rd_test,disp_240Hz_naive,210.9167,0.035162722
3rd_test,disp_240Hz_naive,211.25,0.042418845
3rd_test,disp_240Hz_naive,211.5833,0.031022922
3rd_test,disp_240Hz_naive,211.9167,0.044332416
3rd_test,disp_240Hz_naive,212.25,0.042956382
3rd_test,disp_240Hz_naive,212.5833,0.029524867
3rd_test,disp_240Hz_naive,212.9167,0.03237137
3rd_test,disp_240Hz_naive,213.25,0.055267832
3rd_test,disp_240Hz_naive,213.5833,0.026685963
3rd_test,disp_240Hz_naive,213.9167,0.039368494
3rd_test,disp_240Hz_naive,214.25,0.044365976
3rd_test,disp_240Hz_naive,214.5833,0.052421551
3rd_test,disp_240Hz_naive,214.9167,0.038158938
3rd_test,disp_240Hz_naive,215.25,0.045353308
3rd_test,disp_240Hz_naive,215.5833,0.030113497
3rd_test,disp_240Hz_naive,215.9167,0.037508226
3rd_test,disp_240Hz_naive,216.25,0.028669445
3rd_test,disp_240Hz_naive,216.5833,0.030430497
3rd_test,disp_240Hz_naive,216.9167,0.042797181
3rd_test,disp_240Hz_naive,217.25,0.049949356
3rd_test,disp_240Hz_naive,217.5833,0.037823886
3rd_test,disp_240Hz_naive,217.9167,0.028965556
3rd_test,disp_240Hz_naive,218.25,0.030974751
3rd_test,disp_240Hz_naive,218.5833,0.052402267
3rd_test,disp_240Hz_naive,218.9167,0.03986033
3rd_test,disp_240Hz_naive,219.25,0.041611123
3rd_test,disp_240Hz_naive,219.5833,0.031783407
3rd_test,disp_240Hz_naive,219.9167,0.030076929
3rd_test,disp_240Hz_naive,220.25,0.029428463
3rd_test,disp_240Hz_naive,220.5833,0.031282152
3rd_test,disp_240Hz_naive,220.9167,0.03612386
3rd_test,disp_240Hz_naive,221.25,0.033825194
3rd_test,disp_240Hz_naive,221.5833,0.048975643
3rd_test,disp_240Hz_naive,221.9167,0.036494718
3rd_test,disp_240Hz_naive,222.25,0.067796731
3rd_test,disp_240Hz_naive,222.5833,0.046208057
3rd_test,disp_240Hz_naive,222.9167,0.039032511
3rd_test,disp_240Hz_naive,223.25,0.048946171
3rd_test,disp_240Hz_naive,223.5833,0.0431148
3rd_test,disp_240Hz_naive,223.9167,0.04197872
3rd_test,disp_240Hz_naive,224.25,0.032235918
3rd_test,disp_240Hz_naive,224.5833,0.039521663
3rd_test,disp_240Hz_naive,224.9167,0.033440489
3rd_test,disp_240Hz_naive,225.25,0.022834329
3rd_test,disp_240Hz_naive,225.5833,0.028047225
3rd_test,disp_240Hz_naive,225.9167,0.053934855
3rd_test,disp_240Hz_naive,226.25,0.045591636
3rd_test,disp_240Hz_naive,226.5833,0.029572335
3rd_test,disp_240Hz_naive,226.9167,0.038539635
3rd_test,disp_240Hz_naive,227.25,0.035913331
3rd_test,disp_240Hz_naive,227.5833,0.04491148
3rd_test,disp_240Hz_naive,227.9167,0.036382727
3rd_test,disp_240Hz_naive,228.25,0.039093572
3rd_test,disp_240Hz_naive,228.5833,0.04112741
3rd_test,disp_240Hz_naive,228.9167,0.030092927
3rd_test,disp_240Hz_naive,229.25,0.039072143
3rd_test,disp_240Hz_naive,229.5833,0.031248268
3rd_test,disp_240Hz_naive,229.9167,0.029317793
3rd_test,disp_240Hz_naive,230.25,0.042481728
3rd_test,disp_240Hz_naive,230.5833,0.036104769
3rd_test,disp_240Hz_naive,230.9167,0.036795043
3rd_test,disp_240Hz_naive,231.25,0.038510347
3rd_test,disp_240Hz_naive,231.5833,0.038802476
3rd_test,disp_240Hz_naive,231.9167,0.043325726
3rd_test,disp_240Hz_naive,232.25,0.036805587
3rd_test,disp_240Hz_naive,232.5833,0.040017999
3rd_test,disp_240Hz_naive,232.9167,0.034625535
3rd_test,disp_240Hz_naive,233.25,0.038911671
3rd_test,disp_240Hz_naive,233.5833,0.042905507
3rd_test,disp_240Hz_naive,233.9167,0.040825633
3rd_test,disp_240Hz_naive,234.25,0.041968907
3rd_test,disp_240Hz_naive,234.5833,0.034096752
3rd_test,disp_240Hz_naive,234.9167,0.035187939
3rd_test,disp_240Hz_naive,235.25,0.035976281
3rd_test,disp_240Hz_naive,235.5833,0.032184697
3rd_test,disp_240Hz_naive,235.9167,0.028952463
3rd_test,disp_240Hz_naive,236.25,0.037012273
3rd_test,disp_240Hz_naive,236.5833,0.034989975
3rd_test,disp_240Hz_naive,236.9167,0.028012157
3rd_test,disp_240Hz_naive,237.25,0.040557759
3rd_test,disp_240Hz_naive,237.5833,0.037128162
3rd_test,disp_240Hz_naive,237.9167,0.048555743
3rd_test,disp_240Hz_naive,238.25,0.036172598
3rd_test,disp_240Hz_naive,238.5833,0.026929048
3rd_test,disp_240Hz_naive,238.9167,0.035176676
3rd_test,disp_240Hz_naive,239.25,0.034052734
3rd_test,disp_240Hz_naive,239.5833,0.043185861
3rd_test,disp_240Hz_naive,239.9167,0.041097298
3rd_test,disp_240Hz_naive,240.25,0.036265525
3rd_test,disp_240Hz_naive,240.5833,0.033244725
3rd_test,disp_240Hz_naive,240.9167,0.063605549
3rd_test,disp_240Hz_naive,241.25,0.036790822
3rd_test,disp_240Hz_naive,241.5833,0.032040517
3rd_test,disp_240Hz_naive,241.9167,0.039608111
3rd_test,disp_240Hz_naive,242.25,0.042699945
3rd_test,disp_240Hz_naive,242.5833,0.043765165
3rd_test,disp_240Hz_naive,242.9167,0.047779688
3rd_test,disp_240Hz_naive,243.25,0.041253387
3rd_test,disp_240Hz_naive,243.5833,0.06614389
3rd_test,disp_240Hz_naive,243.9167,0.031314063
3rd_test,disp_240Hz_naive,244.25,0.03163857
3rd_test,disp_240Hz_naive,244.5833,0.033383653
3rd_test,disp_240Hz_naive,244.9167,0.045848463
3rd_test,disp_240Hz_naive,245.25,0.037787795
3rd_test,disp_240Hz_naive,245.5833,0.036512673
3rd_test,disp_240Hz_naive,245.9167,0.035519121
3rd_test,disp_240Hz_naive,246.25,0.032072052
3rd_test,disp_240Hz_naive,246.5833,0.033591943
3rd_test,disp_240Hz_naive,246.9167,0.04249905
3rd_test,disp_240Hz_naive,247.25,0.050988086
3rd_test,disp_240Hz_naive,247.5833,0.051944824
3rd_test,disp_240Hz_naive,247.9167,0.030042079
3rd_test,disp_240Hz_naive,248.25,0.050275079
3rd_test,disp_240Hz_naive,248.5833,0.023293345
3rd_test,disp_240Hz_naive,248.9167,0.042798627
3rd_test,disp_240Hz_naive,249.25,0.033064031
3rd_test,disp_240Hz_naive,249.5833,0.044671
3rd_test,disp_240Hz_naive,249.9167,0.044807092
3rd_test,disp_240Hz_naive,250.25,0.061643266
3rd_test,disp_240Hz_naive,250.5833,0.03005498
3rd_test,disp_240Hz_naive,250.9167,0.065764023
3rd_test,disp_240Hz_naive,251.25,0.036079135
3rd_test,disp_240Hz_naive,251.5833,0.043988938
3rd_test,disp_240Hz_naive,251.9167,0.040396967
3rd_test,disp_240Hz_naive,252.25,0.047768068
3rd_test,disp_240Hz_naive,252.5833,0.063977342
3rd_test,disp_240Hz_naive,252.9167,0.046558456
3rd_test,disp_240Hz_naive,253.25,0.046706517
3rd_test,disp_240Hz_naive,253.5833,0.037814475
3rd_test,disp_240Hz_naive,253.9167,0.048840056
3rd_test,disp_240Hz_naive,254.25,0.047271839
3rd_test,disp_240Hz_naive,254.5833,0.032657723
3rd_test,disp_240Hz_naive,254.9167,0.041489852
3rd_test,disp_240Hz_naive,255.25,0.049884067
3rd_test,disp_240Hz_naive,255.5833,0.040044218
3rd_test,disp_240Hz_naive,255.9167,0.036587519
3rd_test,disp_240Hz_naive,256.25,0.032415876
3rd_test,disp_240Hz_naive,256.5833,0.031062132
3rd_test,disp_240Hz_naive,256.9167,0.029831386
3rd_test,disp_240Hz_naive,257.25,0.025396093
3rd_test,disp_240Hz_naive,257.5833,0.029716783
3rd_test,disp_240Hz_naive,257.9167,0.024832534
3rd_test,disp_240Hz_naive,258.25,0.032839406
3rd_test,disp_240Hz_naive,258.5833,0.031502615
3rd_test,disp_240Hz_naive,258.9167,0.037270051
3rd_test,disp_240Hz_naive,259.25,0.022791754
3rd_test,disp_240Hz_naive,259.5833,0.047342204
3rd_test,disp_240Hz_naive,259.9167,0.037990779
3rd_test,disp_240Hz_naive,260.25,0.038614033
3rd_test,disp_240Hz_naive,260.5833,0.032008721
3rd_test,disp_240Hz_naive,260.9167,0.046395799
3rd_test,disp_240Hz_naive,261.25,0.03866711
3rd_test,disp_240Hz_naive,261.5833,0.045429635
3rd_test,disp_240Hz_naive,261.9167,0.033301753
3rd_test,disp_240Hz_naive,266.5864,0.039409937
3rd_test,disp_240Hz_naive,266.7928,0.047194561
3rd_test,disp_240Hz_naive,267.1261,0.030669698
3rd_test,disp_240Hz_naive,267.4594,0.034959552
3rd_test,disp_240Hz_naive,267.7928,0.039245702
3rd_test,disp_240Hz_naive,268.1261,0.044189558
3rd_test,disp_240Hz_naive,268.4594,0.040393689
3rd_test,disp_240Hz_naive,268.7928,0.030329951
3rd_test,disp_240Hz_naive,269.1261,0.035230397
3rd_test,disp_240Hz_naive,269.4594,0.031192931
3rd_test,disp_240Hz_naive,269.7928,0.02935307
3rd_test,disp_240Hz_naive,270.1261,0.050250967
3rd_test,disp_240Hz_naive,270.4594,0.03988232
3rd_test,disp_240Hz_naive,270.7928,0.045149965
3rd_test,disp_240Hz_naive,271.1261,0.04188798
3rd_test,disp_240Hz_naive,271.4594,0.058077164
3rd_test,disp_240Hz_naive,271.7928,0.027959143
3rd_test,disp_240Hz_naive,272.1261,0.044087494
3rd_test,disp_240Hz_naive,272.4594,0.050412109
3rd_test,disp_240Hz_naive,272.7928,0.05171325
3rd_test,disp_240Hz_naive,273.1261,0.033845474
3rd_test,disp_240Hz_naive,273.4594,0.043089581
3rd_test,disp_240Hz_naive,273.7928,0.040923091
3rd_test,disp_240Hz_naive,274.1261,0.0523403
3rd_test,disp_240Hz_naive,274.4594,0.027308384
3rd_test,disp_240Hz_naive,274.7928,0.053778025
3rd_test,disp_240Hz_naive,275.1261,0.02797756
3rd_test,disp_240Hz_naive,275.4594,0.045030189
3rd_test,disp_240Hz_naive,275.7928,0.038670882
3rd_test,disp_240Hz_naive,276.1261,0.035880154
3rd_test,disp_240Hz_naive,276.4594,0.035114458
3rd_test,disp_240Hz_naive,276.7928,0.039151873
3rd_test,disp_240Hz_naive,277.1261,0.029215852
3rd_test,disp_240Hz_naive,277.4594,0.047403668
3rd_test,disp_240Hz_naive,277.7928,0.033060387
3rd_test,disp_240Hz_naive,278.1261,0.054174453
3rd_test,disp_240Hz_naive,278.4594,0.035417718
3rd_test,disp_240Hz_naive,278.7928,0.029201934
3rd_test,disp_240Hz_naive,279.1261,0.029926401
3rd_test,disp_240Hz_naive,279.4594,0.050579304
3rd_test,disp_240Hz_naive,279.7928,0.023197569
3rd_test,disp_240Hz_naive,280.1261,0.033116776
3rd_test,disp_240Hz_naive,280.4594,0.047162073
3rd_test,disp_240Hz_naive,280.7928,0.035591998
3rd_test,disp_240Hz_naive,281.1261,0.049700133
3rd_test,disp_240Hz_naive,281.4594,0.0352591
3rd_test,disp_240Hz_naive,281.7928,0.037522678
3rd_test,disp_240Hz_naive,282.1261,0.033047735
3rd_test,disp_240Hz_naive,282.4594,0.048628348
3rd_test,disp_240Hz_naive,282.7928,0.029831424
3rd_test,disp_240Hz_naive,283.1261,0.037872632
3rd_test,disp_240Hz_naive,283.4594,0.02802296
3rd_test,disp_240Hz_naive,283.7928,0.03611472
3rd_test,disp_240Hz_naive,284.1261,0.029485063
3rd_test,disp_240Hz_naive,284.4594,0.037313855
3rd_test,disp_240Hz_naive,284.7928,0.040753474
3rd_test,disp_240Hz_naive,285.1261,0.046043033
3rd_test,disp_240Hz_naive,285.4594,0.033176422
3rd_test,disp_240Hz_naive,285.7928,0.046627247
3rd_test,disp_240Hz_naive,286.1261,0.043600508
3rd_test,disp_240Hz_naive,286.4594,0.027253819
3rd_test,disp_240Hz_naive,286.7928,0.030913399
3rd_test,disp_240Hz_naive,287.1261,0.030665116
3rd_test,disp_240Hz_naive,287.4594,0.044470724
3rd_test,disp_240Hz_naive,287.7928,0.037823591
3rd_test,disp_240Hz_naive,288.1261,0.033210569
3rd_test,disp_240Hz_naive,288.4594,0.030152319
3rd_test,disp_240Hz_naive,288.7928,0.041107921
3rd_test,disp_240Hz_naive,289.1261,0.042017497
3rd_test,disp_240Hz_naive,289.4594,0.03966815
3rd_test,disp_240Hz_naive,289.7928,0.031990933
3rd_test,disp_240Hz_naive,290.1261,0.02547319
3rd_test,disp_240Hz_naive,290.4594,0.04938793
3rd_test,disp_240Hz_naive,290.7928,0.044797062
3rd_test,disp_240Hz_naive,291.1261,0.034908289
3rd_test,disp_240Hz_naive,291.4594,0.037476755
3rd_test,disp_240Hz_naive,291.7928,0.037670083
3rd_test,disp_240Hz_naive,292.1261,0.047350417
3rd_test,disp_240Hz_naive,292.4594,0.025074396
3rd_test,disp_240Hz_naive,292.7928,0.066910008
3rd_test,disp_240Hz_naive,293.1261,0.039817364
3rd_test,disp_240Hz_naive,293.4594,0.026837551
3rd_test,disp_240Hz_naive,293.7928,0.025492876
3rd_test,disp_240Hz_naive,294.1261,0.02383876
3rd_test,disp_240Hz_naive,294.4594,0.043231502
3rd_test,disp_240Hz_naive,294.7928,0.030228995
3rd_test,disp_240Hz_naive,295.1261,0.045024072
3rd_test,disp_240Hz_naive,295.4594,0.040410876
3rd_test,disp_240Hz_naive,295.7928,0.043122553
3rd_test,disp_240Hz_naive,296.1261,0.031288423
3rd_test,disp_240Hz_naive,296.4594,0.036111894
3rd_test,disp_240Hz_naive,296.7928,0.051802141
3rd_test,disp_240Hz_naive,297.1261,0.035724882
3rd_test,disp_240Hz_naive,297.4594,0.048304932
3rd_test,disp_240Hz_naive,297.7928,0.053393896
3rd_test,disp_240Hz_naive,298.1261,0.034337052
3rd_test,disp_240Hz_naive,298.4594,0.040749298
3rd_test,disp_240Hz_naive,298.7928,0.037088355
3rd_test,disp_240Hz_naive,299.1261,0.021212309
3rd_test,disp_240Hz_naive,299.4594,0.045235826
3rd_test,disp_240Hz_naive,299.7928,0.034921012
3rd_test,disp_240Hz_naive,300.1261,0.037200237
3rd_test,disp_240Hz_naive,300.4594,0.034362587
3rd_test,disp_240Hz_naive,300.7928,0.0448587
3rd_test,disp_240Hz_naive,301.1261,0.03977607
3rd_test,disp_240Hz_naive,301.4594,0.035125604
3rd_test,disp_240Hz_naive,301.7928,0.042247774
3rd_test,disp_240Hz_naive,302.1261,0.039549176
3rd_test,disp_240Hz_naive,302.4594,0.030289131
3rd_test,disp_240Hz_naive,302.7928,0.036336949
3rd_test,disp_240Hz_naive,303.1261,0.030116482
3rd_test,disp_240Hz_naive,303.4594,0.044974663
3rd_test,disp_240Hz_naive,303.7928,0.04304815
3rd_test,disp_240Hz_naive,304.1261,0.035189725
3rd_test,disp_240Hz_naive,304.4594,0.026131848
3rd_test,disp_240Hz_naive,304.7928,0.04403002
3rd_test,disp_240Hz_naive,305.1261,0.024197866
3rd_test,disp_240Hz_naive,305.4594,0.03694687
3rd_test,disp_240Hz_naive,305.7928,0.038460348
3rd_test,disp_240Hz_naive,306.1261,0.026489904
3rd_test,disp_240Hz_naive,306.4594,0.042504816
3rd_test,disp_240Hz_naive,306.7928,0.035159257
3rd_test,disp_240Hz_naive,307.1261,0.032889696
3rd_test,disp_240Hz_naive,307.4594,0.047305968
3rd_test,disp_240Hz_naive,307.7928,0.044184789
3rd_test,disp_240Hz_naive,308.1261,0.041365995
3rd_test,disp_240Hz_naive,308.4594,0.026128266
3rd_test,disp_240Hz_naive,308.7928,0.036831137
3rd_test,disp_240Hz_naive,309.1261,0.021975097
3rd_test,disp_240Hz_naive,309.4594,0.054367135
3rd_test,disp_240Hz_naive,309.7928,0.047225269
3rd_test,disp_240Hz_naive,310.1261,0.041843835
3rd_test,disp_240Hz_naive,310.4594,0.036080673
3rd_test,disp_240Hz_naive,310.7928,0.036011916
3rd_test,disp_240Hz_naive,311.1261,0.031118565
3rd_test,disp_240Hz_naive,311.4594,0.076324334
3rd_test,disp_240Hz_naive,311.7928,0.027771275
3rd_test,disp_240Hz_naive,312.1261,0.05007421
3rd_test,disp_240Hz_naive,312.4594,0.047981744
3rd_test,disp_240Hz_naive,312.7928,0.052640317
3rd_test,disp_240Hz_naive,313.1261,0.043160386
3rd_test,disp_240Hz_naive,313.4594,0.03376994
3rd_test,disp_240Hz_naive,313.7928,0.031316792
3rd_test,disp_240Hz_naive,314.1261,0.040001189
3rd_test,disp_240Hz_naive,314.4594,0.038034889
3rd_test,disp_240Hz_naive,314.7928,0.032152388
3rd_test,disp_240Hz_naive,315.1261,0.049761787
3rd_test,disp_240Hz_naive,315.4594,0.041632467
3rd_test,disp_240Hz_naive,315.7928,0.038578855
3rd_test,disp_240Hz_naive,316.1261,0.030479056
3rd_test,disp_240Hz_naive,316.4594,0.046930925
3rd_test,disp_240Hz_naive,316.7928,0.044899543
3rd_test,disp_240Hz_naive,317.1261,0.030822773
3rd_test,disp_240Hz_naive,317.4594,0.030163379
3rd_test,disp_240Hz_naive,317.7928,0.033074361
3rd_test,disp_240Hz_naive,318.1261,0.047310839
3rd_test,disp_240Hz_naive,318.4594,0.031593837
3rd_test,disp_240Hz_naive,318.7928,0.027417032
3rd_test,disp_240Hz_naive,319.1261,0.038719704
3rd_test,disp_240Hz_naive,319.4594,0.031651967
3rd_test,disp_240Hz_naive,319.7928,0.034413795
3rd_test,disp_240Hz_naive,320.1261,0.028906988
3rd_test,disp_240Hz_naive,320.4594,0.033749964
3rd_test,disp_240Hz_naive,320.7928,0.0370322
3rd_test,disp_240Hz_naive,321.1261,0.043942559
3rd_test,disp_240Hz_naive,321.4594,0.041704452
3rd_test,disp_240Hz_naive,321.7928,0.050132416
3rd_test,disp_240Hz_naive,322.1261,0.039624729
3rd_test,disp_240Hz_naive,322.4594,0.033055962
3rd_test,disp_240Hz_naive,322.7928,0.031330646
3rd_test,disp_240Hz_naive,323.1261,0.037835745
3rd_test,disp_240Hz_naive,323.4594,0.041144509
3rd_test,disp_240Hz_naive,323.7928,0.027316349
3rd_test,disp_240Hz_naive,324.1261,0.034845825
3rd_test,disp_240Hz_naive,324.4594,0.035427373
3rd_test,disp_240Hz_naive,324.7928,0.034040721
3rd_test,disp_240Hz_naive,325.1261,0.051433341
3rd_test,disp_240Hz_naive,325.4594,0.028651759
3rd_test,disp_240Hz_naive,325.7928,0.036192602
3rd_test,disp_240Hz_naive,326.1261,0.047150989
3rd_test,disp_240Hz_naive,326.4594,0.05102987
3rd_test,disp_240Hz_naive,326.7928,0.046394176
3rd_test,disp_240Hz_naive,327.1261,0.041216476
3rd_test,disp_240Hz_naive,327.4594,0.05414627
3rd_test,disp_240Hz_naive,327.7928,0.028643632
3rd_test,disp_240Hz_naive,328.1261,0.029115185
3rd_test,disp_240Hz_naive,328.4594,0.044592431
3rd_test,disp_240Hz_naive,328.7928,0.033002457
3rd_test,disp_240Hz_naive,329.1261,0.040428087
3rd_test,disp_240Hz_naive,329.4594,0.05088014
3rd_test,disp_240Hz_naive,329.7928,0.032865838
3rd_test,disp_240Hz_naive,330.1261,0.035217156
3rd_test,disp_240Hz_naive,330.4594,0.038605834
3rd_test,disp_240Hz_naive,330.7928,0.032807809
3rd_test,disp_240Hz_naive,331.1261,0.035660917
3rd_test,disp_240Hz_naive,331.4594,0.028803176
3rd_test,disp_240Hz_naive,331.7928,0.037714314
3rd_test,disp_240Hz_naive,332.1261,0.030589719
3rd_test,disp_240Hz_naive,332.4594,0.046294679
3rd_test,disp_240Hz_naive,332.7928,0.035452313
3rd_test,disp_240Hz_naive,333.1261,0.036121818
3rd_test,disp_240Hz_naive,333.4594,0.047217847
3rd_test,disp_240Hz_naive,333.7928,0.044968825
3rd_test,disp_240Hz_naive,334.1261,0.045857001
3rd_test,disp_240Hz_naive,334.4594,0.03180186
3rd_test,disp_240Hz_naive,334.7928,0.02943463
3rd_test,disp_240Hz_naive,335.1261,0.032886985
3rd_test,disp_240Hz_naive,335.4594,0.037523605
3rd_test,disp_240Hz_naive,335.7928,0.032884808
3rd_test,disp_240Hz_naive,336.1261,0.034075775
3rd_test,disp_240Hz_naive,336.4594,0.041209366
3rd_test,disp_240Hz_naive,336.7928,0.033041622
3rd_test,disp_240Hz_naive,337.1261,0.03482096
3rd_test,disp_240Hz_naive,337.4594,0.019775631
3rd_test,disp_240Hz_naive,337.7928,0.032539194
3rd_test,disp_240Hz_naive,338.1261,0.041319628
3rd_test,disp_240Hz_naive,338.4594,0.025042145
3rd_test,disp_240Hz_naive,338.7928,0.035496215
3rd_test,disp_240Hz_naive,339.1261,0.048494036
3rd_test,disp_240Hz_naive,339.4594,0.035045846
3rd_test,disp_240Hz_naive,339.7928,0.029428351
3rd_test,disp_240Hz_naive,340.1261,0.034439356
3rd_test,disp_240Hz_naive,340.4594,0.065388738
3rd_test,disp_240Hz_naive,340.7928,0.02678093
3rd_test,disp_240Hz_naive,341.1261,0.046042245
3rd_test,disp_240Hz_naive,341.4594,0.045844379
3rd_test,disp_240Hz_naive,341.7928,0.032333579
3rd_test,disp_240Hz_naive,342.1261,0.033281755
3rd_test,disp_240Hz_naive,342.4594,0.032924867
3rd_test,disp_240Hz_naive,342.7928,0.042784273
3rd_test,disp_240Hz_naive,343.1261,0.042607204
3rd_test,disp_240Hz_naive,343.4594,0.036200011
3rd_test,disp_240Hz_naive,343.7928,0.026387563
3rd_test,disp_240Hz_naive,344.1261,0.035320045
3rd_test,disp_240Hz_naive,344.4594,0.034960932
3rd_test,disp_240Hz_naive,344.7928,0.033773123
3rd_test,disp_240Hz_naive,345.1261,0.032235806
3rd_test,disp_240Hz_naive,345.4594,0.043853269
3rd_test,disp_240Hz_naive,345.7928,0.041504041
3rd_test,disp_240Hz_naive,346.1261,0.049356505
3rd_test,disp_240Hz_naive,346.4594,0.04929111
3rd_test,disp_240Hz_naive,346.7928,0.025736421
3rd_test,disp_240Hz_naive,347.1261,0.03016333
3rd_test,disp_240Hz_naive,347.4594,0.045495668
3rd_test,disp_240Hz_naive,347.7928,0.027947026
3rd_test,disp_240Hz_naive,348.1261,0.023364675
3rd_test,disp_240Hz_naive,348.4594,0.038116429
3rd_test,disp_240Hz_naive,348.7928,0.028319104
3rd_test,disp_240Hz_naive,349.1261,0.031045551
3rd_test,disp_240Hz_naive,349.4594,0.033970259
3rd_test,disp_240Hz_naive,349.7928,0.029591984
3rd_test,disp_240Hz_naive,350.1261,0.027779884
3rd_test,disp_240Hz_naive,350.4594,0.038068154
3rd_test,disp_240Hz_naive,350.7928,0.052630465
3rd_test,disp_240Hz_naive,351.1261,0.042283244
3rd_test,disp_240Hz_naive,351.4594,0.055471857
3rd_test,disp_240Hz_naive,351.7928,0.039560815
3rd_test,disp_240Hz_naive,352.1261,0.033946126
3rd_test,disp_240Hz_naive,352.4594,0.033142265
3rd_test,disp_240Hz_naive,352.7928,0.044509208
3rd_test,disp_240Hz_naive,353.1261,0.039825552
3rd_test,disp_240Hz_naive,353.4594,0.054084652
3rd_test,disp_240Hz_naive,361.1586,0.037949417
3rd_test,disp_240Hz_naive,361.4031,0.043035036
3rd_test,disp_240Hz_naive,361.7364,0.051465473
3rd_test,disp_240Hz_naive,362.0697,0.036037669
3rd_test,disp_240Hz_naive,362.4031,0.035949052
3rd_test,disp_240Hz_naive,362.7364,0.034078645
3rd_test,disp_240Hz_naive,363.0697,0.039364549
3rd_test,disp_240Hz_naive,363.4031,0.04260216
3rd_test,disp_240Hz_naive,363.7364,0.034181606
3rd_test,disp_240Hz_naive,364.0697,0.028864549
3rd_test,disp_240Hz_naive,364.4031,0.028638525
3rd_test,disp_240Hz_naive,364.7364,0.052088301
3rd_test,disp_240Hz_naive,365.0697,0.050064934
3rd_test,disp_240Hz_naive,365.4031,0.03938336
3rd_test,disp_240Hz_naive,365.7364,0.048186638
3rd_test,disp_240Hz_naive,366.0697,0.036144172
3rd_test,disp_240Hz_naive,366.4031,0.03603937
3rd_test,disp_240Hz_naive,366.7364,0.044608647
3rd_test,disp_240Hz_naive,367.0697,0.033104172
3rd_test,disp_240Hz_naive,367.4031,0.044708909
3rd_test,disp_240Hz_naive,367.7364,0.046483917
3rd_test,disp_240Hz_naive,368.0697,0.054183521
3rd_test,disp_240Hz_naive,368.4031,0.0409001
3rd_test,disp_240Hz_naive,368.7364,0.034876655
3rd_test,disp_240Hz_naive,369.0697,0.030428539
3rd_test,disp_240Hz_naive,369.4031,0.052516357
3rd_test,disp_240Hz_naive,369.7364,0.04134851
3rd_test,disp_240Hz_naive,370.0697,0.036753457
3rd_test,disp_240Hz_naive,370.4031,0.031633212
3rd_test,disp_240Hz_naive,370.7364,0.038149527
3rd_test,disp_240Hz_naive,371.0697,0.042712235
3rd_test,disp_240Hz_naive,371.4031,0.041498905
3rd_test,disp_240Hz_naive,371.7364,0.045284157
3rd_test,disp_240Hz_naive,372.0697,0.029441656
3rd_test,disp_240Hz_naive,372.4031,0.023767268
3rd_test,disp_240Hz_naive,372.7364,0.025255906
3rd_test,disp_240Hz_naive,373.0697,0.042824947
3rd_test,disp_240Hz_naive,373.4031,0.03824455
3rd_test,disp_240Hz_naive,373.7364,0.03382333
3rd_test,disp_240Hz_naive,374.0697,0.023563603
3rd_test,disp_240Hz_naive,374.4031,0.036317205
3rd_test,disp_240Hz_naive,374.7364,0.037258781
3rd_test,disp_240Hz_naive,375.0697,0.029737257
3rd_test,disp_240Hz_naive,375.4031,0.039530053
3rd_test,disp_240Hz_naive,375.7364,0.027336025
3rd_test,disp_240Hz_naive,376.0697,0.031817733
3rd_test,disp_240Hz_naive,376.4031,0.036025278
3rd_test,disp_240Hz_naive,376.7364,0.03023561
3rd_test,disp_240Hz_naive,377.0697,0.02993848
3rd_test,disp_240Hz_naive,377.4031,0.042496351
3rd_test,disp_240Hz_naive,377.7364,0.028033247
3rd_test,disp_240Hz_naive,378.0697,0.041572805
3rd_test,disp_240Hz_naive,378.4031,0.036878539
3rd_test,disp_240Hz_naive,378.7364,0.029545804
3rd_test,disp_240Hz_naive,379.0697,0.053258871
3rd_test,disp_240Hz_naive,379.4031,0.041146358
3rd_test,disp_240Hz_naive,379.7364,0.040076304
3rd_test,disp_240Hz_naive,380.0697,0.047287217
3rd_test,disp_240Hz_naive,380.4031,0.022716509
3rd_test,disp_240Hz_naive,380.7364,0.055748419
3rd_test,disp_240Hz_naive,381.0697,0.045480138
3rd_test,disp_240Hz_naive,381.4031,0.045926342
3rd_test,disp_240Hz_naive,381.7364,0.035582052
3rd_test,disp_240Hz_naive,382.0697,0.048397133
3rd_test,disp_240Hz_naive,382.4031,0.039596995
3rd_test,disp_240Hz_naive,382.7364,0.034060983
3rd_test,disp_240Hz_naive,383.0697,0.036894392
3rd_test,disp_240Hz_naive,383.4031,0.050821122
3rd_test,disp_240Hz_naive,383.7364,0.035268281
3rd_test,disp_240Hz_naive,384.0697,0.032069374
3rd_test,disp_240Hz_naive,384.4031,0.043471239
3rd_test,disp_240Hz_naive,384.7364,0.043097609
3rd_test,disp_240Hz_naive,385.0697,0.046846506
3rd_test,disp_240Hz_naive,385.4031,0.038634377
3rd_test,disp_240Hz_naive,385.7364,0.024261099
3rd_test,disp_240Hz_naive,386.0697,0.038356242
3rd_test,disp_240Hz_naive,386.4031,0.042869205
3rd_test,disp_240Hz_naive,386.7364,0.038245986
3rd_test,disp_240Hz_naive,387.0697,0.037650999
3rd_test,disp_240Hz_naive,387.4031,0.033837553
3rd_test,disp_240Hz_naive,387.7364,0.036994888
3rd_test,disp_240Hz_naive,388.0697,0.031423005
3rd_test,disp_240Hz_naive,388.4031,0.030570501
3rd_test,disp_240Hz_naive,388.7364,0.030057843
3rd_test,disp_240Hz_naive,389.0697,0.036746373
3rd_test,disp_240Hz_naive,389.4031,0.052138448
3rd_test,disp_240Hz_naive,389.7364,0.047316648
3rd_test,disp_240Hz_naive,390.0697,0.039797208
3rd_test,disp_240Hz_naive,390.4031,0.044592395
3rd_test,disp_240Hz_naive,390.7364,0.021722923
3rd_test,disp_240Hz_naive,391.0697,0.038272996
3rd_test,disp_240Hz_naive,391.4031,0.029423472
3rd_test,disp_240Hz_naive,391.7364,0.045299628
3rd_test,disp_240Hz_naive,392.0697,0.035108339
3rd_test,disp_240Hz_naive,392.4031,0.028382671
3rd_test,disp_240Hz_naive,392.7364,0.030357987
3rd_test,disp_240Hz_naive,393.0697,0.055704933
3rd_test,disp_240Hz_naive,393.4031,0.045691996
3rd_test,disp_240Hz_naive,393.7364,0.027854532
3rd_test,disp_240Hz_naive,394.0697,0.032169933
3rd_test,disp_240Hz_naive,394.4031,0.036174902
3rd_test,disp_240Hz_naive,394.7364,0.031666791
3rd_test,disp_240Hz_naive,395.0697,0.03381186
3rd_test,disp_240Hz_naive,395.4031,0.038925173
3rd_test,disp_240Hz_naive,395.7364,0.031431381
3rd_test,disp_240Hz_naive,396.0697,0.039044125
3rd_test,disp_240Hz_naive,396.4031,0.02458325
3rd_test,disp_240Hz_naive,396.7364,0.029380483
3rd_test,disp_240Hz_naive,397.0697,0.038526035
3rd_test,disp_240Hz_naive,397.4031,0.025394618
3rd_test,disp_240Hz_naive,397.7364,0.031152722
3rd_test,disp_240Hz_naive,398.0697,0.027462455
3rd_test,disp_240Hz_naive,398.4031,0.02425755
3rd_test,disp_240Hz_naive,398.7364,0.041736397
3rd_test,disp_240Hz_naive,399.0697,0.048657092
3rd_test,disp_240Hz_naive,399.4031,0.032969203
3rd_test,disp_240Hz_naive,399.7364,0.033662117
3rd_test,disp_240Hz_naive,400.0697,0.045661594
3rd_test,disp_240Hz_naive,400.4031,0.022841449
3rd_test,disp_240Hz_naive,400.7364,0.030828782
3rd_test,disp_240Hz_naive,401.0697,0.04210836
3rd_test,disp_240Hz_naive,401.4031,0.02594578
3rd_test,disp_240Hz_naive,401.7364,0.032899635
3rd_test,disp_240Hz_naive,402.0697,0.031430508
3rd_test,disp_240Hz_naive,402.4031,0.047158853
3rd_test,disp_240Hz_naive,402.7364,0.032628961
3rd_test,disp_240Hz_naive,403.0697,0.03905131
3rd_test,disp_240Hz_naive,403.4031,0.038085613
3rd_test,disp_240Hz_naive,403.7364,0.026756818
3rd_test,disp_240Hz_naive,404.0697,0.035302509
3rd_test,disp_240Hz_naive,404.4031,0.035719288
3rd_test,disp_240Hz_naive,404.7364,0.037608091
3rd_test,disp_240Hz_naive,405.0697,0.031141713
3rd_test,disp_240Hz_naive,405.4031,0.023826168
3rd_test,disp_240Hz_naive,405.7364,0.042220125
3rd_test,disp_240Hz_naive,406.0697,0.04405398
3rd_test,disp_240Hz_naive,406.4031,0.045562622
3rd_test,disp_240Hz_naive,406.7364,0.027518012
3rd_test,disp_240Hz_naive,407.0697,0.032858581
3rd_test,disp_240Hz_naive,407.4031,0.043399436
3rd_test,disp_240Hz_naive,407.7364,0.037460963
3rd_test,disp_240Hz_naive,408.0697,0.033570487
3rd_test,disp_240Hz_naive,408.4031,0.033384991
3rd_test,disp_240Hz_naive,408.7364,0.062909348
3rd_test,disp_240Hz_naive,409.0697,0.03584409
3rd_test,disp_240Hz_naive,409.4031,0.052169286
3rd_test,disp_240Hz_naive,409.7364,0.028490817
3rd_test,disp_240Hz_naive,410.0697,0.040577103
3rd_test,disp_240Hz_naive,410.4031,0.054025175
3rd_test,disp_240Hz_naive,410.7364,0.03081265
3rd_test,disp_240Hz_naive,411.0697,0.030433435
3rd_test,disp_240Hz_naive,411.4031,0.036489761
3rd_test,disp_240Hz_naive,411.7364,0.028373745
3rd_test,disp_240Hz_naive,412.0697,0.045828101
3rd_test,disp_240Hz_naive,412.4031,0.049085303
3rd_test,disp_240Hz_naive,412.7364,0.028437972
3rd_test,disp_240Hz_naive,413.0697,0.039554581
3rd_test,disp_240Hz_naive,413.4031,0.025372253
3rd_test,disp_240Hz_naive,413.7364,0.040018872
3rd_test,disp_240Hz_naive,414.0697,0.035856445
3rd_test,disp_240Hz_naive,414.4031,0.041183125
3rd_test,disp_240Hz_naive,414.7364,0.036844015
3rd_test,disp_240Hz_naive,415.0697,0.031818899
3rd_test,disp_240Hz_naive,415.4031,0.043933124
3rd_test,disp_240Hz_naive,415.7364,0.058446458
3rd_test,disp_240Hz_naive,416.0697,0.046789258
3rd_test,disp_240Hz_naive,416.4031,0.034836161
3rd_test,disp_240Hz_naive,416.7364,0.034131284
3rd_test,disp_240Hz_naive,417.0697,0.040656491
3rd_test,disp_240Hz_naive,417.4031,0.050154252
3rd_test,disp_240Hz_naive,417.7364,0.041005798
3rd_test,disp_240Hz_naive,418.0697,0.023841794
3rd_test,disp_240Hz_naive,418.4031,0.04042203
3rd_test,disp_240Hz_naive,418.7364,0.031098403
3rd_test,disp_240Hz_naive,419.0697,0.032447409
3rd_test,disp_240Hz_naive,419.4031,0.038780058
3rd_test,disp_240Hz_naive,419.7364,0.038982732
3rd_test,disp_240Hz_naive,420.0697,0.030623152
3rd_test,disp_240Hz_naive,420.4031,0.043592333
3rd_test,disp_240Hz_naive,420.7364,0.031576689
3rd_test,disp_240Hz_naive,421.0697,0.029154345
3rd_test,disp_240Hz_naive,421.4031,0.047606653
3rd_test,disp_240Hz_naive,421.7364,0.039603823
3rd_test,disp_240Hz_naive,422.0697,0.039837626
3rd_test,disp_240Hz_naive,422.4031,0.038913791
3rd_test,disp_240Hz_naive,422.7364,0.020689456
3rd_test,disp_240Hz_naive,423.0697,0.056499859
3rd_test,disp_240Hz_naive,423.4031,0.0383021
3rd_test,disp_240Hz_naive,423.7364,0.033963141
3rd_test,disp_240Hz_naive,424.0697,0.042875706
3rd_test,disp_240Hz_naive,424.4031,0.04477363
3rd_test,disp_240Hz_naive,424.7364,0.033456995
3rd_test,disp_240Hz_naive,425.0697,0.045132016
3rd_test,disp_240Hz_naive,425.4031,0.028052625
3rd_test,disp_240Hz_naive,425.7364,0.043017188
3rd_test,disp_240Hz_naive,426.0697,0.026493547
3rd_test,disp_240Hz_naive,426.4031,0.044370313
3rd_test,disp_240Hz_naive,426.7364,0.023903323
3rd_test,disp_240Hz_naive,427.0697,0.030077927
3rd_test,disp_240Hz_naive,427.4031,0.052086753
3rd_test,disp_240Hz_naive,427.7364,0.038089491
3rd_test,disp_240Hz_naive,428.0697,0.021848667
3rd_test,disp_240Hz_naive,428.4031,0.033429001
3rd_test,disp_240Hz_naive,428.7364,0.034133599
3rd_test,disp_240Hz_naive,429.0697,0.042184806
3rd_test,disp_240Hz_naive,429.4031,0.019414471
3rd_test,disp_240Hz_naive,429.7364,0.034287147
3rd_test,disp_240Hz_naive,430.0697,0.033765784
3rd_test,disp_240Hz_naive,430.4031,0.04464077
3rd_test,disp_240Hz_naive,430.7364,0.037795689
3rd_test,disp_240Hz_naive,431.0697,0.044251577
3rd_test,disp_240Hz_naive,431.4031,0.046575593
3rd_test,disp_240Hz_naive,431.7364,0.028301328
3rd_test,disp_240Hz_naive,432.0697,0.025778948
3rd_test,disp_240Hz_naive,432.4031,0.050514086
3rd_test,disp_240Hz_naive,432.7364,0.028216898
3rd_test,disp_240Hz_naive,433.0697,0.037609962
3rd_test,disp_240Hz_naive,433.4031,0.031918946
3rd_test,disp_240Hz_naive,433.7364,0.053234126
3rd_test,disp_240Hz_naive,434.0697,0.045492362
3rd_test,disp_240Hz_naive,434.4031,0.03848054
3rd_test,disp_240Hz_naive,434.7364,0.038354329
3rd_test,disp_240Hz_naive,435.0697,0.043484123
3rd_test,disp_240Hz_naive,435.4031,0.049378328
3rd_test,disp_240Hz_naive,435.7364,0.036026296
3rd_test,disp_240Hz_naive,436.0697,0.03692416
3rd_test,disp_240Hz_naive,436.4031,0.041062865
3rd_test,disp_240Hz_naive,436.7364,0.046327013
3rd_test,disp_240Hz_naive,437.0697,0.034536113
3rd_test,disp_240Hz_naive,437.4031,0.030787527
3rd_test,disp_240Hz_naive,437.7364,0.037566679
3rd_test,disp_240Hz_naive,438.0697,0.028639452
3rd_test,disp_240Hz_naive,438.4031,0.039446956
3rd_test,disp_240Hz_naive,438.7364,0.039951095
3rd_test,disp_240Hz_naive,439.0697,0.030388504
3rd_test,disp_240Hz_naive,439.4031,0.029364202
3rd_test,disp_240Hz_naive,439.7364,0.046076166
3rd_test,disp_240Hz_naive,440.0697,0.033266107
3rd_test,disp_240Hz_naive,440.4031,0.033076728
3rd_test,disp_240Hz_naive,440.7364,0.03316103
3rd_test,disp_240Hz_naive,441.0697,0.036043005
3rd_test,disp_240Hz_naive,441.4031,0.038087921
3rd_test,disp_240Hz_naive,441.7364,0.02651433
3rd_test,disp_240Hz_naive,442.0697,0.035840734
3rd_test,disp_240Hz_naive,442.4031,0.052880065
3rd_test,disp_240Hz_naive,442.7364,0.018760912
3rd_test,disp_240Hz_naive,443.0697,0.025974163
3rd_test,disp_240Hz_naive,443.4031,0.037203113
3rd_test,disp_240Hz_naive,443.7364,0.042623859
3rd_test,disp_240Hz_naive,444.0697,0.042848857
3rd_test,disp_240Hz_naive,444.4031,0.057329877
3rd_test,disp_240Hz_naive,444.7364,0.062252511
3rd_test,disp_240Hz_naive,445.0697,0.0368743
3rd_test,disp_240Hz_naive,445.4031,0.042773994
3rd_test,disp_240Hz_naive,445.7364,0.051904334
3rd_test,disp_240Hz_naive,446.0697,0.031049183
3rd_test,disp_240Hz_naive,446.4031,0.02676785
3rd_test,disp_240Hz_naive,446.7364,0.040134119
3rd_test,disp_240Hz_naive,447.0697,0.039504029
3rd_test,disp_240Hz_naive,447.4031,0.038440505
3rd_test,disp_240Hz_naive,447.7364,0.040624242
3rd_test,disp_240Hz_naive,448.0697,0.039270128
3rd_test,disp_240Hz_naive,448.4031,0.042080538
3rd_test,disp_240Hz_naive,448.7364,0.046478828
3rd_test,disp_240Hz_naive,449.0697,0.045448846
3rd_test,disp_240Hz_naive,449.4031,0.037866716
3rd_test,disp_240Hz_naive,449.7364,0.048709724
3rd_test,disp_240Hz_naive,450.0697,0.032684622
3rd_test,disp_240Hz_naive,450.4031,0.033328644
3rd_test,disp_240Hz_naive,450.7364,0.045045988
3rd_test,disp_240Hz_naive,451.0697,0.044553745
3rd_test,disp_240Hz_naive,451.4031,0.038135225
3rd_test,disp_240Hz_naive,451.7364,0.031548407
3rd_test,disp_240Hz_naive,452.0697,0.0517645
3rd_test,disp_240Hz_naive,452.4031,0.058952096
3rd_test,disp_240Hz_naive,452.7364,0.059029685
3rd_test,disp_240Hz_naive,453.0697,0.03431709
3rd_test,disp_240Hz_naive,453.4031,0.055413322
3rd_test,disp_240Hz_naive,453.7364,0.04178921
3rd_test,disp_240Hz_naive,454.0697,0.036838082
3rd_test,disp_240Hz_naive,454.4031,0.044999678
3rd_test,disp_240Hz_naive,454.7364,0.030107271
3rd_test,disp_240Hz_naive,455.0697,0.026861296
3rd_test,disp_240Hz_naive,455.4031,0.030651298
3rd_test,disp_240Hz_naive,455.7364,0.032964434
3rd_test,disp_240Hz_naive,456.0697,0.033147646
3rd_test,disp_240Hz_naive,456.4031,0.033180373
3rd_test,disp_240Hz_naive,456.7364,0.033362981
3rd_test,disp_240Hz_naive,457.0697,0.024233455
3rd_test,disp_240Hz_naive,457.4031,0.039409872
3rd_test,disp_240Hz_naive,457.7364,0.037343463
3rd_test,disp_240Hz_naive,458.0697,0.025344649
3rd_test,disp_240Hz_naive,458.4031,0.030819935
3rd_test,disp_240Hz_naive,458.7364,0.036726464
3rd_test,disp_240Hz_naive,459.0697,0.028935843
3rd_test,disp_240Hz_naive,459.4031,0.035085636
3rd_test,disp_240Hz_naive,459.7364,0.032337951
3rd_test,disp_240Hz_naive,460.0697,0.031279703
3rd_test,disp_240Hz_naive,460.4031,0.05518127
3rd_test,disp_240Hz_naive,460.7364,0.03119749
3rd_test,disp_240Hz_naive,461.0697,0.042419087
3rd_test,disp_240Hz_naive,461.4031,0.04079409
3rd_test,disp_240Hz_naive,461.7364,0.033360358
3rd_test,disp_240Hz_naive,462.0697,0.044177031
3rd_test,disp_240Hz_naive,462.4031,0.043896889
3rd_test,disp_240Hz_naive,462.7364,0.035042198
3rd_test,disp_240Hz_naive,463.0697,0.034718934
3rd_test,disp_240Hz_naive,463.4031,0.041971777
3rd_test,disp_240Hz_naive,463.7364,0.033059057
3rd_test,disp_240Hz_naive,464.0697,0.030828956
3rd_test,disp_240Hz_naive,464.4031,0.04083469
3rd_test,disp_240Hz_naive,464.7364,0.027592972
3rd_test,disp_240Hz_naive,465.0697,0.045423889
3rd_test,disp_240Hz_naive,465.4031,0.041538646
3rd_test,disp_240Hz_naive,465.7364,0.038089597
3rd_test,disp_240Hz_naive,466.0697,0.044896076
3rd_test,disp_240Hz_naive,466.4031,0.034799029
3rd_test,disp_240Hz_naive,466.7364,0.037188149
3rd_test,disp_240Hz_naive,467.0697,0.036194612
3rd_test,disp_240Hz_naive,467.4031,0.055219677
3rd_test,disp_240Hz_naive,467.7364,0.035687323
3rd_test,disp_240Hz_naive,468.0697,0.032478972
3rd_test,disp_240Hz_naive,468.4031,0.033831219
3rd_test,disp_240Hz_naive,468.7364,0.034964535
3rd_test,disp_240Hz_naive,469.0697,0.048272472
3rd_test,disp_240Hz_naive,469.4031,0.035421324
3rd_test,disp_240Hz_naive,469.7364,0.036150375
3rd_test,disp_240Hz_naive,470.0697,0.050574244
3rd_test,disp_240Hz_naive,470.4031,0.034916372
3rd_test,disp_240Hz_naive,470.7364,0.05340574
3rd_test,disp_240Hz_naive,471.0697,0.036492086
3rd_test,disp_240Hz_naive,471.4031,0.038659671
3rd_test,disp_240Hz_naive,471.7364,0.037876334
3rd_test,disp_240Hz_naive,472.0697,0.040123635
3rd_test,disp_240Hz_naive,472.4031,0.05153815
3rd_test,disp_240Hz_naive,472.7364,0.051010114
3rd_test,disp_240Hz_naive,473.0697,0.021352876
3rd_test,disp_240Hz_naive,473.4031,0.031788382
3rd_test,disp_240Hz_naive,473.7364,0.03575968
3rd_test,disp_240Hz_naive,474.0697,0.045082028
3rd_test,disp_240Hz_naive,474.4031,0.02066559
3rd_test,disp_240Hz_naive,474.7364,0.042222522
3rd_test,disp_240Hz_naive,475.0697,0.03121495
3rd_test,disp_240Hz_naive,475.4031,0.032922706
3rd_test,disp_240Hz_naive,475.7364,0.026473432
3rd_test,disp_240Hz_naive,476.0697,0.040600172
3rd_test,disp_240Hz_naive,476.4031,0.040824504
3rd_test,disp_240Hz_naive,476.7364,0.022744185
3rd_test,disp_240Hz_naive,477.0697,0.039643986
3rd_test,disp_240Hz_naive,477.4031,0.039021108
3rd_test,disp_240Hz_naive,477.7364,0.053695045
3rd_test,disp_240Hz_naive,478.0697,0.032394196
3rd_test,disp_240Hz_naive,478.4031,0.033146598
3rd_test,disp_240Hz_naive,478.7364,0.040644525
3rd_test,disp_240Hz_naive,479.0697,0.026600082
3rd_test,disp_240Hz_naive,479.4031,0.046076124
3rd_test,disp_240Hz_naive,479.7364,0.041764634
3rd_test,disp_240Hz_naive,480.0697,0.026498471
3rd_test,disp_240Hz_naive,480.4031,0.044601072
3rd_test,disp_240Hz_naive,480.7364,0.044979809
3rd_test,disp_240Hz_naive,481.0697,0.05097984
3rd_test,disp_240Hz_naive,481.4031,0.045428729
3rd_test,disp_240Hz_naive,481.7364,0.058274285
3rd_test,disp_240Hz_naive,482.0697,0.041054268
3rd_test,disp_240Hz_naive,482.4031,0.048279722
3rd_test,disp_240Hz_naive,482.7364,0.029255404
3rd_test,disp_240Hz_naive,483.0697,0.029870591
3rd_test,disp_240Hz_naive,483.4031,0.039978444
3rd_test,disp_240Hz_naive,483.7364,0.044943747
3rd_test,disp_240Hz_naive,484.0697,0.041224971
3rd_test,disp_240Hz_naive,484.4031,0.043290603
3rd_test,disp_240Hz_naive,484.7364,0.033999943
3rd_test,disp_240Hz_naive,485.0697,0.028367186
3rd_test,disp_240Hz_naive,485.4031,0.028728806
3rd_test,disp_240Hz_naive,485.7364,0.046799302
3rd_test,disp_240Hz_naive,486.0697,0.044701233
3rd_test,disp_240Hz_naive,486.4031,0.040679562
3rd_test,disp_240Hz_naive,486.7364,0.021489308
3rd_test,disp_240Hz_naive,487.0697,0.042213155
3rd_test,disp_240Hz_naive,487.4031,0.042632524
3rd_test,disp_240Hz_naive,487.7364,0.029907361
3rd_test,disp_240Hz_naive,488.0697,0.030768744
3rd_test,disp_240Hz_naive,488.4031,0.044298394
3rd_test,disp_240Hz_naive,488.7364,0.042624293
3rd_test,disp_240Hz_naive,489.0697,0.037465648
3rd_test,disp_240Hz_naive,489.4031,0.033098746
3rd_test,disp_240Hz_naive,489.7364,0.024490641
3rd_test,disp_240Hz_naive,490.0697,0.043270697
3rd_test,disp_240Hz_naive,490.4031,0.048839979
3rd_test,disp_240Hz_naive,490.7364,0.031579364
3rd_test,disp_240Hz_naive,491.0697,0.03504796
3rd_test,disp_240Hz_naive,491.4031,0.047823413
3rd_test,disp_240Hz_naive,491.7364,0.042558342
3rd_test,disp_240Hz_naive,492.0697,0.041724482
3rd_test,disp_240Hz_naive,492.4031,0.046926604
3rd_test,disp_240Hz_naive,492.7364,0.041598292
3rd_test,disp_240Hz_naive,493.0697,0.043153636
3rd_test,disp_240Hz_naive,493.4031,0.037026312
3rd_test,disp_240Hz_naive,493.7364,0.031904856
3rd_test,disp_240Hz_naive,494.0697,0.033134444
3rd_test,disp_240Hz_naive,494.4031,0.039481966
3rd_test,disp_240Hz_naive,494.7364,0.034555786
3rd_test,disp_240Hz_naive,495.0697,0.052056089
3rd_test,disp_240Hz_naive,495.4031,0.047834968
3rd_test,disp_240Hz_naive,495.7364,0.046772129
3rd_test,disp_240Hz_naive,496.0697,0.035488426
3rd_test,disp_240Hz_naive,496.4031,0.042418163
3rd_test,disp_240Hz_naive,496.7364,0.055598747
3rd_test,disp_240Hz_naive,497.0697,0.026505867
3rd_test,disp_240Hz_naive,497.4031,0.050992609
3rd_test,disp_240Hz_naive,497.7364,0.035306429
3rd_test,disp_240Hz_naive,498.0697,0.042086687
3rd_test,disp_240Hz_naive,498.4031,0.03184017
3rd_test,disp_240Hz_naive,498.7364,0.048625508
3rd_test,disp_240Hz_naive,499.0697,0.048075334
3rd_test,disp_240Hz_naive,499.4031,0.037361483
3rd_test,disp_240Hz_naive,499.7364,0.042374357
3rd_test,disp_240Hz_naive,500.0697,0.035278352
3rd_test,disp_240Hz_naive,500.4031,0.036924408
3rd_test,disp_240Hz_naive,500.7364,0.053259403
3rd_test,disp_240Hz_naive,501.0697,0.041709713
3rd_test,disp_240Hz_naive,501.4031,0.035372658
3rd_test,disp_240Hz_naive,501.7364,0.048961383
3rd_test,disp_240Hz_naive,502.0697,0.041708716
3rd_test,disp_240Hz_naive,502.4031,0.023207257
3rd_test,disp_240Hz_naive,502.7364,0.038255108
3rd_test,disp_240Hz_naive,503.0697,0.036332447
3rd_test,disp_240Hz_naive,503.4031,0.040986306
3rd_test,disp_240Hz_naive,503.7364,0.031727527
3rd_test,disp_240Hz_naive,504.0697,0.044932997
3rd_test,disp_240Hz_naive,504.4031,0.041022394
3rd_test,disp_240Hz_naive,504.7364,0.036411074
3rd_test,disp_240Hz_naive,505.0697,0.031341778
3rd_test,disp_240Hz_naive,505.4031,0.035513695
3rd_test,disp_240Hz_naive,505.7364,0.043921612
3rd_test,disp_240Hz_naive,506.0697,0.036623684
3rd_test,disp_240Hz_naive,506.4031,0.019539423
3rd_test,disp_240Hz_naive,506.7364,0.026102988
3rd_test,disp_240Hz_naive,507.0697,0.051742501
3rd_test,disp_240Hz_naive,507.4031,0.038824979
3rd_test,disp_240Hz_naive,507.7364,0.031862446
3rd_test,disp_240Hz_naive,508.0697,0.021416582
3rd_test,disp_240Hz_naive,508.4031,0.03315587
3rd_test,disp_240Hz_naive,508.7364,0.034138116
3rd_test,disp_240Hz_naive,509.0697,0.058192733
3rd_test,disp_240Hz_naive,509.4031,0.042379874
3rd_test,disp_240Hz_naive,509.7364,0.042143182
3rd_test,disp_240Hz_naive,510.0697,0.033053284
3rd_test,disp_240Hz_naive,510.4031,0.046583009
3rd_test,disp_240Hz_naive,510.7364,0.035491408
3rd_test,disp_240Hz_naive,511.0697,0.033289938
3rd_test,disp_240Hz_naive,511.4031,0.026700758
3rd_test,disp_240Hz_naive,511.7364,0.038597373
3rd_test,disp_240Hz_naive,512.0697,0.027100225
3rd_test,disp_240Hz_naive,512.4031,0.04823063
3rd_test,disp_240Hz_naive,512.7364,0.043055746
3rd_test,disp_240Hz_naive,513.0697,0.036700773
3rd_test,disp_240Hz_naive,513.4031,0.033272296
3rd_test,disp_240Hz_naive,513.7364,0.043066116
3rd_test,disp_240Hz_naive,514.0697,0.049226982
3rd_test,disp_240Hz_naive,514.4031,0.033645408
3rd_test,disp_240Hz_naive,514.7364,0.044977857
3rd_test,disp_240Hz_naive,515.0697,0.034925302
3rd_test,disp_240Hz_naive,515.4031,0.039821523
3rd_test,disp_240Hz_naive,515.7364,0.042317948
3rd_test,disp_240Hz_naive,516.0697,0.046752496
3rd_test,disp_240Hz_naive,516.4031,0.033555751
3rd_test,disp_240Hz_naive,516.7364,0.048302488
3rd_test,disp_240Hz_naive,517.0697,0.038461476
3rd_test,disp_240Hz_naive,517.4031,0.033180417
3rd_test,disp_240Hz_naive,517.7364,0.037614791
3rd_test,disp_240Hz_naive,518.0697,0.031839967
3rd_test,disp_240Hz_naive,518.4031,0.026629191
3rd_test,disp_240Hz_naive,518.7364,0.031560811
3rd_test,disp_240Hz_naive,519.0697,0.036966892
3rd_test,disp_240Hz_naive,519.4031,0.043428024
3rd_test,disp_240Hz_naive,519.7364,0.042736951
3rd_test,disp_240Hz_naive,520.0697,0.040469565
3rd_test,disp_240Hz_naive,520.4031,0.037062403
3rd_test,disp_240Hz_naive,520.7364,0.063423654
3rd_test,disp_240Hz_naive,521.0697,0.037027718
3rd_test,disp_240Hz_naive,521.4031,0.037413202
3rd_test,disp_240Hz_naive,521.7364,0.038363087
3rd_test,disp_240Hz_naive,522.0697,0.031866687
3rd_test,disp_240Hz_naive,522.4031,0.044140093
3rd_test,disp_240Hz_naive,522.7364,0.059088049
3rd_test,disp_240Hz_naive,523.0697,0.037817716
3rd_test,disp_240Hz_naive,523.4031,0.045820699
3rd_test,disp_240Hz_naive,523.7364,0.036235608
3rd_test,disp_240Hz_naive,524.0697,0.047755427
3rd_test,disp_240Hz_naive,524.4031,0.045682282
3rd_test,disp_240Hz_naive,524.7364,0.049700623
3rd_test,disp_240Hz_naive,525.0697,0.03636686
3rd_test,disp_240Hz_naive,525.4031,0.039412086
3rd_test,disp_240Hz_naive,525.7364,0.036371304
3rd_test,disp_240Hz_naive,526.0697,0.034438143
3rd_test,disp_240Hz_naive,526.4031,0.035318081
3rd_test,disp_240Hz_naive,526.7364,0.03868307
3rd_test,disp_240Hz_naive,527.0697,0.036887173
3rd_test,disp_240Hz_naive,527.4031,0.032845705
3rd_test,disp_240Hz_naive,527.7364,0.032662934
3rd_test,disp_240Hz_naive,528.0697,0.034636981
3rd_test,disp_240Hz_naive,528.4031,0.047699137
3rd_test,disp_240Hz_naive,528.7364,0.034854589
3rd_test,disp_240Hz_naive,529.0697,0.039955871
3rd_test,disp_240Hz_naive,529.4031,0.032521751
3rd_test,disp_240Hz_naive,529.7364,0.038552017
3rd_test,disp_240Hz_naive,530.0697,0.040711002
3rd_test,disp_240Hz_naive,530.4031,0.040900848
3rd_test,disp_240Hz_naive,530.7364,0.033815113
3rd_test,disp_240Hz_naive,531.0697,0.034796813
3rd_test,disp_240Hz_naive,531.4031,0.02627932
3rd_test,disp_240Hz_naive,531.7364,0.05277019
3rd_test,disp_240Hz_naive,532.0697,0.025535742
3rd_test,disp_240Hz_naive,532.4031,0.046995107
3rd_test,disp_240Hz_naive,532.7364,0.053086491
3rd_test,disp_240Hz_naive,533.0697,0.027601456
3rd_test,disp_240Hz_naive,533.4031,0.039277888
3rd_test,disp_240Hz_naive,533.7364,0.055184036
3rd_test,disp_240Hz_naive,534.0697,0.051641503
3rd_test,disp_240Hz_naive,534.4031,0.026186424
3rd_test,disp_240Hz_naive,534.7364,0.035392927
3rd_test,disp_240Hz_naive,535.0697,0.050967744
3rd_test,disp_240Hz_naive,535.4031,0.040848072
3rd_test,disp_240Hz_naive,535.7364,0.030540543
3rd_test,disp_240Hz_naive,536.0697,0.028904442
3rd_test,disp_240Hz_naive,536.4031,0.042426684
3rd_test,disp_240Hz_naive,536.7364,0.038124862
3rd_test,disp_240Hz_naive,537.0697,0.056191626
3rd_test,disp_240Hz_naive,537.4031,0.05562262
3rd_test,disp_240Hz_naive,537.7364,0.032479488
3rd_test,disp_240Hz_naive,538.0697,0.048362538
3rd_test,disp_240Hz_naive,538.4031,0.025621832
3rd_test,disp_240Hz_naive,538.7364,0.021533405
3rd_test,disp_240Hz_naive,539.0697,0.041309671
3rd_test,disp_240Hz_naive,539.4031,0.037557216
3rd_test,disp_240Hz_naive,539.7364,0.028677978
3rd_test,disp_240Hz_naive,540.0697,0.03503553
3rd_test,disp_240Hz_naive,540.4031,0.047223534
3rd_test,disp_240Hz_naive,540.7364,0.038722166
3rd_test,disp_240Hz_naive,541.0697,0.033081743
3rd_test,disp_240Hz_naive,541.4031,0.043925258
3rd_test,disp_240Hz_naive,541.7364,0.036188732
3rd_test,disp_240Hz_naive,542.0697,0.030849724
3rd_test,disp_240Hz_naive,542.4031,0.05628885
3rd_test,disp_240Hz_naive,542.7364,0.042812776
3rd_test,disp_240Hz_naive,543.0697,0.025404536
3rd_test,disp_240Hz_naive,543.4031,0.028413512
3rd_test,disp_240Hz_naive,543.7364,0.028326892
3rd_test,disp_240Hz_naive,544.0697,0.038549237
3rd_test,disp_240Hz_naive,544.4031,0.02748715
3rd_test,disp_240Hz_naive,544.7364,0.023096356
3rd_test,disp_240Hz_naive,545.0697,0.028503055
3rd_test,disp_240Hz_naive,545.4031,0.036680628
3rd_test,disp_240Hz_naive,545.7364,0.03846796
3rd_test,disp_240Hz_naive,546.0697,0.04066718
3rd_test,disp_240Hz_naive,546.4031,0.03237822
3rd_test,disp_240Hz_naive,546.7364,0.033300984
3rd_test,disp_240Hz_naive,547.0697,0.035709729
3rd_test,disp_240Hz_naive,547.4031,0.031156009
3rd_test,disp_240Hz_naive,547.7364,0.027752843
3rd_test,disp_240Hz_naive,548.0697,0.046091388
3rd_test,disp_240Hz_naive,548.4031,0.041313082
3rd_test,disp_240Hz_naive,548.7364,0.048305781
3rd_test,disp_240Hz_naive,549.0697,0.040344777
3rd_test,disp_240Hz_naive,549.4031,0.034671283
3rd_test,disp_240Hz_naive,549.7364,0.030183216
3rd_test,disp_240Hz_naive,550.0697,0.0388975
3rd_test,disp_240Hz_naive,550.4031,0.035369134
3rd_test,disp_240Hz_naive,550.7364,0.035631727
3rd_test,disp_240Hz_naive,551.0697,0.035138786
3rd_test,disp_240Hz_naive,551.4031,0.042084894
3rd_test,disp_240Hz_naive,551.7364,0.048954539
3rd_test,disp_240Hz_naive,552.0697,0.055215767
3rd_test,disp_240Hz_naive,552.4031,0.031372101
3rd_test,disp_240Hz_naive,552.7364,0.050675132
3rd_test,disp_240Hz_naive,553.0697,0.034483073
3rd_test,disp_240Hz_naive,553.4031,0.036791509
3rd_test,disp_240Hz_naive,553.7364,0.032666562
3rd_test,disp_240Hz_naive,554.0697,0.026800921
3rd_test,disp_240Hz_naive,554.4031,0.038091072
3rd_test,disp_240Hz_naive,554.7364,0.027578162
3rd_test,disp_240Hz_naive,555.0697,0.03540167
3rd_test,disp_240Hz_naive,555.4031,0.044933198
3rd_test,disp_240Hz_naive,555.7364,0.038432875
3rd_test,disp_240Hz_naive,556.0697,0.03273445
3rd_test,disp_240Hz_naive,556.4031,0.029239684
3rd_test,disp_240Hz_naive,556.7364,0.049479748
3rd_test,disp_240Hz_naive,557.0697,0.033147644
3rd_test,disp_240Hz_naive,557.4031,0.05059533
3rd_test,disp_240Hz_naive,557.7364,0.038122752
3rd_test,disp_240Hz_naive,558.0697,0.032763004
3rd_test,disp_240Hz_naive,558.4031,0.050443666
3rd_test,disp_240Hz_naive,558.7364,0.036719842
3rd_test,disp_240Hz_naive,559.0697,0.05145195
3rd_test,disp_240Hz_naive,559.4031,0.03385795
3rd_test,disp_240Hz_naive,559.7364,0.050750464
3rd_test,disp_240Hz_naive,560.0697,0.032987613
3rd_test,disp_240Hz_naive,560.4031,0.040478046
3rd_test,disp_240Hz_naive,560.7364,0.028727204
3rd_test,disp_240Hz_naive,561.0697,0.045922914
3rd_test,disp_240Hz_naive,561.4031,0.028016201
3rd_test,disp_240Hz_naive,561.7364,0.029437496
3rd_test,disp_240Hz_naive,562.0697,0.045561111
3rd_test,disp_240Hz_naive,562.4031,0.050729923
3rd_test,disp_240Hz_naive,562.7364,0.035550288
3rd_test,disp_240Hz_naive,563.0697,0.059458207
3rd_test,disp_240Hz_naive,563.4031,0.030374415
3rd_test,disp_240Hz_naive,563.7364,0.061270019
3rd_test,disp_240Hz_naive,564.0697,0.050440803
3rd_test,disp_240Hz_naive,564.4031,0.040925649
3rd_test,disp_240Hz_naive,564.7364,0.04642154
3rd_test,disp_240Hz_naive,565.0697,0.03413934
3rd_test,disp_240Hz_naive,565.4031,0.042519215
3rd_test,disp_240Hz_naive,565.7364,0.042366155
3rd_test,disp_240Hz_naive,566.0697,0.031274483
3rd_test,disp_240Hz_naive,566.4031,0.041512805
3rd_test,disp_240Hz_naive,566.7364,0.057650726
3rd_test,disp_240Hz_naive,567.0697,0.026787686
3rd_test,disp_240Hz_naive,567.4031,0.041197402
3rd_test,disp_240Hz_naive,567.7364,0.048183751
3rd_test,disp_240Hz_naive,568.0697,0.043549956
3rd_test,disp_240Hz_naive,568.4031,0.037426686
3rd_test,disp_240Hz_naive,568.7364,0.045088392
3rd_test,disp_240Hz_naive,569.0697,0.035015462
3rd_test,disp_240Hz_naive,569.4031,0.030824992
3rd_test,disp_240Hz_naive,569.7364,0.044408549
3rd_test,disp_240Hz_naive,570.0697,0.036717552
3rd_test,disp_240Hz_naive,570.4031,0.053910702
3rd_test,disp_240Hz_naive,570.7364,0.044552787
3rd_test,disp_240Hz_naive,571.0697,0.044656486
3rd_test,disp_240Hz_naive,571.4031,0.032124896
3rd_test,disp_240Hz_naive,571.7364,0.041020472
3rd_test,disp_240Hz_naive,572.0697,0.02777495
3rd_test,disp_240Hz_naive,572.4031,0.031388868
3rd_test,disp_240Hz_naive,572.7364,0.033135118
3rd_test,disp_240Hz_naive,573.0697,0.031131556
3rd_test,disp_240Hz_naive,573.4031,0.043452434
3rd_test,disp_240Hz_naive,573.7364,0.034168605
3rd_test,disp_240Hz_naive,574.0697,0.042457791
3rd_test,disp_240Hz_naive,574.4031,0.048711049
3rd_test,disp_240Hz_naive,574.7364,0.027412096
3rd_test,disp_240Hz_naive,575.0697,0.03273887
3rd_test,disp_240Hz_naive,575.4031,0.037968728
3rd_test,disp_240Hz_naive,575.7364,0.039495419
3rd_test,disp_240Hz_naive,576.0697,0.036561855
3rd_test,disp_240Hz_naive,576.4031,0.04711534
3rd_test,disp_240Hz_naive,576.7364,0.037235371
3rd_test,disp_240Hz_naive,577.0697,0.041906707
3rd_test,disp_240Hz_naive,577.4031,0.04481106
3rd_test,disp_240Hz_naive,577.7364,0.040005465
3rd_test,disp_240Hz_naive,578.0697,0.029690762
3rd_test,disp_240Hz_naive,578.4031,0.041059761
3rd_test,disp_240Hz_naive,578.7364,0.042472548
3rd_test,disp_240Hz_naive,579.0697,0.04556323
3rd_test,disp_240Hz_naive,579.4031,0.026512877
3rd_test,disp_240Hz_naive,579.7364,0.040508715
3rd_test,disp_240Hz_naive,580.0697,0.030679323
3rd_test,disp_240Hz_naive,580.4031,0.034807413
3rd_test,disp_240Hz_naive,580.7364,0.033500409
3rd_test,disp_240Hz_naive,581.0697,0.046055698
3rd_test,disp_240Hz_naive,581.4031,0.036492474
3rd_test,disp_240Hz_naive,581.7364,0.056160885
3rd_test,disp_240Hz_naive,582.0697,0.045164244
3rd_test,disp_240Hz_naive,582.4031,0.039356568
3rd_test,disp_240Hz_naive,582.7364,0.039828692
3rd_test,disp_240Hz_naive,583.0697,0.061564428
3rd_test,disp_240Hz_naive,583.4031,0.03441508
3rd_test,disp_240Hz_naive,583.7364,0.034657115
3rd_test,disp_240Hz_naive,584.0697,0.039061391
3rd_test,disp_240Hz_naive,584.4031,0.028280038
3rd_test,disp_240Hz_naive,584.7364,0.055288304
3rd_test,disp_240Hz_naive,585.0697,0.029367642
3rd_test,disp_240Hz_naive,585.4031,0.027273764
3rd_test,disp_240Hz_naive,585.7364,0.035413898
3rd_test,disp_240Hz_naive,586.0697,0.042475391
3rd_test,disp_240Hz_naive,586.4031,0.036672163
3rd_test,disp_240Hz_naive,586.7364,0.052718669
3rd_test,disp_240Hz_naive,587.0697,0.034318969
3rd_test,disp_240Hz_naive,587.4031,0.028320451
3rd_test,disp_240Hz_naive,587.7364,0.048207042
3rd_test,disp_240Hz_naive,588.0697,0.030211378
3rd_test,disp_240Hz_naive,588.4031,0.026611304
3rd_test,disp_240Hz_naive,588.7364,0.034518414
3rd_test,disp_240Hz_naive,589.0697,0.037015423
3rd_test,disp_240Hz_naive,589.4031,0.044693581
3rd_test,disp_240Hz_naive,589.7364,0.047774528
3rd_test,disp_240Hz_naive,590.0697,0.046101717
3rd_test,disp_240Hz_naive,590.4031,0.037998545
3rd_test,disp_240Hz_naive,590.7364,0.022329845
3rd_test,disp_240Hz_naive,591.0697,0.029862106
3rd_test,disp_240Hz_naive,591.4031,0.037863975
3rd_test,disp_240Hz_naive,591.7364,0.048904119
3rd_test,disp_240Hz_naive,592.0697,0.02752026
3rd_test,disp_240Hz_naive,592.4031,0.027880351
3rd_test,disp_240Hz_naive,592.7364,0.039239878
3rd_test,disp_240Hz_naive,593.0697,0.039061144
3rd_test,disp_240Hz_naive,593.4031,0.027928
3rd_test,disp_240Hz_naive,593.7364,0.033693925
3rd_test,disp_240Hz_naive,594.0697,0.027571403
3rd_test,disp_240Hz_naive,594.4031,0.035596006
3rd_test,disp_240Hz_naive,594.7364,0.02432702
3rd_test,disp_240Hz_naive,595.0697,0.043603745
3rd_test,disp_240Hz_naive,595.4031,0.049194703
3rd_test,disp_240Hz_naive,595.7364,0.043388425
3rd_test,disp_240Hz_naive,596.0697,0.038273873
3rd_test,disp_240Hz_naive,596.4031,0.035183156
3rd_test,disp_240Hz_naive,596.7364,0.040375717
3rd_test,disp_240Hz_naive,597.0697,0.032128143
3rd_test,disp_240Hz_naive,597.4031,0.043979668
3rd_test,disp_240Hz_naive,597.7364,0.030421153
3rd_test,disp_240Hz_naive,598.0697,0.036999069
3rd_test,disp_240Hz_naive,598.4031,0.036422293
3rd_test,disp_240Hz_naive,598.7364,0.054932518
3rd_test,disp_240Hz_naive,599.0697,0.030905466
3rd_test,disp_240Hz_naive,599.4031,0.03245378
3rd_test,disp_240Hz_naive,599.7364,0.02956215
3rd_test,disp_240Hz_naive,600.0697,0.035816691
3rd_test,disp_240Hz_naive,600.4031,0.02789264
3rd_test,disp_240Hz_naive,600.7364,0.044215058
3rd_test,disp_240Hz_naive,601.0697,0.032954725
3rd_test,disp_240Hz_naive,601.4031,0.03734291
3rd_test,disp_240Hz_naive,601.7364,0.038863414
3rd_test,disp_240Hz_naive,602.0697,0.054732846
3rd_test,disp_240Hz_naive,602.4031,0.037056928
3rd_test,disp_240Hz_naive,602.7364,0.049728308
3rd_test,disp_240Hz_naive,603.0697,0.044391521
3rd_test,disp_240Hz_naive,603.4031,0.03466522
3rd_test,disp_240Hz_naive,603.7364,0.064699887
3rd_test,disp_240Hz_naive,604.0697,0.046225394
3rd_test,disp_240Hz_naive,604.4031,0.029522421
3rd_test,disp_240Hz_naive,604.7364,0.041281062
3rd_test,disp_240Hz_naive,605.0697,0.049167716
3rd_test,disp_240Hz_naive,605.4031,0.034568517
3rd_test,disp_240Hz_naive,605.7364,0.025767612
3rd_test,disp_240Hz_naive,606.0697,0.040646397
3rd_test,disp_240Hz_naive,606.4031,0.040544129
3rd_test,disp_240Hz_naive,606.7364,0.045810418
3rd_test,disp_240Hz_naive,607.0697,0.034683176
3rd_test,disp_240Hz_naive,607.4031,0.031919208
3rd_test,disp_240Hz_naive,607.7364,0.050568208
3rd_test,disp_240Hz_naive,608.0697,0.024721496
3rd_test,disp_240Hz_naive,608.4031,0.04402481
3rd_test,disp_240Hz_naive,608.7364,0.031122316
3rd_test,disp_240Hz_naive,609.0697,0.056305342
3rd_test,disp_240Hz_naive,609.4031,0.043419101
3rd_test,disp_240Hz_naive,609.7364,0.038439693
3rd_test,disp_240Hz_naive,610.0697,0.038339285
3rd_test,disp_240Hz_naive,610.4031,0.037053992
3rd_test,disp_240Hz_naive,610.7364,0.036193422
3rd_test,disp_240Hz_naive,611.0697,0.041315005
3rd_test,disp_240Hz_naive,611.4031,0.032139112
3rd_test,disp_240Hz_naive,611.7364,0.039649168
3rd_test,disp_240Hz_naive,612.0697,0.018065089
3rd_test,disp_240Hz_naive,612.4031,0.048070845
3rd_test,disp_240Hz_naive,612.7364,0.060211913
3rd_test,disp_240Hz_naive,613.0697,0.041539361
3rd_test,disp_240Hz_naive,613.4031,0.0457511
3rd_test,disp_240Hz_naive,613.7364,0.029880366
3rd_test,disp_240Hz_naive,614.0697,0.03745223
3rd_test,disp_240Hz_naive,614.4031,0.046464428
3rd_test,disp_240Hz_naive,614.7364,0.032195625
3rd_test,disp_240Hz_naive,615.0697,0.027448956
3rd_test,disp_240Hz_naive,615.4031,0.042614848
3rd_test,disp_240Hz_naive,615.7364,0.01933898
3rd_test,disp_240Hz_naive,616.0697,0.062866674
3rd_test,disp_240Hz_naive,616.4031,0.034231724
3rd_test,disp_240Hz_naive,616.7364,0.044539161
3rd_test,disp_240Hz_naive,617.0697,0.03286648
3rd_test,disp_240Hz_naive,617.4031,0.050551951
3rd_test,disp_240Hz_naive,617.7364,0.049085484
3rd_test,disp_240Hz_naive,618.0697,0.028480275
3rd_test,disp_240Hz_naive,618.4031,0.031189758
3rd_test,disp_240Hz_naive,618.7364,0.028241579
3rd_test,disp_240Hz_naive,619.0697,0.045898506
3rd_test,disp_240Hz_naive,619.4031,0.036845613
3rd_test,disp_240Hz_naive,619.7364,0.042500913
3rd_test,disp_240Hz_naive,620.0697,0.035268169
3rd_test,disp_240Hz_naive,620.4031,0.029389125
3rd_test,disp_240Hz_naive,620.7364,0.032085332
3rd_test,disp_240Hz_naive,621.0697,0.044502507
3rd_test,disp_240Hz_naive,621.4031,0.031216381
3rd_test,disp_240Hz_naive,621.7364,0.035402962
3rd_test,disp_240Hz_naive,622.0697,0.04307769
3rd_test,disp_240Hz_naive,622.4031,0.036953291
3rd_test,disp_240Hz_naive,622.7364,0.046889353
3rd_test,disp_240Hz_naive,623.0697,0.036823672
3rd_test,disp_240Hz_naive,623.4031,0.037853095
3rd_test,disp_240Hz_naive,623.7364,0.028641224
3rd_test,disp_240Hz_naive,624.0697,0.039097153
3rd_test,disp_240Hz_naive,624.4031,0.029379865
3rd_test,disp_240Hz_naive,624.7364,0.037884951
3rd_test,disp_240Hz_naive,625.0697,0.05068203
3rd_test,disp_240Hz_naive,625.4031,0.032037438
3rd_test,disp_240Hz_naive,625.7364,0.034100009
3rd_test,disp_240Hz_naive,626.0697,0.025272489
3rd_test,disp_240Hz_naive,626.4031,0.029501263
3rd_test,disp_240Hz_naive,626.7364,0.038489099
3rd_test,disp_240Hz_naive,627.0697,0.031312707
3rd_test,disp_240Hz_naive,627.4031,0.035811321
3rd_test,disp_240Hz_naive,627.7364,0.038117512
3rd_test,disp_240Hz_naive,628.0697,0.042016162
3rd_test,disp_240Hz_naive,628.4031,0.041392281
3rd_test,disp_240Hz_naive,628.7364,0.025966119
3rd_test,disp_240Hz_naive,629.0697,0.046126289
3rd_test,disp_240Hz_naive,629.4031,0.032041741
3rd_test,disp_240Hz_naive,629.7364,0.037922622
3rd_test,disp_240Hz_naive,630.0697,0.043374305
3rd_test,disp_240Hz_naive,630.4031,0.039305158
3rd_test,disp_240Hz_naive,630.7364,0.045901848
3rd_test,disp_240Hz_naive,631.0697,0.037383314
3rd_test,disp_240Hz_naive,631.4031,0.030854828
3rd_test,disp_240Hz_naive,631.7364,0.039123403
3rd_test,disp_240Hz_naive,632.0697,0.033821888
3rd_test,disp_240Hz_naive,632.4031,0.044515305
3rd_test,disp_240Hz_naive,632.7364,0.043359067
3rd_test,disp_240Hz_naive,633.0697,0.035718992
3rd_test,disp_240Hz_naive,633.4031,0.044839709
3rd_test,disp_240Hz_naive,633.7364,0.032997584
3rd_test,disp_240Hz_naive,634.0697,0.049640316
3rd_test,disp_240Hz_naive,634.4031,0.031162841
3rd_test,disp_240Hz_naive,634.7364,0.039615868
3rd_test,disp_240Hz_naive,635.0697,0.053002298
3rd_test,disp_240Hz_naive,635.4031,0.030130751
3rd_test,disp_240Hz_naive,635.7364,0.044416394
3rd_test,disp_240Hz_naive,636.0697,0.024985072
3rd_test,disp_240Hz_naive,636.4031,0.054683744
3rd_test,disp_240Hz_naive,636.7364,0.028538835
3rd_test,disp_240Hz_naive,637.0697,0.061004924
3rd_test,disp_240Hz_naive,637.4031,0.048248471
3rd_test,disp_240Hz_naive,637.7364,0.052269271
3rd_test,disp_240Hz_naive,638.0697,0.042701756
3rd_test,disp_240Hz_naive,638.4031,0.02125495
3rd_test,disp_240Hz_naive,638.7364,0.04804368
3rd_test,disp_240Hz_naive,639.0697,0.040002222
3rd_test,disp_240Hz_naive,639.4031,0.029941758
3rd_test,disp_240Hz_naive,639.7364,0.023809772
3rd_test,disp_240Hz_naive,640.0697,0.046607854
3rd_test,disp_240Hz_naive,640.4031,0.029668987
3rd_test,disp_240Hz_naive,640.7364,0.032186395
3rd_test,disp_240Hz_naive,641.0697,0.032300285
3rd_test,disp_240Hz_naive,641.4031,0.045032846
3rd_test,disp_240Hz_naive,641.7364,0.041620272
3rd_test,disp_240Hz_naive,642.0697,0.050441122
3rd_test,disp_240Hz_naive,642.4031,0.030427592
3rd_test,disp_240Hz_naive,642.7364,0.030395962
3rd_test,disp_240Hz_naive,643.0697,0.046110822
3rd_test,disp_240Hz_naive,643.4031,0.033357709
3rd_test,disp_240Hz_naive,643.7364,0.034472971
3rd_test,disp_240Hz_naive,644.0697,0.04009519
3rd_test,disp_240Hz_naive,644.4031,0.04827051
3rd_test,disp_240Hz_naive,644.7364,0.037258842
3rd_test,disp_240Hz_naive,645.0697,0.061131862
3rd_test,disp_240Hz_naive,645.4031,0.039761408
3rd_test,disp_240Hz_naive,645.7364,0.04813352
3rd_test,disp_240Hz_naive,646.0697,0.048071448
3rd_test,disp_240Hz_naive,646.4031,0.029425131
3rd_test,disp_240Hz_naive,646.7364,0.044444001
3rd_test,disp_240Hz_naive,647.0697,0.027938488
3rd_test,disp_240Hz_naive,647.4031,0.045994158
3rd_test,disp_240Hz_naive,647.7364,0.034655299
3rd_test,disp_240Hz_naive,648.0697,0.037145397
3rd_test,disp_240Hz_naive,648.4031,0.037253067
3rd_test,disp_240Hz_naive,648.7364,0.044794591
3rd_test,disp_240Hz_naive,649.0697,0.026033833
3rd_test,disp_240Hz_naive,649.4031,0.036871707
3rd_test,disp_240Hz_naive,649.7364,0.035304685
3rd_test,disp_240Hz_naive,650.0697,0.0436874
3rd_test,disp_240Hz_naive,650.4031,0.051150274
3rd_test,disp_240Hz_naive,650.7364,0.02881439
3rd_test,disp_240Hz_naive,651.0697,0.040051709
3rd_test,disp_240Hz_naive,651.4031,0.043337634
3rd_test,disp_240Hz_naive,651.7364,0.035043768
3rd_test,disp_240Hz_naive,652.0697,0.035615055
3rd_test,disp_240Hz_naive,652.4031,0.041061687
3rd_test,disp_240Hz_naive,652.7364,0.037963186
3rd_test,disp_240Hz_naive,653.0697,0.035926149
3rd_test,disp_240Hz_naive,653.4031,0.029830068
3rd_test,disp_240Hz_naive,653.7364,0.033357874
3rd_test,disp_240Hz_naive,654.0697,0.036149456
3rd_test,disp_240Hz_naive,654.4031,0.040273784
3rd_test,disp_240Hz_naive,654.7364,0.030198736
3rd_test,disp_240Hz_naive,655.0697,0.037395379
3rd_test,disp_240Hz_naive,655.4031,0.030973508
3rd_test,disp_240Hz_naive,655.7364,0.052019841
3rd_test,disp_240Hz_naive,656.0697,0.0280706
3rd_test,disp_240Hz_naive,656.4031,0.057634308
3rd_test,disp_240Hz_naive,656.7364,0.035899283
3rd_test,disp_240Hz_naive,657.0697,0.041011869
3rd_test,disp_240Hz_naive,657.4031,0.026936198
3rd_test,disp_240Hz_naive,657.7364,0.051185135
3rd_test,disp_240Hz_naive,658.0697,0.048438065
3rd_test,disp_240Hz_naive,658.4031,0.030546895
3rd_test,disp_240Hz_naive,658.7364,0.037365405
3rd_test,disp_240Hz_naive,659.0697,0.034049149
3rd_test,disp_240Hz_naive,659.4031,0.056340674
3rd_test,disp_240Hz_naive,659.7364,0.054599575
3rd_test,disp_240Hz_naive,660.0697,0.037911713
3rd_test,disp_240Hz_naive,660.4031,0.029811197
3rd_test,disp_240Hz_naive,660.7364,0.040158542
3rd_test,disp_240Hz_naive,661.0697,0.033834126
3rd_test,disp_240Hz_naive,661.4031,0.049257504
3rd_test,disp_240Hz_naive,661.7364,0.03709375
3rd_test,disp_240Hz_naive,662.0697,0.046314064
3rd_test,disp_240Hz_naive,662.4031,0.039805647
3rd_test,disp_240Hz_naive,662.7364,0.048589788
3rd_test,disp_240Hz_naive,663.0697,0.061648755
3rd_test,disp_240Hz_naive,663.4031,0.031787256
3rd_test,disp_240Hz_naive,663.7364,0.035618063
3rd_test,disp_240Hz_naive,664.0697,0.037051072
3rd_test,disp_240Hz_naive,664.4031,0.037469089
3rd_test,disp_240Hz_naive,664.7364,0.036984199
3rd_test,disp_240Hz_naive,665.0697,0.033789625
3rd_test,disp_240Hz_naive,665.4031,0.046203232
3rd_test,disp_240Hz_naive,665.7364,0.037119049
3rd_test,disp_240Hz_naive,666.0697,0.043829061
3rd_test,disp_240Hz_naive,666.4031,0.021032875
3rd_test,disp_240Hz_naive,666.7364,0.02729888
3rd_test,disp_240Hz_naive,667.0697,0.036508484
3rd_test,disp_240Hz_naive,667.4031,0.026872781
3rd_test,disp_240Hz_naive,667.7364,0.041736745
3rd_test,disp_240Hz_naive,668.0697,0.034669686
3rd_test,disp_240Hz_naive,668.4031,0.054792101
3rd_test,disp_240Hz_naive,668.7364,0.026605979
3rd_test,disp_240Hz_naive,669.0697,0.03781468
3rd_test,disp_240Hz_naive,669.4031,0.050727504
3rd_test,disp_240Hz_naive,669.7364,0.049175898
3rd_test,disp_240Hz_naive,670.0697,0.04289249
3rd_test,disp_240Hz_naive,670.4031,0.042947037
3rd_test,disp_240Hz_naive,670.7364,0.04746031
3rd_test,disp_240Hz_naive,671.0697,0.047568647
3rd_test,disp_240Hz_naive,671.4031,0.026546951
3rd_test,disp_240Hz_naive,671.7364,0.031874261
3rd_test,disp_240Hz_naive,672.0697,0.027991665
3rd_test,disp_240Hz_naive,672.4031,0.052572867
3rd_test,disp_240Hz_naive,672.7364,0.040256444
3rd_test,disp_240Hz_naive,673.0697,0.037551716
3rd_test,disp_240Hz_naive,673.4031,0.047519834
3rd_test,disp_240Hz_naive,673.7364,0.031447027
3rd_test,disp_240Hz_naive,674.0697,0.038249728
3rd_test,disp_240Hz_naive,674.4031,0.027742048
3rd_test,disp_240Hz_naive,674.7364,0.035206748
3rd_test,disp_240Hz_naive,675.0697,0.037576359
3rd_test,disp_240Hz_naive,675.4031,0.040369145
3rd_test,disp_240Hz_naive,675.7364,0.052728706
3rd_test,disp_240Hz_naive,676.0697,0.035672272
3rd_test,disp_240Hz_naive,676.4031,0.042291565
3rd_test,disp_240Hz_naive,676.7364,0.041869386
3rd_test,disp_240Hz_naive,677.0697,0.048357884
3rd_test,disp_240Hz_naive,677.4031,0.066995685
3rd_test,disp_240Hz_naive,677.7364,0.048471774
3rd_test,disp_240Hz_naive,678.0697,0.04360292
3rd_test,disp_240Hz_naive,678.4031,0.042819755
3rd_test,disp_240Hz_naive,678.7364,0.036448159
3rd_test,disp_240Hz_naive,679.0697,0.03859891
3rd_test,disp_240Hz_naive,679.4031,0.03385063
3rd_test,disp_240Hz_naive,679.7364,0.037027638
3rd_test,disp_240Hz_naive,680.0697,0.042819492
3rd_test,disp_240Hz_naive,680.4031,0.036926928
3rd_test,disp_240Hz_naive,680.7364,0.032183995
3rd_test,disp_240Hz_naive,681.0697,0.024588064
3rd_test,disp_240Hz_naive,681.4031,0.042861032
3rd_test,disp_240Hz_naive,681.7364,0.029973599
3rd_test,disp_240Hz_naive,682.0697,0.027122053
3rd_test,disp_240Hz_naive,682.4031,0.046543706
3rd_test,disp_240Hz_naive,682.7364,0.029780847
3rd_test,disp_240Hz_naive,683.0697,0.033194398
3rd_test,disp_240Hz_naive,683.4031,0.0449491
3rd_test,disp_240Hz_naive,683.7364,0.022405244
3rd_test,disp_240Hz_naive,684.0697,0.03234787
3rd_test,disp_240Hz_naive,684.4031,0.03715247
3rd_test,disp_240Hz_naive,684.7364,0.03034498
3rd_test,disp_240Hz_naive,685.0697,0.034460658
3rd_test,disp_240Hz_naive,685.4031,0.043373074
3rd_test,disp_240Hz_naive,685.7364,0.06382068
3rd_test,disp_240Hz_naive,686.0697,0.039357553
3rd_test,disp_240Hz_naive,686.4031,0.037381016
3rd_test,disp_240Hz_naive,686.7364,0.027657425
3rd_test,disp_240Hz_naive,687.0697,0.034838955
3rd_test,disp_240Hz_naive,687.4031,0.036135689
3rd_test,disp_240Hz_naive,687.7364,0.05256295
3rd_test,disp_240Hz_naive,688.0697,0.029296211
3rd_test,disp_240Hz_naive,688.4031,0.028671598
3rd_test,disp_240Hz_naive,688.7364,0.033603904
3rd_test,disp_240Hz_naive,689.0697,0.038625994
3rd_test,disp_240Hz_naive,689.4031,0.028464139
3rd_test,disp_240Hz_naive,689.7364,0.047566031
3rd_test,disp_240Hz_naive,690.0697,0.039055507
3rd_test,disp_240Hz_naive,690.4031,0.02883033
3rd_test,disp_240Hz_naive,690.7364,0.033854061
3rd_test,disp_240Hz_naive,691.0697,0.035326227
3rd_test,disp_240Hz_naive,691.4031,0.036805133
3rd_test,disp_240Hz_naive,691.7364,0.028298401
3rd_test,disp_240Hz_naive,692.0697,0.05711703
3rd_test,disp_240Hz_naive,692.4031,0.033462598
3rd_test,disp_240Hz_naive,692.7364,0.039901004
3rd_test,disp_240Hz_naive,693.0697,0.033521213
3rd_test,disp_240Hz_naive,693.4031,0.049236472
3rd_test,disp_240Hz_naive,693.7364,0.025271358
3rd_test,disp_240Hz_naive,694.0697,0.04149171
3rd_test,disp_240Hz_naive,694.4031,0.031070929
3rd_test,disp_240Hz_naive,694.7364,0.046806049
3rd_test,disp_240Hz_naive,695.0697,0.036034101
3rd_test,disp_240Hz_naive,695.4031,0.029972098
3rd_test,disp_240Hz_naive,695.7364,0.040889188
3rd_test,disp_240Hz_naive,696.0697,0.031558281
3rd_test,disp_240Hz_naive,696.4031,0.037385276
3rd_test,disp_240Hz_naive,696.7364,0.032792516
3rd_test,disp_240Hz_naive,697.0697,0.032521312
3rd_test,disp_240Hz_naive,697.4031,0.042976924
3rd_test,disp_240Hz_naive,697.7364,0.034773977
3rd_test,disp_240Hz_naive,698.0697,0.042559073
3rd_test,disp_240Hz_naive,698.4031,0.045975792
3rd_test,disp_240Hz_naive,698.7364,0.036971566
3rd_test,disp_240Hz_naive,699.0697,0.035287858
3rd_test,disp_240Hz_naive,699.4031,0.042794888
3rd_test,disp_240Hz_naive,699.7364,0.034276242
3rd_test,disp_240Hz_naive,700.0697,0.04027907
3rd_test,disp_240Hz_naive,700.4031,0.023619447
3rd_test,disp_240Hz_naive,700.7364,0.023098835
3rd_test,disp_240Hz_naive,701.0697,0.049209838
3rd_test,disp_240Hz_naive,701.4031,0.044083831
3rd_test,disp_240Hz_naive,701.7364,0.034547776
3rd_test,disp_240Hz_naive,702.0697,0.019750749
3rd_test,disp_240Hz_naive,702.4031,0.04981261
3rd_test,disp_240Hz_naive,702.7364,0.029085667
3rd_test,disp_240Hz_naive,703.0697,0.02744424
3rd_test,disp_240Hz_naive,703.4031,0.033954939
3rd_test,disp_240Hz_naive,703.7364,0.043600847
3rd_test,disp_240Hz_naive,704.0697,0.038247696
3rd_test,disp_240Hz_naive,704.4031,0.042387049
3rd_test,disp_240Hz_naive,704.7364,0.035410729
3rd_test,disp_240Hz_naive,705.0697,0.054540754
3rd_test,disp_240Hz_naive,705.4031,0.046160497
3rd_test,disp_240Hz_naive,705.7364,0.048206228
3rd_test,disp_240Hz_naive,706.0697,0.045554108
3rd_test,disp_240Hz_naive,706.4031,0.039015439
3rd_test,disp_240Hz_naive,706.7364,0.035646314
3rd_test,disp_240Hz_naive,707.0697,0.047512201
3rd_test,disp_240Hz_naive,707.4031,0.042440433
3rd_test,disp_240Hz_naive,707.7364,0.057408174
3rd_test,disp_240Hz_naive,708.0697,0.039401497
3rd_test,disp_240Hz_naive,708.4031,0.025326176
3rd_test,disp_240Hz_naive,708.7364,0.039479884
3rd_test,disp_240Hz_naive,709.0697,0.040032315
3rd_test,disp_240Hz_naive,709.4031,0.038927093
3rd_test,disp_240Hz_naive,709.7364,0.048370563
3rd_test,disp_240Hz_naive,710.0697,0.033424464
3rd_test,disp_240Hz_naive,710.4031,0.035826622
3rd_test,disp_240Hz_naive,710.7364,0.037000221
3rd_test,disp_240Hz_naive,711.0697,0.041755146
3rd_test,disp_240Hz_naive,711.4031,0.047569933
3rd_test,disp_240Hz_naive,711.7364,0.049631733
3rd_test,disp_240Hz_naive,712.0697,0.028743144
3rd_test,disp_240Hz_naive,712.4031,0.059822438
3rd_test,disp_240Hz_naive,712.7364,0.029043994
3rd_test,disp_240Hz_naive,713.0697,0.035042335
3rd_test,disp_240Hz_naive,713.4031,0.040582819
3rd_test,disp_240Hz_naive,713.7364,0.028447785
3rd_test,disp_240Hz_naive,714.0697,0.039672169
3rd_test,disp_240Hz_naive,714.4031,0.038906432
3rd_test,disp_240Hz_naive,714.7364,0.022459645
3rd_test,disp_240Hz_naive,715.0697,0.038891063
3rd_test,disp_240Hz_naive,715.4031,0.048085035
3rd_test,disp_240Hz_naive,715.7364,0.036697956
3rd_test,disp_240Hz_naive,716.0697,0.043240756
3rd_test,disp_240Hz_naive,716.4031,0.033644648
3rd_test,disp_240Hz_naive,716.7364,0.048548102
3rd_test,disp_240Hz_naive,717.0697,0.049730485
3rd_test,disp_240Hz_naive,717.4031,0.034507905
3rd_test,disp_240Hz_naive,717.7364,0.047602499
3rd_test,disp_240Hz_naive,718.0697,0.030103183
3rd_test,disp_240Hz_naive,718.4031,0.045441952
3rd_test,disp_240Hz_naive,718.7364,0.041635052
3rd_test,disp_240Hz_naive,719.0697,0.033937552
3rd_test,disp_240Hz_naive,719.4031,0.033313715
3rd_test,disp_240Hz_naive,719.7364,0.038507409
3rd_test,disp_240Hz_naive,720.0697,0.037876927
3rd_test,disp_240Hz_naive,720.4031,0.041469614
3rd_test,disp_240Hz_naive,720.7364,0.043575167
3rd_test,disp_240Hz_naive,721.0697,0.024708073
3rd_test,disp_240Hz_naive,721.4031,0.043510155
3rd_test,disp_240Hz_naive,721.7364,0.049781785
3rd_test,disp_240Hz_naive,722.0697,0.028883153
3rd_test,disp_240Hz_naive,722.4031,0.035577246
3rd_test,disp_240Hz_naive,722.7364,0.046990581
3rd_test,disp_240Hz_naive,723.0697,0.065573894
3rd_test,disp_240Hz_naive,723.4031,0.033392934
3rd_test,disp_240Hz_naive,723.7364,0.033092291
3rd_test,disp_240Hz_naive,724.0697,0.044836691
3rd_test,disp_240Hz_naive,724.4031,0.035104822
3rd_test,disp_240Hz_naive,724.7364,0.042962998
3rd_test,disp_240Hz_naive,725.0697,0.039225247
3rd_test,disp_240Hz_naive,725.4031,0.032476219
3rd_test,disp_240Hz_naive,725.7364,0.05048824
3rd_test,disp_240Hz_naive,726.0697,0.029945684
3rd_test,disp_240Hz_naive,726.4031,0.034527302
3rd_test,disp_240Hz_naive,726.7364,0.03682757
3rd_test,disp_240Hz_naive,727.0697,0.049683726
3rd_test,disp_240Hz_naive,727.4031,0.039407551
3rd_test,disp_240Hz_naive,727.7364,0.041914938
3rd_test,disp_240Hz_naive,728.0697,0.019139049
3rd_test,disp_240Hz_naive,728.4031,0.033245661
3rd_test,disp_240Hz_naive,728.7364,0.030462054
3rd_test,disp_240Hz_naive,729.0697,0.047209714
3rd_test,disp_240Hz_naive,729.4031,0.051035229
3rd_test,disp_240Hz_naive,729.7364,0.036204743
3rd_test,disp_240Hz_naive,730.0697,0.029411626
3rd_test,disp_240Hz_naive,730.4031,0.051783173
3rd_test,disp_240Hz_naive,730.7364,0.029228681
3rd_test,disp_240Hz_naive,731.0697,0.038808589
3rd_test,disp_240Hz_naive,731.4031,0.025997202
3rd_test,disp_240Hz_naive,731.7364,0.057293848
3rd_test,disp_240Hz_naive,732.0697,0.031180495
3rd_test,disp_240Hz_naive,732.4031,0.027720657
3rd_test,disp_240Hz_naive,732.7364,0.033485053
3rd_test,disp_240Hz_naive,733.0697,0.04146868
3rd_test,disp_240Hz_naive,733.4031,0.044361173
3rd_test,disp_240Hz_naive,733.7364,0.036549036
3rd_test,disp_240Hz_naive,734.0697,0.047221148
3rd_test,disp_240Hz_naive,734.4031,0.032459848
3rd_test,disp_240Hz_naive,734.7364,0.031285607
3rd_test,disp_240Hz_naive,735.0697,0.034797606
3rd_test,disp_240Hz_naive,735.4031,0.034899566
3rd_test,disp_240Hz_naive,735.7364,0.030625456
3rd_test,disp_240Hz_naive,736.0697,0.035509473
3rd_test,disp_240Hz_naive,736.4031,0.044313409
3rd_test,disp_240Hz_naive,737.7364,0.038251074
3rd_test,disp_240Hz_naive,738.0697,0.046851525
3rd_test,disp_240Hz_naive,738.4031,0.04624469
3rd_test,disp_240Hz_naive,738.7364,0.031664989
3rd_test,disp_240Hz_naive,739.0697,0.023362357
3rd_test,disp_240Hz_naive,739.4031,0.054656737
3rd_test,disp_240Hz_naive,739.7364,0.036615174
3rd_test,disp_240Hz_naive,740.0697,0.041126148
3rd_test,disp_240Hz_naive,740.4031,0.044180138
3rd_test,disp_240Hz_naive,740.7364,0.042170556
3rd_test,disp_240Hz_naive,741.0697,0.052238047
3rd_test,disp_240Hz_naive,741.4031,0.038509246
3rd_test,disp_240Hz_naive,741.7364,0.048384043
3rd_test,disp_240Hz_naive,742.0697,0.040038399
3rd_test,disp_240Hz_naive,742.4031,0.026763562
3rd_test,disp_240Hz_naive,742.7364,0.032438219
3rd_test,disp_240Hz_naive,743.0697,0.033120181
3rd_test,disp_240Hz_naive,743.4031,0.035309086
3rd_test,disp_240Hz_naive,743.7364,0.034362155
3rd_test,disp_240Hz_naive,744.0697,0.01964225
3rd_test,disp_240Hz_naive,744.4031,0.03314112
3rd_test,disp_240Hz_naive,744.7364,0.040622028
3rd_test,disp_240Hz_naive,745.0697,0.040181788
3rd_test,disp_240Hz_naive,745.4031,0.050390738
3rd_test,disp_240Hz_naive,745.7364,0.044573231
3rd_test,disp_240Hz_naive,746.0697,0.041804685
3rd_test,disp_240Hz_naive,746.4031,0.041070591
3rd_test,disp_240Hz_naive,746.7364,0.039625466
3rd_test,disp_240Hz_naive,747.0697,0.043163597
3rd_test,disp_240Hz_naive,747.4031,0.041597964
3rd_test,disp_240Hz_naive,747.7364,0.043957493
3rd_test,disp_240Hz_naive,748.0697,0.037183303
3rd_test,disp_240Hz_naive,748.4031,0.040208303
3rd_test,disp_240Hz_naive,748.7364,0.037481109
3rd_test,disp_240Hz_naive,749.0697,0.049810407
3rd_test,disp_240Hz_naive,749.4031,0.037630134
3rd_test,disp_240Hz_naive,749.7364,0.03296502
3rd_test,disp_240Hz_naive,750.0697,0.048082591
3rd_test,disp_240Hz_naive,750.4031,0.026695439
3rd_test,disp_240Hz_naive,750.7364,0.034979242
3rd_test,disp_240Hz_naive,751.0697,0.045623076
3rd_test,disp_240Hz_naive,751.4031,0.031610369
3rd_test,disp_240Hz_naive,751.7364,0.059337843
3rd_test,disp_240Hz_naive,752.0697,0.066217347
3rd_test,disp_240Hz_naive,752.4031,0.042716649
3rd_test,disp_240Hz_naive,752.7364,0.039022371
3rd_test,disp_240Hz_naive,753.0697,0.042789497
3rd_test,disp_240Hz_naive,753.4031,0.03260952
3rd_test,disp_240Hz_naive,753.7364,0.0493944
3rd_test,disp_240Hz_naive,754.0697,0.04353185
3rd_test,disp_240Hz_naive,754.4031,0.041668376
3rd_test,disp_240Hz_naive,754.7364,0.035949956
3rd_test,disp_240Hz_naive,755.0697,0.025576296
3rd_test,disp_240Hz_naive,755.4031,0.038129662
3rd_test,disp_240Hz_naive,755.7364,0.050175962
3rd_test,disp_240Hz_naive,756.0697,0.05555098
3rd_test,disp_240Hz_naive,756.4031,0.047729808
3rd_test,disp_240Hz_naive,756.7364,0.043389529
3rd_test,disp_240Hz_naive,757.0697,0.046347195
3rd_test,disp_240Hz_naive,757.4031,0.028271307
3rd_test,disp_240Hz_naive,757.7364,0.028675666
3rd_test,disp_240Hz_naive,758.0697,0.04268609
3rd_test,disp_240Hz_naive,758.4031,0.038718132
3rd_test,disp_240Hz_naive,758.7364,0.03752788
3rd_test,disp_240Hz_naive,759.0697,0.03428671
3rd_test,disp_240Hz_naive,759.4031,0.042697755
3rd_test,disp_240Hz_naive,759.7364,0.032631399
3rd_test,disp_240Hz_naive,760.0697,0.02319534
3rd_test,disp_240Hz_naive,760.4031,0.022605447
3rd_test,disp_240Hz_naive,760.7364,0.039067754
3rd_test,disp_240Hz_naive,761.0697,0.036909497
3rd_test,disp_240Hz_naive,761.4031,0.044449377
3rd_test,disp_240Hz_naive,761.7364,0.048605754
3rd_test,disp_240Hz_naive,762.0697,0.029207235
3rd_test,disp_240Hz_naive,762.4031,0.060441013
3rd_test,disp_240Hz_naive,762.7364,0.039364201
3rd_test,disp_240Hz_naive,763.0697,0.05259211
3rd_test,disp_240Hz_naive,763.4031,0.035303646
3rd_test,disp_240Hz_naive,763.7364,0.042754859
3rd_test,disp_240Hz_naive,764.0697,0.054624379
3rd_test,disp_240Hz_naive,764.4031,0.046864996
3rd_test,disp_240Hz_naive,764.7364,0.052884462
3rd_test,disp_240Hz_naive,765.0697,0.043738389
3rd_test,disp_240Hz_naive,765.4031,0.031842334
3rd_test,disp_240Hz_naive,765.7364,0.032793266
3rd_test,disp_240Hz_naive,766.0697,0.025495603
3rd_test,disp_240Hz_naive,766.4031,0.051630034
3rd_test,disp_240Hz_naive,766.7364,0.029788283
3rd_test,disp_240Hz_naive,767.0697,0.028830512
3rd_test,disp_240Hz_naive,767.4031,0.038985466
3rd_test,disp_240Hz_naive,767.7364,0.033283286
3rd_test,disp_240Hz_naive,768.0697,0.030585966
3rd_test,disp_240Hz_naive,768.4031,0.028120643
3rd_test,disp_240Hz_naive,768.7364,0.033048322
3rd_test,disp_240Hz_naive,769.0697,0.038650314
3rd_test,disp_240Hz_naive,769.4031,0.036802219
3rd_test,disp_240Hz_naive,769.7364,0.043734972
3rd_test,disp_240Hz_naive,770.0697,0.035685022
3rd_test,disp_240Hz_naive,770.4031,0.04244052
3rd_test,disp_240Hz_naive,770.7364,0.032540631
3rd_test,disp_240Hz_naive,771.0697,0.038631162
3rd_test,disp_240Hz_naive,771.4031,0.035463249
3rd_test,disp_240Hz_naive,771.7364,0.043264716
3rd_test,disp_240Hz_naive,772.0697,0.049569402
3rd_test,disp_240Hz_naive,772.4031,0.043396831
3rd_test,disp_240Hz_naive,772.7364,0.038298815
3rd_test,disp_240Hz_naive,773.0697,0.044766039
3rd_test,disp_240Hz_naive,773.4031,0.028197985
3rd_test,disp_240Hz_naive,773.7364,0.027289644
3rd_test,disp_240Hz_naive,774.0697,0.048685326
3rd_test,disp_240Hz_naive,774.4031,0.071102153
3rd_test,disp_240Hz_naive,774.7364,0.027409064
3rd_test,disp_240Hz_naive,775.0697,0.039595941
3rd_test,disp_240Hz_naive,775.4031,0.036651851
3rd_test,disp_240Hz_naive,775.7364,0.033003554
3rd_test,disp_240Hz_naive,776.0697,0.059316868
3rd_test,disp_240Hz_naive,776.4031,0.054042074
3rd_test,disp_240Hz_naive,776.7364,0.033068136
3rd_test,disp_240Hz_naive,777.0697,0.041768655
3rd_test,disp_240Hz_naive,777.4031,0.060946701
3rd_test,disp_240Hz_naive,777.7364,0.051908418
3rd_test,disp_240Hz_naive,778.0697,0.036683764
3rd_test,disp_240Hz_naive,778.4031,0.031299027
3rd_test,disp_240Hz_naive,778.7364,0.078510986
3rd_test,disp_240Hz_naive,779.0697,0.025286753
3rd_test,disp_240Hz_naive,779.4031,0.028448823
3rd_test,disp_240Hz_naive,779.7364,0.037729156
3rd_test,disp_240Hz_naive,780.0697,0.040121435
3rd_test,disp_240Hz_naive,780.4031,0.03735997
3rd_test,disp_240Hz_naive,780.7364,0.036249045
3rd_test,disp_240Hz_naive,781.0697,0.055217235
3rd_test,disp_240Hz_naive,781.4031,0.042919614
3rd_test,disp_240Hz_naive,781.7364,0.04067896
3rd_test,disp_240Hz_naive,782.0697,0.034519032
3rd_test,disp_240Hz_naive,782.4031,0.043598235
3rd_test,disp_240Hz_naive,782.7364,0.051053719
3rd_test,disp_240Hz_naive,783.0697,0.045856935
3rd_test,disp_240Hz_naive,783.4031,0.051366938
3rd_test,disp_240Hz_naive,783.7364,0.03059092
3rd_test,disp_240Hz_naive,784.0697,0.044501152
3rd_test,disp_240Hz_naive,784.4031,0.053313199
3rd_test,disp_240Hz_naive,784.7364,0.031528184
3rd_test,disp_240Hz_naive,785.0697,0.05574053
3rd_test,disp_240Hz_naive,785.4031,0.03841939
3rd_test,disp_240Hz_naive,785.7364,0.040127666
3rd_test,disp_240Hz_naive,786.0697,0.05091633
3rd_test,disp_240Hz_naive,786.4031,0.026824404
3rd_test,disp_240Hz_naive,786.7364,0.056875801
3rd_test,disp_240Hz_naive,787.0697,0.029799321
3rd_test,disp_240Hz_naive,787.4031,0.036977534
3rd_test,disp_240Hz_naive,787.7364,0.029042525
3rd_test,disp_240Hz_naive,788.0697,0.038759131
3rd_test,disp_240Hz_naive,788.4031,0.02509807
3rd_test,disp_240Hz_naive,788.7364,0.039915989
3rd_test,disp_240Hz_naive,789.0697,0.034062159
3rd_test,disp_240Hz_naive,789.4031,0.038283227
3rd_test,disp_240Hz_naive,789.7364,0.018601718
3rd_test,disp_240Hz_naive,790.0697,0.033381761
3rd_test,disp_240Hz_naive,790.4031,0.027217855
3rd_test,disp_240Hz_naive,790.7364,0.04875984
3rd_test,disp_240Hz_naive,791.0697,0.030481577
3rd_test,disp_240Hz_naive,791.4031,0.037717184
3rd_test,disp_240Hz_naive,791.7364,0.039089764
3rd_test,disp_240Hz_naive,792.0697,0.051066698
3rd_test,disp_240Hz_naive,792.4031,0.032183125
3rd_test,disp_240Hz_naive,792.7364,0.032529299
3rd_test,disp_240Hz_naive,793.0697,0.041157358
3rd_test,disp_240Hz_naive,793.4031,0.033329833
3rd_test,disp_240Hz_naive,793.7364,0.024866469
3rd_test,disp_240Hz_naive,794.0697,0.031735694
3rd_test,disp_240Hz_naive,794.4031,0.02945033
3rd_test,disp_240Hz_naive,794.7364,0.040866274
3rd_test,disp_240Hz_naive,795.0697,0.024716953
3rd_test,disp_240Hz_naive,795.4031,0.033642458
3rd_test,disp_240Hz_naive,795.7364,0.029777394
3rd_test,disp_240Hz_naive,796.0697,0.044564285
3rd_test,disp_240Hz_naive,796.4031,0.048837107
3rd_test,disp_240Hz_naive,796.7364,0.046008949
3rd_test,disp_240Hz_naive,797.0697,0.044979943
3rd_test,disp_240Hz_naive,797.4031,0.028633854
3rd_test,disp_240Hz_naive,797.7364,0.036433673
3rd_test,disp_240Hz_naive,798.0697,0.037423371
3rd_test,disp_240Hz_naive,798.4031,0.03507356
3rd_test,disp_240Hz_naive,798.7364,0.031895817
3rd_test,disp_240Hz_naive,799.0697,0.042927797
3rd_test,disp_240Hz_naive,799.4031,0.022896284
3rd_test,disp_240Hz_naive,799.7364,0.03217655
3rd_test,disp_240Hz_naive,800.0697,0.035054632
3rd_test,disp_240Hz_naive,800.4031,0.035421432
3rd_test,disp_240Hz_naive,800.7364,0.046712196
3rd_test,disp_240Hz_naive,801.0697,0.032369982
3rd_test,disp_240Hz_naive,801.4031,0.040133163
3rd_test,disp_240Hz_naive,801.7364,0.046352456
3rd_test,disp_240Hz_naive,802.0697,0.033976783
3rd_test,disp_240Hz_naive,802.4031,0.03140534
3rd_test,disp_240Hz_naive,802.7364,0.050151947
3rd_test,disp_240Hz_naive,803.0697,0.030327269
3rd_test,disp_240Hz_naive,803.4031,0.054497812
3rd_test,disp_240Hz_naive,803.7364,0.036137196
3rd_test,disp_240Hz_naive,804.0697,0.046994824
3rd_test,disp_240Hz_naive,804.4031,0.026429453
3rd_test,disp_240Hz_naive,804.7364,0.02515703
3rd_test,disp_240Hz_naive,805.0697,0.036335169
3rd_test,disp_240Hz_naive,805.4031,0.044131556
3rd_test,disp_240Hz_naive,805.7364,0.03948587
3rd_test,disp_240Hz_naive,806.0697,0.06074372
3rd_test,disp_240Hz_naive,806.4031,0.034087558
3rd_test,disp_240Hz_naive,806.7364,0.026859952
3rd_test,disp_240Hz_naive,807.0697,0.040933136
3rd_test,disp_240Hz_naive,807.4031,0.031888771
3rd_test,disp_240Hz_naive,807.7364,0.024510005
3rd_test,disp_240Hz_naive,808.0697,0.034300316
3rd_test,disp_240Hz_naive,808.4031,0.028317859
3rd_test,disp_240Hz_naive,808.7364,0.040475201
3rd_test,disp_240Hz_naive,809.0697,0.037504258
3rd_test,disp_240Hz_naive,809.4031,0.051237637
3rd_test,disp_240Hz_naive,809.7364,0.027701059
3rd_test,disp_240Hz_naive,810.0697,0.051631424
3rd_test,disp_240Hz_naive,810.4031,0.041942818
3rd_test,disp_240Hz_naive,810.7364,0.042577546
3rd_test,disp_240Hz_naive,811.0697,0.02933631
3rd_test,disp_240Hz_naive,811.4031,0.052967168
3rd_test,disp_240Hz_naive,811.7364,0.046707139
3rd_test,disp_240Hz_naive,812.0697,0.050067523
3rd_test,disp_240Hz_naive,812.4031,0.034216152
3rd_test,disp_240Hz_naive,812.7364,0.035521285
3rd_test,disp_240Hz_naive,813.0697,0.046717168
3rd_test,disp_240Hz_naive,813.4031,0.038105282
3rd_test,disp_240Hz_naive,813.7364,0.028515638
3rd_test,disp_240Hz_naive,814.0697,0.038807363
3rd_test,disp_240Hz_naive,814.4031,0.070181081
3rd_test,disp_240Hz_naive,814.7364,0.054617035
3rd_test,disp_240Hz_naive,815.0697,0.041449223
3rd_test,disp_240Hz_naive,815.4031,0.041064427
3rd_test,disp_240Hz_naive,815.7364,0.03537525
3rd_test,disp_240Hz_naive,816.0697,0.043841575
3rd_test,disp_240Hz_naive,816.4031,0.029769558
3rd_test,disp_240Hz_naive,816.7364,0.047288687
3rd_test,disp_240Hz_naive,817.0697,0.057577139
3rd_test,disp_240Hz_naive,817.4031,0.029764142
3rd_test,disp_240Hz_naive,817.7364,0.032018839
3rd_test,disp_240Hz_naive,818.0697,0.043597248
3rd_test,disp_240Hz_naive,818.4031,0.03238071
3rd_test,disp_240Hz_naive,818.7364,0.05259948
3rd_test,disp_240Hz_naive,819.0697,0.034845729
3rd_test,disp_240Hz_naive,819.4031,0.041153085
3rd_test,disp_240Hz_naive,819.7364,0.047026055
3rd_test,disp_240Hz_naive,820.0697,0.066448733
3rd_test,disp_240Hz_naive,820.4031,0.046136152
3rd_test,disp_240Hz_naive,820.7364,0.049670593
3rd_test,disp_240Hz_naive,821.0697,0.031644518
3rd_test,disp_240Hz_naive,821.4031,0.034816392
3rd_test,disp_240Hz_naive,821.7364,0.049486793
3rd_test,disp_240Hz_naive,822.0697,0.065034058
3rd_test,disp_240Hz_naive,822.4031,0.044672538
3rd_test,disp_240Hz_naive,822.7364,0.029512411
3rd_test,disp_240Hz_naive,823.0697,0.040171633
3rd_test,disp_240Hz_naive,823.4031,0.041943149
3rd_test,disp_240Hz_naive,823.7364,0.036607676
3rd_test,disp_240Hz_naive,824.0697,0.041417095
3rd_test,disp_240Hz_naive,824.4031,0.055328287
3rd_test,disp_240Hz_naive,824.7364,0.036295455
3rd_test,disp_240Hz_naive,825.0697,0.032123202
3rd_test,disp_240Hz_naive,825.4031,0.029424153
3rd_test,disp_240Hz_naive,825.7364,0.028672626
3rd_test,disp_240Hz_naive,826.0697,0.035051083
3rd_test,disp_240Hz_naive,826.4031,0.035307417
3rd_test,disp_240Hz_naive,826.7364,0.061715497
3rd_test,disp_240Hz_naive,827.0697,0.036100753
3rd_test,disp_240Hz_naive,827.4031,0.039432923
3rd_test,disp_240Hz_naive,827.7364,0.036466972
3rd_test,disp_240Hz_naive,828.0697,0.046310987
3rd_test,disp_240Hz_naive,828.4031,0.033484195
3rd_test,disp_240Hz_naive,828.7364,0.03150575
3rd_test,disp_240Hz_naive,829.0697,0.037599453
3rd_test,disp_240Hz_naive,829.4031,0.051025267
3rd_test,disp_240Hz_naive,829.7364,0.023811548
3rd_test,disp_240Hz_naive,830.0697,0.046303707
3rd_test,disp_240Hz_naive,830.4031,0.035789653
3rd_test,disp_240Hz_naive,830.7364,0.044824647
3rd_test,disp_240Hz_naive,831.0697,0.055022883
3rd_test,disp_240Hz_naive,831.4031,0.043196835
3rd_test,disp_240Hz_naive,831.7364,0.034873164
3rd_test,disp_240Hz_naive,832.0697,0.025873398
3rd_test,disp_240Hz_naive,832.4031,0.040414518
3rd_test,disp_240Hz_naive,832.7364,0.042501508
3rd_test,disp_240Hz_naive,833.0697,0.033155906
3rd_test,disp_240Hz_naive,833.4031,0.042941155
3rd_test,disp_240Hz_naive,833.7364,0.042541136
3rd_test,disp_240Hz_naive,834.0697,0.041238008
3rd_test,disp_240Hz_naive,834.4031,0.037275841
3rd_test,disp_240Hz_naive,834.7364,0.034467784
3rd_test,disp_240Hz_naive,835.0697,0.040731163
3rd_test,disp_240Hz_naive,835.4031,0.030738471
3rd_test,disp_240Hz_naive,835.7364,0.039393577
3rd_test,disp_240Hz_naive,836.0697,0.038184544
3rd_test,disp_240Hz_naive,836.4031,0.047414572
3rd_test,disp_240Hz_naive,836.7364,0.028961757
3rd_test,disp_240Hz_naive,837.0697,0.049503091
3rd_test,disp_240Hz_naive,837.4031,0.032179734
3rd_test,disp_240Hz_naive,837.7364,0.031920779
3rd_test,disp_240Hz_naive,838.0697,0.038998224
3rd_test,disp_240Hz_naive,838.4031,0.027264586
3rd_test,disp_240Hz_naive,838.7364,0.044706959
3rd_test,disp_240Hz_naive,839.0697,0.032601588
3rd_test,disp_240Hz_naive,839.4031,0.028347066
3rd_test,disp_240Hz_naive,839.7364,0.053548997
3rd_test,disp_240Hz_naive,840.0697,0.039293242
3rd_test,disp_240Hz_naive,840.4031,0.053380418
3rd_test,disp_240Hz_naive,840.7364,0.041317445
3rd_test,disp_240Hz_naive,841.0697,0.053326207
3rd_test,disp_240Hz_naive,841.4031,0.037996015
3rd_test,disp_240Hz_naive,841.7364,0.050567544
3rd_test,disp_240Hz_naive,842.0697,0.040419393
3rd_test,disp_240Hz_naive,842.4031,0.038105116
3rd_test,disp_240Hz_naive,842.7364,0.03004622
3rd_test,disp_240Hz_naive,843.0697,0.049886248
3rd_test,disp_240Hz_naive,843.4031,0.048478458
3rd_test,disp_240Hz_naive,843.7364,0.034870071
3rd_test,disp_240Hz_naive,844.0697,0.03784355
3rd_test,disp_240Hz_naive,844.4031,0.033597791
3rd_test,disp_240Hz_naive,844.7364,0.052436234
3rd_test,disp_240Hz_naive,845.0697,0.035911377
3rd_test,disp_240Hz_naive,845.4031,0.027608331
3rd_test,disp_240Hz_naive,845.7364,0.038159779
3rd_test,disp_240Hz_naive,846.0697,0.03779633
3rd_test,disp_240Hz_naive,846.4031,0.052174292
3rd_test,disp_240Hz_naive,846.7364,0.042664284
3rd_test,disp_240Hz_naive,847.0697,0.044257385
3rd_test,disp_240Hz_naive,847.4031,0.039929817
3rd_test,disp_240Hz_naive,847.7364,0.034432104
3rd_test,disp_240Hz_naive,848.0697,0.029211611
3rd_test,disp_240Hz_naive,848.4031,0.042747192
3rd_test,disp_240Hz_naive,848.7364,0.042780332
3rd_test,disp_240Hz_naive,849.0697,0.031423219
3rd_test,disp_240Hz_naive,849.4031,0.034194072
3rd_test,disp_240Hz_naive,849.7364,0.035176935
3rd_test,disp_240Hz_naive,850.0697,0.039594733
3rd_test,disp_240Hz_naive,850.4031,0.052466333
3rd_test,disp_240Hz_naive,850.7364,0.035267755
3rd_test,disp_240Hz_naive,851.0697,0.059034746
3rd_test,disp_240Hz_naive,851.4031,0.038025209
3rd_test,disp_240Hz_naive,851.7364,0.04683531
3rd_test,disp_240Hz_naive,852.0697,0.048138706
3rd_test,disp_240Hz_naive,852.4031,0.027887527
3rd_test,disp_240Hz_naive,852.7364,0.030689953
3rd_test,disp_240Hz_naive,853.0697,0.050238293
3rd_test,disp_240Hz_naive,853.4031,0.041753453
3rd_test,disp_240Hz_naive,853.7364,0.054162897
3rd_test,disp_240Hz_naive,854.0697,0.037218575
3rd_test,disp_240Hz_naive,854.4031,0.035786525
3rd_test,disp_240Hz_naive,854.7364,0.03484914
3rd_test,disp_240Hz_naive,855.0697,0.043511416
3rd_test,disp_240Hz_naive,855.4031,0.041549531
3rd_test,disp_240Hz_naive,855.7364,0.036352486
3rd_test,disp_240Hz_naive,856.0697,0.039635523
3rd_test,disp_240Hz_naive,856.4031,0.053570808
3rd_test,disp_240Hz_naive,856.7364,0.055931681
3rd_test,disp_240Hz_naive,857.0697,0.045739752
3rd_test,disp_240Hz_naive,857.4031,0.034927627
3rd_test,disp_240Hz_naive,857.7364,0.044717948
3rd_test,disp_240Hz_naive,858.0697,0.032213987
3rd_test,disp_240Hz_naive,858.4031,0.056271491
3rd_test,disp_240Hz_naive,858.7364,0.055330881
3rd_test,disp_240Hz_naive,859.0697,0.042526154
3rd_test,disp_240Hz_naive,859.4031,0.028403804
3rd_test,disp_240Hz_naive,859.7364,0.040328764
3rd_test,disp_240Hz_naive,860.0697,0.037603481
3rd_test,disp_240Hz_naive,860.4031,0.031853006
3rd_test,disp_240Hz_naive,860.7364,0.051840787
3rd_test,disp_240Hz_naive,861.0697,0.02797061
3rd_test,disp_240Hz_naive,861.4031,0.0281007
3rd_test,disp_240Hz_naive,861.7364,0.030897278
3rd_test,disp_240Hz_naive,862.0697,0.054828125
3rd_test,disp_240Hz_naive,862.4031,0.033040249
3rd_test,disp_240Hz_naive,862.7364,0.03017204
3rd_test,disp_240Hz_naive,863.0697,0.039046582
3rd_test,disp_240Hz_naive,863.4031,0.043768278
3rd_test,disp_240Hz_naive,863.7364,0.028343619
3rd_test,disp_240Hz_naive,864.0697,0.031115349
3rd_test,disp_240Hz_naive,864.4031,0.041384367
3rd_test,disp_240Hz_naive,864.7364,0.027861556
3rd_test,disp_240Hz_naive,865.0697,0.057068422
3rd_test,disp_240Hz_naive,865.4031,0.032263426
3rd_test,disp_240Hz_naive,865.7364,0.038548061
3rd_test,disp_240Hz_naive,866.0697,0.035224237
3rd_test,disp_240Hz_naive,866.4031,0.042212501
3rd_test,disp_240Hz_naive,866.7364,0.052488147
3rd_test,disp_240Hz_naive,867.0697,0.050563896
3rd_test,disp_240Hz_naive,867.4031,0.034341179
3rd_test,disp_240Hz_naive,867.7364,0.034663887
3rd_test,disp_240Hz_naive,868.0697,0.050825923
3rd_test,disp_240Hz_naive,868.4031,0.023526198
3rd_test,disp_240Hz_naive,868.7364,0.024191325
3rd_test,disp_240Hz_naive,869.0697,0.047357082
3rd_test,disp_240Hz_naive,869.4031,0.045213429
3rd_test,disp_240Hz_naive,869.7364,0.034546707
3rd_test,disp_240Hz_naive,870.0697,0.025190095
3rd_test,disp_240Hz_naive,870.4031,0.039383882
3rd_test,disp_240Hz_naive,870.7364,0.041465596
3rd_test,disp_240Hz_naive,871.0697,0.043742037
3rd_test,disp_240Hz_naive,871.4031,0.036346729
3rd_test,disp_240Hz_naive,871.7364,0.035617522
3rd_test,disp_240Hz_naive,872.0697,0.046079188
3rd_test,disp_240Hz_naive,872.4031,0.032500464
3rd_test,disp_240Hz_naive,872.7364,0.028389817
3rd_test,disp_240Hz_naive,873.0697,0.062765208
3rd_test,disp_240Hz_naive,873.4031,0.040980154
3rd_test,disp_240Hz_naive,873.7364,0.043686865
3rd_test,disp_240Hz_naive,874.0697,0.042451256
3rd_test,disp_240Hz_naive,874.4031,0.053946371
3rd_test,disp_240Hz_naive,874.7364,0.037028702
3rd_test,disp_240Hz_naive,875.0697,0.044929562
3rd_test,disp_240Hz_naive,875.4031,0.047120015
3rd_test,disp_240Hz_naive,875.7364,0.037114837
3rd_test,disp_240Hz_naive,876.0697,0.031782377
3rd_test,disp_240Hz_naive,876.4031,0.039397016
3rd_test,disp_240Hz_naive,876.7364,0.040664768
3rd_test,disp_240Hz_naive,877.0697,0.029450025
3rd_test,disp_240Hz_naive,877.4031,0.036294126
3rd_test,disp_240Hz_naive,877.7364,0.028725045
3rd_test,disp_240Hz_naive,878.0697,0.03697301
3rd_test,disp_240Hz_naive,878.4031,0.036846702
3rd_test,disp_240Hz_naive,878.7364,0.044503775
3rd_test,disp_240Hz_naive,879.0697,0.026832195
3rd_test,disp_240Hz_naive,879.4031,0.035535833
3rd_test,disp_240Hz_naive,879.7364,0.029959128
3rd_test,disp_240Hz_naive,880.0697,0.029200032
3rd_test,disp_240Hz_naive,880.4031,0.042301706
3rd_test,disp_240Hz_naive,880.7364,0.038178618
3rd_test,disp_240Hz_naive,881.0697,0.038509796
3rd_test,disp_240Hz_naive,881.4031,0.034793121
3rd_test,disp_240Hz_naive,881.7364,0.051257819
3rd_test,disp_240Hz_naive,882.0697,0.02267342
3rd_test,disp_240Hz_naive,882.4031,0.049633719
3rd_test,disp_240Hz_naive,882.7364,0.048070896
3rd_test,disp_240Hz_naive,883.0697,0.043716859
3rd_test,disp_240Hz_naive,883.4031,0.063952464
3rd_test,disp_240Hz_naive,883.7364,0.04306962
3rd_test,disp_240Hz_naive,884.0697,0.0418434
3rd_test,disp_240Hz_naive,884.4031,0.047713445
3rd_test,disp_240Hz_naive,884.7364,0.041779265
3rd_test,disp_240Hz_naive,885.0697,0.032683742
3rd_test,disp_240Hz_naive,885.4031,0.031631865
3rd_test,disp_240Hz_naive,885.7364,0.031128929
3rd_test,disp_240Hz_naive,886.0697,0.034333272
3rd_test,disp_240Hz_naive,886.4031,0.064560376
3rd_test,disp_240Hz_naive,886.7364,0.075772104
3rd_test,disp_240Hz_naive,887.0697,0.051768336
3rd_test,disp_240Hz_naive,887.4031,0.0361058
3rd_test,disp_240Hz_naive,887.7364,0.034714758
3rd_test,disp_240Hz_naive,888.0697,0.035407145
3rd_test,disp_240Hz_naive,888.4031,0.028560065
3rd_test,disp_240Hz_naive,888.7364,0.044294166
3rd_test,disp_240Hz_naive,889.0697,0.046419564
3rd_test,disp_240Hz_naive,889.4031,0.046656122
3rd_test,disp_240Hz_naive,889.7364,0.04904582
3rd_test,disp_240Hz_naive,890.0697,0.044857923
3rd_test,disp_240Hz_naive,890.4031,0.043084229
3rd_test,disp_240Hz_naive,890.7364,0.041261031
3rd_test,disp_240Hz_naive,891.0697,0.031189093
3rd_test,disp_240Hz_naive,891.4031,0.038091267
3rd_test,disp_240Hz_naive,891.7364,0.027055495
3rd_test,disp_240Hz_naive,892.0697,0.031936624
3rd_test,disp_240Hz_naive,892.4031,0.04025886
3rd_test,disp_240Hz_naive,892.7364,0.025711552
3rd_test,disp_240Hz_naive,893.0697,0.040954785
3rd_test,disp_240Hz_naive,893.4031,0.037152632
3rd_test,disp_240Hz_naive,893.7364,0.053228533
3rd_test,disp_240Hz_naive,894.0697,0.037164811
3rd_test,disp_240Hz_naive,894.4031,0.028662382
3rd_test,disp_240Hz_naive,894.7364,0.03868879
3rd_test,disp_240Hz_naive,895.0697,0.025794816
3rd_test,disp_240Hz_naive,895.4031,0.043898348
3rd_test,disp_240Hz_naive,895.7364,0.040851592
3rd_test,disp_240Hz_naive,896.0697,0.062301007
3rd_test,disp_240Hz_naive,896.4031,0.039867328
3rd_test,disp_240Hz_naive,896.7364,0.051179384
3rd_test,disp_240Hz_naive,897.0697,0.040345256
3rd_test,disp_240Hz_naive,897.4031,0.03166587
3rd_test,disp_240Hz_naive,897.7364,0.040088789
3rd_test,disp_240Hz_naive,898.0697,0.055762037
3rd_test,disp_240Hz_naive,898.4031,0.039518041
3rd_test,disp_240Hz_naive,898.7364,0.034827001
3rd_test,disp_240Hz_naive,899.0697,0.038189342
3rd_test,disp_240Hz_naive,899.4031,0.041932599
3rd_test,disp_240Hz_naive,899.7364,0.038953263
3rd_test,disp_240Hz_naive,900.0697,0.038816574
3rd_test,disp_240Hz_naive,900.4031,0.037976822
3rd_test,disp_240Hz_naive,900.7364,0.035738291
3rd_test,disp_240Hz_naive,901.0697,0.03524095
3rd_test,disp_240Hz_naive,901.4031,0.036320864
3rd_test,disp_240Hz_naive,901.7364,0.043127427
3rd_test,disp_240Hz_naive,902.0697,0.042275099
3rd_test,disp_240Hz_naive,902.4031,0.029870587
3rd_test,disp_240Hz_naive,902.7364,0.035563014
3rd_test,disp_240Hz_naive,903.0697,0.027471224
3rd_test,disp_240Hz_naive,903.4031,0.04690463
3rd_test,disp_240Hz_naive,903.7364,0.029877612
3rd_test,disp_240Hz_naive,904.0697,0.036037867
3rd_test,disp_240Hz_naive,904.4031,0.024185595
3rd_test,disp_240Hz_naive,904.7364,0.047897924
3rd_test,disp_240Hz_naive,905.0697,0.069235591
3rd_test,disp_240Hz_naive,905.4031,0.036308022
3rd_test,disp_240Hz_naive,905.7364,0.035445292
3rd_test,disp_240Hz_naive,906.0697,0.029001364
3rd_test,disp_240Hz_naive,906.4031,0.06039813
3rd_test,disp_240Hz_naive,906.7364,0.034160834
3rd_test,disp_240Hz_naive,907.0697,0.042585101
3rd_test,disp_240Hz_naive,907.4031,0.046577179
3rd_test,disp_240Hz_naive,907.7364,0.029897427
3rd_test,disp_240Hz_naive,908.0697,0.043543105
3rd_test,disp_240Hz_naive,908.4031,0.028377422
3rd_test,disp_240Hz_naive,908.7364,0.051972478
3rd_test,disp_240Hz_naive,909.0697,0.041055504
3rd_test,disp_240Hz_naive,909.4031,0.046617912
3rd_test,disp_240Hz_naive,909.7364,0.041771103
3rd_test,disp_240Hz_naive,910.0697,0.032674229
3rd_test,disp_240Hz_naive,910.4031,0.041777579
3rd_test,disp_240Hz_naive,910.7364,0.036995563
3rd_test,disp_240Hz_naive,911.0697,0.049619249
3rd_test,disp_240Hz_naive,911.4031,0.042748146
3rd_test,disp_240Hz_naive,911.7364,0.059746222
3rd_test,disp_240Hz_naive,912.0697,0.040794618
3rd_test,disp_240Hz_naive,912.4031,0.026968468
3rd_test,disp_240Hz_naive,912.7364,0.06526909
3rd_test,disp_240Hz_naive,913.0697,0.038483921
3rd_test,disp_240Hz_naive,913.4031,0.030202826
3rd_test,disp_240Hz_naive,913.7364,0.044169114
3rd_test,disp_240Hz_naive,914.0697,0.037204162
3rd_test,disp_240Hz_naive,914.4031,0.035214337
3rd_test,disp_240Hz_naive,914.7364,0.035162
3rd_test,disp_240Hz_naive,915.0697,0.0237843
3rd_test,disp_240Hz_naive,915.4031,0.049562994
3rd_test,disp_240Hz_naive,915.7364,0.037911924
3rd_test,disp_240Hz_naive,916.0697,0.047065629
3rd_test,disp_240Hz_naive,916.4031,0.038071251
3rd_test,disp_240Hz_naive,916.7364,0.052842299
3rd_test,disp_240Hz_naive,917.0697,0.055236988
3rd_test,disp_240Hz_naive,917.4031,0.043339999
3rd_test,disp_240Hz_naive,917.7364,0.059349785
3rd_test,disp_240Hz_naive,918.0697,0.055993757
3rd_test,disp_240Hz_naive,918.4031,0.039492587
3rd_test,disp_240Hz_naive,918.7364,0.057310215
3rd_test,disp_240Hz_naive,919.0697,0.072738038
3rd_test,disp_240Hz_naive,919.4031,0.053840437
3rd_test,disp_240Hz_naive,919.7364,0.037740042
3rd_test,disp_240Hz_naive,920.0697,0.044586644
3rd_test,disp_240Hz_naive,920.4031,0.027369842
3rd_test,disp_240Hz_naive,920.7364,0.042303849
3rd_test,disp_240Hz_naive,921.0697,0.032610187
3rd_test,disp_240Hz_naive,921.4031,0.030069575
3rd_test,disp_240Hz_naive,921.7364,0.037355222
3rd_test,disp_240Hz_naive,922.0697,0.033483159
3rd_test,disp_240Hz_naive,922.4031,0.029665627
3rd_test,disp_240Hz_naive,922.7364,0.05471553
3rd_test,disp_240Hz_naive,923.0697,0.064035137
3rd_test,disp_240Hz_naive,923.4031,0.035969174
3rd_test,disp_240Hz_naive,923.7364,0.032233381
3rd_test,disp_240Hz_naive,924.0697,0.034683884
3rd_test,disp_240Hz_naive,924.4031,0.039588803
3rd_test,disp_240Hz_naive,924.7364,0.043275328
3rd_test,disp_240Hz_naive,925.0697,0.04085248
3rd_test,disp_240Hz_naive,925.4031,0.038205393
3rd_test,disp_240Hz_naive,925.7364,0.043435885
3rd_test,disp_240Hz_naive,926.0697,0.036231006
3rd_test,disp_240Hz_naive,926.4031,0.04170746
3rd_test,disp_240Hz_naive,926.7364,0.036952163
3rd_test,disp_240Hz_naive,927.0697,0.036971752
3rd_test,disp_240Hz_naive,927.4031,0.039984481
3rd_test,disp_240Hz_naive,927.7364,0.068129263
3rd_test,disp_240Hz_naive,928.0697,0.046692483
3rd_test,disp_240Hz_naive,928.4031,0.045254357
3rd_test,disp_240Hz_naive,928.7364,0.056602849
3rd_test,disp_240Hz_naive,929.0697,0.036639194
3rd_test,disp_240Hz_naive,929.4031,0.043006282
3rd_test,disp_240Hz_naive,929.7364,0.027966348
3rd_test,disp_240Hz_naive,930.0697,0.05376855
3rd_test,disp_240Hz_naive,930.4031,0.031503071
3rd_test,disp_240Hz_naive,930.7364,0.071008699
3rd_test,disp_240Hz_naive,931.0697,0.045387939
3rd_test,disp_240Hz_naive,931.4031,0.052057225
3rd_test,disp_240Hz_naive,931.7364,0.052770472
3rd_test,disp_240Hz_naive,932.0697,0.031294913
3rd_test,disp_240Hz_naive,932.4031,0.038279614
3rd_test,disp_240Hz_naive,932.7364,0.041028993
3rd_test,disp_240Hz_naive,933.0697,0.032641825
3rd_test,disp_240Hz_naive,933.4031,0.052132349
3rd_test,disp_240Hz_naive,933.7364,0.045326512
3rd_test,disp_240Hz_naive,934.0697,0.028155873
3rd_test,disp_240Hz_naive,934.4031,0.033173112
3rd_test,disp_240Hz_naive,934.7364,0.034793478
3rd_test,disp_240Hz_naive,935.0697,0.042795072
3rd_test,disp_240Hz_naive,935.4031,0.049332923
3rd_test,disp_240Hz_naive,935.7364,0.034564556
3rd_test,disp_240Hz_naive,936.0697,0.042006605
3rd_test,disp_240Hz_naive,936.4031,0.035361783
3rd_test,disp_240Hz_naive,936.7364,0.034784757
3rd_test,disp_240Hz_naive,937.0697,0.026364053
3rd_test,disp_240Hz_naive,937.4031,0.036639501
3rd_test,disp_240Hz_naive,937.7364,0.042394947
3rd_test,disp_240Hz_naive,938.0697,0.039570867
3rd_test,disp_240Hz_naive,938.4031,0.034967657
3rd_test,disp_240Hz_naive,938.7364,0.037232934
3rd_test,disp_240Hz_naive,939.0697,0.03568001
3rd_test,disp_240Hz_naive,939.4031,0.036427064
3rd_test,disp_240Hz_naive,939.7364,0.036416713
3rd_test,disp_240Hz_naive,940.0697,0.031926332
3rd_test,disp_240Hz_naive,940.4031,0.036449574
3rd_test,disp_240Hz_naive,940.7364,0.046508967
3rd_test,disp_240Hz_naive,941.0697,0.029472797
3rd_test,disp_240Hz_naive,941.4031,0.030220041
3rd_test,disp_240Hz_naive,941.7364,0.023723876
3rd_test,disp_240Hz_naive,942.0697,0.026494022
3rd_test,disp_240Hz_naive,942.4031,0.063025726
3rd_test,disp_240Hz_naive,942.7364,0.045744577
3rd_test,disp_240Hz_naive,943.0697,0.045101012
3rd_test,disp_240Hz_naive,943.4031,0.038793623
3rd_test,disp_240Hz_naive,943.7364,0.04304727
3rd_test,disp_240Hz_naive,944.0697,0.04924478
3rd_test,disp_240Hz_naive,944.4031,0.040716275
3rd_test,disp_240Hz_naive,944.7364,0.037302097
3rd_test,disp_240Hz_naive,945.0697,0.041579161
3rd_test,disp_240Hz_naive,945.4031,0.021707803
3rd_test,disp_240Hz_naive,945.7364,0.030494928
3rd_test,disp_240Hz_naive,946.0697,0.024787601
3rd_test,disp_240Hz_naive,946.4031,0.050632869
3rd_test,disp_240Hz_naive,946.7364,0.031113822
3rd_test,disp_240Hz_naive,947.0697,0.028787953
3rd_test,disp_240Hz_naive,947.4031,0.029387464
3rd_test,disp_240Hz_naive,947.7364,0.02753483
3rd_test,disp_240Hz_naive,948.0697,0.038385731
3rd_test,disp_240Hz_naive,948.4031,0.050662756
3rd_test,disp_240Hz_naive,948.7364,0.037168498
3rd_test,disp_240Hz_naive,949.0697,0.038849122
3rd_test,disp_240Hz_naive,949.4031,0.03947826
3rd_test,disp_240Hz_naive,949.7364,0.055013614
3rd_test,disp_240Hz_naive,950.0697,0.034983223
3rd_test,disp_240Hz_naive,950.4031,0.045249596
3rd_test,disp_240Hz_naive,950.7364,0.03876743
3rd_test,disp_240Hz_naive,951.0697,0.02781369
3rd_test,disp_240Hz_naive,951.4031,0.045905704
3rd_test,disp_240Hz_naive,951.7364,0.052757503
3rd_test,disp_240Hz_naive,952.0697,0.041055269
3rd_test,disp_240Hz_naive,952.4031,0.033488357
3rd_test,disp_240Hz_naive,952.7364,0.030286671
3rd_test,disp_240Hz_naive,953.0697,0.041052341
3rd_test,disp_240Hz_naive,953.4031,0.042410504
3rd_test,disp_240Hz_naive,953.7364,0.035225996
3rd_test,disp_240Hz_naive,954.0697,0.051826039
3rd_test,disp_240Hz_naive,954.4031,0.043534048
3rd_test,disp_240Hz_naive,954.7364,0.037074118
3rd_test,disp_240Hz_naive,955.0697,0.028416902
3rd_test,disp_240Hz_naive,955.4031,0.037260667
3rd_test,disp_240Hz_naive,955.7364,0.035751908
3rd_test,disp_240Hz_naive,956.0697,0.021803154
3rd_test,disp_240Hz_naive,956.4031,0.035161542
3rd_test,disp_240Hz_naive,956.7364,0.0414284
3rd_test,disp_240Hz_naive,957.0697,0.029970662
3rd_test,disp_240Hz_naive,957.4031,0.029217721
3rd_test,disp_240Hz_naive,957.7364,0.038951148
3rd_test,disp_240Hz_naive,958.0697,0.044498993
3rd_test,disp_240Hz_naive,958.4031,0.040173837
3rd_test,disp_240Hz_naive,958.7364,0.022970977
3rd_test,disp_240Hz_naive,959.0697,0.040567134
3rd_test,disp_240Hz_naive,959.4031,0.027693873
3rd_test,disp_240Hz_naive,959.7364,0.039967406
3rd_test,disp_240Hz_naive,960.0697,0.033862036
3rd_test,disp_240Hz_naive,960.4031,0.044204212
3rd_test,disp_240Hz_naive,960.7364,0.040547967
3rd_test,disp_240Hz_naive,961.0697,0.034223612
3rd_test,disp_240Hz_naive,961.4031,0.033717089
3rd_test,disp_240Hz_naive,961.7364,0.044996917
3rd_test,disp_240Hz_naive,962.0697,0.041695436
3rd_test,disp_240Hz_naive,962.4031,0.051499361
3rd_test,disp_240Hz_naive,962.7364,0.028146523
3rd_test,disp_240Hz_naive,963.0697,0.051547629
3rd_test,disp_240Hz_naive,963.4031,0.033352147
3rd_test,disp_240Hz_naive,963.7364,0.045979859
3rd_test,disp_240Hz_naive,964.0697,0.031392327
3rd_test,disp_240Hz_naive,964.4031,0.029609098
3rd_test,disp_240Hz_naive,964.7364,0.036171917
3rd_test,disp_240Hz_naive,965.0697,0.032612218
3rd_test,disp_240Hz_naive,965.4031,0.055580044
3rd_test,disp_240Hz_naive,965.7364,0.06278914
3rd_test,disp_240Hz_naive,966.0697,0.050802671
3rd_test,disp_240Hz_naive,966.4031,0.031279181
3rd_test,disp_240Hz_naive,966.7364,0.041643473
3rd_test,disp_240Hz_naive,967.0697,0.041771734
3rd_test,disp_240Hz_naive,967.4031,0.033758067
3rd_test,disp_240Hz_naive,967.7364,0.029042017
3rd_test,disp_240Hz_naive,968.0697,0.030231096
3rd_test,disp_240Hz_naive,968.4031,0.058227348
3rd_test,disp_240Hz_naive,968.7364,0.037213239
3rd_test,disp_240Hz_naive,969.0697,0.029495726
3rd_test,disp_240Hz_naive,969.4031,0.058384217
3rd_test,disp_240Hz_naive,969.7364,0.031843286
3rd_test,disp_240Hz_naive,970.0697,0.030236497
3rd_test,disp_240Hz_naive,970.4031,0.056043311
3rd_test,disp_240Hz_naive,970.7364,0.043860373
3rd_test,disp_240Hz_naive,971.0697,0.034433023
3rd_test,disp_240Hz_naive,971.4031,0.047271572
3rd_test,disp_240Hz_naive,971.7364,0.030223054
3rd_test,disp_240Hz_naive,972.0697,0.032106156
3rd_test,disp_240Hz_naive,972.4031,0.037831041
3rd_test,disp_240Hz_naive,972.7364,0.039235358
3rd_test,disp_240Hz_naive,973.0697,0.038642468
3rd_test,disp_240Hz_naive,973.4031,0.053445787
3rd_test,disp_240Hz_naive,973.7364,0.06407979
3rd_test,disp_240Hz_naive,974.0697,0.034462885
3rd_test,disp_240Hz_naive,974.4031,0.030350035
3rd_test,disp_240Hz_naive,974.7364,0.042913182
3rd_test,disp_240Hz_naive,975.0697,0.042278275
3rd_test,disp_240Hz_naive,975.4031,0.045846324
3rd_test,disp_240Hz_naive,975.7364,0.025476992
3rd_test,disp_240Hz_naive,976.0697,0.037607377
3rd_test,disp_240Hz_naive,976.4031,0.034982461
3rd_test,disp_240Hz_naive,976.7364,0.040726496
3rd_test,disp_240Hz_naive,977.0697,0.056837251
3rd_test,disp_240Hz_naive,977.4031,0.038589471
3rd_test,disp_240Hz_naive,977.7364,0.034868102
3rd_test,disp_240Hz_naive,978.0697,0.042276168
3rd_test,disp_240Hz_naive,978.4031,0.02671396
3rd_test,disp_240Hz_naive,978.7364,0.047464992
3rd_test,disp_240Hz_naive,979.0697,0.043652058
3rd_test,disp_240Hz_naive,979.4031,0.055817316
3rd_test,disp_240Hz_naive,979.7364,0.033230328
3rd_test,disp_240Hz_naive,980.0697,0.024437591
3rd_test,disp_240Hz_naive,980.4031,0.034639121
3rd_test,disp_240Hz_naive,980.7364,0.040287178
3rd_test,disp_240Hz_naive,981.0697,0.042821571
3rd_test,disp_240Hz_naive,981.4031,0.05235351
3rd_test,disp_240Hz_naive,981.7364,0.05577652
3rd_test,disp_240Hz_naive,982.0697,0.050760854
3rd_test,disp_240Hz_naive,982.4031,0.038809718
3rd_test,disp_240Hz_naive,982.7364,0.055554475
3rd_test,disp_240Hz_naive,983.0697,0.041127209
3rd_test,disp_240Hz_naive,983.4031,0.036798722
3rd_test,disp_240Hz_naive,983.7364,0.03865843
3rd_test,disp_240Hz_naive,984.0697,0.031064787
3rd_test,disp_240Hz_naive,984.4031,0.041184406
3rd_test,disp_240Hz_naive,984.7364,0.037172895
3rd_test,disp_240Hz_naive,985.0697,0.02610765
3rd_test,disp_240Hz_naive,985.4031,0.040086396
3rd_test,disp_240Hz_naive,985.7364,0.044879468
3rd_test,disp_240Hz_naive,986.0697,0.034712176
3rd_test,disp_240Hz_naive,986.4031,0.027140529
3rd_test,disp_240Hz_naive,986.7364,0.048532138
3rd_test,disp_240Hz_naive,987.0697,0.04707981
3rd_test,disp_240Hz_naive,987.4031,0.033775155
3rd_test,disp_240Hz_naive,987.7364,0.02976894
3rd_test,disp_240Hz_naive,988.0697,0.037873456
3rd_test,disp_240Hz_naive,988.4031,0.035796717
3rd_test,disp_240Hz_naive,988.7364,0.040800859
3rd_test,disp_240Hz_naive,989.0697,0.029985069
3rd_test,disp_240Hz_naive,989.4031,0.032685405
3rd_test,disp_240Hz_naive,989.7364,0.039398003
3rd_test,disp_240Hz_naive,990.0697,0.05388337
3rd_test,disp_240Hz_naive,990.4031,0.042256107
3rd_test,disp_240Hz_naive,990.7364,0.053522309
3rd_test,disp_240Hz_naive,991.0697,0.04900679
3rd_test,disp_240Hz_naive,991.4031,0.035266342
3rd_test,disp_240Hz_naive,991.7364,0.044141035
3rd_test,disp_240Hz_naive,992.0697,0.028941382
3rd_test,disp_240Hz_naive,992.4031,0.052250164
3rd_test,disp_240Hz_naive,992.7364,0.032145613
3rd_test,disp_240Hz_naive,993.0697,0.044802289
3rd_test,disp_240Hz_naive,993.4031,0.030232182
3rd_test,disp_240Hz_naive,993.7364,0.038920416
3rd_test,disp_240Hz_naive,994.0697,0.043303281
3rd_test,disp_240Hz_naive,994.4031,0.031845198
3rd_test,disp_240Hz_naive,994.7364,0.039303635
3rd_test,disp_240Hz_naive,995.0697,0.032919947
3rd_test,disp_240Hz_naive,995.4031,0.037729247
3rd_test,disp_240Hz_naive,995.7364,0.038171573
3rd_test,disp_240Hz_naive,996.0697,0.026003821
3rd_test,disp_240Hz_naive,996.4031,0.050496085
3rd_test,disp_240Hz_naive,996.7364,0.042282565
3rd_test,disp_240Hz_naive,997.0697,0.034429281
3rd_test,disp_240Hz_naive,997.4031,0.028644928
3rd_test,disp_240Hz_naive,997.7364,0.031564882
3rd_test,disp_240Hz_naive,998.0697,0.030170287
3rd_test,disp_240Hz_naive,998.4031,0.051095596
3rd_test,disp_240Hz_naive,998.7364,0.030920261
3rd_test,disp_240Hz_naive,999.0697,0.051390955
3rd_test,disp_240Hz_naive,999.4031,0.041908472
3rd_test,disp_240Hz_naive,999.7364,0.051160314
3rd_test,disp_240Hz_naive,1000.0697,0.036912052
3rd_test,disp_240Hz_naive,1000.4031,0.034248486
3rd_test,disp_240Hz_naive,1000.7364,0.029981214
3rd_test,disp_240Hz_naive,1001.0697,0.032308142
3rd_test,disp_240Hz_naive,1001.4031,0.054526748
3rd_test,disp_240Hz_naive,1008.9019,0.037721816
3rd_test,disp_240Hz_naive,1009.0858,0.042562105
3rd_test,disp_240Hz_naive,1009.4192,0.050524654
3rd_test,disp_240Hz_naive,1009.7525,0.027032776
3rd_test,disp_240Hz_naive,1010.0858,0.045359978
3rd_test,disp_240Hz_naive,1010.4192,0.045237164
3rd_test,disp_240Hz_naive,1010.7525,0.034089654
3rd_test,disp_240Hz_naive,1011.0858,0.03297493
3rd_test,disp_240Hz_naive,1011.4192,0.049011823
3rd_test,disp_240Hz_naive,1011.7525,0.034778758
3rd_test,disp_240Hz_naive,1012.0858,0.056110102
3rd_test,disp_240Hz_naive,1012.4192,0.038556227
3rd_test,disp_240Hz_naive,1012.7525,0.045635558
3rd_test,disp_240Hz_naive,1013.0858,0.036163233
3rd_test,disp_240Hz_naive,1013.4192,0.049455052
3rd_test,disp_240Hz_naive,1013.7525,0.029857267
3rd_test,disp_240Hz_naive,1014.0858,0.058086284
3rd_test,disp_240Hz_naive,1014.4192,0.048996968
3rd_test,disp_240Hz_naive,1014.7525,0.035117526
3rd_test,disp_240Hz_naive,1015.0858,0.098142789
3rd_test,disp_240Hz_naive,1015.4192,0.069887255
3rd_test,disp_240Hz_naive,1015.7525,0.054499197
3rd_test,disp_240Hz_naive,1016.0858,0.047018023
3rd_test,disp_240Hz_naive,1016.4192,0.053856991
3rd_test,disp_240Hz_naive,1016.7525,0.054157955
3rd_test,disp_240Hz_naive,1017.0858,0.044574905
3rd_test,disp_240Hz_naive,1017.4192,0.053445444
3rd_test,disp_240Hz_naive,1017.7525,0.04686919
3rd_test,disp_240Hz_naive,1018.0858,0.036194294
3rd_test,disp_240Hz_naive,1018.4192,0.066466224
3rd_test,disp_240Hz_naive,1018.7525,0.029520352
3rd_test,disp_240Hz_naive,1019.0858,0.060847305
3rd_test,disp_240Hz_naive,1019.4192,0.041349075
3rd_test,disp_240Hz_naive,1019.7525,0.048787158
3rd_test,disp_240Hz_naive,1020.0858,0.049306782
3rd_test,disp_240Hz_naive,1020.4192,0.047478442
3rd_test,disp_240Hz_naive,1020.7525,0.051749078
3rd_test,disp_240Hz_naive,1021.0858,0.071688148
3rd_test,disp_240Hz_naive,1021.4192,0.054082444
3rd_test,disp_240Hz_naive,1021.7525,0.047306376
3rd_test,disp_240Hz_naive,1022.0858,0.064345356
3rd_test,disp_240Hz_naive,1022.4192,0.068929162
3rd_test,disp_240Hz_naive,1022.7525,0.055262635
3rd_test,disp_240Hz_naive,1023.0858,0.054113162
3rd_test,disp_240Hz_naive,1023.4192,0.053647014
3rd_test,disp_240Hz_naive,1023.7525,0.070106223
3rd_test,disp_240Hz_naive,1024.0858,0.055235495
3rd_test,disp_240Hz_naive,1024.4192,0.067209718
3rd_test,disp_240Hz_naive,1024.7525,0.060617793
3rd_test,disp_240Hz_naive,1025.0858,0.053778953
3rd_test,disp_240Hz_naive,1025.4192,0.057345819
3rd_test,disp_240Hz_naive,1025.7525,0.048894192
3rd_test,disp_240Hz_naive,1026.0858,0.040619182
3rd_test,disp_240Hz_naive,1026.4192,0.056249486
3rd_test,disp_240Hz_naive,1026.7525,0.03917399
3rd_test,disp_240Hz_naive,1027.0858,0.059160302
3rd_test,disp_240Hz_naive,1027.4192,0.050473249
3rd_test,disp_240Hz_naive,1027.7525,0.072642985
3rd_test,disp_240Hz_naive,1028.0858,0.045887688
3rd_test,disp_240Hz_naive,1028.4192,0.041846621
3rd_test,disp_240Hz_naive,1028.7525,0.05103217
3rd_test,disp_240Hz_naive,1029.0858,0.039288211
3rd_test,disp_240Hz_naive,1029.4192,0.04598813
3rd_test,disp_240Hz_naive,1029.7525,0.044564017
3rd_test,disp_240Hz_naive,1030.0858,0.036638942
3rd_test,disp_240Hz_naive,1030.4192,0.054594482
3rd_test,disp_240Hz_naive,1030.7525,0.043878045
3rd_test,disp_240Hz_naive,1031.0858,0.068263161
3rd_test,disp_240Hz_naive,1031.4192,0.058317352
3rd_test,disp_240Hz_naive,1031.7525,0.049540571
3rd_test,disp_240Hz_naive,1032.0858,0.043326918
3rd_test,disp_240Hz_naive,1032.4192,0.054476619
3rd_test,disp_240Hz_naive,1032.7525,0.051604665
3rd_test,disp_240Hz_naive,1033.0858,0.050915092
3rd_test,disp_240Hz_naive,1033.4192,0.06869996
3rd_test,disp_240Hz_naive,1033.7525,0.057858341
3rd_test,disp_240Hz_naive,1034.0858,0.052161569
3rd_test,disp_240Hz_naive,1034.4192,0.057632474
3rd_test,disp_240Hz_naive,1034.7525,0.057220011
3rd_test,disp_240Hz_naive,1035.0858,0.044753397
3rd_test,disp_240Hz_naive,1035.4192,0.065661838
3rd_test,disp_240Hz_naive,1035.7525,0.062648089
3rd_test,disp_240Hz_naive,1036.0858,0.053349209
3rd_test,disp_240Hz_naive,1036.4192,0.055036205
3rd_test,disp_240Hz_naive,1036.7525,0.047828265
3rd_test,disp_240Hz_naive,1037.0858,0.027055733
3rd_test,disp_240Hz_naive,1037.4192,0.055653967
3rd_test,disp_240Hz_naive,1037.7525,0.045848592
3rd_test,disp_240Hz_naive,1038.0858,0.079104857
3rd_test,disp_240Hz_naive,1038.4192,0.05661269
3rd_test,disp_240Hz_naive,1038.7525,0.069467128
3rd_test,disp_240Hz_naive,1039.0858,0.035527163
3rd_test,disp_240Hz_naive,1039.4192,0.039645056
3rd_test,disp_240Hz_naive,1039.7525,0.064373282
3rd_test,disp_240Hz_naive,1040.0858,0.036647804
3rd_test,disp_240Hz_naive,1040.4192,0.047841614
3rd_test,disp_240Hz_naive,1040.7525,0.044136244
3rd_test,disp_240Hz_naive,1041.0858,0.03060207
3rd_test,disp_240Hz_naive,1041.4192,0.045716182
3rd_test,disp_240Hz_naive,1041.7525,0.049011832
3rd_test,disp_240Hz_naive,1042.0858,0.04489076
3rd_test,disp_240Hz_naive,1042.4192,0.047800656
3rd_test,disp_240Hz_naive,1042.7525,0.048944442
3rd_test,disp_240Hz_naive,1043.0858,0.042384252
3rd_test,disp_240Hz_naive,1043.4192,0.038095556
3rd_test,disp_240Hz_naive,1043.7525,0.04319287
3rd_test,disp_240Hz_naive,1044.0858,0.03457147
3rd_test,disp_240Hz_naive,1044.4192,0.046542041
3rd_test,disp_240Hz_naive,1044.7525,0.064778028
3rd_test,disp_240Hz_naive,1045.0858,0.049715838
3rd_test,disp_240Hz_naive,1045.4192,0.044631266
3rd_test,disp_240Hz_naive,1045.7525,0.056842023
3rd_test,disp_240Hz_naive,1046.0858,0.073125711
3rd_test,disp_240Hz_naive,1046.4192,0.030256251
3rd_test,disp_240Hz_naive,1046.7525,0.072213827
3rd_test,disp_240Hz_naive,1047.0858,0.03893519
3rd_test,disp_240Hz_naive,1047.4192,0.063439186
3rd_test,disp_240Hz_naive,1047.7525,0.050289433
3rd_test,disp_240Hz_naive,1048.0858,0.045027676
3rd_test,disp_240Hz_naive,1048.4192,0.035157029
3rd_test,disp_240Hz_naive,1048.7525,0.060479539
3rd_test,disp_240Hz_naive,1049.0858,0.041909276
3rd_test,disp_240Hz_naive,1049.4192,0.055507532
3rd_test,disp_240Hz_naive,1049.7525,0.046820643
3rd_test,disp_240Hz_naive,1050.0858,0.067716676
3rd_test,disp_240Hz_naive,1050.4192,0.040929356
3rd_test,disp_240Hz_naive,1050.7525,0.060431841
3rd_test,disp_240Hz_naive,1051.0858,0.063419539
3rd_test,disp_240Hz_naive,1051.4192,0.053761592
3rd_test,disp_240Hz_naive,1051.7525,0.076673901
3rd_test,disp_240Hz_naive,1052.0858,0.035234842
3rd_test,disp_240Hz_naive,1052.4192,0.043741855
3rd_test,disp_240Hz_naive,1052.7525,0.050574142
3rd_test,disp_240Hz_naive,1053.0858,0.051123837
3rd_test,disp_240Hz_naive,1053.4192,0.065445415
3rd_test,disp_240Hz_naive,1053.7525,0.053444338
3rd_test,disp_240Hz_naive,1054.0858,0.069602072
3rd_test,disp_240Hz_naive,1054.4192,0.051220198
3rd_test,disp_240Hz_naive,1054.7525,0.064914709
3rd_test,disp_240Hz_naive,1055.0858,0.043671775
3rd_test,disp_240Hz_naive,1055.4192,0.060786187
3rd_test,disp_240Hz_naive,1055.7525,0.047270204
3rd_test,disp_240Hz_naive,1056.0858,0.07099452
3rd_test,disp_240Hz_naive,1056.4192,0.042155241
3rd_test,disp_240Hz_naive,1056.7525,0.068463053
3rd_test,disp_240Hz_naive,1057.0858,0.063876728
3rd_test,disp_240Hz_naive,1057.4192,0.071255751
3rd_test,disp_240Hz_naive,1057.7525,0.070179605
3rd_test,disp_240Hz_naive,1058.0858,0.045153809
3rd_test,disp_240Hz_naive,1058.4192,0.083773617
3rd_test,disp_240Hz_naive,1058.7525,0.076279793
3rd_test,disp_240Hz_naive,1059.0858,0.077127855
3rd_test,disp_240Hz_naive,1059.4192,0.059016448
3rd_test,disp_240Hz_naive,1059.7525,0.081435207
3rd_test,disp_240Hz_naive,1060.0858,0.056115544
3rd_test,disp_240Hz_naive,1060.4192,0.069329965
3rd_test,disp_240Hz_naive,1060.7525,0.084396986
3rd_test,disp_240Hz_naive,1061.0858,0.10028707
3rd_test,disp_240Hz_naive,1061.4192,0.079646332
3rd_test,disp_240Hz_naive,1061.7525,0.078247464
3rd_test,disp_240Hz_naive,1062.0858,0.059724337
3rd_test,disp_240Hz_naive,1062.4192,0.056582012
3rd_test,disp_240Hz_naive,1062.7525,0.10444014
3rd_test,disp_240Hz_naive,1063.0858,0.068757238
3rd_test,disp_240Hz_naive,1063.4192,0.10222665
3rd_test,disp_240Hz_naive,1063.7525,0.093417674
3rd_test,disp_240Hz_naive,1064.0858,0.09357608
3rd_test,disp_240Hz_naive,1064.4192,0.08978496
3rd_test,disp_240Hz_naive,1064.7525,0.10886549
3rd_test,disp_240Hz_naive,1065.0858,0.10982313
3rd_test,disp_240Hz_naive,1065.4192,0.10932587
3rd_test,disp_240Hz_naive,1065.7525,0.11267789
3rd_test,disp_240Hz_naive,1066.0858,0.062913079
3rd_test,disp_240Hz_naive,1066.4192,0.1235263
3rd_test,disp_240Hz_naive,1066.7525,0.11493536
3rd_test,disp_240Hz_naive,1067.0858,0.079472527
3rd_test,disp_240Hz_naive,1067.4192,0.098922302
3rd_test,disp_240Hz_naive,1067.7525,0.056888087
3rd_test,disp_240Hz_naive,1068.0858,0.086210563
3rd_test,disp_240Hz_naive,1068.4192,0.11256821
3rd_test,disp_240Hz_naive,1068.7525,0.11634962
3rd_test,disp_240Hz_naive,1069.0858,0.11223205
3rd_test,disp_240Hz_naive,1069.4192,0.10058535
3rd_test,disp_240Hz_naive,1069.7525,0.11588576
3rd_test,disp_240Hz_naive,1070.0858,0.22410428
3rd_test,disp_240Hz_naive,1070.4192,0.1375614
3rd_test,disp_240Hz_naive,1070.7525,0.11951844
3rd_test,disp_240Hz_naive,1071.0858,0.17219155
3rd_test,disp_240Hz_naive,1071.4192,0.14256992
3rd_test,disp_240Hz_naive,1071.7525,0.14149166
3rd_test,disp_240Hz_naive,1072.0858,0.28486067
3rd_test,disp_240Hz_naive,1072.4192,0.26575524
3rd_test,disp_240Hz_naive,1072.7525,0.16883399
3rd_test,disp_240Hz_naive,1073.0858,6.4772235
