level,seed,fold,model,pca,features,clip,group,session,is_fault,score,threshold,norm_score,flagged
clip,42,S1,isolation_forest,auto,primary,IMG_8390,normal,S1,0,0.54648601,0.60204143,0.9077216,0
clip,42,S1,isolation_forest,auto,primary,IMG_8391,normal,S1,0,0.58610057,0.60204143,0.97352199,0
clip,42,S1,isolation_forest,auto,primary,IMG_8392,normal,S1,0,0.60558574,0.60204143,1.00588715,1
clip,42,S1,isolation_forest,auto,primary,IMG_8393,normal,S1,0,0.54376528,0.60204143,0.90320242,0
clip,42,S1,isolation_forest,auto,primary,IMG_8394,normal,S1,0,0.61961592,0.60204143,1.02919149,1
clip,42,S1,isolation_forest,auto,primary,IMG_8395,normal,S1,0,0.58155986,0.60204143,0.9659798,0
clip,42,S1,isolation_forest,auto,primary,IMG_8396,normal,S1,0,0.55099455,0.60204143,0.91521035,0
clip,42,S1,isolation_forest,auto,primary,IMG_8397,normal,S1,0,0.48166728,0.60204143,0.8000567,0
clip,42,S1,isolation_forest,auto,primary,IMG_8398,normal,S1,0,0.57672219,0.60204143,0.95794434,0
clip,42,S1,isolation_forest,auto,primary,IMG_8399,normal,S1,0,0.47725722,0.60204143,0.79273152,0
clip,42,S1,isolation_forest,auto,primary,IMG_8400,normal,S1,0,0.49549625,0.60204143,0.82302683,0
clip,42,S1,isolation_forest,auto,primary,IMG_8401,normal,S1,0,0.49905241,0.60204143,0.82893366,0
clip,42,S1,isolation_forest,auto,primary,IMG_8402,normal,S1,0,0.48220959,0.60204143,0.80095749,0
clip,42,S1,isolation_forest,auto,primary,IMG_8403,normal,S1,0,0.5144269,0.60204143,0.85447093,0
clip,42,S1,isolation_forest,auto,primary,IMG_8404,normal,S1,0,0.54936196,0.60204143,0.91249859,0
clip,42,S1,isolation_forest,auto,primary,IMG_8405,normal,S1,0,0.43801124,0.60204143,0.72754335,0
clip,42,S1,isolation_forest,auto,primary,IMG_8406,normal,S1,0,0.5482398,0.60204143,0.91063466,0
clip,42,S1,isolation_forest,auto,primary,IMG_8407,normal,S1,0,0.5242343,0.60204143,0.87076117,0
clip,42,S1,isolation_forest,auto,primary,IMG_8408,normal,S1,0,0.49756944,0.60204143,0.82647043,0
clip,42,S1,isolation_forest,auto,primary,IMG_8409,normal,S1,0,0.54768759,0.60204143,0.90971743,0
clip,42,S1,isolation_forest,auto,primary,IMG_8410,normal,S1,0,0.46062461,0.60204143,0.7651045,0
clip,42,S1,isolation_forest,auto,primary,IMG_8411,normal,S1,0,0.50578368,0.60204143,0.8401144,0
clip,42,S1,isolation_forest,auto,primary,IMG_8412,normal,S1,0,0.53250041,0.60204143,0.88449131,0
clip,42,S1,isolation_forest,auto,primary,IMG_8413,normal,S1,0,0.47964607,0.60204143,0.79669944,0
clip,42,S1,isolation_forest,auto,primary,IMG_8414,normal,S1,0,0.60132657,0.60204143,0.9988126,0
clip,42,S1,isolation_forest,auto,primary,IMG_8415,normal,S1,0,0.50695864,0.60204143,0.84206603,0
clip,42,S1,isolation_forest,auto,primary,IMG_8436,3g,S5,1,0.57148617,0.60204143,0.94924724,0
clip,42,S1,isolation_forest,auto,primary,IMG_8437,3g,S5,1,0.57560824,0.60204143,0.95609406,0
clip,42,S1,isolation_forest,auto,primary,IMG_8438,3g,S5,1,0.57813295,0.60204143,0.96028765,0
clip,42,S1,isolation_forest,auto,primary,IMG_8439,3g,S5,1,0.58142284,0.60204143,0.96575219,0
clip,42,S1,isolation_forest,auto,primary,IMG_8440,3g,S5,1,0.58361914,0.60204143,0.96940029,0
clip,42,S1,isolation_forest,auto,primary,IMG_8441,3g,S5,1,0.58464936,0.60204143,0.9711115,0
clip,42,S1,isolation_forest,auto,primary,IMG_8442,3g,S5,1,0.58157998,0.60204143,0.96601322,0
clip,42,S1,isolation_forest,auto,primary,IMG_8443,3g,S5,1,0.5735843,0.60204143,0.95273227,0
clip,42,S1,isolation_forest,auto,primary,IMG_8444,under3g,S6,1,0.58644459,0.60204143,0.9740934,0
clip,42,S1,isolation_forest,auto,primary,IMG_8445,under3g,S6,1,0.52952298,0.60204143,0.87954574,0
clip,42,S1,isolation_forest,auto,primary,IMG_8446,under3g,S6,1,0.56199288,0.60204143,0.93347874,0
clip,42,S1,isolation_forest,auto,primary,IMG_8447,under3g,S6,1,0.52680654,0.60204143,0.87503369,0
clip,42,S1,isolation_forest,auto,primary,IMG_8448,under3g,S6,1,0.57127248,0.60204143,0.94889229,0
clip,42,S1,isolation_forest,auto,primary,IMG_8449,under3g,S6,1,0.5469407,0.60204143,0.90847685,0
clip,42,S1,isolation_forest,auto,primary,IMG_8450,under3g,S6,1,0.50813589,0.60204143,0.84402145,0
clip,42,S1,isolation_forest,auto,primary,IMG_8451,under3g,S6,1,0.58465628,0.60204143,0.97112299,0
clip,42,S1,isolation_forest,auto,primary,IMG_8453,under3g,S6,1,0.57084742,0.60204143,0.94818627,0
clip,42,S1,isolation_forest,auto,primary,IMG_8454,under3g,S6,1,0.56814792,0.60204143,0.94370236,0
clip,42,S1,isolation_forest,auto,primary,IMG_8455,under3g,S6,1,0.54837297,0.60204143,0.91085586,0
clip,42,S1,isolation_forest,auto,primary,IMG_8456,under3g,S6,1,0.56946657,0.60204143,0.94589265,0
clip,42,S1,isolation_forest,auto,primary,IMG_8457,under3g,S6,1,0.56946657,0.60204143,0.94589265,0
clip,42,S1,isolation_forest,auto,primary,IMG_8458,under3g,S6,1,0.57731016,0.60204143,0.95892098,0
clip,42,S1,isolation_forest,auto,primary,IMG_8459,under3g,S6,1,0.57934249,0.60204143,0.9622967,0
clip,42,S1,isolation_forest,auto,primary,IMG_8460,under3g,S6,1,0.58046428,0.60204143,0.96416002,0
clip,42,S2,isolation_forest,auto,primary,IMG_8427,normal,S2,0,0.40598408,0.5822679,0.6972462,0
clip,42,S2,isolation_forest,auto,primary,IMG_8428,normal,S2,0,0.40804138,0.5822679,0.70077946,0
clip,42,S2,isolation_forest,auto,primary,IMG_8429,normal,S2,0,0.41553411,0.5822679,0.71364763,0
clip,42,S2,isolation_forest,auto,primary,IMG_8431,normal,S2,0,0.45853773,0.5822679,0.78750303,0
clip,42,S2,isolation_forest,auto,primary,IMG_8432,normal,S2,0,0.41726748,0.5822679,0.71662456,0
clip,42,S2,isolation_forest,auto,primary,IMG_8436,3g,S5,1,0.64429545,0.5822679,1.10652752,1
clip,42,S2,isolation_forest,auto,primary,IMG_8437,3g,S5,1,0.63370541,0.5822679,1.08833995,1
clip,42,S2,isolation_forest,auto,primary,IMG_8438,3g,S5,1,0.63615147,0.5822679,1.09254087,1
clip,42,S2,isolation_forest,auto,primary,IMG_8439,3g,S5,1,0.64689925,0.5822679,1.11099934,1
clip,42,S2,isolation_forest,auto,primary,IMG_8440,3g,S5,1,0.64078567,0.5822679,1.10049975,1
clip,42,S2,isolation_forest,auto,primary,IMG_8441,3g,S5,1,0.64871752,0.5822679,1.11412208,1
clip,42,S2,isolation_forest,auto,primary,IMG_8442,3g,S5,1,0.64871269,0.5822679,1.11411379,1
clip,42,S2,isolation_forest,auto,primary,IMG_8443,3g,S5,1,0.64332113,0.5822679,1.1048542,1
clip,42,S2,isolation_forest,auto,primary,IMG_8444,under3g,S6,1,0.67660659,0.5822679,1.16201939,1
clip,42,S2,isolation_forest,auto,primary,IMG_8445,under3g,S6,1,0.6052139,0.5822679,1.03940798,1
clip,42,S2,isolation_forest,auto,primary,IMG_8446,under3g,S6,1,0.61343259,0.5822679,1.05352294,1
clip,42,S2,isolation_forest,auto,primary,IMG_8447,under3g,S6,1,0.58760328,0.5822679,1.00916311,1
clip,42,S2,isolation_forest,auto,primary,IMG_8448,under3g,S6,1,0.57851083,0.5822679,0.99354752,0
clip,42,S2,isolation_forest,auto,primary,IMG_8449,under3g,S6,1,0.58551241,0.5822679,1.0055722,1
clip,42,S2,isolation_forest,auto,primary,IMG_8450,under3g,S6,1,0.59841781,0.5822679,1.02773623,1
clip,42,S2,isolation_forest,auto,primary,IMG_8451,under3g,S6,1,0.63347256,0.5822679,1.08794003,1
clip,42,S2,isolation_forest,auto,primary,IMG_8453,under3g,S6,1,0.63513934,0.5822679,1.09080261,1
clip,42,S2,isolation_forest,auto,primary,IMG_8454,under3g,S6,1,0.63779377,0.5822679,1.09536139,1
clip,42,S2,isolation_forest,auto,primary,IMG_8455,under3g,S6,1,0.63332254,0.5822679,1.08768239,1
clip,42,S2,isolation_forest,auto,primary,IMG_8456,under3g,S6,1,0.6316937,0.5822679,1.084885,1
clip,42,S2,isolation_forest,auto,primary,IMG_8457,under3g,S6,1,0.63598016,0.5822679,1.09224665,1
clip,42,S2,isolation_forest,auto,primary,IMG_8458,under3g,S6,1,0.63839237,0.5822679,1.09638944,1
clip,42,S2,isolation_forest,auto,primary,IMG_8459,under3g,S6,1,0.64858468,0.5822679,1.11389394,1
clip,42,S2,isolation_forest,auto,primary,IMG_8460,under3g,S6,1,0.65204435,0.5822679,1.11983565,1
clip,42,S3,isolation_forest,auto,primary,IMG_8418,normal,S3,0,0.48499169,0.59293302,0.81795357,0
clip,42,S3,isolation_forest,auto,primary,IMG_8424,normal,S3,0,0.46917748,0.59293302,0.79128243,0
clip,42,S3,isolation_forest,auto,primary,IMG_8425,normal,S3,0,0.5072837,0.59293302,0.85554974,0
clip,42,S3,isolation_forest,auto,primary,IMG_8426,normal,S3,0,0.43075662,0.59293302,0.72648446,0
clip,42,S3,isolation_forest,auto,primary,IMG_8436,3g,S5,1,0.6522521,0.59293302,1.10004346,1
clip,42,S3,isolation_forest,auto,primary,IMG_8437,3g,S5,1,0.639624,0.59293302,1.07874579,1
clip,42,S3,isolation_forest,auto,primary,IMG_8438,3g,S5,1,0.64009282,0.59293302,1.07953647,1
clip,42,S3,isolation_forest,auto,primary,IMG_8439,3g,S5,1,0.65450491,0.59293302,1.1038429,1
clip,42,S3,isolation_forest,auto,primary,IMG_8440,3g,S5,1,0.64892153,0.59293302,1.09442636,1
clip,42,S3,isolation_forest,auto,primary,IMG_8441,3g,S5,1,0.65277417,0.59293302,1.10092396,1
clip,42,S3,isolation_forest,auto,primary,IMG_8442,3g,S5,1,0.65841543,0.59293302,1.11043812,1
clip,42,S3,isolation_forest,auto,primary,IMG_8443,3g,S5,1,0.64715704,0.59293302,1.09145049,1
clip,42,S3,isolation_forest,auto,primary,IMG_8444,under3g,S6,1,0.67825656,0.59293302,1.1439008,1
clip,42,S3,isolation_forest,auto,primary,IMG_8445,under3g,S6,1,0.59866955,0.59293302,1.00967484,1
clip,42,S3,isolation_forest,auto,primary,IMG_8446,under3g,S6,1,0.6100887,0.59293302,1.02893357,1
clip,42,S3,isolation_forest,auto,primary,IMG_8447,under3g,S6,1,0.58421664,0.59293302,0.98529955,0
clip,42,S3,isolation_forest,auto,primary,IMG_8448,under3g,S6,1,0.57497551,0.59293302,0.9697141,0
clip,42,S3,isolation_forest,auto,primary,IMG_8449,under3g,S6,1,0.58280227,0.59293302,0.98291417,0
clip,42,S3,isolation_forest,auto,primary,IMG_8450,under3g,S6,1,0.59003545,0.59293302,0.99511315,0
clip,42,S3,isolation_forest,auto,primary,IMG_8451,under3g,S6,1,0.63981622,0.59293302,1.07906997,1
clip,42,S3,isolation_forest,auto,primary,IMG_8453,under3g,S6,1,0.64542547,0.59293302,1.08853014,1
clip,42,S3,isolation_forest,auto,primary,IMG_8454,under3g,S6,1,0.64903055,0.59293302,1.09461022,1
clip,42,S3,isolation_forest,auto,primary,IMG_8455,under3g,S6,1,0.64236529,0.59293302,1.08336905,1
clip,42,S3,isolation_forest,auto,primary,IMG_8456,under3g,S6,1,0.64057486,0.59293302,1.08034944,1
clip,42,S3,isolation_forest,auto,primary,IMG_8457,under3g,S6,1,0.64583386,0.59293302,1.08921891,1
clip,42,S3,isolation_forest,auto,primary,IMG_8458,under3g,S6,1,0.64563494,0.59293302,1.08888342,1
clip,42,S3,isolation_forest,auto,primary,IMG_8459,under3g,S6,1,0.65636314,0.59293302,1.10697687,1
clip,42,S3,isolation_forest,auto,primary,IMG_8460,under3g,S6,1,0.65995603,0.59293302,1.11303639,1
clip,42,S4,isolation_forest,auto,primary,IMG_8419,normal,S4,0,0.40637163,0.59586249,0.68198894,0
clip,42,S4,isolation_forest,auto,primary,IMG_8420,normal,S4,0,0.42209474,0.59586249,0.70837609,0
clip,42,S4,isolation_forest,auto,primary,IMG_8421,normal,S4,0,0.5574169,0.59586249,0.9354791,0
clip,42,S4,isolation_forest,auto,primary,IMG_8422,normal,S4,0,0.44289042,0.59586249,0.74327621,0
clip,42,S4,isolation_forest,auto,primary,IMG_8423,normal,S4,0,0.40281126,0.59586249,0.67601379,0
clip,42,S4,isolation_forest,auto,primary,IMG_8436,3g,S5,1,0.64318285,0.59586249,1.0794149,1
clip,42,S4,isolation_forest,auto,primary,IMG_8437,3g,S5,1,0.62952874,0.59586249,1.05650003,1
clip,42,S4,isolation_forest,auto,primary,IMG_8438,3g,S5,1,0.63260342,0.59586249,1.06166009,1
clip,42,S4,isolation_forest,auto,primary,IMG_8439,3g,S5,1,0.64559447,0.59586249,1.08346218,1
clip,42,S4,isolation_forest,auto,primary,IMG_8440,3g,S5,1,0.63939948,0.59586249,1.0730655,1
clip,42,S4,isolation_forest,auto,primary,IMG_8441,3g,S5,1,0.64447541,0.59586249,1.08158413,1
clip,42,S4,isolation_forest,auto,primary,IMG_8442,3g,S5,1,0.65115144,0.59586249,1.09278811,1
clip,42,S4,isolation_forest,auto,primary,IMG_8443,3g,S5,1,0.64171307,0.59586249,1.07694827,1
clip,42,S4,isolation_forest,auto,primary,IMG_8444,under3g,S6,1,0.67063703,0.59586249,1.12548959,1
clip,42,S4,isolation_forest,auto,primary,IMG_8445,under3g,S6,1,0.6059008,0.59586249,1.01684668,1
clip,42,S4,isolation_forest,auto,primary,IMG_8446,under3g,S6,1,0.61978516,0.59586249,1.04014798,1
clip,42,S4,isolation_forest,auto,primary,IMG_8447,under3g,S6,1,0.59187217,0.59586249,0.99330329,0
clip,42,S4,isolation_forest,auto,primary,IMG_8448,under3g,S6,1,0.58373954,0.59586249,0.97965479,0
clip,42,S4,isolation_forest,auto,primary,IMG_8449,under3g,S6,1,0.59057217,0.59586249,0.99112157,0
clip,42,S4,isolation_forest,auto,primary,IMG_8450,under3g,S6,1,0.59925077,0.59586249,1.00568635,1
clip,42,S4,isolation_forest,auto,primary,IMG_8451,under3g,S6,1,0.63145918,0.59586249,1.05973977,1
clip,42,S4,isolation_forest,auto,primary,IMG_8453,under3g,S6,1,0.63885919,0.59586249,1.07215876,1
clip,42,S4,isolation_forest,auto,primary,IMG_8454,under3g,S6,1,0.64213773,0.59586249,1.07766095,1
clip,42,S4,isolation_forest,auto,primary,IMG_8455,under3g,S6,1,0.63516497,0.59586249,1.06595898,1
clip,42,S4,isolation_forest,auto,primary,IMG_8456,under3g,S6,1,0.62902169,0.59586249,1.05564908,1
clip,42,S4,isolation_forest,auto,primary,IMG_8457,under3g,S6,1,0.63577493,0.59586249,1.06698263,1
clip,42,S4,isolation_forest,auto,primary,IMG_8458,under3g,S6,1,0.64508138,0.59586249,1.0826011,1
clip,42,S4,isolation_forest,auto,primary,IMG_8459,under3g,S6,1,0.65016689,0.59586249,1.0911358,1
clip,42,S4,isolation_forest,auto,primary,IMG_8460,under3g,S6,1,0.65305823,0.59586249,1.09598815,1
clip,43,S1,isolation_forest,auto,primary,IMG_8390,normal,S1,0,0.52898111,0.6022503,0.87834096,0
clip,43,S1,isolation_forest,auto,primary,IMG_8391,normal,S1,0,0.57387298,0.6022503,0.95288119,0
clip,43,S1,isolation_forest,auto,primary,IMG_8392,normal,S1,0,0.61588209,0.6022503,1.02263475,1
clip,43,S1,isolation_forest,auto,primary,IMG_8393,normal,S1,0,0.52575545,0.6022503,0.87298494,0
clip,43,S1,isolation_forest,auto,primary,IMG_8394,normal,S1,0,0.60286201,0.6022503,1.0010157,1
clip,43,S1,isolation_forest,auto,primary,IMG_8395,normal,S1,0,0.57050239,0.6022503,0.94728452,0
clip,43,S1,isolation_forest,auto,primary,IMG_8396,normal,S1,0,0.55215466,0.6022503,0.91681923,0
clip,43,S1,isolation_forest,auto,primary,IMG_8397,normal,S1,0,0.48518334,0.6022503,0.80561742,0
clip,43,S1,isolation_forest,auto,primary,IMG_8398,normal,S1,0,0.55983427,0.6022503,0.92957075,0
clip,43,S1,isolation_forest,auto,primary,IMG_8399,normal,S1,0,0.49164158,0.6022503,0.81634095,0
clip,43,S1,isolation_forest,auto,primary,IMG_8400,normal,S1,0,0.49227615,0.6022503,0.8173946,0
clip,43,S1,isolation_forest,auto,primary,IMG_8401,normal,S1,0,0.49202239,0.6022503,0.81697326,0
clip,43,S1,isolation_forest,auto,primary,IMG_8402,normal,S1,0,0.47600204,0.6022503,0.79037244,0
clip,43,S1,isolation_forest,auto,primary,IMG_8403,normal,S1,0,0.50715303,0.6022503,0.84209675,0
clip,43,S1,isolation_forest,auto,primary,IMG_8404,normal,S1,0,0.5301889,0.6022503,0.88034642,0
clip,43,S1,isolation_forest,auto,primary,IMG_8405,normal,S1,0,0.43498504,0.6022503,0.7222662,0
clip,43,S1,isolation_forest,auto,primary,IMG_8406,normal,S1,0,0.540245,0.6022503,0.89704395,0
clip,43,S1,isolation_forest,auto,primary,IMG_8407,normal,S1,0,0.51656752,0.6022503,0.85772895,0
clip,43,S1,isolation_forest,auto,primary,IMG_8408,normal,S1,0,0.50269042,0.6022503,0.83468686,0
clip,43,S1,isolation_forest,auto,primary,IMG_8409,normal,S1,0,0.53485148,0.6022503,0.88808835,0
clip,43,S1,isolation_forest,auto,primary,IMG_8410,normal,S1,0,0.46623536,0.6022503,0.77415546,0
clip,43,S1,isolation_forest,auto,primary,IMG_8411,normal,S1,0,0.50118497,0.6022503,0.83218716,0
clip,43,S1,isolation_forest,auto,primary,IMG_8412,normal,S1,0,0.56429675,0.6022503,0.93698042,0
clip,43,S1,isolation_forest,auto,primary,IMG_8413,normal,S1,0,0.46417755,0.6022503,0.77073859,0
clip,43,S1,isolation_forest,auto,primary,IMG_8414,normal,S1,0,0.5913692,0.6022503,0.98193259,0
clip,43,S1,isolation_forest,auto,primary,IMG_8415,normal,S1,0,0.49463366,0.6022503,0.8213091,0
clip,43,S1,isolation_forest,auto,primary,IMG_8436,3g,S5,1,0.56221033,0.6022503,0.93351605,0
clip,43,S1,isolation_forest,auto,primary,IMG_8437,3g,S5,1,0.55937501,0.6022503,0.92880817,0
clip,43,S1,isolation_forest,auto,primary,IMG_8438,3g,S5,1,0.56205307,0.6022503,0.93325494,0
clip,43,S1,isolation_forest,auto,primary,IMG_8439,3g,S5,1,0.57194088,0.6022503,0.94967304,0
clip,43,S1,isolation_forest,auto,primary,IMG_8440,3g,S5,1,0.57393049,0.6022503,0.95297667,0
clip,43,S1,isolation_forest,auto,primary,IMG_8441,3g,S5,1,0.56963662,0.6022503,0.94584696,0
clip,43,S1,isolation_forest,auto,primary,IMG_8442,3g,S5,1,0.56672197,0.6022503,0.94100735,0
clip,43,S1,isolation_forest,auto,primary,IMG_8443,3g,S5,1,0.56566395,0.6022503,0.93925058,0
clip,43,S1,isolation_forest,auto,primary,IMG_8444,under3g,S6,1,0.57274574,0.6022503,0.95100946,0
clip,43,S1,isolation_forest,auto,primary,IMG_8445,under3g,S6,1,0.51960256,0.6022503,0.86276845,0
clip,43,S1,isolation_forest,auto,primary,IMG_8446,under3g,S6,1,0.55400673,0.6022503,0.91989448,0
clip,43,S1,isolation_forest,auto,primary,IMG_8447,under3g,S6,1,0.51200215,0.6022503,0.85014843,0
clip,43,S1,isolation_forest,auto,primary,IMG_8448,under3g,S6,1,0.56904137,0.6022503,0.94485858,0
clip,43,S1,isolation_forest,auto,primary,IMG_8449,under3g,S6,1,0.55133267,0.6022503,0.91545436,0
clip,43,S1,isolation_forest,auto,primary,IMG_8450,under3g,S6,1,0.50256258,0.6022503,0.8344746,0
clip,43,S1,isolation_forest,auto,primary,IMG_8451,under3g,S6,1,0.56767819,0.6022503,0.9425951,0
clip,43,S1,isolation_forest,auto,primary,IMG_8453,under3g,S6,1,0.55336361,0.6022503,0.91882662,0
clip,43,S1,isolation_forest,auto,primary,IMG_8454,under3g,S6,1,0.55486952,0.6022503,0.92132708,0
clip,43,S1,isolation_forest,auto,primary,IMG_8455,under3g,S6,1,0.54246888,0.6022503,0.90073658,0
clip,43,S1,isolation_forest,auto,primary,IMG_8456,under3g,S6,1,0.55505149,0.6022503,0.92162924,0
clip,43,S1,isolation_forest,auto,primary,IMG_8457,under3g,S6,1,0.55563114,0.6022503,0.92259171,0
clip,43,S1,isolation_forest,auto,primary,IMG_8458,under3g,S6,1,0.56564562,0.6022503,0.93922015,0
clip,43,S1,isolation_forest,auto,primary,IMG_8459,under3g,S6,1,0.56577413,0.6022503,0.93943352,0
clip,43,S1,isolation_forest,auto,primary,IMG_8460,under3g,S6,1,0.56894914,0.6022503,0.94470544,0
clip,43,S2,isolation_forest,auto,primary,IMG_8427,normal,S2,0,0.40763922,0.58159883,0.70089415,0
clip,43,S2,isolation_forest,auto,primary,IMG_8428,normal,S2,0,0.4086431,0.58159883,0.70262022,0
clip,43,S2,isolation_forest,auto,primary,IMG_8429,normal,S2,0,0.41652195,0.58159883,0.71616711,0
clip,43,S2,isolation_forest,auto,primary,IMG_8431,normal,S2,0,0.48066733,0.58159883,0.82645855,0
clip,43,S2,isolation_forest,auto,primary,IMG_8432,normal,S2,0,0.420968,0.58159883,0.72381163,0
clip,43,S2,isolation_forest,auto,primary,IMG_8436,3g,S5,1,0.63622242,0.58159883,1.09391971,1
clip,43,S2,isolation_forest,auto,primary,IMG_8437,3g,S5,1,0.62589179,0.58159883,1.07615724,1
clip,43,S2,isolation_forest,auto,primary,IMG_8438,3g,S5,1,0.62635366,0.58159883,1.07695138,1
clip,43,S2,isolation_forest,auto,primary,IMG_8439,3g,S5,1,0.640107,0.58159883,1.10059884,1
clip,43,S2,isolation_forest,auto,primary,IMG_8440,3g,S5,1,0.63066147,0.58159883,1.08435822,1
clip,43,S2,isolation_forest,auto,primary,IMG_8441,3g,S5,1,0.63233258,0.58159883,1.08723151,1
clip,43,S2,isolation_forest,auto,primary,IMG_8442,3g,S5,1,0.63609537,0.58159883,1.09370125,1
clip,43,S2,isolation_forest,auto,primary,IMG_8443,3g,S5,1,0.62578556,0.58159883,1.07597458,1
clip,43,S2,isolation_forest,auto,primary,IMG_8444,under3g,S6,1,0.68073428,0.58159883,1.17045332,1
clip,43,S2,isolation_forest,auto,primary,IMG_8445,under3g,S6,1,0.59758364,0.58159883,1.02748426,1
clip,43,S2,isolation_forest,auto,primary,IMG_8446,under3g,S6,1,0.60757436,0.58159883,1.04466227,1
clip,43,S2,isolation_forest,auto,primary,IMG_8447,under3g,S6,1,0.58263867,0.58159883,1.0017879,1
clip,43,S2,isolation_forest,auto,primary,IMG_8448,under3g,S6,1,0.59049201,0.58159883,1.01529091,1
clip,43,S2,isolation_forest,auto,primary,IMG_8449,under3g,S6,1,0.58544239,0.58159883,1.00660861,1
clip,43,S2,isolation_forest,auto,primary,IMG_8450,under3g,S6,1,0.60023769,0.58159883,1.03204761,1
clip,43,S2,isolation_forest,auto,primary,IMG_8451,under3g,S6,1,0.63162548,0.58159883,1.08601573,1
clip,43,S2,isolation_forest,auto,primary,IMG_8453,under3g,S6,1,0.62999701,0.58159883,1.08321575,1
clip,43,S2,isolation_forest,auto,primary,IMG_8454,under3g,S6,1,0.62850466,0.58159883,1.0806498,1
clip,43,S2,isolation_forest,auto,primary,IMG_8455,under3g,S6,1,0.62152115,0.58159883,1.06864236,1
clip,43,S2,isolation_forest,auto,primary,IMG_8456,under3g,S6,1,0.61991144,0.58159883,1.06587462,1
clip,43,S2,isolation_forest,auto,primary,IMG_8457,under3g,S6,1,0.62151402,0.58159883,1.0686301,1
clip,43,S2,isolation_forest,auto,primary,IMG_8458,under3g,S6,1,0.63469099,0.58159883,1.09128656,1
clip,43,S2,isolation_forest,auto,primary,IMG_8459,under3g,S6,1,0.63415618,0.58159883,1.09036701,1
clip,43,S2,isolation_forest,auto,primary,IMG_8460,under3g,S6,1,0.64121849,0.58159883,1.10250993,1
clip,43,S3,isolation_forest,auto,primary,IMG_8418,normal,S3,0,0.48099003,0.58973307,0.81560634,0
clip,43,S3,isolation_forest,auto,primary,IMG_8424,normal,S3,0,0.4603736,0.58973307,0.78064742,0
clip,43,S3,isolation_forest,auto,primary,IMG_8425,normal,S3,0,0.50165738,0.58973307,0.8506516,0
clip,43,S3,isolation_forest,auto,primary,IMG_8426,normal,S3,0,0.42796376,0.58973307,0.72569063,0
clip,43,S3,isolation_forest,auto,primary,IMG_8436,3g,S5,1,0.64263082,0.58973307,1.08969778,1
clip,43,S3,isolation_forest,auto,primary,IMG_8437,3g,S5,1,0.63069539,0.58973307,1.06945908,1
clip,43,S3,isolation_forest,auto,primary,IMG_8438,3g,S5,1,0.63267423,0.58973307,1.07281457,1
clip,43,S3,isolation_forest,auto,primary,IMG_8439,3g,S5,1,0.64624624,0.58973307,1.09582838,1
clip,43,S3,isolation_forest,auto,primary,IMG_8440,3g,S5,1,0.63725839,0.58973307,1.08058785,1
clip,43,S3,isolation_forest,auto,primary,IMG_8441,3g,S5,1,0.63794245,0.58973307,1.08174779,1
clip,43,S3,isolation_forest,auto,primary,IMG_8442,3g,S5,1,0.6440539,0.58973307,1.09211086,1
clip,43,S3,isolation_forest,auto,primary,IMG_8443,3g,S5,1,0.63216629,0.58973307,1.07195327,1
clip,43,S3,isolation_forest,auto,primary,IMG_8444,under3g,S6,1,0.68428294,0.58973307,1.16032655,1
clip,43,S3,isolation_forest,auto,primary,IMG_8445,under3g,S6,1,0.59849203,0.58973307,1.0148524,1
clip,43,S3,isolation_forest,auto,primary,IMG_8446,under3g,S6,1,0.6195115,0.58973307,1.05049475,1
clip,43,S3,isolation_forest,auto,primary,IMG_8447,under3g,S6,1,0.5947512,0.58973307,1.00850915,1
clip,43,S3,isolation_forest,auto,primary,IMG_8448,under3g,S6,1,0.59228487,0.58973307,1.00432704,1
clip,43,S3,isolation_forest,auto,primary,IMG_8449,under3g,S6,1,0.5922043,0.58973307,1.00419041,1
clip,43,S3,isolation_forest,auto,primary,IMG_8450,under3g,S6,1,0.60769331,0.58973307,1.03045486,1
clip,43,S3,isolation_forest,auto,primary,IMG_8451,under3g,S6,1,0.63419428,0.58973307,1.07539208,1
clip,43,S3,isolation_forest,auto,primary,IMG_8453,under3g,S6,1,0.63809101,0.58973307,1.08199971,1
clip,43,S3,isolation_forest,auto,primary,IMG_8454,under3g,S6,1,0.63539931,0.58973307,1.07743544,1
clip,43,S3,isolation_forest,auto,primary,IMG_8455,under3g,S6,1,0.62802787,0.58973307,1.06493581,1
clip,43,S3,isolation_forest,auto,primary,IMG_8456,under3g,S6,1,0.62352491,0.58973307,1.05730022,1
clip,43,S3,isolation_forest,auto,primary,IMG_8457,under3g,S6,1,0.62829758,0.58973307,1.06539315,1
clip,43,S3,isolation_forest,auto,primary,IMG_8458,under3g,S6,1,0.63908012,0.58973307,1.08367693,1
clip,43,S3,isolation_forest,auto,primary,IMG_8459,under3g,S6,1,0.64135753,0.58973307,1.08753869,1
clip,43,S3,isolation_forest,auto,primary,IMG_8460,under3g,S6,1,0.64808255,0.58973307,1.09894218,1
clip,43,S4,isolation_forest,auto,primary,IMG_8419,normal,S4,0,0.39963412,0.59759918,0.66873272,0
clip,43,S4,isolation_forest,auto,primary,IMG_8420,normal,S4,0,0.4183668,0.59759918,0.70007927,0
clip,43,S4,isolation_forest,auto,primary,IMG_8421,normal,S4,0,0.5625271,0.59759918,0.94131171,0
clip,43,S4,isolation_forest,auto,primary,IMG_8422,normal,S4,0,0.42804277,0.59759918,0.71627068,0
clip,43,S4,isolation_forest,auto,primary,IMG_8423,normal,S4,0,0.40204405,0.59759918,0.67276541,0
clip,43,S4,isolation_forest,auto,primary,IMG_8436,3g,S5,1,0.64189843,0.59759918,1.07412871,1
clip,43,S4,isolation_forest,auto,primary,IMG_8437,3g,S5,1,0.63012762,0.59759918,1.05443187,1
clip,43,S4,isolation_forest,auto,primary,IMG_8438,3g,S5,1,0.63083342,0.59759918,1.05561294,1
clip,43,S4,isolation_forest,auto,primary,IMG_8439,3g,S5,1,0.64575339,0.59759918,1.08057945,1
clip,43,S4,isolation_forest,auto,primary,IMG_8440,3g,S5,1,0.63616199,0.59759918,1.06452956,1
clip,43,S4,isolation_forest,auto,primary,IMG_8441,3g,S5,1,0.6377269,0.59759918,1.06714823,1
clip,43,S4,isolation_forest,auto,primary,IMG_8442,3g,S5,1,0.64306366,0.59759918,1.07607856,1
clip,43,S4,isolation_forest,auto,primary,IMG_8443,3g,S5,1,0.63519501,0.59759918,1.06291145,1
clip,43,S4,isolation_forest,auto,primary,IMG_8444,under3g,S6,1,0.67847382,0.59759918,1.13533258,1
clip,43,S4,isolation_forest,auto,primary,IMG_8445,under3g,S6,1,0.59898249,0.59759918,1.00231478,1
clip,43,S4,isolation_forest,auto,primary,IMG_8446,under3g,S6,1,0.62329318,0.59759918,1.04299537,1
clip,43,S4,isolation_forest,auto,primary,IMG_8447,under3g,S6,1,0.59298304,0.59759918,0.99227552,0
clip,43,S4,isolation_forest,auto,primary,IMG_8448,under3g,S6,1,0.60574027,0.59759918,1.013623,1
clip,43,S4,isolation_forest,auto,primary,IMG_8449,under3g,S6,1,0.59675174,0.59759918,0.99858192,0
clip,43,S4,isolation_forest,auto,primary,IMG_8450,under3g,S6,1,0.6057156,0.59759918,1.01358171,1
clip,43,S4,isolation_forest,auto,primary,IMG_8451,under3g,S6,1,0.63355688,0.59759918,1.06017028,1
clip,43,S4,isolation_forest,auto,primary,IMG_8453,under3g,S6,1,0.63867325,0.59759918,1.06873181,1
clip,43,S4,isolation_forest,auto,primary,IMG_8454,under3g,S6,1,0.63612715,0.59759918,1.06447126,1
clip,43,S4,isolation_forest,auto,primary,IMG_8455,under3g,S6,1,0.6267916,0.59759918,1.0488495,1
clip,43,S4,isolation_forest,auto,primary,IMG_8456,under3g,S6,1,0.62433891,0.59759918,1.04474527,1
clip,43,S4,isolation_forest,auto,primary,IMG_8457,under3g,S6,1,0.62829145,0.59759918,1.05135929,1
clip,43,S4,isolation_forest,auto,primary,IMG_8458,under3g,S6,1,0.64042909,0.59759918,1.07166996,1
clip,43,S4,isolation_forest,auto,primary,IMG_8459,under3g,S6,1,0.64138516,0.59759918,1.07326981,1
clip,43,S4,isolation_forest,auto,primary,IMG_8460,under3g,S6,1,0.64705056,0.59759918,1.08275009,1
clip,44,S1,isolation_forest,auto,primary,IMG_8390,normal,S1,0,0.55209454,0.61352893,0.89986717,0
clip,44,S1,isolation_forest,auto,primary,IMG_8391,normal,S1,0,0.57019637,0.61352893,0.92937161,0
clip,44,S1,isolation_forest,auto,primary,IMG_8392,normal,S1,0,0.61072429,0.61352893,0.99542867,0
clip,44,S1,isolation_forest,auto,primary,IMG_8393,normal,S1,0,0.53506717,0.61352893,0.872114,0
clip,44,S1,isolation_forest,auto,primary,IMG_8394,normal,S1,0,0.60026963,0.61352893,0.97838847,0
clip,44,S1,isolation_forest,auto,primary,IMG_8395,normal,S1,0,0.56384717,0.61352893,0.91902296,0
clip,44,S1,isolation_forest,auto,primary,IMG_8396,normal,S1,0,0.54832834,0.61352893,0.89372858,0
clip,44,S1,isolation_forest,auto,primary,IMG_8397,normal,S1,0,0.4910714,0.61352893,0.80040465,0
clip,44,S1,isolation_forest,auto,primary,IMG_8398,normal,S1,0,0.55554463,0.61352893,0.90549052,0
clip,44,S1,isolation_forest,auto,primary,IMG_8399,normal,S1,0,0.48098772,0.61352893,0.7839691,0
clip,44,S1,isolation_forest,auto,primary,IMG_8400,normal,S1,0,0.4945561,0.61352893,0.8060844,0
clip,44,S1,isolation_forest,auto,primary,IMG_8401,normal,S1,0,0.51341265,0.61352893,0.83681898,0
clip,44,S1,isolation_forest,auto,primary,IMG_8402,normal,S1,0,0.49700124,0.61352893,0.81006977,0
clip,44,S1,isolation_forest,auto,primary,IMG_8403,normal,S1,0,0.50156338,0.61352893,0.81750568,0
clip,44,S1,isolation_forest,auto,primary,IMG_8404,normal,S1,0,0.53270361,0.61352893,0.86826161,0
clip,44,S1,isolation_forest,auto,primary,IMG_8405,normal,S1,0,0.42843516,0.61352893,0.6983129,0
clip,44,S1,isolation_forest,auto,primary,IMG_8406,normal,S1,0,0.53267888,0.61352893,0.86822129,0
clip,44,S1,isolation_forest,auto,primary,IMG_8407,normal,S1,0,0.52079679,0.61352893,0.8488545,0
clip,44,S1,isolation_forest,auto,primary,IMG_8408,normal,S1,0,0.50939568,0.61352893,0.83027167,0
clip,44,S1,isolation_forest,auto,primary,IMG_8409,normal,S1,0,0.53677991,0.61352893,0.87490562,0
clip,44,S1,isolation_forest,auto,primary,IMG_8410,normal,S1,0,0.46349578,0.61352893,0.75545872,0
clip,44,S1,isolation_forest,auto,primary,IMG_8411,normal,S1,0,0.5077292,0.61352893,0.82755543,0
clip,44,S1,isolation_forest,auto,primary,IMG_8412,normal,S1,0,0.53947316,0.61352893,0.8792954,0
clip,44,S1,isolation_forest,auto,primary,IMG_8413,normal,S1,0,0.4537191,0.61352893,0.73952357,0
clip,44,S1,isolation_forest,auto,primary,IMG_8414,normal,S1,0,0.59078285,0.61352893,0.96292583,0
clip,44,S1,isolation_forest,auto,primary,IMG_8415,normal,S1,0,0.48031585,0.61352893,0.782874,0
clip,44,S1,isolation_forest,auto,primary,IMG_8436,3g,S5,1,0.57037194,0.61352893,0.92965778,0
clip,44,S1,isolation_forest,auto,primary,IMG_8437,3g,S5,1,0.57232694,0.61352893,0.93284426,0
clip,44,S1,isolation_forest,auto,primary,IMG_8438,3g,S5,1,0.57245037,0.61352893,0.93304545,0
clip,44,S1,isolation_forest,auto,primary,IMG_8439,3g,S5,1,0.57851318,0.61352893,0.94292732,0
clip,44,S1,isolation_forest,auto,primary,IMG_8440,3g,S5,1,0.57957064,0.61352893,0.94465087,0
clip,44,S1,isolation_forest,auto,primary,IMG_8441,3g,S5,1,0.57835488,0.61352893,0.94266928,0
clip,44,S1,isolation_forest,auto,primary,IMG_8442,3g,S5,1,0.57472345,0.61352893,0.93675038,0
clip,44,S1,isolation_forest,auto,primary,IMG_8443,3g,S5,1,0.57408243,0.61352893,0.93570557,0
clip,44,S1,isolation_forest,auto,primary,IMG_8444,under3g,S6,1,0.57261913,0.61352893,0.9333205,0
clip,44,S1,isolation_forest,auto,primary,IMG_8445,under3g,S6,1,0.52485336,0.61352893,0.85546636,0
clip,44,S1,isolation_forest,auto,primary,IMG_8446,under3g,S6,1,0.55867857,0.61352893,0.91059858,0
clip,44,S1,isolation_forest,auto,primary,IMG_8447,under3g,S6,1,0.51021932,0.61352893,0.83161412,0
clip,44,S1,isolation_forest,auto,primary,IMG_8448,under3g,S6,1,0.56440748,0.61352893,0.91993622,0
clip,44,S1,isolation_forest,auto,primary,IMG_8449,under3g,S6,1,0.54542081,0.61352893,0.88898957,0
clip,44,S1,isolation_forest,auto,primary,IMG_8450,under3g,S6,1,0.50166499,0.61352893,0.8176713,0
clip,44,S1,isolation_forest,auto,primary,IMG_8451,under3g,S6,1,0.57045672,0.61352893,0.92979597,0
clip,44,S1,isolation_forest,auto,primary,IMG_8453,under3g,S6,1,0.56799507,0.61352893,0.92578368,0
clip,44,S1,isolation_forest,auto,primary,IMG_8454,under3g,S6,1,0.56739401,0.61352893,0.92480401,0
clip,44,S1,isolation_forest,auto,primary,IMG_8455,under3g,S6,1,0.54789532,0.61352893,0.8930228,0
clip,44,S1,isolation_forest,auto,primary,IMG_8456,under3g,S6,1,0.56597924,0.61352893,0.92249806,0
clip,44,S1,isolation_forest,auto,primary,IMG_8457,under3g,S6,1,0.56440795,0.61352893,0.91993698,0
clip,44,S1,isolation_forest,auto,primary,IMG_8458,under3g,S6,1,0.56822961,0.61352893,0.92616597,0
clip,44,S1,isolation_forest,auto,primary,IMG_8459,under3g,S6,1,0.57054523,0.61352893,0.92994022,0
clip,44,S1,isolation_forest,auto,primary,IMG_8460,under3g,S6,1,0.57469474,0.61352893,0.93670357,0
clip,44,S2,isolation_forest,auto,primary,IMG_8427,normal,S2,0,0.41061285,0.58502023,0.70187804,0
clip,44,S2,isolation_forest,auto,primary,IMG_8428,normal,S2,0,0.40958926,0.58502023,0.70012837,0
clip,44,S2,isolation_forest,auto,primary,IMG_8429,normal,S2,0,0.41819134,0.58502023,0.71483228,0
clip,44,S2,isolation_forest,auto,primary,IMG_8431,normal,S2,0,0.46578689,0.58502023,0.79618937,0
clip,44,S2,isolation_forest,auto,primary,IMG_8432,normal,S2,0,0.41564495,0.58502023,0.71047961,0
clip,44,S2,isolation_forest,auto,primary,IMG_8436,3g,S5,1,0.62726447,0.58502023,1.07220987,1
clip,44,S2,isolation_forest,auto,primary,IMG_8437,3g,S5,1,0.62082216,0.58502023,1.06119776,1
clip,44,S2,isolation_forest,auto,primary,IMG_8438,3g,S5,1,0.62622255,0.58502023,1.07042887,1
clip,44,S2,isolation_forest,auto,primary,IMG_8439,3g,S5,1,0.63270373,0.58502023,1.08150744,1
clip,44,S2,isolation_forest,auto,primary,IMG_8440,3g,S5,1,0.62757218,0.58502023,1.07273586,1
clip,44,S2,isolation_forest,auto,primary,IMG_8441,3g,S5,1,0.63568237,0.58502023,1.08659895,1
clip,44,S2,isolation_forest,auto,primary,IMG_8442,3g,S5,1,0.63466382,0.58502023,1.08485789,1
clip,44,S2,isolation_forest,auto,primary,IMG_8443,3g,S5,1,0.62792396,0.58502023,1.07333716,1
clip,44,S2,isolation_forest,auto,primary,IMG_8444,under3g,S6,1,0.6665021,0.58502023,1.13928042,1
clip,44,S2,isolation_forest,auto,primary,IMG_8445,under3g,S6,1,0.59082052,0.58502023,1.00991467,1
clip,44,S2,isolation_forest,auto,primary,IMG_8446,under3g,S6,1,0.60542322,0.58502023,1.0348757,1
clip,44,S2,isolation_forest,auto,primary,IMG_8447,under3g,S6,1,0.57893348,0.58502023,0.98959566,0
clip,44,S2,isolation_forest,auto,primary,IMG_8448,under3g,S6,1,0.58781672,0.58502023,1.00478016,1
clip,44,S2,isolation_forest,auto,primary,IMG_8449,under3g,S6,1,0.58078803,0.58502023,0.99276572,0
clip,44,S2,isolation_forest,auto,primary,IMG_8450,under3g,S6,1,0.5896907,0.58502023,1.00798343,1
clip,44,S2,isolation_forest,auto,primary,IMG_8451,under3g,S6,1,0.62093198,0.58502023,1.06138547,1
clip,44,S2,isolation_forest,auto,primary,IMG_8453,under3g,S6,1,0.62762201,0.58502023,1.07282103,1
clip,44,S2,isolation_forest,auto,primary,IMG_8454,under3g,S6,1,0.62523586,0.58502023,1.06874228,1
clip,44,S2,isolation_forest,auto,primary,IMG_8455,under3g,S6,1,0.62840211,0.58502023,1.07415448,1
clip,44,S2,isolation_forest,auto,primary,IMG_8456,under3g,S6,1,0.61872349,0.58502023,1.05761042,1
clip,44,S2,isolation_forest,auto,primary,IMG_8457,under3g,S6,1,0.62268967,0.58502023,1.06438997,1
clip,44,S2,isolation_forest,auto,primary,IMG_8458,under3g,S6,1,0.63221692,0.58502023,1.08067531,1
clip,44,S2,isolation_forest,auto,primary,IMG_8459,under3g,S6,1,0.63347321,0.58502023,1.08282275,1
clip,44,S2,isolation_forest,auto,primary,IMG_8460,under3g,S6,1,0.6372365,0.58502023,1.08925548,1
clip,44,S3,isolation_forest,auto,primary,IMG_8418,normal,S3,0,0.48827452,0.59486075,0.82082155,0
clip,44,S3,isolation_forest,auto,primary,IMG_8424,normal,S3,0,0.45200255,0.59486075,0.75984598,0
clip,44,S3,isolation_forest,auto,primary,IMG_8425,normal,S3,0,0.51546961,0.59486075,0.86653828,0
clip,44,S3,isolation_forest,auto,primary,IMG_8426,normal,S3,0,0.44008625,0.59486075,0.7398139,0
clip,44,S3,isolation_forest,auto,primary,IMG_8436,3g,S5,1,0.64312834,0.59486075,1.08114099,1
clip,44,S3,isolation_forest,auto,primary,IMG_8437,3g,S5,1,0.63071928,0.59486075,1.06028054,1
clip,44,S3,isolation_forest,auto,primary,IMG_8438,3g,S5,1,0.63621482,0.59486075,1.06951891,1
clip,44,S3,isolation_forest,auto,primary,IMG_8439,3g,S5,1,0.64594643,0.59486075,1.08587838,1
clip,44,S3,isolation_forest,auto,primary,IMG_8440,3g,S5,1,0.6411318,0.59486075,1.07778468,1
clip,44,S3,isolation_forest,auto,primary,IMG_8441,3g,S5,1,0.64688615,0.59486075,1.08745811,1
clip,44,S3,isolation_forest,auto,primary,IMG_8442,3g,S5,1,0.6487485,0.59486075,1.09058885,1
clip,44,S3,isolation_forest,auto,primary,IMG_8443,3g,S5,1,0.64047268,0.59486075,1.07667665,1
clip,44,S3,isolation_forest,auto,primary,IMG_8444,under3g,S6,1,0.67678932,0.59486075,1.1377273,1
clip,44,S3,isolation_forest,auto,primary,IMG_8445,under3g,S6,1,0.59537973,0.59486075,1.00087244,1
clip,44,S3,isolation_forest,auto,primary,IMG_8446,under3g,S6,1,0.60931727,0.59486075,1.02430236,1
clip,44,S3,isolation_forest,auto,primary,IMG_8447,under3g,S6,1,0.58064121,0.59486075,0.97609602,0
clip,44,S3,isolation_forest,auto,primary,IMG_8448,under3g,S6,1,0.5872382,0.59486075,0.98718599,0
clip,44,S3,isolation_forest,auto,primary,IMG_8449,under3g,S6,1,0.58228564,0.59486075,0.97886042,0
clip,44,S3,isolation_forest,auto,primary,IMG_8450,under3g,S6,1,0.58788357,0.59486075,0.9882709,0
clip,44,S3,isolation_forest,auto,primary,IMG_8451,under3g,S6,1,0.6293085,0.59486075,1.05790892,1
clip,44,S3,isolation_forest,auto,primary,IMG_8453,under3g,S6,1,0.64021947,0.59486075,1.07625098,1
clip,44,S3,isolation_forest,auto,primary,IMG_8454,under3g,S6,1,0.64074651,0.59486075,1.07713697,1
clip,44,S3,isolation_forest,auto,primary,IMG_8455,under3g,S6,1,0.64219271,0.59486075,1.07956813,1
clip,44,S3,isolation_forest,auto,primary,IMG_8456,under3g,S6,1,0.63406095,0.59486075,1.06589811,1
clip,44,S3,isolation_forest,auto,primary,IMG_8457,under3g,S6,1,0.63645189,0.59486075,1.06991743,1
clip,44,S3,isolation_forest,auto,primary,IMG_8458,under3g,S6,1,0.64513832,0.59486075,1.08451989,1
clip,44,S3,isolation_forest,auto,primary,IMG_8459,under3g,S6,1,0.6489226,0.59486075,1.09088151,1
clip,44,S3,isolation_forest,auto,primary,IMG_8460,under3g,S6,1,0.65272908,0.59486075,1.09728046,1
clip,44,S4,isolation_forest,auto,primary,IMG_8419,normal,S4,0,0.39583443,0.59558859,0.66461049,0
clip,44,S4,isolation_forest,auto,primary,IMG_8420,normal,S4,0,0.41536326,0.59558859,0.69739963,0
clip,44,S4,isolation_forest,auto,primary,IMG_8421,normal,S4,0,0.56813168,0.59558859,0.95389954,0
clip,44,S4,isolation_forest,auto,primary,IMG_8422,normal,S4,0,0.43301661,0.59558859,0.72703979,0
clip,44,S4,isolation_forest,auto,primary,IMG_8423,normal,S4,0,0.40185555,0.59558859,0.67472003,0
clip,44,S4,isolation_forest,auto,primary,IMG_8436,3g,S5,1,0.63640264,0.59558859,1.06852725,1
clip,44,S4,isolation_forest,auto,primary,IMG_8437,3g,S5,1,0.62700626,0.59558859,1.05275063,1
clip,44,S4,isolation_forest,auto,primary,IMG_8438,3g,S5,1,0.63027673,0.59558859,1.05824178,1
clip,44,S4,isolation_forest,auto,primary,IMG_8439,3g,S5,1,0.64141289,0.59558859,1.07693952,1
clip,44,S4,isolation_forest,auto,primary,IMG_8440,3g,S5,1,0.63350787,0.59558859,1.0636669,1
clip,44,S4,isolation_forest,auto,primary,IMG_8441,3g,S5,1,0.63504409,0.59558859,1.06624623,1
clip,44,S4,isolation_forest,auto,primary,IMG_8442,3g,S5,1,0.64077126,0.59558859,1.07586222,1
clip,44,S4,isolation_forest,auto,primary,IMG_8443,3g,S5,1,0.63052228,0.59558859,1.05865406,1
clip,44,S4,isolation_forest,auto,primary,IMG_8444,under3g,S6,1,0.66099244,0.59558859,1.10981381,1
clip,44,S4,isolation_forest,auto,primary,IMG_8445,under3g,S6,1,0.58995466,0.59558859,0.99054057,0
clip,44,S4,isolation_forest,auto,primary,IMG_8446,under3g,S6,1,0.59547187,0.59558859,0.99980403,0
clip,44,S4,isolation_forest,auto,primary,IMG_8447,under3g,S6,1,0.58059786,0.59558859,0.97483039,0
clip,44,S4,isolation_forest,auto,primary,IMG_8448,under3g,S6,1,0.59535261,0.59558859,0.99960378,0
clip,44,S4,isolation_forest,auto,primary,IMG_8449,under3g,S6,1,0.57810012,0.59558859,0.97063666,0
clip,44,S4,isolation_forest,auto,primary,IMG_8450,under3g,S6,1,0.59013931,0.59558859,0.99085059,0
clip,44,S4,isolation_forest,auto,primary,IMG_8451,under3g,S6,1,0.62585902,0.59558859,1.05082439,1
clip,44,S4,isolation_forest,auto,primary,IMG_8453,under3g,S6,1,0.63574213,0.59558859,1.06741825,1
clip,44,S4,isolation_forest,auto,primary,IMG_8454,under3g,S6,1,0.63324331,0.59558859,1.06322269,1
clip,44,S4,isolation_forest,auto,primary,IMG_8455,under3g,S6,1,0.63681645,0.59558859,1.06922204,1
clip,44,S4,isolation_forest,auto,primary,IMG_8456,under3g,S6,1,0.62494819,0.59558859,1.04929509,1
clip,44,S4,isolation_forest,auto,primary,IMG_8457,under3g,S6,1,0.63120343,0.59558859,1.05979771,1
clip,44,S4,isolation_forest,auto,primary,IMG_8458,under3g,S6,1,0.63801451,0.59558859,1.0712336,1
clip,44,S4,isolation_forest,auto,primary,IMG_8459,under3g,S6,1,0.64113568,0.59558859,1.07647408,1
clip,44,S4,isolation_forest,auto,primary,IMG_8460,under3g,S6,1,0.64445487,0.59558859,1.08204703,1
clip,45,S1,isolation_forest,auto,primary,IMG_8390,normal,S1,0,0.53315925,0.6059804,0.8798292,0
clip,45,S1,isolation_forest,auto,primary,IMG_8391,normal,S1,0,0.57238108,0.6059804,0.94455379,0
clip,45,S1,isolation_forest,auto,primary,IMG_8392,normal,S1,0,0.62631296,0.6059804,1.03355317,1
clip,45,S1,isolation_forest,auto,primary,IMG_8393,normal,S1,0,0.51630345,0.6059804,0.85201346,0
clip,45,S1,isolation_forest,auto,primary,IMG_8394,normal,S1,0,0.60486142,0.6059804,0.99815344,0
clip,45,S1,isolation_forest,auto,primary,IMG_8395,normal,S1,0,0.55917096,0.6059804,0.92275421,0
clip,45,S1,isolation_forest,auto,primary,IMG_8396,normal,S1,0,0.54406752,0.6059804,0.89783024,0
clip,45,S1,isolation_forest,auto,primary,IMG_8397,normal,S1,0,0.49252255,0.6059804,0.81276977,0
clip,45,S1,isolation_forest,auto,primary,IMG_8398,normal,S1,0,0.56104312,0.6059804,0.92584368,0
clip,45,S1,isolation_forest,auto,primary,IMG_8399,normal,S1,0,0.48198876,0.6059804,0.79538672,0
clip,45,S1,isolation_forest,auto,primary,IMG_8400,normal,S1,0,0.49953448,0.6059804,0.824341,0
clip,45,S1,isolation_forest,auto,primary,IMG_8401,normal,S1,0,0.50066441,0.6059804,0.82620562,0
clip,45,S1,isolation_forest,auto,primary,IMG_8402,normal,S1,0,0.48479676,0.6059804,0.80002053,0
clip,45,S1,isolation_forest,auto,primary,IMG_8403,normal,S1,0,0.50102921,0.6059804,0.82680763,0
clip,45,S1,isolation_forest,auto,primary,IMG_8404,normal,S1,0,0.53210696,0.6059804,0.87809269,0
clip,45,S1,isolation_forest,auto,primary,IMG_8405,normal,S1,0,0.42860162,0.6059804,0.70728628,0
clip,45,S1,isolation_forest,auto,primary,IMG_8406,normal,S1,0,0.53452501,0.6059804,0.882083,0
clip,45,S1,isolation_forest,auto,primary,IMG_8407,normal,S1,0,0.52639799,0.6059804,0.86867164,0
clip,45,S1,isolation_forest,auto,primary,IMG_8408,normal,S1,0,0.51074294,0.6059804,0.8428374,0
clip,45,S1,isolation_forest,auto,primary,IMG_8409,normal,S1,0,0.53424789,0.6059804,0.88162571,0
clip,45,S1,isolation_forest,auto,primary,IMG_8410,normal,S1,0,0.46120961,0.6059804,0.76109659,0
clip,45,S1,isolation_forest,auto,primary,IMG_8411,normal,S1,0,0.49941804,0.6059804,0.82414884,0
clip,45,S1,isolation_forest,auto,primary,IMG_8412,normal,S1,0,0.53900476,0.6059804,0.88947558,0
clip,45,S1,isolation_forest,auto,primary,IMG_8413,normal,S1,0,0.46686804,0.6059804,0.77043424,0
clip,45,S1,isolation_forest,auto,primary,IMG_8414,normal,S1,0,0.58316026,0.6059804,0.9623418,0
clip,45,S1,isolation_forest,auto,primary,IMG_8415,normal,S1,0,0.48914221,0.6059804,0.80719147,0
clip,45,S1,isolation_forest,auto,primary,IMG_8436,3g,S5,1,0.5709549,0.6059804,0.94220028,0
clip,45,S1,isolation_forest,auto,primary,IMG_8437,3g,S5,1,0.57211491,0.6059804,0.94411455,0
clip,45,S1,isolation_forest,auto,primary,IMG_8438,3g,S5,1,0.57035894,0.6059804,0.94121681,0
clip,45,S1,isolation_forest,auto,primary,IMG_8439,3g,S5,1,0.57774429,0.6059804,0.95340426,0
clip,45,S1,isolation_forest,auto,primary,IMG_8440,3g,S5,1,0.58033923,0.6059804,0.95768648,0
clip,45,S1,isolation_forest,auto,primary,IMG_8441,3g,S5,1,0.57861644,0.6059804,0.9548435,0
clip,45,S1,isolation_forest,auto,primary,IMG_8442,3g,S5,1,0.57734431,0.6059804,0.9527442,0
clip,45,S1,isolation_forest,auto,primary,IMG_8443,3g,S5,1,0.57189169,0.6059804,0.94374619,0
clip,45,S1,isolation_forest,auto,primary,IMG_8444,under3g,S6,1,0.58025805,0.6059804,0.9575525,0
clip,45,S1,isolation_forest,auto,primary,IMG_8445,under3g,S6,1,0.51705734,0.6059804,0.85325754,0
clip,45,S1,isolation_forest,auto,primary,IMG_8446,under3g,S6,1,0.56135791,0.6059804,0.92636314,0
clip,45,S1,isolation_forest,auto,primary,IMG_8447,under3g,S6,1,0.51740644,0.6059804,0.85383363,0
clip,45,S1,isolation_forest,auto,primary,IMG_8448,under3g,S6,1,0.54740047,0.6059804,0.90333033,0
clip,45,S1,isolation_forest,auto,primary,IMG_8449,under3g,S6,1,0.52981197,0.6059804,0.87430546,0
clip,45,S1,isolation_forest,auto,primary,IMG_8450,under3g,S6,1,0.49970929,0.6059804,0.82462946,0
clip,45,S1,isolation_forest,auto,primary,IMG_8451,under3g,S6,1,0.5638619,0.6059804,0.93049528,0
clip,45,S1,isolation_forest,auto,primary,IMG_8453,under3g,S6,1,0.57032624,0.6059804,0.94116285,0
clip,45,S1,isolation_forest,auto,primary,IMG_8454,under3g,S6,1,0.56783561,0.6059804,0.93705278,0
clip,45,S1,isolation_forest,auto,primary,IMG_8455,under3g,S6,1,0.55270654,0.6059804,0.9120865,0
clip,45,S1,isolation_forest,auto,primary,IMG_8456,under3g,S6,1,0.56711753,0.6059804,0.93586778,0
clip,45,S1,isolation_forest,auto,primary,IMG_8457,under3g,S6,1,0.56627415,0.6059804,0.93447602,0
clip,45,S1,isolation_forest,auto,primary,IMG_8458,under3g,S6,1,0.57247493,0.6059804,0.94470866,0
clip,45,S1,isolation_forest,auto,primary,IMG_8459,under3g,S6,1,0.57227897,0.6059804,0.94438529,0
clip,45,S1,isolation_forest,auto,primary,IMG_8460,under3g,S6,1,0.57518536,0.6059804,0.94918147,0
clip,45,S2,isolation_forest,auto,primary,IMG_8427,normal,S2,0,0.41270939,0.57725371,0.71495319,0
clip,45,S2,isolation_forest,auto,primary,IMG_8428,normal,S2,0,0.40637795,0.57725371,0.70398499,0
clip,45,S2,isolation_forest,auto,primary,IMG_8429,normal,S2,0,0.42009614,0.57725371,0.72774956,0
clip,45,S2,isolation_forest,auto,primary,IMG_8431,normal,S2,0,0.4652658,0.57725371,0.80599879,0
clip,45,S2,isolation_forest,auto,primary,IMG_8432,normal,S2,0,0.4114969,0.57725371,0.71285275,0
clip,45,S2,isolation_forest,auto,primary,IMG_8436,3g,S5,1,0.63387573,0.57725371,1.09808861,1
clip,45,S2,isolation_forest,auto,primary,IMG_8437,3g,S5,1,0.62892214,0.57725371,1.08950731,1
clip,45,S2,isolation_forest,auto,primary,IMG_8438,3g,S5,1,0.62791256,0.57725371,1.08775837,1
clip,45,S2,isolation_forest,auto,primary,IMG_8439,3g,S5,1,0.63504673,0.57725371,1.10011718,1
clip,45,S2,isolation_forest,auto,primary,IMG_8440,3g,S5,1,0.62935128,0.57725371,1.09025072,1
clip,45,S2,isolation_forest,auto,primary,IMG_8441,3g,S5,1,0.62917086,0.57725371,1.08993817,1
clip,45,S2,isolation_forest,auto,primary,IMG_8442,3g,S5,1,0.63641327,0.57725371,1.1024845,1
clip,45,S2,isolation_forest,auto,primary,IMG_8443,3g,S5,1,0.62534345,0.57725371,1.08330779,1
clip,45,S2,isolation_forest,auto,primary,IMG_8444,under3g,S6,1,0.66450215,0.57725371,1.151144,1
clip,45,S2,isolation_forest,auto,primary,IMG_8445,under3g,S6,1,0.58269198,0.57725371,1.00942093,1
clip,45,S2,isolation_forest,auto,primary,IMG_8446,under3g,S6,1,0.59997403,0.57725371,1.03935933,1
clip,45,S2,isolation_forest,auto,primary,IMG_8447,under3g,S6,1,0.57345092,0.57725371,0.99341227,0
clip,45,S2,isolation_forest,auto,primary,IMG_8448,under3g,S6,1,0.55798991,0.57725371,0.96662853,0
clip,45,S2,isolation_forest,auto,primary,IMG_8449,under3g,S6,1,0.56033642,0.57725371,0.97069349,0
clip,45,S2,isolation_forest,auto,primary,IMG_8450,under3g,S6,1,0.58726809,0.57725371,1.0173483,1
clip,45,S2,isolation_forest,auto,primary,IMG_8451,under3g,S6,1,0.62173067,0.57725371,1.07704923,1
clip,45,S2,isolation_forest,auto,primary,IMG_8453,under3g,S6,1,0.63459237,0.57725371,1.09933008,1
clip,45,S2,isolation_forest,auto,primary,IMG_8454,under3g,S6,1,0.6324492,0.57725371,1.09561738,1
clip,45,S2,isolation_forest,auto,primary,IMG_8455,under3g,S6,1,0.62417628,0.57725371,1.08128586,1
clip,45,S2,isolation_forest,auto,primary,IMG_8456,under3g,S6,1,0.62588194,0.57725371,1.08424064,1
clip,45,S2,isolation_forest,auto,primary,IMG_8457,under3g,S6,1,0.6320374,0.57725371,1.094904,1
clip,45,S2,isolation_forest,auto,primary,IMG_8458,under3g,S6,1,0.63612276,0.57725371,1.10198123,1
clip,45,S2,isolation_forest,auto,primary,IMG_8459,under3g,S6,1,0.6352965,0.57725371,1.10054987,1
clip,45,S2,isolation_forest,auto,primary,IMG_8460,under3g,S6,1,0.64050744,0.57725371,1.109577,1
clip,45,S3,isolation_forest,auto,primary,IMG_8418,normal,S3,0,0.47458481,0.59255501,0.80091266,0
clip,45,S3,isolation_forest,auto,primary,IMG_8424,normal,S3,0,0.45850967,0.59255501,0.77378414,0
clip,45,S3,isolation_forest,auto,primary,IMG_8425,normal,S3,0,0.51906552,0.59255501,0.87597861,0
clip,45,S3,isolation_forest,auto,primary,IMG_8426,normal,S3,0,0.43481494,0.59255501,0.73379674,0
clip,45,S3,isolation_forest,auto,primary,IMG_8436,3g,S5,1,0.63530936,0.59255501,1.07215254,1
clip,45,S3,isolation_forest,auto,primary,IMG_8437,3g,S5,1,0.63612611,0.59255501,1.07353089,1
clip,45,S3,isolation_forest,auto,primary,IMG_8438,3g,S5,1,0.63569569,0.59255501,1.0728045,1
clip,45,S3,isolation_forest,auto,primary,IMG_8439,3g,S5,1,0.64294874,0.59255501,1.0850448,1
clip,45,S3,isolation_forest,auto,primary,IMG_8440,3g,S5,1,0.63501883,0.59255501,1.07166224,1
clip,45,S3,isolation_forest,auto,primary,IMG_8441,3g,S5,1,0.63708617,0.59255501,1.0751511,1
clip,45,S3,isolation_forest,auto,primary,IMG_8442,3g,S5,1,0.64165757,0.59255501,1.08286581,1
clip,45,S3,isolation_forest,auto,primary,IMG_8443,3g,S5,1,0.62913469,0.59255501,1.06173213,1
clip,45,S3,isolation_forest,auto,primary,IMG_8444,under3g,S6,1,0.67498218,0.59255501,1.13910467,1
clip,45,S3,isolation_forest,auto,primary,IMG_8445,under3g,S6,1,0.59939386,0.59255501,1.01154129,1
clip,45,S3,isolation_forest,auto,primary,IMG_8446,under3g,S6,1,0.60946576,0.59255501,1.0285387,1
clip,45,S3,isolation_forest,auto,primary,IMG_8447,under3g,S6,1,0.58770983,0.59255501,0.99182324,0
clip,45,S3,isolation_forest,auto,primary,IMG_8448,under3g,S6,1,0.55630517,0.59255501,0.93882451,0
clip,45,S3,isolation_forest,auto,primary,IMG_8449,under3g,S6,1,0.56795583,0.59255501,0.95848625,0
clip,45,S3,isolation_forest,auto,primary,IMG_8450,under3g,S6,1,0.59262195,0.59255501,1.00011296,1
clip,45,S3,isolation_forest,auto,primary,IMG_8451,under3g,S6,1,0.624835,0.59255501,1.05447594,1
clip,45,S3,isolation_forest,auto,primary,IMG_8453,under3g,S6,1,0.64198846,0.59255501,1.08342424,1
clip,45,S3,isolation_forest,auto,primary,IMG_8454,under3g,S6,1,0.63987986,0.59255501,1.07986574,1
clip,45,S3,isolation_forest,auto,primary,IMG_8455,under3g,S6,1,0.62311099,0.59255501,1.05156647,1
clip,45,S3,isolation_forest,auto,primary,IMG_8456,under3g,S6,1,0.62624797,0.59255501,1.05686047,1
clip,45,S3,isolation_forest,auto,primary,IMG_8457,under3g,S6,1,0.63052578,0.59255501,1.06407973,1
clip,45,S3,isolation_forest,auto,primary,IMG_8458,under3g,S6,1,0.6362956,0.59255501,1.07381692,1
clip,45,S3,isolation_forest,auto,primary,IMG_8459,under3g,S6,1,0.63890772,0.59255501,1.07822516,1
clip,45,S3,isolation_forest,auto,primary,IMG_8460,under3g,S6,1,0.64153057,0.59255501,1.08265149,1
clip,45,S4,isolation_forest,auto,primary,IMG_8419,normal,S4,0,0.40374091,0.58925566,0.68517104,0
clip,45,S4,isolation_forest,auto,primary,IMG_8420,normal,S4,0,0.41633392,0.58925566,0.70654209,0
clip,45,S4,isolation_forest,auto,primary,IMG_8421,normal,S4,0,0.56078646,0.58925566,0.95168616,0
clip,45,S4,isolation_forest,auto,primary,IMG_8422,normal,S4,0,0.43169384,0.58925566,0.73260873,0
clip,45,S4,isolation_forest,auto,primary,IMG_8423,normal,S4,0,0.40396672,0.58925566,0.68555424,0
clip,45,S4,isolation_forest,auto,primary,IMG_8436,3g,S5,1,0.63334984,0.58925566,1.07483032,1
clip,45,S4,isolation_forest,auto,primary,IMG_8437,3g,S5,1,0.63265881,0.58925566,1.07365759,1
clip,45,S4,isolation_forest,auto,primary,IMG_8438,3g,S5,1,0.63126028,0.58925566,1.0712842,1
clip,45,S4,isolation_forest,auto,primary,IMG_8439,3g,S5,1,0.63881419,0.58925566,1.08410362,1
clip,45,S4,isolation_forest,auto,primary,IMG_8440,3g,S5,1,0.63105977,0.58925566,1.07094393,1
clip,45,S4,isolation_forest,auto,primary,IMG_8441,3g,S5,1,0.63553729,0.58925566,1.07854254,1
clip,45,S4,isolation_forest,auto,primary,IMG_8442,3g,S5,1,0.63881419,0.58925566,1.08410362,1
clip,45,S4,isolation_forest,auto,primary,IMG_8443,3g,S5,1,0.62990617,0.58925566,1.06898621,1
clip,45,S4,isolation_forest,auto,primary,IMG_8444,under3g,S6,1,0.67497877,0.58925566,1.14547695,1
clip,45,S4,isolation_forest,auto,primary,IMG_8445,under3g,S6,1,0.58580535,0.58925566,0.99414464,0
clip,45,S4,isolation_forest,auto,primary,IMG_8446,under3g,S6,1,0.60365848,0.58925566,1.02444239,1
clip,45,S4,isolation_forest,auto,primary,IMG_8447,under3g,S6,1,0.58166543,0.58925566,0.98711896,0
clip,45,S4,isolation_forest,auto,primary,IMG_8448,under3g,S6,1,0.56741538,0.58925566,0.96293583,0
clip,45,S4,isolation_forest,auto,primary,IMG_8449,under3g,S6,1,0.56361401,0.58925566,0.95648468,0
clip,45,S4,isolation_forest,auto,primary,IMG_8450,under3g,S6,1,0.59188613,0.58925566,1.00446406,1
clip,45,S4,isolation_forest,auto,primary,IMG_8451,under3g,S6,1,0.62421054,0.58925566,1.0593204,1
clip,45,S4,isolation_forest,auto,primary,IMG_8453,under3g,S6,1,0.63922231,0.58925566,1.08479622,1
clip,45,S4,isolation_forest,auto,primary,IMG_8454,under3g,S6,1,0.63718077,0.58925566,1.08133161,1
clip,45,S4,isolation_forest,auto,primary,IMG_8455,under3g,S6,1,0.62822882,0.58925566,1.06613965,1
clip,45,S4,isolation_forest,auto,primary,IMG_8456,under3g,S6,1,0.62744238,0.58925566,1.06480502,1
clip,45,S4,isolation_forest,auto,primary,IMG_8457,under3g,S6,1,0.63060422,0.58925566,1.07017085,1
clip,45,S4,isolation_forest,auto,primary,IMG_8458,under3g,S6,1,0.63586443,0.58925566,1.07909771,1
clip,45,S4,isolation_forest,auto,primary,IMG_8459,under3g,S6,1,0.63779222,0.58925566,1.08236928,1
clip,45,S4,isolation_forest,auto,primary,IMG_8460,under3g,S6,1,0.64221632,0.58925566,1.08987722,1
clip,46,S1,isolation_forest,auto,primary,IMG_8390,normal,S1,0,0.54143587,0.61383404,0.8820558,0
clip,46,S1,isolation_forest,auto,primary,IMG_8391,normal,S1,0,0.59750338,0.61383404,0.97339564,0
clip,46,S1,isolation_forest,auto,primary,IMG_8392,normal,S1,0,0.60130934,0.61383404,0.97959595,0
clip,46,S1,isolation_forest,auto,primary,IMG_8393,normal,S1,0,0.54292945,0.61383404,0.88448899,0
clip,46,S1,isolation_forest,auto,primary,IMG_8394,normal,S1,0,0.6123002,0.61383404,0.99750122,0
clip,46,S1,isolation_forest,auto,primary,IMG_8395,normal,S1,0,0.5765249,0.61383404,0.9392195,0
clip,46,S1,isolation_forest,auto,primary,IMG_8396,normal,S1,0,0.55219587,0.61383404,0.89958495,0
clip,46,S1,isolation_forest,auto,primary,IMG_8397,normal,S1,0,0.48793256,0.61383404,0.79489329,0
clip,46,S1,isolation_forest,auto,primary,IMG_8398,normal,S1,0,0.56038641,0.61383404,0.91292821,0
clip,46,S1,isolation_forest,auto,primary,IMG_8399,normal,S1,0,0.47096099,0.61383404,0.76724482,0
clip,46,S1,isolation_forest,auto,primary,IMG_8400,normal,S1,0,0.48979612,0.61383404,0.79792922,0
clip,46,S1,isolation_forest,auto,primary,IMG_8401,normal,S1,0,0.48869366,0.61383404,0.79613321,0
clip,46,S1,isolation_forest,auto,primary,IMG_8402,normal,S1,0,0.47598851,0.61383404,0.77543517,0
clip,46,S1,isolation_forest,auto,primary,IMG_8403,normal,S1,0,0.50247873,0.61383404,0.81859052,0
clip,46,S1,isolation_forest,auto,primary,IMG_8404,normal,S1,0,0.52863211,0.61383404,0.86119712,0
clip,46,S1,isolation_forest,auto,primary,IMG_8405,normal,S1,0,0.43157183,0.61383404,0.70307575,0
clip,46,S1,isolation_forest,auto,primary,IMG_8406,normal,S1,0,0.5388499,0.61383404,0.87784298,0
clip,46,S1,isolation_forest,auto,primary,IMG_8407,normal,S1,0,0.52007454,0.61383404,0.84725594,0
clip,46,S1,isolation_forest,auto,primary,IMG_8408,normal,S1,0,0.50610519,0.61383404,0.82449841,0
clip,46,S1,isolation_forest,auto,primary,IMG_8409,normal,S1,0,0.52903447,0.61383404,0.86185261,0
clip,46,S1,isolation_forest,auto,primary,IMG_8410,normal,S1,0,0.45612515,0.61383404,0.74307568,0
clip,46,S1,isolation_forest,auto,primary,IMG_8411,normal,S1,0,0.51095232,0.61383404,0.83239489,0
clip,46,S1,isolation_forest,auto,primary,IMG_8412,normal,S1,0,0.538742,0.61383404,0.87766719,0
clip,46,S1,isolation_forest,auto,primary,IMG_8413,normal,S1,0,0.47354463,0.61383404,0.77145385,0
clip,46,S1,isolation_forest,auto,primary,IMG_8414,normal,S1,0,0.61104187,0.61383404,0.99545126,0
clip,46,S1,isolation_forest,auto,primary,IMG_8415,normal,S1,0,0.50184473,0.61383404,0.81755768,0
clip,46,S1,isolation_forest,auto,primary,IMG_8436,3g,S5,1,0.57274438,0.61383404,0.93306063,0
clip,46,S1,isolation_forest,auto,primary,IMG_8437,3g,S5,1,0.57412764,0.61383404,0.93531412,0
clip,46,S1,isolation_forest,auto,primary,IMG_8438,3g,S5,1,0.57424333,0.61383404,0.93550259,0
clip,46,S1,isolation_forest,auto,primary,IMG_8439,3g,S5,1,0.57666444,0.61383404,0.93944682,0
clip,46,S1,isolation_forest,auto,primary,IMG_8440,3g,S5,1,0.58151879,0.61383404,0.94735506,0
clip,46,S1,isolation_forest,auto,primary,IMG_8441,3g,S5,1,0.57852465,0.61383404,0.9424773,0
clip,46,S1,isolation_forest,auto,primary,IMG_8442,3g,S5,1,0.57603713,0.61383404,0.93842488,0
clip,46,S1,isolation_forest,auto,primary,IMG_8443,3g,S5,1,0.57306115,0.61383404,0.93357669,0
clip,46,S1,isolation_forest,auto,primary,IMG_8444,under3g,S6,1,0.5796645,0.61383404,0.94433423,0
clip,46,S1,isolation_forest,auto,primary,IMG_8445,under3g,S6,1,0.53315615,0.61383404,0.86856726,0
clip,46,S1,isolation_forest,auto,primary,IMG_8446,under3g,S6,1,0.56236949,0.61383404,0.91615886,0
clip,46,S1,isolation_forest,auto,primary,IMG_8447,under3g,S6,1,0.52453046,0.61383404,0.8545151,0
clip,46,S1,isolation_forest,auto,primary,IMG_8448,under3g,S6,1,0.57094759,0.61383404,0.93013348,0
clip,46,S1,isolation_forest,auto,primary,IMG_8449,under3g,S6,1,0.54483716,0.61383404,0.88759685,0
clip,46,S1,isolation_forest,auto,primary,IMG_8450,under3g,S6,1,0.51370869,0.61383404,0.8368853,0
clip,46,S1,isolation_forest,auto,primary,IMG_8451,under3g,S6,1,0.58288207,0.61383404,0.949576,0
clip,46,S1,isolation_forest,auto,primary,IMG_8453,under3g,S6,1,0.56948479,0.61383404,0.92775042,0
clip,46,S1,isolation_forest,auto,primary,IMG_8454,under3g,S6,1,0.56935497,0.61383404,0.92753892,0
clip,46,S1,isolation_forest,auto,primary,IMG_8455,under3g,S6,1,0.54417691,0.61383404,0.88652124,0
clip,46,S1,isolation_forest,auto,primary,IMG_8456,under3g,S6,1,0.56350443,0.61383404,0.91800778,0
clip,46,S1,isolation_forest,auto,primary,IMG_8457,under3g,S6,1,0.56158602,0.61383404,0.9148825,0
clip,46,S1,isolation_forest,auto,primary,IMG_8458,under3g,S6,1,0.57175501,0.61383404,0.93144885,0
clip,46,S1,isolation_forest,auto,primary,IMG_8459,under3g,S6,1,0.57141259,0.61383404,0.93089101,0
clip,46,S1,isolation_forest,auto,primary,IMG_8460,under3g,S6,1,0.57654926,0.61383404,0.93925919,0
clip,46,S2,isolation_forest,auto,primary,IMG_8427,normal,S2,0,0.40580052,0.58207904,0.69715706,0
clip,46,S2,isolation_forest,auto,primary,IMG_8428,normal,S2,0,0.40888816,0.58207904,0.70246157,0
clip,46,S2,isolation_forest,auto,primary,IMG_8429,normal,S2,0,0.41521245,0.58207904,0.71332657,0
clip,46,S2,isolation_forest,auto,primary,IMG_8431,normal,S2,0,0.45268481,0.58207904,0.77770333,0
clip,46,S2,isolation_forest,auto,primary,IMG_8432,normal,S2,0,0.42216521,0.58207904,0.72527128,0
clip,46,S2,isolation_forest,auto,primary,IMG_8436,3g,S5,1,0.62635374,0.58207904,1.07606304,1
clip,46,S2,isolation_forest,auto,primary,IMG_8437,3g,S5,1,0.61759748,0.58207904,1.06101995,1
clip,46,S2,isolation_forest,auto,primary,IMG_8438,3g,S5,1,0.61792486,0.58207904,1.06158238,1
clip,46,S2,isolation_forest,auto,primary,IMG_8439,3g,S5,1,0.62553113,0.58207904,1.0746498,1
clip,46,S2,isolation_forest,auto,primary,IMG_8440,3g,S5,1,0.62139853,0.58207904,1.06755007,1
clip,46,S2,isolation_forest,auto,primary,IMG_8441,3g,S5,1,0.62203401,0.58207904,1.06864182,1
clip,46,S2,isolation_forest,auto,primary,IMG_8442,3g,S5,1,0.6262255,0.58207904,1.07584271,1
clip,46,S2,isolation_forest,auto,primary,IMG_8443,3g,S5,1,0.61970286,0.58207904,1.06463695,1
clip,46,S2,isolation_forest,auto,primary,IMG_8444,under3g,S6,1,0.67126083,0.58207904,1.1532125,1
clip,46,S2,isolation_forest,auto,primary,IMG_8445,under3g,S6,1,0.58674981,0.58207904,1.00802429,1
clip,46,S2,isolation_forest,auto,primary,IMG_8446,under3g,S6,1,0.61318173,0.58207904,1.05343378,1
clip,46,S2,isolation_forest,auto,primary,IMG_8447,under3g,S6,1,0.57282719,0.58207904,0.9841055,0
clip,46,S2,isolation_forest,auto,primary,IMG_8448,under3g,S6,1,0.57522718,0.58207904,0.98822863,0
clip,46,S2,isolation_forest,auto,primary,IMG_8449,under3g,S6,1,0.55370439,0.58207904,0.95125292,0
clip,46,S2,isolation_forest,auto,primary,IMG_8450,under3g,S6,1,0.58661656,0.58207904,1.00779535,1
clip,46,S2,isolation_forest,auto,primary,IMG_8451,under3g,S6,1,0.63244886,0.58207904,1.08653432,1
clip,46,S2,isolation_forest,auto,primary,IMG_8453,under3g,S6,1,0.62746192,0.58207904,1.07796685,1
clip,46,S2,isolation_forest,auto,primary,IMG_8454,under3g,S6,1,0.62379458,0.58207904,1.07166645,1
clip,46,S2,isolation_forest,auto,primary,IMG_8455,under3g,S6,1,0.62041989,0.58207904,1.0658688,1
clip,46,S2,isolation_forest,auto,primary,IMG_8456,under3g,S6,1,0.61287313,0.58207904,1.05290361,1
clip,46,S2,isolation_forest,auto,primary,IMG_8457,under3g,S6,1,0.61383742,0.58207904,1.05456024,1
clip,46,S2,isolation_forest,auto,primary,IMG_8458,under3g,S6,1,0.6232606,0.58207904,1.07074908,1
clip,46,S2,isolation_forest,auto,primary,IMG_8459,under3g,S6,1,0.62470592,0.58207904,1.0732321,1
clip,46,S2,isolation_forest,auto,primary,IMG_8460,under3g,S6,1,0.63241776,0.58207904,1.0864809,1
clip,46,S3,isolation_forest,auto,primary,IMG_8418,normal,S3,0,0.46529126,0.58794601,0.79138433,0
clip,46,S3,isolation_forest,auto,primary,IMG_8424,normal,S3,0,0.45753344,0.58794601,0.77818954,0
clip,46,S3,isolation_forest,auto,primary,IMG_8425,normal,S3,0,0.51161131,0.58794601,0.87016716,0
clip,46,S3,isolation_forest,auto,primary,IMG_8426,normal,S3,0,0.43124628,0.58794601,0.73347939,0
clip,46,S3,isolation_forest,auto,primary,IMG_8436,3g,S5,1,0.63069837,0.58794601,1.07271477,1
clip,46,S3,isolation_forest,auto,primary,IMG_8437,3g,S5,1,0.62092502,0.58794601,1.05609189,1
clip,46,S3,isolation_forest,auto,primary,IMG_8438,3g,S5,1,0.62172977,0.58794601,1.05746064,1
clip,46,S3,isolation_forest,auto,primary,IMG_8439,3g,S5,1,0.63304998,0.58794601,1.07671447,1
clip,46,S3,isolation_forest,auto,primary,IMG_8440,3g,S5,1,0.62323512,0.58794601,1.06002101,1
clip,46,S3,isolation_forest,auto,primary,IMG_8441,3g,S5,1,0.62560921,0.58794601,1.06405894,1
clip,46,S3,isolation_forest,auto,primary,IMG_8442,3g,S5,1,0.63408686,0.58794601,1.07847803,1
clip,46,S3,isolation_forest,auto,primary,IMG_8443,3g,S5,1,0.61976175,0.58794601,1.05411336,1
clip,46,S3,isolation_forest,auto,primary,IMG_8444,under3g,S6,1,0.6682231,0.58794601,1.13653819,1
clip,46,S3,isolation_forest,auto,primary,IMG_8445,under3g,S6,1,0.58209902,0.58794601,0.99005523,0
clip,46,S3,isolation_forest,auto,primary,IMG_8446,under3g,S6,1,0.60155842,0.58794601,1.02315248,1
clip,46,S3,isolation_forest,auto,primary,IMG_8447,under3g,S6,1,0.56705718,0.58794601,0.96447151,0
clip,46,S3,isolation_forest,auto,primary,IMG_8448,under3g,S6,1,0.57219398,0.58794601,0.97320836,0
clip,46,S3,isolation_forest,auto,primary,IMG_8449,under3g,S6,1,0.55772172,0.58794601,0.94859342,0
clip,46,S3,isolation_forest,auto,primary,IMG_8450,under3g,S6,1,0.5779304,0.58794601,0.98296509,0
clip,46,S3,isolation_forest,auto,primary,IMG_8451,under3g,S6,1,0.63369819,0.58794601,1.07781696,1
clip,46,S3,isolation_forest,auto,primary,IMG_8453,under3g,S6,1,0.63526616,0.58794601,1.08048384,1
clip,46,S3,isolation_forest,auto,primary,IMG_8454,under3g,S6,1,0.63238429,0.58794601,1.07558224,1
clip,46,S3,isolation_forest,auto,primary,IMG_8455,under3g,S6,1,0.62120436,0.58794601,1.05656701,1
clip,46,S3,isolation_forest,auto,primary,IMG_8456,under3g,S6,1,0.61450672,0.58794601,1.04517543,1
clip,46,S3,isolation_forest,auto,primary,IMG_8457,under3g,S6,1,0.61551687,0.58794601,1.04689351,1
clip,46,S3,isolation_forest,auto,primary,IMG_8458,under3g,S6,1,0.62822423,0.58794601,1.06850666,1
clip,46,S3,isolation_forest,auto,primary,IMG_8459,under3g,S6,1,0.63161899,0.58794601,1.07428059,1
clip,46,S3,isolation_forest,auto,primary,IMG_8460,under3g,S6,1,0.63699189,0.58794601,1.08341901,1
clip,46,S4,isolation_forest,auto,primary,IMG_8419,normal,S4,0,0.39294667,0.58997093,0.66604411,0
clip,46,S4,isolation_forest,auto,primary,IMG_8420,normal,S4,0,0.41233744,0.58997093,0.69891144,0
clip,46,S4,isolation_forest,auto,primary,IMG_8421,normal,S4,0,0.57026793,0.58997093,0.96660343,0
clip,46,S4,isolation_forest,auto,primary,IMG_8422,normal,S4,0,0.44337803,0.58997093,0.75152522,0
clip,46,S4,isolation_forest,auto,primary,IMG_8423,normal,S4,0,0.4088803,0.58997093,0.69305159,0
clip,46,S4,isolation_forest,auto,primary,IMG_8436,3g,S5,1,0.62701503,0.58997093,1.06278969,1
clip,46,S4,isolation_forest,auto,primary,IMG_8437,3g,S5,1,0.61154664,0.58997093,1.03657079,1
clip,46,S4,isolation_forest,auto,primary,IMG_8438,3g,S5,1,0.61103699,0.58997093,1.03570693,1
clip,46,S4,isolation_forest,auto,primary,IMG_8439,3g,S5,1,0.62572532,0.58997093,1.06060364,1
clip,46,S4,isolation_forest,auto,primary,IMG_8440,3g,S5,1,0.62242868,0.58997093,1.05501584,1
clip,46,S4,isolation_forest,auto,primary,IMG_8441,3g,S5,1,0.61873397,0.58997093,1.04875332,1
clip,46,S4,isolation_forest,auto,primary,IMG_8442,3g,S5,1,0.63185284,0.58997093,1.07098978,1
clip,46,S4,isolation_forest,auto,primary,IMG_8443,3g,S5,1,0.61779414,0.58997093,1.04716029,1
clip,46,S4,isolation_forest,auto,primary,IMG_8444,under3g,S6,1,0.66708532,0.58997093,1.13070878,1
clip,46,S4,isolation_forest,auto,primary,IMG_8445,under3g,S6,1,0.57994647,0.58997093,0.98300855,0
clip,46,S4,isolation_forest,auto,primary,IMG_8446,under3g,S6,1,0.60165045,0.58997093,1.01979676,1
clip,46,S4,isolation_forest,auto,primary,IMG_8447,under3g,S6,1,0.562796,0.58997093,0.95393853,0
clip,46,S4,isolation_forest,auto,primary,IMG_8448,under3g,S6,1,0.57505127,0.58997093,0.97471118,0
clip,46,S4,isolation_forest,auto,primary,IMG_8449,under3g,S6,1,0.55056699,0.58997093,0.93321037,0
clip,46,S4,isolation_forest,auto,primary,IMG_8450,under3g,S6,1,0.57609936,0.58997093,0.9764877,0
clip,46,S4,isolation_forest,auto,primary,IMG_8451,under3g,S6,1,0.63128238,0.58997093,1.07002285,1
clip,46,S4,isolation_forest,auto,primary,IMG_8453,under3g,S6,1,0.62647831,0.58997093,1.06187995,1
clip,46,S4,isolation_forest,auto,primary,IMG_8454,under3g,S6,1,0.62416477,0.58997093,1.05795851,1
clip,46,S4,isolation_forest,auto,primary,IMG_8455,under3g,S6,1,0.62463105,0.58997093,1.05874886,1
clip,46,S4,isolation_forest,auto,primary,IMG_8456,under3g,S6,1,0.61168466,0.58997093,1.03680473,1
clip,46,S4,isolation_forest,auto,primary,IMG_8457,under3g,S6,1,0.61624984,0.58997093,1.04454272,1
clip,46,S4,isolation_forest,auto,primary,IMG_8458,under3g,S6,1,0.62925969,0.58997093,1.06659439,1
clip,46,S4,isolation_forest,auto,primary,IMG_8459,under3g,S6,1,0.63103865,0.58997093,1.06960972,1
clip,46,S4,isolation_forest,auto,primary,IMG_8460,under3g,S6,1,0.63828787,0.58997093,1.08189714,1
window,42,S1,mahalanobis,3,all,IMG_8390,normal,S1,0,2.8199263,2.48344041,1.13549183,1
window,42,S1,mahalanobis,3,all,IMG_8390,normal,S1,0,2.36104935,2.48344041,0.95071713,0
window,42,S1,mahalanobis,3,all,IMG_8390,normal,S1,0,1.7742128,2.48344041,0.7144173,0
window,42,S1,mahalanobis,3,all,IMG_8391,normal,S1,0,3.49768333,2.48344041,1.40840236,1
window,42,S1,mahalanobis,3,all,IMG_8391,normal,S1,0,2.61241772,2.48344041,1.05193493,1
window,42,S1,mahalanobis,3,all,IMG_8391,normal,S1,0,2.09546883,2.48344041,0.84377657,0
window,42,S1,mahalanobis,3,all,IMG_8392,normal,S1,0,1.42902938,2.48344041,0.57542326,0
window,42,S1,mahalanobis,3,all,IMG_8392,normal,S1,0,1.83844643,2.48344041,0.74028208,0
window,42,S1,mahalanobis,3,all,IMG_8392,normal,S1,0,0.85265675,2.48344041,0.34333691,0
window,42,S1,mahalanobis,3,all,IMG_8393,normal,S1,0,2.73439685,2.48344041,1.10105193,1
window,42,S1,mahalanobis,3,all,IMG_8393,normal,S1,0,1.4651403,2.48344041,0.58996394,0
window,42,S1,mahalanobis,3,all,IMG_8393,normal,S1,0,2.305335,2.48344041,0.92828279,0
window,42,S1,mahalanobis,3,all,IMG_8394,normal,S1,0,2.24987234,2.48344041,0.9059498,0
window,42,S1,mahalanobis,3,all,IMG_8394,normal,S1,0,3.28195279,2.48344041,1.32153475,1
window,42,S1,mahalanobis,3,all,IMG_8394,normal,S1,0,1.99008075,2.48344041,0.80134025,0
window,42,S1,mahalanobis,3,all,IMG_8395,normal,S1,0,1.92504072,2.48344041,0.77515076,0
window,42,S1,mahalanobis,3,all,IMG_8395,normal,S1,0,2.59011513,2.48344041,1.04295441,1
window,42,S1,mahalanobis,3,all,IMG_8395,normal,S1,0,1.58729172,2.48344041,0.63915031,0
window,42,S1,mahalanobis,3,all,IMG_8396,normal,S1,0,3.41646176,2.48344041,1.3756971,1
window,42,S1,mahalanobis,3,all,IMG_8396,normal,S1,0,2.24598277,2.48344041,0.9043836,0
window,42,S1,mahalanobis,3,all,IMG_8396,normal,S1,0,2.29796777,2.48344041,0.92531625,0
window,42,S1,mahalanobis,3,all,IMG_8397,normal,S1,0,1.07364528,2.48344041,0.43232174,0
window,42,S1,mahalanobis,3,all,IMG_8397,normal,S1,0,0.63836217,2.48344041,0.25704751,0
window,42,S1,mahalanobis,3,all,IMG_8397,normal,S1,0,0.87310891,2.48344041,0.35157232,0
window,42,S1,mahalanobis,3,all,IMG_8398,normal,S1,0,2.85694514,2.48344041,1.1503981,1
window,42,S1,mahalanobis,3,all,IMG_8398,normal,S1,0,1.0002179,2.48344041,0.40275494,0
window,42,S1,mahalanobis,3,all,IMG_8398,normal,S1,0,2.14726695,2.48344041,0.86463397,0
window,42,S1,mahalanobis,3,all,IMG_8399,normal,S1,0,2.20458281,2.48344041,0.88771319,0
window,42,S1,mahalanobis,3,all,IMG_8399,normal,S1,0,0.78173277,2.48344041,0.31477815,0
window,42,S1,mahalanobis,3,all,IMG_8399,normal,S1,0,0.90615689,2.48344041,0.36487966,0
window,42,S1,mahalanobis,3,all,IMG_8400,normal,S1,0,1.51468634,2.48344041,0.60991451,0
window,42,S1,mahalanobis,3,all,IMG_8400,normal,S1,0,0.38621396,2.48344041,0.15551569,0
window,42,S1,mahalanobis,3,all,IMG_8400,normal,S1,0,0.79823116,2.48344041,0.32142151,0
window,42,S1,mahalanobis,3,all,IMG_8401,normal,S1,0,3.74874029,2.48344041,1.50949476,1
window,42,S1,mahalanobis,3,all,IMG_8401,normal,S1,0,0.74927127,2.48344041,0.30170696,0
window,42,S1,mahalanobis,3,all,IMG_8401,normal,S1,0,1.22002545,2.48344041,0.49126423,0
window,42,S1,mahalanobis,3,all,IMG_8402,normal,S1,0,1.89743219,2.48344041,0.76403371,0
window,42,S1,mahalanobis,3,all,IMG_8402,normal,S1,0,1.6926257,2.48344041,0.68156485,0
window,42,S1,mahalanobis,3,all,IMG_8402,normal,S1,0,0.92426949,2.48344041,0.37217301,0
window,42,S1,mahalanobis,3,all,IMG_8403,normal,S1,0,2.87290464,2.48344041,1.15682447,1
window,42,S1,mahalanobis,3,all,IMG_8403,normal,S1,0,2.55639771,2.48344041,1.02937751,1
window,42,S1,mahalanobis,3,all,IMG_8403,normal,S1,0,1.32975048,2.48344041,0.5354469,0
window,42,S1,mahalanobis,3,all,IMG_8404,normal,S1,0,1.80582383,2.48344041,0.72714603,0
window,42,S1,mahalanobis,3,all,IMG_8404,normal,S1,0,1.40246928,2.48344041,0.56472838,0
window,42,S1,mahalanobis,3,all,IMG_8404,normal,S1,0,1.00610978,2.48344041,0.40512741,0
window,42,S1,mahalanobis,3,all,IMG_8405,normal,S1,0,1.55032982,2.48344041,0.62426697,0
window,42,S1,mahalanobis,3,all,IMG_8405,normal,S1,0,1.26347577,2.48344041,0.50876025,0
window,42,S1,mahalanobis,3,all,IMG_8405,normal,S1,0,1.48642283,2.48344041,0.59853372,0
window,42,S1,mahalanobis,3,all,IMG_8406,normal,S1,0,1.02059454,2.48344041,0.41095995,0
window,42,S1,mahalanobis,3,all,IMG_8406,normal,S1,0,1.87041918,2.48344041,0.75315646,0
window,42,S1,mahalanobis,3,all,IMG_8406,normal,S1,0,1.44514183,2.48344041,0.58191122,0
window,42,S1,mahalanobis,3,all,IMG_8407,normal,S1,0,2.65394254,2.48344041,1.06865561,1
window,42,S1,mahalanobis,3,all,IMG_8407,normal,S1,0,0.50346493,2.48344041,0.20272881,0
window,42,S1,mahalanobis,3,all,IMG_8407,normal,S1,0,2.30553648,2.48344041,0.92836392,0
window,42,S1,mahalanobis,3,all,IMG_8408,normal,S1,0,1.89451676,2.48344041,0.76285976,0
window,42,S1,mahalanobis,3,all,IMG_8408,normal,S1,0,1.34421385,2.48344041,0.54127083,0
window,42,S1,mahalanobis,3,all,IMG_8408,normal,S1,0,1.9471014,2.48344041,0.78403387,0
window,42,S1,mahalanobis,3,all,IMG_8409,normal,S1,0,1.53725212,2.48344041,0.61900101,0
window,42,S1,mahalanobis,3,all,IMG_8409,normal,S1,0,1.04810385,2.48344041,0.42203704,0
window,42,S1,mahalanobis,3,all,IMG_8409,normal,S1,0,2.61208445,2.48344041,1.05180074,1
window,42,S1,mahalanobis,3,all,IMG_8410,normal,S1,0,0.99983833,2.48344041,0.4026021,0
window,42,S1,mahalanobis,3,all,IMG_8410,normal,S1,0,0.89821909,2.48344041,0.36168337,0
window,42,S1,mahalanobis,3,all,IMG_8410,normal,S1,0,1.36828249,2.48344041,0.55096248,0
window,42,S1,mahalanobis,3,all,IMG_8411,normal,S1,0,1.77908444,2.48344041,0.71637895,0
window,42,S1,mahalanobis,3,all,IMG_8411,normal,S1,0,1.49814418,2.48344041,0.60325353,0
window,42,S1,mahalanobis,3,all,IMG_8411,normal,S1,0,2.2920793,2.48344041,0.92294516,0
window,42,S1,mahalanobis,3,all,IMG_8412,normal,S1,0,1.24153063,2.48344041,0.49992366,0
window,42,S1,mahalanobis,3,all,IMG_8412,normal,S1,0,2.71004047,2.48344041,1.09124441,1
window,42,S1,mahalanobis,3,all,IMG_8412,normal,S1,0,1.23153733,2.48344041,0.49589969,0
window,42,S1,mahalanobis,3,all,IMG_8413,normal,S1,0,0.63188517,2.48344041,0.25443943,0
window,42,S1,mahalanobis,3,all,IMG_8413,normal,S1,0,1.52293095,2.48344041,0.61323434,0
window,42,S1,mahalanobis,3,all,IMG_8413,normal,S1,0,1.55013113,2.48344041,0.62418696,0
window,42,S1,mahalanobis,3,all,IMG_8414,normal,S1,0,2.46919144,2.48344041,0.99426241,0
window,42,S1,mahalanobis,3,all,IMG_8414,normal,S1,0,2.94823244,2.48344041,1.1871565,1
window,42,S1,mahalanobis,3,all,IMG_8414,normal,S1,0,2.24163683,2.48344041,0.90263363,0
window,42,S1,mahalanobis,3,all,IMG_8415,normal,S1,0,2.15702475,2.48344041,0.86856312,0
window,42,S1,mahalanobis,3,all,IMG_8415,normal,S1,0,1.22803557,2.48344041,0.49448964,0
window,42,S1,mahalanobis,3,all,IMG_8415,normal,S1,0,1.75520104,2.48344041,0.70676189,0
window,42,S1,mahalanobis,3,all,IMG_8436,3g,S5,1,7.03781663,2.48344041,2.83389793,1
window,42,S1,mahalanobis,3,all,IMG_8436,3g,S5,1,7.74987072,2.48344041,3.12061875,1
window,42,S1,mahalanobis,3,all,IMG_8436,3g,S5,1,7.53120486,2.48344041,3.03256918,1
window,42,S1,mahalanobis,3,all,IMG_8437,3g,S5,1,6.77540566,2.48344041,2.72823363,1
window,42,S1,mahalanobis,3,all,IMG_8437,3g,S5,1,6.78100465,2.48344041,2.73048817,1
window,42,S1,mahalanobis,3,all,IMG_8437,3g,S5,1,6.65029891,2.48344041,2.67785725,1
window,42,S1,mahalanobis,3,all,IMG_8438,3g,S5,1,7.32972535,2.48344041,2.95143999,1
window,42,S1,mahalanobis,3,all,IMG_8438,3g,S5,1,8.01248607,2.48344041,3.22636534,1
window,42,S1,mahalanobis,3,all,IMG_8438,3g,S5,1,7.407288,2.48344041,2.98267193,1
window,42,S1,mahalanobis,3,all,IMG_8439,3g,S5,1,7.33932583,2.48344041,2.95530579,1
window,42,S1,mahalanobis,3,all,IMG_8439,3g,S5,1,7.38983945,2.48344041,2.97564597,1
window,42,S1,mahalanobis,3,all,IMG_8439,3g,S5,1,6.82770515,2.48344041,2.74929292,1
window,42,S1,mahalanobis,3,all,IMG_8440,3g,S5,1,7.40605067,2.48344041,2.9821737,1
window,42,S1,mahalanobis,3,all,IMG_8440,3g,S5,1,7.82966673,2.48344041,3.15274999,1
window,42,S1,mahalanobis,3,all,IMG_8440,3g,S5,1,7.47412502,2.48344041,3.009585,1
window,42,S1,mahalanobis,3,all,IMG_8441,3g,S5,1,7.68295499,2.48344041,3.09367398,1
window,42,S1,mahalanobis,3,all,IMG_8441,3g,S5,1,7.02218048,2.48344041,2.82760176,1
window,42,S1,mahalanobis,3,all,IMG_8441,3g,S5,1,7.30565513,2.48344041,2.9417477,1
window,42,S1,mahalanobis,3,all,IMG_8442,3g,S5,1,7.17763375,2.48344041,2.89019769,1
window,42,S1,mahalanobis,3,all,IMG_8442,3g,S5,1,7.23195034,2.48344041,2.9120692,1
window,42,S1,mahalanobis,3,all,IMG_8442,3g,S5,1,7.40570618,2.48344041,2.98203498,1
window,42,S1,mahalanobis,3,all,IMG_8443,3g,S5,1,7.46383053,2.48344041,3.00543975,1
window,42,S1,mahalanobis,3,all,IMG_8443,3g,S5,1,7.3552077,2.48344041,2.9617009,1
window,42,S1,mahalanobis,3,all,IMG_8443,3g,S5,1,7.64470309,2.48344041,3.0782712,1
window,42,S1,mahalanobis,3,all,IMG_8444,under3g,S6,1,9.14449362,2.48344041,3.68218765,1
window,42,S1,mahalanobis,3,all,IMG_8444,under3g,S6,1,4.66195671,2.48344041,1.87721706,1
window,42,S1,mahalanobis,3,all,IMG_8444,under3g,S6,1,5.05956111,2.48344041,2.03731931,1
window,42,S1,mahalanobis,3,all,IMG_8445,under3g,S6,1,3.95475371,2.48344041,1.59244961,1
window,42,S1,mahalanobis,3,all,IMG_8445,under3g,S6,1,3.02926913,2.48344041,1.21978732,1
window,42,S1,mahalanobis,3,all,IMG_8445,under3g,S6,1,2.64601063,2.48344041,1.06546169,1
window,42,S1,mahalanobis,3,all,IMG_8446,under3g,S6,1,3.10046442,2.48344041,1.24845533,1
window,42,S1,mahalanobis,3,all,IMG_8446,under3g,S6,1,4.42436212,2.48344041,1.78154551,1
window,42,S1,mahalanobis,3,all,IMG_8446,under3g,S6,1,3.93694966,2.48344041,1.5852805,1
window,42,S1,mahalanobis,3,all,IMG_8447,under3g,S6,1,4.00893038,2.48344041,1.61426478,1
window,42,S1,mahalanobis,3,all,IMG_8447,under3g,S6,1,3.92413571,2.48344041,1.58012074,1
window,42,S1,mahalanobis,3,all,IMG_8447,under3g,S6,1,2.38200961,2.48344041,0.95915714,0
window,42,S1,mahalanobis,3,all,IMG_8448,under3g,S6,1,1.91401199,2.48344041,0.77070985,0
window,42,S1,mahalanobis,3,all,IMG_8448,under3g,S6,1,1.91940244,2.48344041,0.77288041,0
window,42,S1,mahalanobis,3,all,IMG_8448,under3g,S6,1,2.41080853,2.48344041,0.97075352,0
window,42,S1,mahalanobis,3,all,IMG_8449,under3g,S6,1,2.60868056,2.48344041,1.0504301,1
window,42,S1,mahalanobis,3,all,IMG_8449,under3g,S6,1,0.98449986,2.48344041,0.3964258,0
window,42,S1,mahalanobis,3,all,IMG_8449,under3g,S6,1,2.43748583,2.48344041,0.9814956,0
window,42,S1,mahalanobis,3,all,IMG_8450,under3g,S6,1,3.18306112,2.48344041,1.28171431,1
window,42,S1,mahalanobis,3,all,IMG_8450,under3g,S6,1,4.13698911,2.48344041,1.66582983,1
window,42,S1,mahalanobis,3,all,IMG_8450,under3g,S6,1,3.4379602,2.48344041,1.38435381,1
window,42,S1,mahalanobis,3,all,IMG_8451,under3g,S6,1,6.50938428,2.48344041,2.62111555,1
window,42,S1,mahalanobis,3,all,IMG_8451,under3g,S6,1,4.21181882,2.48344041,1.6959613,1
window,42,S1,mahalanobis,3,all,IMG_8451,under3g,S6,1,4.73769959,2.48344041,1.90771624,1
window,42,S1,mahalanobis,3,all,IMG_8453,under3g,S6,1,5.29497537,2.48344041,2.13211291,1
window,42,S1,mahalanobis,3,all,IMG_8453,under3g,S6,1,5.47345611,2.48344041,2.20398125,1
window,42,S1,mahalanobis,3,all,IMG_8453,under3g,S6,1,5.21207428,2.48344041,2.09873136,1
window,42,S1,mahalanobis,3,all,IMG_8454,under3g,S6,1,5.07391942,2.48344041,2.04310093,1
window,42,S1,mahalanobis,3,all,IMG_8454,under3g,S6,1,5.36995058,2.48344041,2.16230297,1
window,42,S1,mahalanobis,3,all,IMG_8454,under3g,S6,1,5.04064284,2.48344041,2.02970154,1
window,42,S1,mahalanobis,3,all,IMG_8455,under3g,S6,1,5.78406927,2.48344041,2.32905499,1
window,42,S1,mahalanobis,3,all,IMG_8455,under3g,S6,1,5.34347945,2.48344041,2.15164392,1
window,42,S1,mahalanobis,3,all,IMG_8455,under3g,S6,1,5.36327587,2.48344041,2.15961529,1
window,42,S1,mahalanobis,3,all,IMG_8456,under3g,S6,1,5.66783534,2.48344041,2.28225139,1
window,42,S1,mahalanobis,3,all,IMG_8456,under3g,S6,1,5.20372678,2.48344041,2.0953701,1
window,42,S1,mahalanobis,3,all,IMG_8456,under3g,S6,1,5.37915896,2.48344041,2.16601089,1
window,42,S1,mahalanobis,3,all,IMG_8457,under3g,S6,1,5.18724903,2.48344041,2.08873505,1
window,42,S1,mahalanobis,3,all,IMG_8457,under3g,S6,1,5.26321731,2.48344041,2.11932498,1
window,42,S1,mahalanobis,3,all,IMG_8457,under3g,S6,1,5.36604538,2.48344041,2.16073048,1
window,42,S1,mahalanobis,3,all,IMG_8458,under3g,S6,1,5.30135258,2.48344041,2.13468081,1
window,42,S1,mahalanobis,3,all,IMG_8458,under3g,S6,1,5.7520199,2.48344041,2.31614975,1
window,42,S1,mahalanobis,3,all,IMG_8458,under3g,S6,1,5.35676521,2.48344041,2.15699365,1
window,42,S1,mahalanobis,3,all,IMG_8459,under3g,S6,1,4.84630535,2.48344041,1.95144821,1
window,42,S1,mahalanobis,3,all,IMG_8459,under3g,S6,1,5.12664607,2.48344041,2.06433222,1
window,42,S1,mahalanobis,3,all,IMG_8459,under3g,S6,1,5.63964673,2.48344041,2.27090077,1
window,42,S1,mahalanobis,3,all,IMG_8460,under3g,S6,1,5.23168888,2.48344041,2.10662952,1
window,42,S1,mahalanobis,3,all,IMG_8460,under3g,S6,1,5.60505194,2.48344041,2.25697058,1
window,42,S1,mahalanobis,3,all,IMG_8460,under3g,S6,1,5.55783156,2.48344041,2.23795648,1
window,42,S2,isolation_forest,auto,primary,IMG_8427,normal,S2,0,0.4150992,0.54909282,0.75597273,0
window,42,S2,isolation_forest,auto,primary,IMG_8427,normal,S2,0,0.41818593,0.54909282,0.76159424,0
window,42,S2,isolation_forest,auto,primary,IMG_8427,normal,S2,0,0.41124544,0.54909282,0.74895432,0
window,42,S2,isolation_forest,auto,primary,IMG_8428,normal,S2,0,0.4062453,0.54909282,0.73984814,0
window,42,S2,isolation_forest,auto,primary,IMG_8428,normal,S2,0,0.41148824,0.54909282,0.7493965,0
window,42,S2,isolation_forest,auto,primary,IMG_8428,normal,S2,0,0.41897932,0.54909282,0.76303916,0
window,42,S2,isolation_forest,auto,primary,IMG_8429,normal,S2,0,0.50284531,0.54909282,0.91577469,0
window,42,S2,isolation_forest,auto,primary,IMG_8429,normal,S2,0,0.43808257,0.54909282,0.79782972,0
window,42,S2,isolation_forest,auto,primary,IMG_8429,normal,S2,0,0.42336524,0.54909282,0.77102673,0
window,42,S2,isolation_forest,auto,primary,IMG_8431,normal,S2,0,0.46173334,0.54909282,0.84090216,0
window,42,S2,isolation_forest,auto,primary,IMG_8431,normal,S2,0,0.42801667,0.54909282,0.77949784,0
window,42,S2,isolation_forest,auto,primary,IMG_8431,normal,S2,0,0.43947116,0.54909282,0.8003586,0
window,42,S2,isolation_forest,auto,primary,IMG_8432,normal,S2,0,0.49163575,0.54909282,0.89536,0
window,42,S2,isolation_forest,auto,primary,IMG_8432,normal,S2,0,0.41215962,0.54909282,0.75061922,0
window,42,S2,isolation_forest,auto,primary,IMG_8432,normal,S2,0,0.43872917,0.54909282,0.7990073,0
window,42,S2,isolation_forest,auto,primary,IMG_8436,3g,S5,1,0.63970586,0.54909282,1.16502317,1
window,42,S2,isolation_forest,auto,primary,IMG_8436,3g,S5,1,0.65988648,0.54909282,1.20177582,1
window,42,S2,isolation_forest,auto,primary,IMG_8436,3g,S5,1,0.66290865,0.54909282,1.20727976,1
window,42,S2,isolation_forest,auto,primary,IMG_8437,3g,S5,1,0.63904466,0.54909282,1.163819,1
window,42,S2,isolation_forest,auto,primary,IMG_8437,3g,S5,1,0.64246583,0.54909282,1.17004959,1
window,42,S2,isolation_forest,auto,primary,IMG_8437,3g,S5,1,0.64092433,0.54909282,1.16724223,1
window,42,S2,isolation_forest,auto,primary,IMG_8438,3g,S5,1,0.6486103,0.54909282,1.18123982,1
window,42,S2,isolation_forest,auto,primary,IMG_8438,3g,S5,1,0.64081216,0.54909282,1.16703795,1
window,42,S2,isolation_forest,auto,primary,IMG_8438,3g,S5,1,0.63838714,0.54909282,1.16262153,1
window,42,S2,isolation_forest,auto,primary,IMG_8439,3g,S5,1,0.64752242,0.54909282,1.17925857,1
window,42,S2,isolation_forest,auto,primary,IMG_8439,3g,S5,1,0.66685448,0.54909282,1.21446585,1
window,42,S2,isolation_forest,auto,primary,IMG_8439,3g,S5,1,0.63940939,0.54909282,1.16448324,1
window,42,S2,isolation_forest,auto,primary,IMG_8440,3g,S5,1,0.65434271,0.54909282,1.19167958,1
window,42,S2,isolation_forest,auto,primary,IMG_8440,3g,S5,1,0.65964881,0.54909282,1.20134299,1
window,42,S2,isolation_forest,auto,primary,IMG_8440,3g,S5,1,0.66139919,0.54909282,1.20453076,1
window,42,S2,isolation_forest,auto,primary,IMG_8441,3g,S5,1,0.6491672,0.54909282,1.18225403,1
window,42,S2,isolation_forest,auto,primary,IMG_8441,3g,S5,1,0.65122733,0.54909282,1.18600591,1
window,42,S2,isolation_forest,auto,primary,IMG_8441,3g,S5,1,0.64137717,0.54909282,1.16806694,1
window,42,S2,isolation_forest,auto,primary,IMG_8442,3g,S5,1,0.65434345,0.54909282,1.19168093,1
window,42,S2,isolation_forest,auto,primary,IMG_8442,3g,S5,1,0.65607785,0.54909282,1.19483961,1
window,42,S2,isolation_forest,auto,primary,IMG_8442,3g,S5,1,0.65233927,0.54909282,1.18803096,1
window,42,S2,isolation_forest,auto,primary,IMG_8443,3g,S5,1,0.6557452,0.54909282,1.19423379,1
window,42,S2,isolation_forest,auto,primary,IMG_8443,3g,S5,1,0.66365676,0.54909282,1.20864221,1
window,42,S2,isolation_forest,auto,primary,IMG_8443,3g,S5,1,0.66800851,0.54909282,1.21656755,1
window,42,S2,isolation_forest,auto,primary,IMG_8444,under3g,S6,1,0.69219289,0.54909282,1.2606118,1
window,42,S2,isolation_forest,auto,primary,IMG_8444,under3g,S6,1,0.61406821,0.54909282,1.11833224,1
window,42,S2,isolation_forest,auto,primary,IMG_8444,under3g,S6,1,0.59349733,0.54909282,1.08086886,1
window,42,S2,isolation_forest,auto,primary,IMG_8445,under3g,S6,1,0.60281415,0.54909282,1.09783652,1
window,42,S2,isolation_forest,auto,primary,IMG_8445,under3g,S6,1,0.55494405,0.54909282,1.01065618,1
window,42,S2,isolation_forest,auto,primary,IMG_8445,under3g,S6,1,0.57451171,0.54909282,1.04629251,1
window,42,S2,isolation_forest,auto,primary,IMG_8446,under3g,S6,1,0.59077944,0.54909282,1.07591907,1
window,42,S2,isolation_forest,auto,primary,IMG_8446,under3g,S6,1,0.61748312,0.54909282,1.12455143,1
window,42,S2,isolation_forest,auto,primary,IMG_8446,under3g,S6,1,0.57628089,0.54909282,1.04951452,1
window,42,S2,isolation_forest,auto,primary,IMG_8447,under3g,S6,1,0.59644166,0.54909282,1.08623102,1
window,42,S2,isolation_forest,auto,primary,IMG_8447,under3g,S6,1,0.58500993,0.54909282,1.06541173,1
window,42,S2,isolation_forest,auto,primary,IMG_8447,under3g,S6,1,0.57716567,0.54909282,1.05112586,1
window,42,S2,isolation_forest,auto,primary,IMG_8448,under3g,S6,1,0.55226769,0.54909282,1.00578202,1
window,42,S2,isolation_forest,auto,primary,IMG_8448,under3g,S6,1,0.54108874,0.54909282,0.98542308,0
window,42,S2,isolation_forest,auto,primary,IMG_8448,under3g,S6,1,0.56401461,0.54909282,1.02717536,1
window,42,S2,isolation_forest,auto,primary,IMG_8449,under3g,S6,1,0.56175616,0.54909282,1.02306228,1
window,42,S2,isolation_forest,auto,primary,IMG_8449,under3g,S6,1,0.5320067,0.54909282,0.96888301,0
window,42,S2,isolation_forest,auto,primary,IMG_8449,under3g,S6,1,0.56248716,0.54909282,1.02439358,1
window,42,S2,isolation_forest,auto,primary,IMG_8450,under3g,S6,1,0.58505564,0.54909282,1.06549498,1
window,42,S2,isolation_forest,auto,primary,IMG_8450,under3g,S6,1,0.57590979,0.54909282,1.04883869,1
window,42,S2,isolation_forest,auto,primary,IMG_8450,under3g,S6,1,0.59390265,0.54909282,1.08160702,1
window,42,S2,isolation_forest,auto,primary,IMG_8451,under3g,S6,1,0.67282126,0.54909282,1.22533247,1
window,42,S2,isolation_forest,auto,primary,IMG_8451,under3g,S6,1,0.62584594,0.54909282,1.13978168,1
window,42,S2,isolation_forest,auto,primary,IMG_8451,under3g,S6,1,0.63630809,0.54909282,1.15883519,1
window,42,S2,isolation_forest,auto,primary,IMG_8453,under3g,S6,1,0.66289267,0.54909282,1.20725066,1
window,42,S2,isolation_forest,auto,primary,IMG_8453,under3g,S6,1,0.65160071,0.54909282,1.1866859,1
window,42,S2,isolation_forest,auto,primary,IMG_8453,under3g,S6,1,0.65515706,0.54909282,1.19316268,1
window,42,S2,isolation_forest,auto,primary,IMG_8454,under3g,S6,1,0.65510613,0.54909282,1.19306992,1
window,42,S2,isolation_forest,auto,primary,IMG_8454,under3g,S6,1,0.6609108,0.54909282,1.2036413,1
window,42,S2,isolation_forest,auto,primary,IMG_8454,under3g,S6,1,0.65881728,0.54909282,1.19982862,1
window,42,S2,isolation_forest,auto,primary,IMG_8455,under3g,S6,1,0.62528416,0.54909282,1.13875859,1
window,42,S2,isolation_forest,auto,primary,IMG_8455,under3g,S6,1,0.66311877,0.54909282,1.20766243,1
window,42,S2,isolation_forest,auto,primary,IMG_8455,under3g,S6,1,0.64938293,0.54909282,1.18264692,1
window,42,S2,isolation_forest,auto,primary,IMG_8456,under3g,S6,1,0.61415628,0.54909282,1.11849265,1
window,42,S2,isolation_forest,auto,primary,IMG_8456,under3g,S6,1,0.64879501,0.54909282,1.18157621,1
window,42,S2,isolation_forest,auto,primary,IMG_8456,under3g,S6,1,0.64926734,0.54909282,1.1824364,1
window,42,S2,isolation_forest,auto,primary,IMG_8457,under3g,S6,1,0.6299519,0.54909282,1.14725939,1
window,42,S2,isolation_forest,auto,primary,IMG_8457,under3g,S6,1,0.63207236,0.54909282,1.15112114,1
window,42,S2,isolation_forest,auto,primary,IMG_8457,under3g,S6,1,0.63396342,0.54909282,1.15456512,1
window,42,S2,isolation_forest,auto,primary,IMG_8458,under3g,S6,1,0.6548415,0.54909282,1.19258797,1
window,42,S2,isolation_forest,auto,primary,IMG_8458,under3g,S6,1,0.65822303,0.54909282,1.19874637,1
window,42,S2,isolation_forest,auto,primary,IMG_8458,under3g,S6,1,0.66111403,0.54909282,1.20401143,1
window,42,S2,isolation_forest,auto,primary,IMG_8459,under3g,S6,1,0.65779373,0.54909282,1.19796454,1
window,42,S2,isolation_forest,auto,primary,IMG_8459,under3g,S6,1,0.66394674,0.54909282,1.20917032,1
window,42,S2,isolation_forest,auto,primary,IMG_8459,under3g,S6,1,0.6649687,0.54909282,1.21103149,1
window,42,S2,isolation_forest,auto,primary,IMG_8460,under3g,S6,1,0.65020394,0.54909282,1.18414213,1
window,42,S2,isolation_forest,auto,primary,IMG_8460,under3g,S6,1,0.664201,0.54909282,1.20963337,1
window,42,S2,isolation_forest,auto,primary,IMG_8460,under3g,S6,1,0.67153375,0.54909282,1.22298768,1
window,42,S3,isolation_forest,auto,primary,IMG_8418,normal,S3,0,0.49292212,0.55503014,0.88809974,0
window,42,S3,isolation_forest,auto,primary,IMG_8418,normal,S3,0,0.45456709,0.55503014,0.81899533,0
window,42,S3,isolation_forest,auto,primary,IMG_8418,normal,S3,0,0.44642607,0.55503014,0.80432761,0
window,42,S3,isolation_forest,auto,primary,IMG_8424,normal,S3,0,0.41147448,0.55503014,0.74135519,0
window,42,S3,isolation_forest,auto,primary,IMG_8424,normal,S3,0,0.44969374,0.55503014,0.810215,0
window,42,S3,isolation_forest,auto,primary,IMG_8424,normal,S3,0,0.38751878,0.55503014,0.69819413,0
window,42,S3,isolation_forest,auto,primary,IMG_8425,normal,S3,0,0.4567363,0.55503014,0.8229036,0
window,42,S3,isolation_forest,auto,primary,IMG_8425,normal,S3,0,0.45409161,0.55503014,0.81813866,0
window,42,S3,isolation_forest,auto,primary,IMG_8425,normal,S3,0,0.50211083,0.55503014,0.90465506,0
window,42,S3,isolation_forest,auto,primary,IMG_8426,normal,S3,0,0.46511562,0.55503014,0.83800065,0
window,42,S3,isolation_forest,auto,primary,IMG_8426,normal,S3,0,0.41219355,0.55503014,0.74265075,0
window,42,S3,isolation_forest,auto,primary,IMG_8426,normal,S3,0,0.47368208,0.55503014,0.85343488,0
window,42,S3,isolation_forest,auto,primary,IMG_8436,3g,S5,1,0.64156814,0.55503014,1.15591585,1
window,42,S3,isolation_forest,auto,primary,IMG_8436,3g,S5,1,0.65124662,0.55503014,1.17335361,1
window,42,S3,isolation_forest,auto,primary,IMG_8436,3g,S5,1,0.65613393,0.55503014,1.1821591,1
window,42,S3,isolation_forest,auto,primary,IMG_8437,3g,S5,1,0.64552993,0.55503014,1.16305383,1
window,42,S3,isolation_forest,auto,primary,IMG_8437,3g,S5,1,0.64667218,0.55503014,1.16511182,1
window,42,S3,isolation_forest,auto,primary,IMG_8437,3g,S5,1,0.64524214,0.55503014,1.16253533,1
window,42,S3,isolation_forest,auto,primary,IMG_8438,3g,S5,1,0.64653417,0.55503014,1.16486317,1
window,42,S3,isolation_forest,auto,primary,IMG_8438,3g,S5,1,0.64055621,0.55503014,1.15409266,1
window,42,S3,isolation_forest,auto,primary,IMG_8438,3g,S5,1,0.64360325,0.55503014,1.15958253,1
window,42,S3,isolation_forest,auto,primary,IMG_8439,3g,S5,1,0.64581044,0.55503014,1.16355923,1
window,42,S3,isolation_forest,auto,primary,IMG_8439,3g,S5,1,0.66618413,0.55503014,1.20026658,1
window,42,S3,isolation_forest,auto,primary,IMG_8439,3g,S5,1,0.64506707,0.55503014,1.1622199,1
window,42,S3,isolation_forest,auto,primary,IMG_8440,3g,S5,1,0.65210262,0.55503014,1.17489588,1
window,42,S3,isolation_forest,auto,primary,IMG_8440,3g,S5,1,0.65955048,0.55503014,1.18831472,1
window,42,S3,isolation_forest,auto,primary,IMG_8440,3g,S5,1,0.66055192,0.55503014,1.19011901,1
window,42,S3,isolation_forest,auto,primary,IMG_8441,3g,S5,1,0.64618769,0.55503014,1.16423893,1
window,42,S3,isolation_forest,auto,primary,IMG_8441,3g,S5,1,0.64876233,0.55503014,1.16887766,1
window,42,S3,isolation_forest,auto,primary,IMG_8441,3g,S5,1,0.64249818,0.55503014,1.15759152,1
window,42,S3,isolation_forest,auto,primary,IMG_8442,3g,S5,1,0.65221385,0.55503014,1.17509627,1
window,42,S3,isolation_forest,auto,primary,IMG_8442,3g,S5,1,0.65372788,0.55503014,1.1778241,1
window,42,S3,isolation_forest,auto,primary,IMG_8442,3g,S5,1,0.6528817,0.55503014,1.17629954,1
window,42,S3,isolation_forest,auto,primary,IMG_8443,3g,S5,1,0.65269754,0.55503014,1.17596774,1
window,42,S3,isolation_forest,auto,primary,IMG_8443,3g,S5,1,0.66077731,0.55503014,1.19052509,1
window,42,S3,isolation_forest,auto,primary,IMG_8443,3g,S5,1,0.66765934,0.55503014,1.20292449,1
window,42,S3,isolation_forest,auto,primary,IMG_8444,under3g,S6,1,0.68663692,0.55503014,1.23711646,1
window,42,S3,isolation_forest,auto,primary,IMG_8444,under3g,S6,1,0.61866187,0.55503014,1.11464555,1
window,42,S3,isolation_forest,auto,primary,IMG_8444,under3g,S6,1,0.59820544,0.55503014,1.07778912,1
window,42,S3,isolation_forest,auto,primary,IMG_8445,under3g,S6,1,0.6093304,0.55503014,1.09783299,1
window,42,S3,isolation_forest,auto,primary,IMG_8445,under3g,S6,1,0.56070096,0.55503014,1.01021714,1
window,42,S3,isolation_forest,auto,primary,IMG_8445,under3g,S6,1,0.57315527,0.55503014,1.03265612,1
window,42,S3,isolation_forest,auto,primary,IMG_8446,under3g,S6,1,0.59427866,0.55503014,1.07071422,1
window,42,S3,isolation_forest,auto,primary,IMG_8446,under3g,S6,1,0.61300511,0.55503014,1.10445373,1
window,42,S3,isolation_forest,auto,primary,IMG_8446,under3g,S6,1,0.58389226,0.55503014,1.052001,1
window,42,S3,isolation_forest,auto,primary,IMG_8447,under3g,S6,1,0.59723122,0.55503014,1.07603386,1
window,42,S3,isolation_forest,auto,primary,IMG_8447,under3g,S6,1,0.58762442,0.55503014,1.05872524,1
window,42,S3,isolation_forest,auto,primary,IMG_8447,under3g,S6,1,0.58386592,0.55503014,1.05195354,1
window,42,S3,isolation_forest,auto,primary,IMG_8448,under3g,S6,1,0.54750069,0.55503014,0.98643417,0
window,42,S3,isolation_forest,auto,primary,IMG_8448,under3g,S6,1,0.54285787,0.55503014,0.97806917,0
window,42,S3,isolation_forest,auto,primary,IMG_8448,under3g,S6,1,0.56092962,0.55503014,1.01062912,1
window,42,S3,isolation_forest,auto,primary,IMG_8449,under3g,S6,1,0.57233166,0.55503014,1.03117222,1
window,42,S3,isolation_forest,auto,primary,IMG_8449,under3g,S6,1,0.52781098,0.55503014,0.95095914,0
window,42,S3,isolation_forest,auto,primary,IMG_8449,under3g,S6,1,0.57154205,0.55503014,1.02974957,1
window,42,S3,isolation_forest,auto,primary,IMG_8450,under3g,S6,1,0.58975885,0.55503014,1.06257086,1
window,42,S3,isolation_forest,auto,primary,IMG_8450,under3g,S6,1,0.58521523,0.55503014,1.0543846,1
window,42,S3,isolation_forest,auto,primary,IMG_8450,under3g,S6,1,0.59724926,0.55503014,1.07606636,1
window,42,S3,isolation_forest,auto,primary,IMG_8451,under3g,S6,1,0.66119973,0.55503014,1.19128618,1
window,42,S3,isolation_forest,auto,primary,IMG_8451,under3g,S6,1,0.62392429,0.55503014,1.12412687,1
window,42,S3,isolation_forest,auto,primary,IMG_8451,under3g,S6,1,0.62673488,0.55503014,1.12919071,1
window,42,S3,isolation_forest,auto,primary,IMG_8453,under3g,S6,1,0.66721248,0.55503014,1.20211938,1
window,42,S3,isolation_forest,auto,primary,IMG_8453,under3g,S6,1,0.65645883,0.55503014,1.18274448,1
window,42,S3,isolation_forest,auto,primary,IMG_8453,under3g,S6,1,0.65689077,0.55503014,1.1835227,1
window,42,S3,isolation_forest,auto,primary,IMG_8454,under3g,S6,1,0.65758001,0.55503014,1.18476451,1
window,42,S3,isolation_forest,auto,primary,IMG_8454,under3g,S6,1,0.66595499,0.55503014,1.19985374,1
window,42,S3,isolation_forest,auto,primary,IMG_8454,under3g,S6,1,0.65945559,0.55503014,1.18814374,1
window,42,S3,isolation_forest,auto,primary,IMG_8455,under3g,S6,1,0.62848203,0.55503014,1.13233856,1
window,42,S3,isolation_forest,auto,primary,IMG_8455,under3g,S6,1,0.65745083,0.55503014,1.18453177,1
window,42,S3,isolation_forest,auto,primary,IMG_8455,under3g,S6,1,0.64532725,0.55503014,1.16268867,1
window,42,S3,isolation_forest,auto,primary,IMG_8456,under3g,S6,1,0.61537565,0.55503014,1.10872475,1
window,42,S3,isolation_forest,auto,primary,IMG_8456,under3g,S6,1,0.64617537,0.55503014,1.16421672,1
window,42,S3,isolation_forest,auto,primary,IMG_8456,under3g,S6,1,0.6432044,0.55503014,1.15886392,1
window,42,S3,isolation_forest,auto,primary,IMG_8457,under3g,S6,1,0.6322386,0.55503014,1.13910678,1
window,42,S3,isolation_forest,auto,primary,IMG_8457,under3g,S6,1,0.63254507,0.55503014,1.13965897,1
window,42,S3,isolation_forest,auto,primary,IMG_8457,under3g,S6,1,0.63007548,0.55503014,1.13520948,1
window,42,S3,isolation_forest,auto,primary,IMG_8458,under3g,S6,1,0.65956822,0.55503014,1.18834667,1
window,42,S3,isolation_forest,auto,primary,IMG_8458,under3g,S6,1,0.65933204,0.55503014,1.18792114,1
window,42,S3,isolation_forest,auto,primary,IMG_8458,under3g,S6,1,0.66254485,0.55503014,1.19370968,1
window,42,S3,isolation_forest,auto,primary,IMG_8459,under3g,S6,1,0.65897294,0.55503014,1.18727415,1
window,42,S3,isolation_forest,auto,primary,IMG_8459,under3g,S6,1,0.66476854,0.55503014,1.19771611,1
window,42,S3,isolation_forest,auto,primary,IMG_8459,under3g,S6,1,0.66555403,0.55503014,1.19913132,1
window,42,S3,isolation_forest,auto,primary,IMG_8460,under3g,S6,1,0.6446132,0.55503014,1.16140216,1
window,42,S3,isolation_forest,auto,primary,IMG_8460,under3g,S6,1,0.66071184,0.55503014,1.19040713,1
window,42,S3,isolation_forest,auto,primary,IMG_8460,under3g,S6,1,0.66543518,0.55503014,1.1989172,1
window,42,S4,isolation_forest,auto,primary,IMG_8419,normal,S4,0,0.44625895,0.56006682,0.79679592,0
window,42,S4,isolation_forest,auto,primary,IMG_8419,normal,S4,0,0.39509337,0.56006682,0.70543971,0
window,42,S4,isolation_forest,auto,primary,IMG_8419,normal,S4,0,0.42043646,0.56006682,0.75068982,0
window,42,S4,isolation_forest,auto,primary,IMG_8420,normal,S4,0,0.41472507,0.56006682,0.74049213,0
window,42,S4,isolation_forest,auto,primary,IMG_8420,normal,S4,0,0.42485281,0.56006682,0.75857522,0
window,42,S4,isolation_forest,auto,primary,IMG_8420,normal,S4,0,0.43066352,0.56006682,0.76895026,0
window,42,S4,isolation_forest,auto,primary,IMG_8421,normal,S4,0,0.46425482,0.56006682,0.82892756,0
window,42,S4,isolation_forest,auto,primary,IMG_8421,normal,S4,0,0.47562927,0.56006682,0.84923666,0
window,42,S4,isolation_forest,auto,primary,IMG_8421,normal,S4,0,0.53806137,0.56006682,0.96070924,0
window,42,S4,isolation_forest,auto,primary,IMG_8422,normal,S4,0,0.4012429,0.56006682,0.7164197,0
window,42,S4,isolation_forest,auto,primary,IMG_8422,normal,S4,0,0.42766283,0.56006682,0.76359252,0
window,42,S4,isolation_forest,auto,primary,IMG_8422,normal,S4,0,0.41327348,0.56006682,0.73790032,0
window,42,S4,isolation_forest,auto,primary,IMG_8423,normal,S4,0,0.41639317,0.56006682,0.74347052,0
window,42,S4,isolation_forest,auto,primary,IMG_8423,normal,S4,0,0.39410931,0.56006682,0.70368267,0
window,42,S4,isolation_forest,auto,primary,IMG_8423,normal,S4,0,0.44142357,0.56006682,0.78816234,0
window,42,S4,isolation_forest,auto,primary,IMG_8436,3g,S5,1,0.64491295,0.56006682,1.15149287,1
window,42,S4,isolation_forest,auto,primary,IMG_8436,3g,S5,1,0.65665755,0.56006682,1.17246288,1
window,42,S4,isolation_forest,auto,primary,IMG_8436,3g,S5,1,0.66012115,0.56006682,1.17864714,1
window,42,S4,isolation_forest,auto,primary,IMG_8437,3g,S5,1,0.644999,0.56006682,1.15164652,1
window,42,S4,isolation_forest,auto,primary,IMG_8437,3g,S5,1,0.64689123,0.56006682,1.15502509,1
window,42,S4,isolation_forest,auto,primary,IMG_8437,3g,S5,1,0.64437878,0.56006682,1.15053912,1
window,42,S4,isolation_forest,auto,primary,IMG_8438,3g,S5,1,0.64981923,0.56006682,1.16025304,1
window,42,S4,isolation_forest,auto,primary,IMG_8438,3g,S5,1,0.64159804,0.56006682,1.1455741,1
window,42,S4,isolation_forest,auto,primary,IMG_8438,3g,S5,1,0.64401504,0.56006682,1.14988966,1
window,42,S4,isolation_forest,auto,primary,IMG_8439,3g,S5,1,0.64723845,0.56006682,1.15564507,1
window,42,S4,isolation_forest,auto,primary,IMG_8439,3g,S5,1,0.66979004,0.56006682,1.19591096,1
window,42,S4,isolation_forest,auto,primary,IMG_8439,3g,S5,1,0.64569182,0.56006682,1.15288355,1
window,42,S4,isolation_forest,auto,primary,IMG_8440,3g,S5,1,0.65252698,0.56006682,1.16508774,1
window,42,S4,isolation_forest,auto,primary,IMG_8440,3g,S5,1,0.65879885,0.56006682,1.17628618,1
window,42,S4,isolation_forest,auto,primary,IMG_8440,3g,S5,1,0.66271509,0.56006682,1.18327862,1
window,42,S4,isolation_forest,auto,primary,IMG_8441,3g,S5,1,0.65003348,0.56006682,1.16063559,1
window,42,S4,isolation_forest,auto,primary,IMG_8441,3g,S5,1,0.65296775,0.56006682,1.16587473,1
window,42,S4,isolation_forest,auto,primary,IMG_8441,3g,S5,1,0.64355199,0.56006682,1.14906289,1
window,42,S4,isolation_forest,auto,primary,IMG_8442,3g,S5,1,0.65595787,0.56006682,1.17121361,1
window,42,S4,isolation_forest,auto,primary,IMG_8442,3g,S5,1,0.65582223,0.56006682,1.17097142,1
window,42,S4,isolation_forest,auto,primary,IMG_8442,3g,S5,1,0.6554942,0.56006682,1.17038572,1
window,42,S4,isolation_forest,auto,primary,IMG_8443,3g,S5,1,0.65514357,0.56006682,1.16975966,1
window,42,S4,isolation_forest,auto,primary,IMG_8443,3g,S5,1,0.66284917,0.56006682,1.18351801,1
window,42,S4,isolation_forest,auto,primary,IMG_8443,3g,S5,1,0.66879778,0.56006682,1.19413928,1
window,42,S4,isolation_forest,auto,primary,IMG_8444,under3g,S6,1,0.69275229,0.56006682,1.23691008,1
window,42,S4,isolation_forest,auto,primary,IMG_8444,under3g,S6,1,0.62032725,0.56006682,1.10759509,1
window,42,S4,isolation_forest,auto,primary,IMG_8444,under3g,S6,1,0.59304023,0.56006682,1.05887407,1
window,42,S4,isolation_forest,auto,primary,IMG_8445,under3g,S6,1,0.60591891,0.56006682,1.08186898,1
window,42,S4,isolation_forest,auto,primary,IMG_8445,under3g,S6,1,0.55325536,0.56006682,0.98783814,0
window,42,S4,isolation_forest,auto,primary,IMG_8445,under3g,S6,1,0.56835209,0.56006682,1.01479336,1
window,42,S4,isolation_forest,auto,primary,IMG_8446,under3g,S6,1,0.59007338,0.56006682,1.05357677,1
window,42,S4,isolation_forest,auto,primary,IMG_8446,under3g,S6,1,0.61391904,0.56006682,1.09615321,1
window,42,S4,isolation_forest,auto,primary,IMG_8446,under3g,S6,1,0.57018403,0.56006682,1.0180643,1
window,42,S4,isolation_forest,auto,primary,IMG_8447,under3g,S6,1,0.58684178,0.56006682,1.04780674,1
window,42,S4,isolation_forest,auto,primary,IMG_8447,under3g,S6,1,0.58016222,0.56006682,1.03588037,1
window,42,S4,isolation_forest,auto,primary,IMG_8447,under3g,S6,1,0.58705987,0.56006682,1.04819614,1
window,42,S4,isolation_forest,auto,primary,IMG_8448,under3g,S6,1,0.5485184,0.56006682,0.97938028,0
window,42,S4,isolation_forest,auto,primary,IMG_8448,under3g,S6,1,0.54213827,0.56006682,0.96798856,0
window,42,S4,isolation_forest,auto,primary,IMG_8448,under3g,S6,1,0.56043482,0.56006682,1.00065707,1
window,42,S4,isolation_forest,auto,primary,IMG_8449,under3g,S6,1,0.55883806,0.56006682,0.99780606,0
window,42,S4,isolation_forest,auto,primary,IMG_8449,under3g,S6,1,0.52929683,0.56006682,0.94506014,0
window,42,S4,isolation_forest,auto,primary,IMG_8449,under3g,S6,1,0.57060508,0.56006682,1.01881609,1
window,42,S4,isolation_forest,auto,primary,IMG_8450,under3g,S6,1,0.5850315,0.56006682,1.04457447,1
window,42,S4,isolation_forest,auto,primary,IMG_8450,under3g,S6,1,0.57237995,0.56006682,1.02198512,1
window,42,S4,isolation_forest,auto,primary,IMG_8450,under3g,S6,1,0.59398559,0.56006682,1.06056201,1
window,42,S4,isolation_forest,auto,primary,IMG_8451,under3g,S6,1,0.66494982,0.56006682,1.18726874,1
window,42,S4,isolation_forest,auto,primary,IMG_8451,under3g,S6,1,0.62230151,0.56006682,1.11112013,1
window,42,S4,isolation_forest,auto,primary,IMG_8451,under3g,S6,1,0.63134466,0.56006682,1.12726669,1
window,42,S4,isolation_forest,auto,primary,IMG_8453,under3g,S6,1,0.67220654,0.56006682,1.20022561,1
window,42,S4,isolation_forest,auto,primary,IMG_8453,under3g,S6,1,0.65772109,0.56006682,1.17436183,1
window,42,S4,isolation_forest,auto,primary,IMG_8453,under3g,S6,1,0.65875011,0.56006682,1.17619914,1
window,42,S4,isolation_forest,auto,primary,IMG_8454,under3g,S6,1,0.65869872,0.56006682,1.17610739,1
window,42,S4,isolation_forest,auto,primary,IMG_8454,under3g,S6,1,0.66720022,0.56006682,1.19128684,1
window,42,S4,isolation_forest,auto,primary,IMG_8454,under3g,S6,1,0.66199668,0.56006682,1.1819959,1
window,42,S4,isolation_forest,auto,primary,IMG_8455,under3g,S6,1,0.62798597,0.56006682,1.12126974,1
window,42,S4,isolation_forest,auto,primary,IMG_8455,under3g,S6,1,0.66483235,0.56006682,1.187059,1
window,42,S4,isolation_forest,auto,primary,IMG_8455,under3g,S6,1,0.65633272,0.56006682,1.1718829,1
window,42,S4,isolation_forest,auto,primary,IMG_8456,under3g,S6,1,0.6150674,0.56006682,1.09820361,1
window,42,S4,isolation_forest,auto,primary,IMG_8456,under3g,S6,1,0.65517926,0.56006682,1.16982338,1
window,42,S4,isolation_forest,auto,primary,IMG_8456,under3g,S6,1,0.65067814,0.56006682,1.16178664,1
window,42,S4,isolation_forest,auto,primary,IMG_8457,under3g,S6,1,0.63503182,0.56006682,1.13385011,1
window,42,S4,isolation_forest,auto,primary,IMG_8457,under3g,S6,1,0.63837448,0.56006682,1.13981844,1
window,42,S4,isolation_forest,auto,primary,IMG_8457,under3g,S6,1,0.63215843,0.56006682,1.12871967,1
window,42,S4,isolation_forest,auto,primary,IMG_8458,under3g,S6,1,0.66115139,0.56006682,1.18048664,1
window,42,S4,isolation_forest,auto,primary,IMG_8458,under3g,S6,1,0.66594413,0.56006682,1.18904408,1
window,42,S4,isolation_forest,auto,primary,IMG_8458,under3g,S6,1,0.66746513,0.56006682,1.19175983,1
window,42,S4,isolation_forest,auto,primary,IMG_8459,under3g,S6,1,0.66073036,0.56006682,1.17973488,1
window,42,S4,isolation_forest,auto,primary,IMG_8459,under3g,S6,1,0.66574663,0.56006682,1.18869143,1
window,42,S4,isolation_forest,auto,primary,IMG_8459,under3g,S6,1,0.67085957,0.56006682,1.1978206,1
window,42,S4,isolation_forest,auto,primary,IMG_8460,under3g,S6,1,0.6510629,0.56006682,1.16247363,1
window,42,S4,isolation_forest,auto,primary,IMG_8460,under3g,S6,1,0.66674604,0.56006682,1.19047588,1
window,42,S4,isolation_forest,auto,primary,IMG_8460,under3g,S6,1,0.67086984,0.56006682,1.19783894,1
window,43,S1,mahalanobis,3,all,IMG_8390,normal,S1,0,2.8199263,2.48344041,1.13549183,1
window,43,S1,mahalanobis,3,all,IMG_8390,normal,S1,0,2.36104935,2.48344041,0.95071713,0
window,43,S1,mahalanobis,3,all,IMG_8390,normal,S1,0,1.7742128,2.48344041,0.7144173,0
window,43,S1,mahalanobis,3,all,IMG_8391,normal,S1,0,3.49768333,2.48344041,1.40840236,1
window,43,S1,mahalanobis,3,all,IMG_8391,normal,S1,0,2.61241772,2.48344041,1.05193493,1
window,43,S1,mahalanobis,3,all,IMG_8391,normal,S1,0,2.09546883,2.48344041,0.84377657,0
window,43,S1,mahalanobis,3,all,IMG_8392,normal,S1,0,1.42902938,2.48344041,0.57542326,0
window,43,S1,mahalanobis,3,all,IMG_8392,normal,S1,0,1.83844643,2.48344041,0.74028208,0
window,43,S1,mahalanobis,3,all,IMG_8392,normal,S1,0,0.85265675,2.48344041,0.34333691,0
window,43,S1,mahalanobis,3,all,IMG_8393,normal,S1,0,2.73439685,2.48344041,1.10105193,1
window,43,S1,mahalanobis,3,all,IMG_8393,normal,S1,0,1.4651403,2.48344041,0.58996394,0
window,43,S1,mahalanobis,3,all,IMG_8393,normal,S1,0,2.305335,2.48344041,0.92828279,0
window,43,S1,mahalanobis,3,all,IMG_8394,normal,S1,0,2.24987234,2.48344041,0.9059498,0
window,43,S1,mahalanobis,3,all,IMG_8394,normal,S1,0,3.28195279,2.48344041,1.32153475,1
window,43,S1,mahalanobis,3,all,IMG_8394,normal,S1,0,1.99008075,2.48344041,0.80134025,0
window,43,S1,mahalanobis,3,all,IMG_8395,normal,S1,0,1.92504072,2.48344041,0.77515076,0
window,43,S1,mahalanobis,3,all,IMG_8395,normal,S1,0,2.59011513,2.48344041,1.04295441,1
window,43,S1,mahalanobis,3,all,IMG_8395,normal,S1,0,1.58729172,2.48344041,0.63915031,0
window,43,S1,mahalanobis,3,all,IMG_8396,normal,S1,0,3.41646176,2.48344041,1.3756971,1
window,43,S1,mahalanobis,3,all,IMG_8396,normal,S1,0,2.24598277,2.48344041,0.9043836,0
window,43,S1,mahalanobis,3,all,IMG_8396,normal,S1,0,2.29796777,2.48344041,0.92531625,0
window,43,S1,mahalanobis,3,all,IMG_8397,normal,S1,0,1.07364528,2.48344041,0.43232174,0
window,43,S1,mahalanobis,3,all,IMG_8397,normal,S1,0,0.63836217,2.48344041,0.25704751,0
window,43,S1,mahalanobis,3,all,IMG_8397,normal,S1,0,0.87310891,2.48344041,0.35157232,0
window,43,S1,mahalanobis,3,all,IMG_8398,normal,S1,0,2.85694514,2.48344041,1.1503981,1
window,43,S1,mahalanobis,3,all,IMG_8398,normal,S1,0,1.0002179,2.48344041,0.40275494,0
window,43,S1,mahalanobis,3,all,IMG_8398,normal,S1,0,2.14726695,2.48344041,0.86463397,0
window,43,S1,mahalanobis,3,all,IMG_8399,normal,S1,0,2.20458281,2.48344041,0.88771319,0
window,43,S1,mahalanobis,3,all,IMG_8399,normal,S1,0,0.78173277,2.48344041,0.31477815,0
window,43,S1,mahalanobis,3,all,IMG_8399,normal,S1,0,0.90615689,2.48344041,0.36487966,0
window,43,S1,mahalanobis,3,all,IMG_8400,normal,S1,0,1.51468634,2.48344041,0.60991451,0
window,43,S1,mahalanobis,3,all,IMG_8400,normal,S1,0,0.38621396,2.48344041,0.15551569,0
window,43,S1,mahalanobis,3,all,IMG_8400,normal,S1,0,0.79823116,2.48344041,0.32142151,0
window,43,S1,mahalanobis,3,all,IMG_8401,normal,S1,0,3.74874029,2.48344041,1.50949476,1
window,43,S1,mahalanobis,3,all,IMG_8401,normal,S1,0,0.74927127,2.48344041,0.30170696,0
window,43,S1,mahalanobis,3,all,IMG_8401,normal,S1,0,1.22002545,2.48344041,0.49126423,0
window,43,S1,mahalanobis,3,all,IMG_8402,normal,S1,0,1.89743219,2.48344041,0.76403371,0
window,43,S1,mahalanobis,3,all,IMG_8402,normal,S1,0,1.6926257,2.48344041,0.68156485,0
window,43,S1,mahalanobis,3,all,IMG_8402,normal,S1,0,0.92426949,2.48344041,0.37217301,0
window,43,S1,mahalanobis,3,all,IMG_8403,normal,S1,0,2.87290464,2.48344041,1.15682447,1
window,43,S1,mahalanobis,3,all,IMG_8403,normal,S1,0,2.55639771,2.48344041,1.02937751,1
window,43,S1,mahalanobis,3,all,IMG_8403,normal,S1,0,1.32975048,2.48344041,0.5354469,0
window,43,S1,mahalanobis,3,all,IMG_8404,normal,S1,0,1.80582383,2.48344041,0.72714603,0
window,43,S1,mahalanobis,3,all,IMG_8404,normal,S1,0,1.40246928,2.48344041,0.56472838,0
window,43,S1,mahalanobis,3,all,IMG_8404,normal,S1,0,1.00610978,2.48344041,0.40512741,0
window,43,S1,mahalanobis,3,all,IMG_8405,normal,S1,0,1.55032982,2.48344041,0.62426697,0
window,43,S1,mahalanobis,3,all,IMG_8405,normal,S1,0,1.26347577,2.48344041,0.50876025,0
window,43,S1,mahalanobis,3,all,IMG_8405,normal,S1,0,1.48642283,2.48344041,0.59853372,0
window,43,S1,mahalanobis,3,all,IMG_8406,normal,S1,0,1.02059454,2.48344041,0.41095995,0
window,43,S1,mahalanobis,3,all,IMG_8406,normal,S1,0,1.87041918,2.48344041,0.75315646,0
window,43,S1,mahalanobis,3,all,IMG_8406,normal,S1,0,1.44514183,2.48344041,0.58191122,0
window,43,S1,mahalanobis,3,all,IMG_8407,normal,S1,0,2.65394254,2.48344041,1.06865561,1
window,43,S1,mahalanobis,3,all,IMG_8407,normal,S1,0,0.50346493,2.48344041,0.20272881,0
window,43,S1,mahalanobis,3,all,IMG_8407,normal,S1,0,2.30553648,2.48344041,0.92836392,0
window,43,S1,mahalanobis,3,all,IMG_8408,normal,S1,0,1.89451676,2.48344041,0.76285976,0
window,43,S1,mahalanobis,3,all,IMG_8408,normal,S1,0,1.34421385,2.48344041,0.54127083,0
window,43,S1,mahalanobis,3,all,IMG_8408,normal,S1,0,1.9471014,2.48344041,0.78403387,0
window,43,S1,mahalanobis,3,all,IMG_8409,normal,S1,0,1.53725212,2.48344041,0.61900101,0
window,43,S1,mahalanobis,3,all,IMG_8409,normal,S1,0,1.04810385,2.48344041,0.42203704,0
window,43,S1,mahalanobis,3,all,IMG_8409,normal,S1,0,2.61208445,2.48344041,1.05180074,1
window,43,S1,mahalanobis,3,all,IMG_8410,normal,S1,0,0.99983833,2.48344041,0.4026021,0
window,43,S1,mahalanobis,3,all,IMG_8410,normal,S1,0,0.89821909,2.48344041,0.36168337,0
window,43,S1,mahalanobis,3,all,IMG_8410,normal,S1,0,1.36828249,2.48344041,0.55096248,0
window,43,S1,mahalanobis,3,all,IMG_8411,normal,S1,0,1.77908444,2.48344041,0.71637895,0
window,43,S1,mahalanobis,3,all,IMG_8411,normal,S1,0,1.49814418,2.48344041,0.60325353,0
window,43,S1,mahalanobis,3,all,IMG_8411,normal,S1,0,2.2920793,2.48344041,0.92294516,0
window,43,S1,mahalanobis,3,all,IMG_8412,normal,S1,0,1.24153063,2.48344041,0.49992366,0
window,43,S1,mahalanobis,3,all,IMG_8412,normal,S1,0,2.71004047,2.48344041,1.09124441,1
window,43,S1,mahalanobis,3,all,IMG_8412,normal,S1,0,1.23153733,2.48344041,0.49589969,0
window,43,S1,mahalanobis,3,all,IMG_8413,normal,S1,0,0.63188517,2.48344041,0.25443943,0
window,43,S1,mahalanobis,3,all,IMG_8413,normal,S1,0,1.52293095,2.48344041,0.61323434,0
window,43,S1,mahalanobis,3,all,IMG_8413,normal,S1,0,1.55013113,2.48344041,0.62418696,0
window,43,S1,mahalanobis,3,all,IMG_8414,normal,S1,0,2.46919144,2.48344041,0.99426241,0
window,43,S1,mahalanobis,3,all,IMG_8414,normal,S1,0,2.94823244,2.48344041,1.1871565,1
window,43,S1,mahalanobis,3,all,IMG_8414,normal,S1,0,2.24163683,2.48344041,0.90263363,0
window,43,S1,mahalanobis,3,all,IMG_8415,normal,S1,0,2.15702475,2.48344041,0.86856312,0
window,43,S1,mahalanobis,3,all,IMG_8415,normal,S1,0,1.22803557,2.48344041,0.49448964,0
window,43,S1,mahalanobis,3,all,IMG_8415,normal,S1,0,1.75520104,2.48344041,0.70676189,0
window,43,S1,mahalanobis,3,all,IMG_8436,3g,S5,1,7.03781663,2.48344041,2.83389793,1
window,43,S1,mahalanobis,3,all,IMG_8436,3g,S5,1,7.74987072,2.48344041,3.12061875,1
window,43,S1,mahalanobis,3,all,IMG_8436,3g,S5,1,7.53120486,2.48344041,3.03256918,1
window,43,S1,mahalanobis,3,all,IMG_8437,3g,S5,1,6.77540566,2.48344041,2.72823363,1
window,43,S1,mahalanobis,3,all,IMG_8437,3g,S5,1,6.78100465,2.48344041,2.73048817,1
window,43,S1,mahalanobis,3,all,IMG_8437,3g,S5,1,6.65029891,2.48344041,2.67785725,1
window,43,S1,mahalanobis,3,all,IMG_8438,3g,S5,1,7.32972535,2.48344041,2.95143999,1
window,43,S1,mahalanobis,3,all,IMG_8438,3g,S5,1,8.01248607,2.48344041,3.22636534,1
window,43,S1,mahalanobis,3,all,IMG_8438,3g,S5,1,7.407288,2.48344041,2.98267193,1
window,43,S1,mahalanobis,3,all,IMG_8439,3g,S5,1,7.33932583,2.48344041,2.95530579,1
window,43,S1,mahalanobis,3,all,IMG_8439,3g,S5,1,7.38983945,2.48344041,2.97564597,1
window,43,S1,mahalanobis,3,all,IMG_8439,3g,S5,1,6.82770515,2.48344041,2.74929292,1
window,43,S1,mahalanobis,3,all,IMG_8440,3g,S5,1,7.40605067,2.48344041,2.9821737,1
window,43,S1,mahalanobis,3,all,IMG_8440,3g,S5,1,7.82966673,2.48344041,3.15274999,1
window,43,S1,mahalanobis,3,all,IMG_8440,3g,S5,1,7.47412502,2.48344041,3.009585,1
window,43,S1,mahalanobis,3,all,IMG_8441,3g,S5,1,7.68295499,2.48344041,3.09367398,1
window,43,S1,mahalanobis,3,all,IMG_8441,3g,S5,1,7.02218048,2.48344041,2.82760176,1
window,43,S1,mahalanobis,3,all,IMG_8441,3g,S5,1,7.30565513,2.48344041,2.9417477,1
window,43,S1,mahalanobis,3,all,IMG_8442,3g,S5,1,7.17763375,2.48344041,2.89019769,1
window,43,S1,mahalanobis,3,all,IMG_8442,3g,S5,1,7.23195034,2.48344041,2.9120692,1
window,43,S1,mahalanobis,3,all,IMG_8442,3g,S5,1,7.40570618,2.48344041,2.98203498,1
window,43,S1,mahalanobis,3,all,IMG_8443,3g,S5,1,7.46383053,2.48344041,3.00543975,1
window,43,S1,mahalanobis,3,all,IMG_8443,3g,S5,1,7.3552077,2.48344041,2.9617009,1
window,43,S1,mahalanobis,3,all,IMG_8443,3g,S5,1,7.64470309,2.48344041,3.0782712,1
window,43,S1,mahalanobis,3,all,IMG_8444,under3g,S6,1,9.14449362,2.48344041,3.68218765,1
window,43,S1,mahalanobis,3,all,IMG_8444,under3g,S6,1,4.66195671,2.48344041,1.87721706,1
window,43,S1,mahalanobis,3,all,IMG_8444,under3g,S6,1,5.05956111,2.48344041,2.03731931,1
window,43,S1,mahalanobis,3,all,IMG_8445,under3g,S6,1,3.95475371,2.48344041,1.59244961,1
window,43,S1,mahalanobis,3,all,IMG_8445,under3g,S6,1,3.02926913,2.48344041,1.21978732,1
window,43,S1,mahalanobis,3,all,IMG_8445,under3g,S6,1,2.64601063,2.48344041,1.06546169,1
window,43,S1,mahalanobis,3,all,IMG_8446,under3g,S6,1,3.10046442,2.48344041,1.24845533,1
window,43,S1,mahalanobis,3,all,IMG_8446,under3g,S6,1,4.42436212,2.48344041,1.78154551,1
window,43,S1,mahalanobis,3,all,IMG_8446,under3g,S6,1,3.93694966,2.48344041,1.5852805,1
window,43,S1,mahalanobis,3,all,IMG_8447,under3g,S6,1,4.00893038,2.48344041,1.61426478,1
window,43,S1,mahalanobis,3,all,IMG_8447,under3g,S6,1,3.92413571,2.48344041,1.58012074,1
window,43,S1,mahalanobis,3,all,IMG_8447,under3g,S6,1,2.38200961,2.48344041,0.95915714,0
window,43,S1,mahalanobis,3,all,IMG_8448,under3g,S6,1,1.91401199,2.48344041,0.77070985,0
window,43,S1,mahalanobis,3,all,IMG_8448,under3g,S6,1,1.91940244,2.48344041,0.77288041,0
window,43,S1,mahalanobis,3,all,IMG_8448,under3g,S6,1,2.41080853,2.48344041,0.97075352,0
window,43,S1,mahalanobis,3,all,IMG_8449,under3g,S6,1,2.60868056,2.48344041,1.0504301,1
window,43,S1,mahalanobis,3,all,IMG_8449,under3g,S6,1,0.98449986,2.48344041,0.3964258,0
window,43,S1,mahalanobis,3,all,IMG_8449,under3g,S6,1,2.43748583,2.48344041,0.9814956,0
window,43,S1,mahalanobis,3,all,IMG_8450,under3g,S6,1,3.18306112,2.48344041,1.28171431,1
window,43,S1,mahalanobis,3,all,IMG_8450,under3g,S6,1,4.13698911,2.48344041,1.66582983,1
window,43,S1,mahalanobis,3,all,IMG_8450,under3g,S6,1,3.4379602,2.48344041,1.38435381,1
window,43,S1,mahalanobis,3,all,IMG_8451,under3g,S6,1,6.50938428,2.48344041,2.62111555,1
window,43,S1,mahalanobis,3,all,IMG_8451,under3g,S6,1,4.21181882,2.48344041,1.6959613,1
window,43,S1,mahalanobis,3,all,IMG_8451,under3g,S6,1,4.73769959,2.48344041,1.90771624,1
window,43,S1,mahalanobis,3,all,IMG_8453,under3g,S6,1,5.29497537,2.48344041,2.13211291,1
window,43,S1,mahalanobis,3,all,IMG_8453,under3g,S6,1,5.47345611,2.48344041,2.20398125,1
window,43,S1,mahalanobis,3,all,IMG_8453,under3g,S6,1,5.21207428,2.48344041,2.09873136,1
window,43,S1,mahalanobis,3,all,IMG_8454,under3g,S6,1,5.07391942,2.48344041,2.04310093,1
window,43,S1,mahalanobis,3,all,IMG_8454,under3g,S6,1,5.36995058,2.48344041,2.16230297,1
window,43,S1,mahalanobis,3,all,IMG_8454,under3g,S6,1,5.04064284,2.48344041,2.02970154,1
window,43,S1,mahalanobis,3,all,IMG_8455,under3g,S6,1,5.78406927,2.48344041,2.32905499,1
window,43,S1,mahalanobis,3,all,IMG_8455,under3g,S6,1,5.34347945,2.48344041,2.15164392,1
window,43,S1,mahalanobis,3,all,IMG_8455,under3g,S6,1,5.36327587,2.48344041,2.15961529,1
window,43,S1,mahalanobis,3,all,IMG_8456,under3g,S6,1,5.66783534,2.48344041,2.28225139,1
window,43,S1,mahalanobis,3,all,IMG_8456,under3g,S6,1,5.20372678,2.48344041,2.0953701,1
window,43,S1,mahalanobis,3,all,IMG_8456,under3g,S6,1,5.37915896,2.48344041,2.16601089,1
window,43,S1,mahalanobis,3,all,IMG_8457,under3g,S6,1,5.18724903,2.48344041,2.08873505,1
window,43,S1,mahalanobis,3,all,IMG_8457,under3g,S6,1,5.26321731,2.48344041,2.11932498,1
window,43,S1,mahalanobis,3,all,IMG_8457,under3g,S6,1,5.36604538,2.48344041,2.16073048,1
window,43,S1,mahalanobis,3,all,IMG_8458,under3g,S6,1,5.30135258,2.48344041,2.13468081,1
window,43,S1,mahalanobis,3,all,IMG_8458,under3g,S6,1,5.7520199,2.48344041,2.31614975,1
window,43,S1,mahalanobis,3,all,IMG_8458,under3g,S6,1,5.35676521,2.48344041,2.15699365,1
window,43,S1,mahalanobis,3,all,IMG_8459,under3g,S6,1,4.84630535,2.48344041,1.95144821,1
window,43,S1,mahalanobis,3,all,IMG_8459,under3g,S6,1,5.12664607,2.48344041,2.06433222,1
window,43,S1,mahalanobis,3,all,IMG_8459,under3g,S6,1,5.63964673,2.48344041,2.27090077,1
window,43,S1,mahalanobis,3,all,IMG_8460,under3g,S6,1,5.23168888,2.48344041,2.10662952,1
window,43,S1,mahalanobis,3,all,IMG_8460,under3g,S6,1,5.60505194,2.48344041,2.25697058,1
window,43,S1,mahalanobis,3,all,IMG_8460,under3g,S6,1,5.55783156,2.48344041,2.23795648,1
window,43,S2,isolation_forest,auto,primary,IMG_8427,normal,S2,0,0.41506915,0.55320729,0.75029589,0
window,43,S2,isolation_forest,auto,primary,IMG_8427,normal,S2,0,0.42595002,0.55320729,0.76996458,0
window,43,S2,isolation_forest,auto,primary,IMG_8427,normal,S2,0,0.4156167,0.55320729,0.75128565,0
window,43,S2,isolation_forest,auto,primary,IMG_8428,normal,S2,0,0.40236381,0.55320729,0.7273292,0
window,43,S2,isolation_forest,auto,primary,IMG_8428,normal,S2,0,0.4188841,0.55320729,0.75719195,0
window,43,S2,isolation_forest,auto,primary,IMG_8428,normal,S2,0,0.41592034,0.55320729,0.75183453,0
window,43,S2,isolation_forest,auto,primary,IMG_8429,normal,S2,0,0.49295115,0.55320729,0.89107856,0
window,43,S2,isolation_forest,auto,primary,IMG_8429,normal,S2,0,0.4301855,0.55320729,0.77762081,0
window,43,S2,isolation_forest,auto,primary,IMG_8429,normal,S2,0,0.42745792,0.55320729,0.77269033,0
window,43,S2,isolation_forest,auto,primary,IMG_8431,normal,S2,0,0.46500093,0.55320729,0.8405546,0
window,43,S2,isolation_forest,auto,primary,IMG_8431,normal,S2,0,0.43494839,0.55320729,0.78623042,0
window,43,S2,isolation_forest,auto,primary,IMG_8431,normal,S2,0,0.44336687,0.55320729,0.80144799,0
window,43,S2,isolation_forest,auto,primary,IMG_8432,normal,S2,0,0.4890204,0.55320729,0.88397317,0
window,43,S2,isolation_forest,auto,primary,IMG_8432,normal,S2,0,0.41076215,0.55320729,0.74251038,0
window,43,S2,isolation_forest,auto,primary,IMG_8432,normal,S2,0,0.43973904,0.55320729,0.79489018,0
window,43,S2,isolation_forest,auto,primary,IMG_8436,3g,S5,1,0.63464034,0.55320729,1.1472017,1
window,43,S2,isolation_forest,auto,primary,IMG_8436,3g,S5,1,0.64767713,0.55320729,1.17076754,1
window,43,S2,isolation_forest,auto,primary,IMG_8436,3g,S5,1,0.64631339,0.55320729,1.16830239,1
window,43,S2,isolation_forest,auto,primary,IMG_8437,3g,S5,1,0.63059404,0.55320729,1.13988745,1
window,43,S2,isolation_forest,auto,primary,IMG_8437,3g,S5,1,0.62702279,0.55320729,1.13343191,1
window,43,S2,isolation_forest,auto,primary,IMG_8437,3g,S5,1,0.63165437,0.55320729,1.14180414,1
window,43,S2,isolation_forest,auto,primary,IMG_8438,3g,S5,1,0.6388815,0.55320729,1.1548682,1
window,43,S2,isolation_forest,auto,primary,IMG_8438,3g,S5,1,0.632318,0.55320729,1.14300375,1
window,43,S2,isolation_forest,auto,primary,IMG_8438,3g,S5,1,0.63056413,0.55320729,1.13983338,1
window,43,S2,isolation_forest,auto,primary,IMG_8439,3g,S5,1,0.63110179,0.55320729,1.14080528,1
window,43,S2,isolation_forest,auto,primary,IMG_8439,3g,S5,1,0.65717878,0.55320729,1.18794311,1
window,43,S2,isolation_forest,auto,primary,IMG_8439,3g,S5,1,0.63078684,0.55320729,1.14023596,1
window,43,S2,isolation_forest,auto,primary,IMG_8440,3g,S5,1,0.64720587,0.55320729,1.16991566,1
window,43,S2,isolation_forest,auto,primary,IMG_8440,3g,S5,1,0.64752269,0.55320729,1.17048836,1
window,43,S2,isolation_forest,auto,primary,IMG_8440,3g,S5,1,0.65106373,0.55320729,1.1768893,1
window,43,S2,isolation_forest,auto,primary,IMG_8441,3g,S5,1,0.637468,0.55320729,1.15231309,1
window,43,S2,isolation_forest,auto,primary,IMG_8441,3g,S5,1,0.63974093,0.55320729,1.15642173,1
window,43,S2,isolation_forest,auto,primary,IMG_8441,3g,S5,1,0.63410747,0.55320729,1.14623847,1
window,43,S2,isolation_forest,auto,primary,IMG_8442,3g,S5,1,0.63797325,0.55320729,1.15322642,1
window,43,S2,isolation_forest,auto,primary,IMG_8442,3g,S5,1,0.64234136,0.55320729,1.16112238,1
window,43,S2,isolation_forest,auto,primary,IMG_8442,3g,S5,1,0.64352679,0.55320729,1.16326522,1
window,43,S2,isolation_forest,auto,primary,IMG_8443,3g,S5,1,0.64433113,0.55320729,1.16471917,1
window,43,S2,isolation_forest,auto,primary,IMG_8443,3g,S5,1,0.65013343,0.55320729,1.17520765,1
window,43,S2,isolation_forest,auto,primary,IMG_8443,3g,S5,1,0.65562572,0.55320729,1.18513574,1
window,43,S2,isolation_forest,auto,primary,IMG_8444,under3g,S6,1,0.69526485,0.55320729,1.25678904,1
window,43,S2,isolation_forest,auto,primary,IMG_8444,under3g,S6,1,0.61272857,0.55320729,1.1075931,1
window,43,S2,isolation_forest,auto,primary,IMG_8444,under3g,S6,1,0.59313509,0.55320729,1.07217512,1
window,43,S2,isolation_forest,auto,primary,IMG_8445,under3g,S6,1,0.60800395,0.55320729,1.09905268,1
window,43,S2,isolation_forest,auto,primary,IMG_8445,under3g,S6,1,0.56281159,0.55320729,1.01736112,1
window,43,S2,isolation_forest,auto,primary,IMG_8445,under3g,S6,1,0.57542449,0.55320729,1.04016073,1
window,43,S2,isolation_forest,auto,primary,IMG_8446,under3g,S6,1,0.58435099,0.55320729,1.05629663,1
window,43,S2,isolation_forest,auto,primary,IMG_8446,under3g,S6,1,0.61280644,0.55320729,1.10773385,1
window,43,S2,isolation_forest,auto,primary,IMG_8446,under3g,S6,1,0.56824406,0.55320729,1.02718108,1
window,43,S2,isolation_forest,auto,primary,IMG_8447,under3g,S6,1,0.58988159,0.55320729,1.06629396,1
window,43,S2,isolation_forest,auto,primary,IMG_8447,under3g,S6,1,0.57217503,0.55320729,1.03428686,1
window,43,S2,isolation_forest,auto,primary,IMG_8447,under3g,S6,1,0.58124898,0.55320729,1.05068931,1
window,43,S2,isolation_forest,auto,primary,IMG_8448,under3g,S6,1,0.55069532,0.55320729,0.99545927,0
window,43,S2,isolation_forest,auto,primary,IMG_8448,under3g,S6,1,0.55864802,0.55320729,1.0098349,1
window,43,S2,isolation_forest,auto,primary,IMG_8448,under3g,S6,1,0.57978031,0.55320729,1.04803447,1
window,43,S2,isolation_forest,auto,primary,IMG_8449,under3g,S6,1,0.56390491,0.55320729,1.01933746,1
window,43,S2,isolation_forest,auto,primary,IMG_8449,under3g,S6,1,0.52141239,0.55320729,0.94252626,0
window,43,S2,isolation_forest,auto,primary,IMG_8449,under3g,S6,1,0.56160376,0.55320729,1.01517781,1
window,43,S2,isolation_forest,auto,primary,IMG_8450,under3g,S6,1,0.57771718,0.55320729,1.04430508,1
window,43,S2,isolation_forest,auto,primary,IMG_8450,under3g,S6,1,0.57938037,0.55320729,1.04731153,1
window,43,S2,isolation_forest,auto,primary,IMG_8450,under3g,S6,1,0.58375342,0.55320729,1.05521643,1
window,43,S2,isolation_forest,auto,primary,IMG_8451,under3g,S6,1,0.65703531,0.55320729,1.18768375,1
window,43,S2,isolation_forest,auto,primary,IMG_8451,under3g,S6,1,0.61291934,0.55320729,1.10793794,1
window,43,S2,isolation_forest,auto,primary,IMG_8451,under3g,S6,1,0.63348866,0.55320729,1.14511988,1
window,43,S2,isolation_forest,auto,primary,IMG_8453,under3g,S6,1,0.64477279,0.55320729,1.16551754,1
window,43,S2,isolation_forest,auto,primary,IMG_8453,under3g,S6,1,0.63517853,0.55320729,1.14817455,1
window,43,S2,isolation_forest,auto,primary,IMG_8453,under3g,S6,1,0.64117639,0.55320729,1.15901653,1
window,43,S2,isolation_forest,auto,primary,IMG_8454,under3g,S6,1,0.64466295,0.55320729,1.16531898,1
window,43,S2,isolation_forest,auto,primary,IMG_8454,under3g,S6,1,0.64144412,0.55320729,1.15950049,1
window,43,S2,isolation_forest,auto,primary,IMG_8454,under3g,S6,1,0.64105802,0.55320729,1.15880256,1
window,43,S2,isolation_forest,auto,primary,IMG_8455,under3g,S6,1,0.61860919,0.55320729,1.11822315,1
window,43,S2,isolation_forest,auto,primary,IMG_8455,under3g,S6,1,0.64353401,0.55320729,1.16327827,1
window,43,S2,isolation_forest,auto,primary,IMG_8455,under3g,S6,1,0.63280479,0.55320729,1.14388369,1
window,43,S2,isolation_forest,auto,primary,IMG_8456,under3g,S6,1,0.60794584,0.55320729,1.09894765,1
window,43,S2,isolation_forest,auto,primary,IMG_8456,under3g,S6,1,0.63915987,0.55320729,1.15537139,1
window,43,S2,isolation_forest,auto,primary,IMG_8456,under3g,S6,1,0.6377242,0.55320729,1.15277621,1
window,43,S2,isolation_forest,auto,primary,IMG_8457,under3g,S6,1,0.62129756,0.55320729,1.12308275,1
window,43,S2,isolation_forest,auto,primary,IMG_8457,under3g,S6,1,0.62580047,0.55320729,1.13122239,1
window,43,S2,isolation_forest,auto,primary,IMG_8457,under3g,S6,1,0.62603459,0.55320729,1.1316456,1
window,43,S2,isolation_forest,auto,primary,IMG_8458,under3g,S6,1,0.63747666,0.55320729,1.15232874,1
window,43,S2,isolation_forest,auto,primary,IMG_8458,under3g,S6,1,0.64188436,0.55320729,1.16029629,1
window,43,S2,isolation_forest,auto,primary,IMG_8458,under3g,S6,1,0.64481977,0.55320729,1.16560246,1
window,43,S2,isolation_forest,auto,primary,IMG_8459,under3g,S6,1,0.64205412,0.55320729,1.16060316,1
window,43,S2,isolation_forest,auto,primary,IMG_8459,under3g,S6,1,0.6489519,0.55320729,1.17307186,1
window,43,S2,isolation_forest,auto,primary,IMG_8459,under3g,S6,1,0.65030837,0.55320729,1.17552387,1
window,43,S2,isolation_forest,auto,primary,IMG_8460,under3g,S6,1,0.63276183,0.55320729,1.14380603,1
window,43,S2,isolation_forest,auto,primary,IMG_8460,under3g,S6,1,0.64987081,0.55320729,1.17473293,1
window,43,S2,isolation_forest,auto,primary,IMG_8460,under3g,S6,1,0.6488701,0.55320729,1.17292399,1
window,43,S3,isolation_forest,auto,primary,IMG_8418,normal,S3,0,0.49236027,0.55448552,0.88795876,0
window,43,S3,isolation_forest,auto,primary,IMG_8418,normal,S3,0,0.46319501,0.55448552,0.83535997,0
window,43,S3,isolation_forest,auto,primary,IMG_8418,normal,S3,0,0.43626557,0.55448552,0.78679344,0
window,43,S3,isolation_forest,auto,primary,IMG_8424,normal,S3,0,0.42739592,0.55448552,0.77079727,0
window,43,S3,isolation_forest,auto,primary,IMG_8424,normal,S3,0,0.44156919,0.55448552,0.79635838,0
window,43,S3,isolation_forest,auto,primary,IMG_8424,normal,S3,0,0.38781398,0.55448552,0.69941228,0
window,43,S3,isolation_forest,auto,primary,IMG_8425,normal,S3,0,0.46119013,0.55448552,0.83174423,0
window,43,S3,isolation_forest,auto,primary,IMG_8425,normal,S3,0,0.4569769,0.55448552,0.82414578,0
window,43,S3,isolation_forest,auto,primary,IMG_8425,normal,S3,0,0.49950887,0.55448552,0.90085106,0
window,43,S3,isolation_forest,auto,primary,IMG_8426,normal,S3,0,0.44493419,0.55448552,0.80242706,0
window,43,S3,isolation_forest,auto,primary,IMG_8426,normal,S3,0,0.42459281,0.55448552,0.76574192,0
window,43,S3,isolation_forest,auto,primary,IMG_8426,normal,S3,0,0.46589148,0.55448552,0.84022298,0
window,43,S3,isolation_forest,auto,primary,IMG_8436,3g,S5,1,0.63981017,0.55448552,1.15388075,1
window,43,S3,isolation_forest,auto,primary,IMG_8436,3g,S5,1,0.64837068,0.55448552,1.16931941,1
window,43,S3,isolation_forest,auto,primary,IMG_8436,3g,S5,1,0.64971164,0.55448552,1.1717378,1
window,43,S3,isolation_forest,auto,primary,IMG_8437,3g,S5,1,0.63294584,0.55448552,1.14150112,1
window,43,S3,isolation_forest,auto,primary,IMG_8437,3g,S5,1,0.63009418,0.55448552,1.13635823,1
window,43,S3,isolation_forest,auto,primary,IMG_8437,3g,S5,1,0.63526051,0.55448552,1.14567556,1
window,43,S3,isolation_forest,auto,primary,IMG_8438,3g,S5,1,0.6412006,0.55448552,1.15638836,1
window,43,S3,isolation_forest,auto,primary,IMG_8438,3g,S5,1,0.63533783,0.55448552,1.14581501,1
window,43,S3,isolation_forest,auto,primary,IMG_8438,3g,S5,1,0.63468376,0.55448552,1.14463541,1
window,43,S3,isolation_forest,auto,primary,IMG_8439,3g,S5,1,0.63834967,0.55448552,1.15124679,1
window,43,S3,isolation_forest,auto,primary,IMG_8439,3g,S5,1,0.65994842,0.55448552,1.19019956,1
window,43,S3,isolation_forest,auto,primary,IMG_8439,3g,S5,1,0.63291602,0.55448552,1.14144733,1
window,43,S3,isolation_forest,auto,primary,IMG_8440,3g,S5,1,0.64608801,0.55448552,1.16520268,1
window,43,S3,isolation_forest,auto,primary,IMG_8440,3g,S5,1,0.64912285,0.55448552,1.17067592,1
window,43,S3,isolation_forest,auto,primary,IMG_8440,3g,S5,1,0.65773549,0.55448552,1.18620859,1
window,43,S3,isolation_forest,auto,primary,IMG_8441,3g,S5,1,0.63825642,0.55448552,1.15107861,1
window,43,S3,isolation_forest,auto,primary,IMG_8441,3g,S5,1,0.63841141,0.55448552,1.15135812,1
window,43,S3,isolation_forest,auto,primary,IMG_8441,3g,S5,1,0.63570229,0.55448552,1.14647231,1
window,43,S3,isolation_forest,auto,primary,IMG_8442,3g,S5,1,0.64529247,0.55448552,1.16376794,1
window,43,S3,isolation_forest,auto,primary,IMG_8442,3g,S5,1,0.64679404,0.55448552,1.16647599,1
window,43,S3,isolation_forest,auto,primary,IMG_8442,3g,S5,1,0.64833477,0.55448552,1.16925464,1
window,43,S3,isolation_forest,auto,primary,IMG_8443,3g,S5,1,0.64723271,0.55448552,1.1672671,1
window,43,S3,isolation_forest,auto,primary,IMG_8443,3g,S5,1,0.64871328,0.55448552,1.16993728,1
window,43,S3,isolation_forest,auto,primary,IMG_8443,3g,S5,1,0.65708448,0.55448552,1.18503451,1
window,43,S3,isolation_forest,auto,primary,IMG_8444,under3g,S6,1,0.69997021,0.55448552,1.26237779,1
window,43,S3,isolation_forest,auto,primary,IMG_8444,under3g,S6,1,0.62169029,0.55448552,1.12120203,1
window,43,S3,isolation_forest,auto,primary,IMG_8444,under3g,S6,1,0.59517502,0.55448552,1.07338244,1
window,43,S3,isolation_forest,auto,primary,IMG_8445,under3g,S6,1,0.60309108,0.55448552,1.08765885,1
window,43,S3,isolation_forest,auto,primary,IMG_8445,under3g,S6,1,0.56523057,0.55448552,1.01937841,1
window,43,S3,isolation_forest,auto,primary,IMG_8445,under3g,S6,1,0.57772831,0.55448552,1.04191776,1
window,43,S3,isolation_forest,auto,primary,IMG_8446,under3g,S6,1,0.58863732,0.55448552,1.06159187,1
window,43,S3,isolation_forest,auto,primary,IMG_8446,under3g,S6,1,0.61635483,0.55448552,1.11157966,1
window,43,S3,isolation_forest,auto,primary,IMG_8446,under3g,S6,1,0.57039332,0.55448552,1.02868929,1
window,43,S3,isolation_forest,auto,primary,IMG_8447,under3g,S6,1,0.59416477,0.55448552,1.07156047,1
window,43,S3,isolation_forest,auto,primary,IMG_8447,under3g,S6,1,0.57537944,0.55448552,1.03768164,1
window,43,S3,isolation_forest,auto,primary,IMG_8447,under3g,S6,1,0.58220505,0.55448552,1.04999144,1
window,43,S3,isolation_forest,auto,primary,IMG_8448,under3g,S6,1,0.55397694,0.55448552,0.99908279,0
window,43,S3,isolation_forest,auto,primary,IMG_8448,under3g,S6,1,0.55263893,0.55448552,0.99666972,0
window,43,S3,isolation_forest,auto,primary,IMG_8448,under3g,S6,1,0.58949788,0.55448552,1.06314387,1
window,43,S3,isolation_forest,auto,primary,IMG_8449,under3g,S6,1,0.56320603,0.55448552,1.01572721,1
window,43,S3,isolation_forest,auto,primary,IMG_8449,under3g,S6,1,0.51891135,0.55448552,0.93584292,0
window,43,S3,isolation_forest,auto,primary,IMG_8449,under3g,S6,1,0.56268994,0.55448552,1.01479645,1
window,43,S3,isolation_forest,auto,primary,IMG_8450,under3g,S6,1,0.57495651,0.55448552,1.03691889,1
window,43,S3,isolation_forest,auto,primary,IMG_8450,under3g,S6,1,0.57535791,0.55448552,1.0376428,1
window,43,S3,isolation_forest,auto,primary,IMG_8450,under3g,S6,1,0.588228,0.55448552,1.06085367,1
window,43,S3,isolation_forest,auto,primary,IMG_8451,under3g,S6,1,0.65773545,0.55448552,1.18620853,1
window,43,S3,isolation_forest,auto,primary,IMG_8451,under3g,S6,1,0.61047369,0.55448552,1.10097319,1
window,43,S3,isolation_forest,auto,primary,IMG_8451,under3g,S6,1,0.62645218,0.55448552,1.12978997,1
window,43,S3,isolation_forest,auto,primary,IMG_8453,under3g,S6,1,0.65155576,0.55448552,1.17506361,1
window,43,S3,isolation_forest,auto,primary,IMG_8453,under3g,S6,1,0.64298728,0.55448552,1.15961058,1
window,43,S3,isolation_forest,auto,primary,IMG_8453,under3g,S6,1,0.64607363,0.55448552,1.16517673,1
window,43,S3,isolation_forest,auto,primary,IMG_8454,under3g,S6,1,0.65022923,0.55448552,1.17267125,1
window,43,S3,isolation_forest,auto,primary,IMG_8454,under3g,S6,1,0.64818827,0.55448552,1.16899044,1
window,43,S3,isolation_forest,auto,primary,IMG_8454,under3g,S6,1,0.64587457,0.55448552,1.16481773,1
window,43,S3,isolation_forest,auto,primary,IMG_8455,under3g,S6,1,0.62708058,0.55448552,1.13092327,1
window,43,S3,isolation_forest,auto,primary,IMG_8455,under3g,S6,1,0.64774066,0.55448552,1.16818318,1
window,43,S3,isolation_forest,auto,primary,IMG_8455,under3g,S6,1,0.63772945,0.55448552,1.15012824,1
window,43,S3,isolation_forest,auto,primary,IMG_8456,under3g,S6,1,0.60970162,0.55448552,1.09958078,1
window,43,S3,isolation_forest,auto,primary,IMG_8456,under3g,S6,1,0.64330444,0.55448552,1.16018257,1
window,43,S3,isolation_forest,auto,primary,IMG_8456,under3g,S6,1,0.63819332,0.55448552,1.1509648,1
window,43,S3,isolation_forest,auto,primary,IMG_8457,under3g,S6,1,0.62201271,0.55448552,1.12178351,1
window,43,S3,isolation_forest,auto,primary,IMG_8457,under3g,S6,1,0.63182232,0.55448552,1.13947488,1
window,43,S3,isolation_forest,auto,primary,IMG_8457,under3g,S6,1,0.62853827,0.55448552,1.13355218,1
window,43,S3,isolation_forest,auto,primary,IMG_8458,under3g,S6,1,0.64562464,0.55448552,1.164367,1
window,43,S3,isolation_forest,auto,primary,IMG_8458,under3g,S6,1,0.64808048,0.55448552,1.16879603,1
window,43,S3,isolation_forest,auto,primary,IMG_8458,under3g,S6,1,0.64989286,0.55448552,1.17206462,1
window,43,S3,isolation_forest,auto,primary,IMG_8459,under3g,S6,1,0.64799213,0.55448552,1.1686367,1
window,43,S3,isolation_forest,auto,primary,IMG_8459,under3g,S6,1,0.65197701,0.55448552,1.17582332,1
window,43,S3,isolation_forest,auto,primary,IMG_8459,under3g,S6,1,0.65621529,0.55448552,1.18346695,1
window,43,S3,isolation_forest,auto,primary,IMG_8460,under3g,S6,1,0.63246752,0.55448552,1.14063847,1
window,43,S3,isolation_forest,auto,primary,IMG_8460,under3g,S6,1,0.65379603,0.55448552,1.17910388,1
window,43,S3,isolation_forest,auto,primary,IMG_8460,under3g,S6,1,0.65427146,0.55448552,1.17996131,1
window,43,S4,isolation_forest,auto,primary,IMG_8419,normal,S4,0,0.46072014,0.55648647,0.82790898,0
window,43,S4,isolation_forest,auto,primary,IMG_8419,normal,S4,0,0.39758864,0.55648647,0.71446237,0
window,43,S4,isolation_forest,auto,primary,IMG_8419,normal,S4,0,0.4179218,0.55648647,0.75100083,0
window,43,S4,isolation_forest,auto,primary,IMG_8420,normal,S4,0,0.42029255,0.55648647,0.75526105,0
window,43,S4,isolation_forest,auto,primary,IMG_8420,normal,S4,0,0.42262949,0.55648647,0.75946051,0
window,43,S4,isolation_forest,auto,primary,IMG_8420,normal,S4,0,0.42990365,0.55648647,0.77253209,0
window,43,S4,isolation_forest,auto,primary,IMG_8421,normal,S4,0,0.45498494,0.55648647,0.81760289,0
window,43,S4,isolation_forest,auto,primary,IMG_8421,normal,S4,0,0.47745611,0.55648647,0.85798333,0
window,43,S4,isolation_forest,auto,primary,IMG_8421,normal,S4,0,0.55341827,0.55648647,0.99448649,0
window,43,S4,isolation_forest,auto,primary,IMG_8422,normal,S4,0,0.40036152,0.55648647,0.71944521,0
window,43,S4,isolation_forest,auto,primary,IMG_8422,normal,S4,0,0.42199896,0.55648647,0.75832745,0
window,43,S4,isolation_forest,auto,primary,IMG_8422,normal,S4,0,0.41648626,0.55648647,0.74842118,0
window,43,S4,isolation_forest,auto,primary,IMG_8423,normal,S4,0,0.41631831,0.55648647,0.74811938,0
window,43,S4,isolation_forest,auto,primary,IMG_8423,normal,S4,0,0.39540957,0.55648647,0.71054661,0
window,43,S4,isolation_forest,auto,primary,IMG_8423,normal,S4,0,0.43407056,0.55648647,0.78001997,0
window,43,S4,isolation_forest,auto,primary,IMG_8436,3g,S5,1,0.63730733,0.55648647,1.14523419,1
window,43,S4,isolation_forest,auto,primary,IMG_8436,3g,S5,1,0.64891497,0.55648647,1.16609299,1
window,43,S4,isolation_forest,auto,primary,IMG_8436,3g,S5,1,0.64830449,0.55648647,1.16499597,1
window,43,S4,isolation_forest,auto,primary,IMG_8437,3g,S5,1,0.63694437,0.55648647,1.14458196,1
window,43,S4,isolation_forest,auto,primary,IMG_8437,3g,S5,1,0.63314119,0.55648647,1.13774769,1
window,43,S4,isolation_forest,auto,primary,IMG_8437,3g,S5,1,0.63705642,0.55648647,1.14478332,1
window,43,S4,isolation_forest,auto,primary,IMG_8438,3g,S5,1,0.63961064,0.55648647,1.14937322,1
window,43,S4,isolation_forest,auto,primary,IMG_8438,3g,S5,1,0.63646716,0.55648647,1.14372443,1
window,43,S4,isolation_forest,auto,primary,IMG_8438,3g,S5,1,0.63747236,0.55648647,1.14553076,1
window,43,S4,isolation_forest,auto,primary,IMG_8439,3g,S5,1,0.63927516,0.55648647,1.14877037,1
window,43,S4,isolation_forest,auto,primary,IMG_8439,3g,S5,1,0.65801748,0.55648647,1.1824501,1
window,43,S4,isolation_forest,auto,primary,IMG_8439,3g,S5,1,0.63653463,0.55648647,1.14384566,1
window,43,S4,isolation_forest,auto,primary,IMG_8440,3g,S5,1,0.64399782,0.55648647,1.15725692,1
window,43,S4,isolation_forest,auto,primary,IMG_8440,3g,S5,1,0.64744739,0.55648647,1.16345577,1
window,43,S4,isolation_forest,auto,primary,IMG_8440,3g,S5,1,0.65194649,0.55648647,1.17154061,1
window,43,S4,isolation_forest,auto,primary,IMG_8441,3g,S5,1,0.63717722,0.55648647,1.14500039,1
window,43,S4,isolation_forest,auto,primary,IMG_8441,3g,S5,1,0.63954241,0.55648647,1.14925061,1
window,43,S4,isolation_forest,auto,primary,IMG_8441,3g,S5,1,0.63568254,0.55648647,1.14231447,1
window,43,S4,isolation_forest,auto,primary,IMG_8442,3g,S5,1,0.64390695,0.55648647,1.15709364,1
window,43,S4,isolation_forest,auto,primary,IMG_8442,3g,S5,1,0.64843567,0.55648647,1.1652317,1
window,43,S4,isolation_forest,auto,primary,IMG_8442,3g,S5,1,0.64974663,0.55648647,1.16758747,1
window,43,S4,isolation_forest,auto,primary,IMG_8443,3g,S5,1,0.64837301,0.55648647,1.1651191,1
window,43,S4,isolation_forest,auto,primary,IMG_8443,3g,S5,1,0.64826011,0.55648647,1.16491622,1
window,43,S4,isolation_forest,auto,primary,IMG_8443,3g,S5,1,0.65448597,0.55648647,1.17610403,1
window,43,S4,isolation_forest,auto,primary,IMG_8444,under3g,S6,1,0.7025292,0.55648647,1.26243717,1
window,43,S4,isolation_forest,auto,primary,IMG_8444,under3g,S6,1,0.62738101,0.55648647,1.12739671,1
window,43,S4,isolation_forest,auto,primary,IMG_8444,under3g,S6,1,0.59717411,0.55648647,1.07311525,1
window,43,S4,isolation_forest,auto,primary,IMG_8445,under3g,S6,1,0.60959248,0.55648647,1.09543093,1
window,43,S4,isolation_forest,auto,primary,IMG_8445,under3g,S6,1,0.57749229,0.55648647,1.03774723,1
window,43,S4,isolation_forest,auto,primary,IMG_8445,under3g,S6,1,0.58255702,0.55648647,1.0468485,1
window,43,S4,isolation_forest,auto,primary,IMG_8446,under3g,S6,1,0.59291471,0.55648647,1.06546114,1
window,43,S4,isolation_forest,auto,primary,IMG_8446,under3g,S6,1,0.6192248,0.55648647,1.11274009,1
window,43,S4,isolation_forest,auto,primary,IMG_8446,under3g,S6,1,0.5779159,0.55648647,1.03850845,1
window,43,S4,isolation_forest,auto,primary,IMG_8447,under3g,S6,1,0.59828958,0.55648647,1.07511972,1
window,43,S4,isolation_forest,auto,primary,IMG_8447,under3g,S6,1,0.57952167,0.55648647,1.04139401,1
window,43,S4,isolation_forest,auto,primary,IMG_8447,under3g,S6,1,0.58359091,0.55648647,1.04870638,1
window,43,S4,isolation_forest,auto,primary,IMG_8448,under3g,S6,1,0.55800026,0.55648647,1.00272028,1
window,43,S4,isolation_forest,auto,primary,IMG_8448,under3g,S6,1,0.56292091,0.55648647,1.01156262,1
window,43,S4,isolation_forest,auto,primary,IMG_8448,under3g,S6,1,0.59334678,0.55648647,1.06623757,1
window,43,S4,isolation_forest,auto,primary,IMG_8449,under3g,S6,1,0.57449725,0.55648647,1.03236518,1
window,43,S4,isolation_forest,auto,primary,IMG_8449,under3g,S6,1,0.53004979,0.55648647,0.95249359,0
window,43,S4,isolation_forest,auto,primary,IMG_8449,under3g,S6,1,0.5676193,0.55648647,1.02000558,1
window,43,S4,isolation_forest,auto,primary,IMG_8450,under3g,S6,1,0.57556075,0.55648647,1.03427628,1
window,43,S4,isolation_forest,auto,primary,IMG_8450,under3g,S6,1,0.58256463,0.55648647,1.04686217,1
window,43,S4,isolation_forest,auto,primary,IMG_8450,under3g,S6,1,0.59648589,0.55648647,1.07187852,1
window,43,S4,isolation_forest,auto,primary,IMG_8451,under3g,S6,1,0.66015703,0.55648647,1.18629485,1
window,43,S4,isolation_forest,auto,primary,IMG_8451,under3g,S6,1,0.61584205,0.55648647,1.10666132,1
window,43,S4,isolation_forest,auto,primary,IMG_8451,under3g,S6,1,0.63675236,0.55648647,1.14423692,1
window,43,S4,isolation_forest,auto,primary,IMG_8453,under3g,S6,1,0.6519488,0.55648647,1.17154476,1
window,43,S4,isolation_forest,auto,primary,IMG_8453,under3g,S6,1,0.64479647,0.55648647,1.1586921,1
window,43,S4,isolation_forest,auto,primary,IMG_8453,under3g,S6,1,0.64764339,0.55648647,1.16380798,1
window,43,S4,isolation_forest,auto,primary,IMG_8454,under3g,S6,1,0.64983146,0.55648647,1.16773992,1
window,43,S4,isolation_forest,auto,primary,IMG_8454,under3g,S6,1,0.64948091,0.55648647,1.16710999,1
window,43,S4,isolation_forest,auto,primary,IMG_8454,under3g,S6,1,0.64741728,0.55648647,1.16340167,1
window,43,S4,isolation_forest,auto,primary,IMG_8455,under3g,S6,1,0.62749548,0.55648647,1.12760241,1
window,43,S4,isolation_forest,auto,primary,IMG_8455,under3g,S6,1,0.64629238,0.55648647,1.16138023,1
window,43,S4,isolation_forest,auto,primary,IMG_8455,under3g,S6,1,0.63777522,0.55648647,1.14607498,1
window,43,S4,isolation_forest,auto,primary,IMG_8456,under3g,S6,1,0.60999405,0.55648647,1.09615253,1
window,43,S4,isolation_forest,auto,primary,IMG_8456,under3g,S6,1,0.64143658,0.55648647,1.1526544,1
window,43,S4,isolation_forest,auto,primary,IMG_8456,under3g,S6,1,0.63907993,0.55648647,1.14841954,1
window,43,S4,isolation_forest,auto,primary,IMG_8457,under3g,S6,1,0.629378,0.55648647,1.13098527,1
window,43,S4,isolation_forest,auto,primary,IMG_8457,under3g,S6,1,0.62973704,0.55648647,1.13163047,1
window,43,S4,isolation_forest,auto,primary,IMG_8457,under3g,S6,1,0.63007693,0.55648647,1.13224124,1
window,43,S4,isolation_forest,auto,primary,IMG_8458,under3g,S6,1,0.64554644,0.55648647,1.16003979,1
window,43,S4,isolation_forest,auto,primary,IMG_8458,under3g,S6,1,0.64864953,0.55648647,1.16561601,1
window,43,S4,isolation_forest,auto,primary,IMG_8458,under3g,S6,1,0.65131864,0.55648647,1.17041236,1
window,43,S4,isolation_forest,auto,primary,IMG_8459,under3g,S6,1,0.64933617,0.55648647,1.16684988,1
window,43,S4,isolation_forest,auto,primary,IMG_8459,under3g,S6,1,0.65253932,0.55648647,1.17260592,1
window,43,S4,isolation_forest,auto,primary,IMG_8459,under3g,S6,1,0.65757276,0.55648647,1.18165095,1
window,43,S4,isolation_forest,auto,primary,IMG_8460,under3g,S6,1,0.6329358,0.55648647,1.13737861,1
window,43,S4,isolation_forest,auto,primary,IMG_8460,under3g,S6,1,0.65646458,0.55648647,1.17965955,1
window,43,S4,isolation_forest,auto,primary,IMG_8460,under3g,S6,1,0.6576763,0.55648647,1.18183701,1
window,44,S1,mahalanobis,3,all,IMG_8390,normal,S1,0,2.8199263,2.48344041,1.13549183,1
window,44,S1,mahalanobis,3,all,IMG_8390,normal,S1,0,2.36104935,2.48344041,0.95071713,0
window,44,S1,mahalanobis,3,all,IMG_8390,normal,S1,0,1.7742128,2.48344041,0.7144173,0
window,44,S1,mahalanobis,3,all,IMG_8391,normal,S1,0,3.49768333,2.48344041,1.40840236,1
window,44,S1,mahalanobis,3,all,IMG_8391,normal,S1,0,2.61241772,2.48344041,1.05193493,1
window,44,S1,mahalanobis,3,all,IMG_8391,normal,S1,0,2.09546883,2.48344041,0.84377657,0
window,44,S1,mahalanobis,3,all,IMG_8392,normal,S1,0,1.42902938,2.48344041,0.57542326,0
window,44,S1,mahalanobis,3,all,IMG_8392,normal,S1,0,1.83844643,2.48344041,0.74028208,0
window,44,S1,mahalanobis,3,all,IMG_8392,normal,S1,0,0.85265675,2.48344041,0.34333691,0
window,44,S1,mahalanobis,3,all,IMG_8393,normal,S1,0,2.73439685,2.48344041,1.10105193,1
window,44,S1,mahalanobis,3,all,IMG_8393,normal,S1,0,1.4651403,2.48344041,0.58996394,0
window,44,S1,mahalanobis,3,all,IMG_8393,normal,S1,0,2.305335,2.48344041,0.92828279,0
window,44,S1,mahalanobis,3,all,IMG_8394,normal,S1,0,2.24987234,2.48344041,0.9059498,0
window,44,S1,mahalanobis,3,all,IMG_8394,normal,S1,0,3.28195279,2.48344041,1.32153475,1
window,44,S1,mahalanobis,3,all,IMG_8394,normal,S1,0,1.99008075,2.48344041,0.80134025,0
window,44,S1,mahalanobis,3,all,IMG_8395,normal,S1,0,1.92504072,2.48344041,0.77515076,0
window,44,S1,mahalanobis,3,all,IMG_8395,normal,S1,0,2.59011513,2.48344041,1.04295441,1
window,44,S1,mahalanobis,3,all,IMG_8395,normal,S1,0,1.58729172,2.48344041,0.63915031,0
window,44,S1,mahalanobis,3,all,IMG_8396,normal,S1,0,3.41646176,2.48344041,1.3756971,1
window,44,S1,mahalanobis,3,all,IMG_8396,normal,S1,0,2.24598277,2.48344041,0.9043836,0
window,44,S1,mahalanobis,3,all,IMG_8396,normal,S1,0,2.29796777,2.48344041,0.92531625,0
window,44,S1,mahalanobis,3,all,IMG_8397,normal,S1,0,1.07364528,2.48344041,0.43232174,0
window,44,S1,mahalanobis,3,all,IMG_8397,normal,S1,0,0.63836217,2.48344041,0.25704751,0
window,44,S1,mahalanobis,3,all,IMG_8397,normal,S1,0,0.87310891,2.48344041,0.35157232,0
window,44,S1,mahalanobis,3,all,IMG_8398,normal,S1,0,2.85694514,2.48344041,1.1503981,1
window,44,S1,mahalanobis,3,all,IMG_8398,normal,S1,0,1.0002179,2.48344041,0.40275494,0
window,44,S1,mahalanobis,3,all,IMG_8398,normal,S1,0,2.14726695,2.48344041,0.86463397,0
window,44,S1,mahalanobis,3,all,IMG_8399,normal,S1,0,2.20458281,2.48344041,0.88771319,0
window,44,S1,mahalanobis,3,all,IMG_8399,normal,S1,0,0.78173277,2.48344041,0.31477815,0
window,44,S1,mahalanobis,3,all,IMG_8399,normal,S1,0,0.90615689,2.48344041,0.36487966,0
window,44,S1,mahalanobis,3,all,IMG_8400,normal,S1,0,1.51468634,2.48344041,0.60991451,0
window,44,S1,mahalanobis,3,all,IMG_8400,normal,S1,0,0.38621396,2.48344041,0.15551569,0
window,44,S1,mahalanobis,3,all,IMG_8400,normal,S1,0,0.79823116,2.48344041,0.32142151,0
window,44,S1,mahalanobis,3,all,IMG_8401,normal,S1,0,3.74874029,2.48344041,1.50949476,1
window,44,S1,mahalanobis,3,all,IMG_8401,normal,S1,0,0.74927127,2.48344041,0.30170696,0
window,44,S1,mahalanobis,3,all,IMG_8401,normal,S1,0,1.22002545,2.48344041,0.49126423,0
window,44,S1,mahalanobis,3,all,IMG_8402,normal,S1,0,1.89743219,2.48344041,0.76403371,0
window,44,S1,mahalanobis,3,all,IMG_8402,normal,S1,0,1.6926257,2.48344041,0.68156485,0
window,44,S1,mahalanobis,3,all,IMG_8402,normal,S1,0,0.92426949,2.48344041,0.37217301,0
window,44,S1,mahalanobis,3,all,IMG_8403,normal,S1,0,2.87290464,2.48344041,1.15682447,1
window,44,S1,mahalanobis,3,all,IMG_8403,normal,S1,0,2.55639771,2.48344041,1.02937751,1
window,44,S1,mahalanobis,3,all,IMG_8403,normal,S1,0,1.32975048,2.48344041,0.5354469,0
window,44,S1,mahalanobis,3,all,IMG_8404,normal,S1,0,1.80582383,2.48344041,0.72714603,0
window,44,S1,mahalanobis,3,all,IMG_8404,normal,S1,0,1.40246928,2.48344041,0.56472838,0
window,44,S1,mahalanobis,3,all,IMG_8404,normal,S1,0,1.00610978,2.48344041,0.40512741,0
window,44,S1,mahalanobis,3,all,IMG_8405,normal,S1,0,1.55032982,2.48344041,0.62426697,0
window,44,S1,mahalanobis,3,all,IMG_8405,normal,S1,0,1.26347577,2.48344041,0.50876025,0
window,44,S1,mahalanobis,3,all,IMG_8405,normal,S1,0,1.48642283,2.48344041,0.59853372,0
window,44,S1,mahalanobis,3,all,IMG_8406,normal,S1,0,1.02059454,2.48344041,0.41095995,0
window,44,S1,mahalanobis,3,all,IMG_8406,normal,S1,0,1.87041918,2.48344041,0.75315646,0
window,44,S1,mahalanobis,3,all,IMG_8406,normal,S1,0,1.44514183,2.48344041,0.58191122,0
window,44,S1,mahalanobis,3,all,IMG_8407,normal,S1,0,2.65394254,2.48344041,1.06865561,1
window,44,S1,mahalanobis,3,all,IMG_8407,normal,S1,0,0.50346493,2.48344041,0.20272881,0
window,44,S1,mahalanobis,3,all,IMG_8407,normal,S1,0,2.30553648,2.48344041,0.92836392,0
window,44,S1,mahalanobis,3,all,IMG_8408,normal,S1,0,1.89451676,2.48344041,0.76285976,0
window,44,S1,mahalanobis,3,all,IMG_8408,normal,S1,0,1.34421385,2.48344041,0.54127083,0
window,44,S1,mahalanobis,3,all,IMG_8408,normal,S1,0,1.9471014,2.48344041,0.78403387,0
window,44,S1,mahalanobis,3,all,IMG_8409,normal,S1,0,1.53725212,2.48344041,0.61900101,0
window,44,S1,mahalanobis,3,all,IMG_8409,normal,S1,0,1.04810385,2.48344041,0.42203704,0
window,44,S1,mahalanobis,3,all,IMG_8409,normal,S1,0,2.61208445,2.48344041,1.05180074,1
window,44,S1,mahalanobis,3,all,IMG_8410,normal,S1,0,0.99983833,2.48344041,0.4026021,0
window,44,S1,mahalanobis,3,all,IMG_8410,normal,S1,0,0.89821909,2.48344041,0.36168337,0
window,44,S1,mahalanobis,3,all,IMG_8410,normal,S1,0,1.36828249,2.48344041,0.55096248,0
window,44,S1,mahalanobis,3,all,IMG_8411,normal,S1,0,1.77908444,2.48344041,0.71637895,0
window,44,S1,mahalanobis,3,all,IMG_8411,normal,S1,0,1.49814418,2.48344041,0.60325353,0
window,44,S1,mahalanobis,3,all,IMG_8411,normal,S1,0,2.2920793,2.48344041,0.92294516,0
window,44,S1,mahalanobis,3,all,IMG_8412,normal,S1,0,1.24153063,2.48344041,0.49992366,0
window,44,S1,mahalanobis,3,all,IMG_8412,normal,S1,0,2.71004047,2.48344041,1.09124441,1
window,44,S1,mahalanobis,3,all,IMG_8412,normal,S1,0,1.23153733,2.48344041,0.49589969,0
window,44,S1,mahalanobis,3,all,IMG_8413,normal,S1,0,0.63188517,2.48344041,0.25443943,0
window,44,S1,mahalanobis,3,all,IMG_8413,normal,S1,0,1.52293095,2.48344041,0.61323434,0
window,44,S1,mahalanobis,3,all,IMG_8413,normal,S1,0,1.55013113,2.48344041,0.62418696,0
window,44,S1,mahalanobis,3,all,IMG_8414,normal,S1,0,2.46919144,2.48344041,0.99426241,0
window,44,S1,mahalanobis,3,all,IMG_8414,normal,S1,0,2.94823244,2.48344041,1.1871565,1
window,44,S1,mahalanobis,3,all,IMG_8414,normal,S1,0,2.24163683,2.48344041,0.90263363,0
window,44,S1,mahalanobis,3,all,IMG_8415,normal,S1,0,2.15702475,2.48344041,0.86856312,0
window,44,S1,mahalanobis,3,all,IMG_8415,normal,S1,0,1.22803557,2.48344041,0.49448964,0
window,44,S1,mahalanobis,3,all,IMG_8415,normal,S1,0,1.75520104,2.48344041,0.70676189,0
window,44,S1,mahalanobis,3,all,IMG_8436,3g,S5,1,7.03781663,2.48344041,2.83389793,1
window,44,S1,mahalanobis,3,all,IMG_8436,3g,S5,1,7.74987072,2.48344041,3.12061875,1
window,44,S1,mahalanobis,3,all,IMG_8436,3g,S5,1,7.53120486,2.48344041,3.03256918,1
window,44,S1,mahalanobis,3,all,IMG_8437,3g,S5,1,6.77540566,2.48344041,2.72823363,1
window,44,S1,mahalanobis,3,all,IMG_8437,3g,S5,1,6.78100465,2.48344041,2.73048817,1
window,44,S1,mahalanobis,3,all,IMG_8437,3g,S5,1,6.65029891,2.48344041,2.67785725,1
window,44,S1,mahalanobis,3,all,IMG_8438,3g,S5,1,7.32972535,2.48344041,2.95143999,1
window,44,S1,mahalanobis,3,all,IMG_8438,3g,S5,1,8.01248607,2.48344041,3.22636534,1
window,44,S1,mahalanobis,3,all,IMG_8438,3g,S5,1,7.407288,2.48344041,2.98267193,1
window,44,S1,mahalanobis,3,all,IMG_8439,3g,S5,1,7.33932583,2.48344041,2.95530579,1
window,44,S1,mahalanobis,3,all,IMG_8439,3g,S5,1,7.38983945,2.48344041,2.97564597,1
window,44,S1,mahalanobis,3,all,IMG_8439,3g,S5,1,6.82770515,2.48344041,2.74929292,1
window,44,S1,mahalanobis,3,all,IMG_8440,3g,S5,1,7.40605067,2.48344041,2.9821737,1
window,44,S1,mahalanobis,3,all,IMG_8440,3g,S5,1,7.82966673,2.48344041,3.15274999,1
window,44,S1,mahalanobis,3,all,IMG_8440,3g,S5,1,7.47412502,2.48344041,3.009585,1
window,44,S1,mahalanobis,3,all,IMG_8441,3g,S5,1,7.68295499,2.48344041,3.09367398,1
window,44,S1,mahalanobis,3,all,IMG_8441,3g,S5,1,7.02218048,2.48344041,2.82760176,1
window,44,S1,mahalanobis,3,all,IMG_8441,3g,S5,1,7.30565513,2.48344041,2.9417477,1
window,44,S1,mahalanobis,3,all,IMG_8442,3g,S5,1,7.17763375,2.48344041,2.89019769,1
window,44,S1,mahalanobis,3,all,IMG_8442,3g,S5,1,7.23195034,2.48344041,2.9120692,1
window,44,S1,mahalanobis,3,all,IMG_8442,3g,S5,1,7.40570618,2.48344041,2.98203498,1
window,44,S1,mahalanobis,3,all,IMG_8443,3g,S5,1,7.46383053,2.48344041,3.00543975,1
window,44,S1,mahalanobis,3,all,IMG_8443,3g,S5,1,7.3552077,2.48344041,2.9617009,1
window,44,S1,mahalanobis,3,all,IMG_8443,3g,S5,1,7.64470309,2.48344041,3.0782712,1
window,44,S1,mahalanobis,3,all,IMG_8444,under3g,S6,1,9.14449362,2.48344041,3.68218765,1
window,44,S1,mahalanobis,3,all,IMG_8444,under3g,S6,1,4.66195671,2.48344041,1.87721706,1
window,44,S1,mahalanobis,3,all,IMG_8444,under3g,S6,1,5.05956111,2.48344041,2.03731931,1
window,44,S1,mahalanobis,3,all,IMG_8445,under3g,S6,1,3.95475371,2.48344041,1.59244961,1
window,44,S1,mahalanobis,3,all,IMG_8445,under3g,S6,1,3.02926913,2.48344041,1.21978732,1
window,44,S1,mahalanobis,3,all,IMG_8445,under3g,S6,1,2.64601063,2.48344041,1.06546169,1
window,44,S1,mahalanobis,3,all,IMG_8446,under3g,S6,1,3.10046442,2.48344041,1.24845533,1
window,44,S1,mahalanobis,3,all,IMG_8446,under3g,S6,1,4.42436212,2.48344041,1.78154551,1
window,44,S1,mahalanobis,3,all,IMG_8446,under3g,S6,1,3.93694966,2.48344041,1.5852805,1
window,44,S1,mahalanobis,3,all,IMG_8447,under3g,S6,1,4.00893038,2.48344041,1.61426478,1
window,44,S1,mahalanobis,3,all,IMG_8447,under3g,S6,1,3.92413571,2.48344041,1.58012074,1
window,44,S1,mahalanobis,3,all,IMG_8447,under3g,S6,1,2.38200961,2.48344041,0.95915714,0
window,44,S1,mahalanobis,3,all,IMG_8448,under3g,S6,1,1.91401199,2.48344041,0.77070985,0
window,44,S1,mahalanobis,3,all,IMG_8448,under3g,S6,1,1.91940244,2.48344041,0.77288041,0
window,44,S1,mahalanobis,3,all,IMG_8448,under3g,S6,1,2.41080853,2.48344041,0.97075352,0
window,44,S1,mahalanobis,3,all,IMG_8449,under3g,S6,1,2.60868056,2.48344041,1.0504301,1
window,44,S1,mahalanobis,3,all,IMG_8449,under3g,S6,1,0.98449986,2.48344041,0.3964258,0
window,44,S1,mahalanobis,3,all,IMG_8449,under3g,S6,1,2.43748583,2.48344041,0.9814956,0
window,44,S1,mahalanobis,3,all,IMG_8450,under3g,S6,1,3.18306112,2.48344041,1.28171431,1
window,44,S1,mahalanobis,3,all,IMG_8450,under3g,S6,1,4.13698911,2.48344041,1.66582983,1
window,44,S1,mahalanobis,3,all,IMG_8450,under3g,S6,1,3.4379602,2.48344041,1.38435381,1
window,44,S1,mahalanobis,3,all,IMG_8451,under3g,S6,1,6.50938428,2.48344041,2.62111555,1
window,44,S1,mahalanobis,3,all,IMG_8451,under3g,S6,1,4.21181882,2.48344041,1.6959613,1
window,44,S1,mahalanobis,3,all,IMG_8451,under3g,S6,1,4.73769959,2.48344041,1.90771624,1
window,44,S1,mahalanobis,3,all,IMG_8453,under3g,S6,1,5.29497537,2.48344041,2.13211291,1
window,44,S1,mahalanobis,3,all,IMG_8453,under3g,S6,1,5.47345611,2.48344041,2.20398125,1
window,44,S1,mahalanobis,3,all,IMG_8453,under3g,S6,1,5.21207428,2.48344041,2.09873136,1
window,44,S1,mahalanobis,3,all,IMG_8454,under3g,S6,1,5.07391942,2.48344041,2.04310093,1
window,44,S1,mahalanobis,3,all,IMG_8454,under3g,S6,1,5.36995058,2.48344041,2.16230297,1
window,44,S1,mahalanobis,3,all,IMG_8454,under3g,S6,1,5.04064284,2.48344041,2.02970154,1
window,44,S1,mahalanobis,3,all,IMG_8455,under3g,S6,1,5.78406927,2.48344041,2.32905499,1
window,44,S1,mahalanobis,3,all,IMG_8455,under3g,S6,1,5.34347945,2.48344041,2.15164392,1
window,44,S1,mahalanobis,3,all,IMG_8455,under3g,S6,1,5.36327587,2.48344041,2.15961529,1
window,44,S1,mahalanobis,3,all,IMG_8456,under3g,S6,1,5.66783534,2.48344041,2.28225139,1
window,44,S1,mahalanobis,3,all,IMG_8456,under3g,S6,1,5.20372678,2.48344041,2.0953701,1
window,44,S1,mahalanobis,3,all,IMG_8456,under3g,S6,1,5.37915896,2.48344041,2.16601089,1
window,44,S1,mahalanobis,3,all,IMG_8457,under3g,S6,1,5.18724903,2.48344041,2.08873505,1
window,44,S1,mahalanobis,3,all,IMG_8457,under3g,S6,1,5.26321731,2.48344041,2.11932498,1
window,44,S1,mahalanobis,3,all,IMG_8457,under3g,S6,1,5.36604538,2.48344041,2.16073048,1
window,44,S1,mahalanobis,3,all,IMG_8458,under3g,S6,1,5.30135258,2.48344041,2.13468081,1
window,44,S1,mahalanobis,3,all,IMG_8458,under3g,S6,1,5.7520199,2.48344041,2.31614975,1
window,44,S1,mahalanobis,3,all,IMG_8458,under3g,S6,1,5.35676521,2.48344041,2.15699365,1
window,44,S1,mahalanobis,3,all,IMG_8459,under3g,S6,1,4.84630535,2.48344041,1.95144821,1
window,44,S1,mahalanobis,3,all,IMG_8459,under3g,S6,1,5.12664607,2.48344041,2.06433222,1
window,44,S1,mahalanobis,3,all,IMG_8459,under3g,S6,1,5.63964673,2.48344041,2.27090077,1
window,44,S1,mahalanobis,3,all,IMG_8460,under3g,S6,1,5.23168888,2.48344041,2.10662952,1
window,44,S1,mahalanobis,3,all,IMG_8460,under3g,S6,1,5.60505194,2.48344041,2.25697058,1
window,44,S1,mahalanobis,3,all,IMG_8460,under3g,S6,1,5.55783156,2.48344041,2.23795648,1
window,44,S2,isolation_forest,auto,primary,IMG_8427,normal,S2,0,0.41770011,0.55584584,0.75146755,0
window,44,S2,isolation_forest,auto,primary,IMG_8427,normal,S2,0,0.42170593,0.55584584,0.75867425,0
window,44,S2,isolation_forest,auto,primary,IMG_8427,normal,S2,0,0.41519724,0.55584584,0.74696473,0
window,44,S2,isolation_forest,auto,primary,IMG_8428,normal,S2,0,0.40796826,0.55584584,0.73395936,0
window,44,S2,isolation_forest,auto,primary,IMG_8428,normal,S2,0,0.41645126,0.55584584,0.74922079,0
window,44,S2,isolation_forest,auto,primary,IMG_8428,normal,S2,0,0.41340427,0.55584584,0.74373908,0
window,44,S2,isolation_forest,auto,primary,IMG_8429,normal,S2,0,0.4867618,0.55584584,0.87571366,0
window,44,S2,isolation_forest,auto,primary,IMG_8429,normal,S2,0,0.43182198,0.55584584,0.77687365,0
window,44,S2,isolation_forest,auto,primary,IMG_8429,normal,S2,0,0.43734885,0.55584584,0.78681681,0
window,44,S2,isolation_forest,auto,primary,IMG_8431,normal,S2,0,0.46254886,0.55584584,0.83215314,0
window,44,S2,isolation_forest,auto,primary,IMG_8431,normal,S2,0,0.43894396,0.55584584,0.78968651,0
window,44,S2,isolation_forest,auto,primary,IMG_8431,normal,S2,0,0.44324269,0.55584584,0.79742019,0
window,44,S2,isolation_forest,auto,primary,IMG_8432,normal,S2,0,0.48236087,0.55584584,0.86779613,0
window,44,S2,isolation_forest,auto,primary,IMG_8432,normal,S2,0,0.41638807,0.55584584,0.7491071,0
window,44,S2,isolation_forest,auto,primary,IMG_8432,normal,S2,0,0.4410391,0.55584584,0.79345578,0
window,44,S2,isolation_forest,auto,primary,IMG_8436,3g,S5,1,0.63833546,0.55584584,1.14840378,1
window,44,S2,isolation_forest,auto,primary,IMG_8436,3g,S5,1,0.6482752,0.55584584,1.16628596,1
window,44,S2,isolation_forest,auto,primary,IMG_8436,3g,S5,1,0.64890896,0.55584584,1.16742613,1
window,44,S2,isolation_forest,auto,primary,IMG_8437,3g,S5,1,0.63994325,0.55584584,1.15129629,1
window,44,S2,isolation_forest,auto,primary,IMG_8437,3g,S5,1,0.64255343,0.55584584,1.15599215,1
window,44,S2,isolation_forest,auto,primary,IMG_8437,3g,S5,1,0.63912016,0.55584584,1.14981549,1
window,44,S2,isolation_forest,auto,primary,IMG_8438,3g,S5,1,0.64288691,0.55584584,1.15659211,1
window,44,S2,isolation_forest,auto,primary,IMG_8438,3g,S5,1,0.63693406,0.55584584,1.14588258,1
window,44,S2,isolation_forest,auto,primary,IMG_8438,3g,S5,1,0.63726227,0.55584584,1.14647305,1
window,44,S2,isolation_forest,auto,primary,IMG_8439,3g,S5,1,0.64007542,0.55584584,1.15153407,1
window,44,S2,isolation_forest,auto,primary,IMG_8439,3g,S5,1,0.65678918,0.55584584,1.18160313,1
window,44,S2,isolation_forest,auto,primary,IMG_8439,3g,S5,1,0.63906707,0.55584584,1.14971998,1
window,44,S2,isolation_forest,auto,primary,IMG_8440,3g,S5,1,0.64780071,0.55584584,1.16543233,1
window,44,S2,isolation_forest,auto,primary,IMG_8440,3g,S5,1,0.65442298,0.55584584,1.17734619,1
window,44,S2,isolation_forest,auto,primary,IMG_8440,3g,S5,1,0.65450569,0.55584584,1.17749498,1
window,44,S2,isolation_forest,auto,primary,IMG_8441,3g,S5,1,0.6438021,0.55584584,1.15823859,1
window,44,S2,isolation_forest,auto,primary,IMG_8441,3g,S5,1,0.64702441,0.55584584,1.16403572,1
window,44,S2,isolation_forest,auto,primary,IMG_8441,3g,S5,1,0.63649956,0.55584584,1.14510087,1
window,44,S2,isolation_forest,auto,primary,IMG_8442,3g,S5,1,0.63994393,0.55584584,1.1512975,1
window,44,S2,isolation_forest,auto,primary,IMG_8442,3g,S5,1,0.64320236,0.55584584,1.15715961,1
window,44,S2,isolation_forest,auto,primary,IMG_8442,3g,S5,1,0.64287781,0.55584584,1.15657574,1
window,44,S2,isolation_forest,auto,primary,IMG_8443,3g,S5,1,0.64945595,0.55584584,1.16841021,1
window,44,S2,isolation_forest,auto,primary,IMG_8443,3g,S5,1,0.65429725,0.55584584,1.17711999,1
window,44,S2,isolation_forest,auto,primary,IMG_8443,3g,S5,1,0.65853518,0.55584584,1.18474429,1
window,44,S2,isolation_forest,auto,primary,IMG_8444,under3g,S6,1,0.69649686,0.55584584,1.25303963,1
window,44,S2,isolation_forest,auto,primary,IMG_8444,under3g,S6,1,0.61931095,0.55584584,1.11417755,1
window,44,S2,isolation_forest,auto,primary,IMG_8444,under3g,S6,1,0.59847372,0.55584584,1.07669012,1
window,44,S2,isolation_forest,auto,primary,IMG_8445,under3g,S6,1,0.59708577,0.55584584,1.07419312,1
window,44,S2,isolation_forest,auto,primary,IMG_8445,under3g,S6,1,0.55389226,0.55584584,0.99648539,0
window,44,S2,isolation_forest,auto,primary,IMG_8445,under3g,S6,1,0.57118466,0.55584584,1.02759546,1
window,44,S2,isolation_forest,auto,primary,IMG_8446,under3g,S6,1,0.59650144,0.55584584,1.07314186,1
window,44,S2,isolation_forest,auto,primary,IMG_8446,under3g,S6,1,0.61059551,0.55584584,1.09849795,1
window,44,S2,isolation_forest,auto,primary,IMG_8446,under3g,S6,1,0.57800811,0.55584584,1.03987126,1
window,44,S2,isolation_forest,auto,primary,IMG_8447,under3g,S6,1,0.58857283,0.55584584,1.05887782,1
window,44,S2,isolation_forest,auto,primary,IMG_8447,under3g,S6,1,0.57812065,0.55584584,1.04007371,1
window,44,S2,isolation_forest,auto,primary,IMG_8447,under3g,S6,1,0.58287782,0.55584584,1.04863215,1
window,44,S2,isolation_forest,auto,primary,IMG_8448,under3g,S6,1,0.53698822,0.55584584,0.96607401,0
window,44,S2,isolation_forest,auto,primary,IMG_8448,under3g,S6,1,0.54010901,0.55584584,0.9716885,0
window,44,S2,isolation_forest,auto,primary,IMG_8448,under3g,S6,1,0.55897918,0.55584584,1.00563707,1
window,44,S2,isolation_forest,auto,primary,IMG_8449,under3g,S6,1,0.56545514,0.55584584,1.01728771,1
window,44,S2,isolation_forest,auto,primary,IMG_8449,under3g,S6,1,0.51898805,0.55584584,0.93369063,0
window,44,S2,isolation_forest,auto,primary,IMG_8449,under3g,S6,1,0.55830789,0.55584584,1.00442937,1
window,44,S2,isolation_forest,auto,primary,IMG_8450,under3g,S6,1,0.58561182,0.55584584,1.05355078,1
window,44,S2,isolation_forest,auto,primary,IMG_8450,under3g,S6,1,0.57727249,0.55584584,1.03854783,1
window,44,S2,isolation_forest,auto,primary,IMG_8450,under3g,S6,1,0.59360632,0.55584584,1.06793337,1
window,44,S2,isolation_forest,auto,primary,IMG_8451,under3g,S6,1,0.66400138,0.55584584,1.1945783,1
window,44,S2,isolation_forest,auto,primary,IMG_8451,under3g,S6,1,0.61359441,0.55584584,1.10389314,1
window,44,S2,isolation_forest,auto,primary,IMG_8451,under3g,S6,1,0.62978891,0.55584584,1.13302801,1
window,44,S2,isolation_forest,auto,primary,IMG_8453,under3g,S6,1,0.65937057,0.55584584,1.1862472,1
window,44,S2,isolation_forest,auto,primary,IMG_8453,under3g,S6,1,0.65036112,0.55584584,1.17003866,1
window,44,S2,isolation_forest,auto,primary,IMG_8453,under3g,S6,1,0.65197102,0.55584584,1.17293497,1
window,44,S2,isolation_forest,auto,primary,IMG_8454,under3g,S6,1,0.65291126,0.55584584,1.17462652,1
window,44,S2,isolation_forest,auto,primary,IMG_8454,under3g,S6,1,0.65220682,0.55584584,1.17335918,1
window,44,S2,isolation_forest,auto,primary,IMG_8454,under3g,S6,1,0.65518913,0.55584584,1.17872453,1
window,44,S2,isolation_forest,auto,primary,IMG_8455,under3g,S6,1,0.62210894,0.55584584,1.11921128,1
window,44,S2,isolation_forest,auto,primary,IMG_8455,under3g,S6,1,0.65608267,0.55584584,1.18033208,1
window,44,S2,isolation_forest,auto,primary,IMG_8455,under3g,S6,1,0.64217623,0.55584584,1.15531355,1
window,44,S2,isolation_forest,auto,primary,IMG_8456,under3g,S6,1,0.60910154,0.55584584,1.0958102,1
window,44,S2,isolation_forest,auto,primary,IMG_8456,under3g,S6,1,0.63798693,0.55584584,1.14777675,1
window,44,S2,isolation_forest,auto,primary,IMG_8456,under3g,S6,1,0.63738958,0.55584584,1.14670208,1
window,44,S2,isolation_forest,auto,primary,IMG_8457,under3g,S6,1,0.63068474,0.55584584,1.13463968,1
window,44,S2,isolation_forest,auto,primary,IMG_8457,under3g,S6,1,0.63110227,0.55584584,1.13539084,1
window,44,S2,isolation_forest,auto,primary,IMG_8457,under3g,S6,1,0.62668779,0.55584584,1.12744892,1
window,44,S2,isolation_forest,auto,primary,IMG_8458,under3g,S6,1,0.65093091,0.55584584,1.17106375,1
window,44,S2,isolation_forest,auto,primary,IMG_8458,under3g,S6,1,0.65417191,0.55584584,1.1768945,1
window,44,S2,isolation_forest,auto,primary,IMG_8458,under3g,S6,1,0.65673054,0.55584584,1.18149763,1
window,44,S2,isolation_forest,auto,primary,IMG_8459,under3g,S6,1,0.64722067,0.55584584,1.1643888,1
window,44,S2,isolation_forest,auto,primary,IMG_8459,under3g,S6,1,0.65871448,0.55584584,1.18506685,1
window,44,S2,isolation_forest,auto,primary,IMG_8459,under3g,S6,1,0.65467184,0.55584584,1.17779391,1
window,44,S2,isolation_forest,auto,primary,IMG_8460,under3g,S6,1,0.64159646,0.55584584,1.15427051,1
window,44,S2,isolation_forest,auto,primary,IMG_8460,under3g,S6,1,0.6498458,0.55584584,1.16911157,1
window,44,S2,isolation_forest,auto,primary,IMG_8460,under3g,S6,1,0.65438593,0.55584584,1.17727953,1
window,44,S3,isolation_forest,auto,primary,IMG_8418,normal,S3,0,0.48522002,0.5542978,0.87537787,0
window,44,S3,isolation_forest,auto,primary,IMG_8418,normal,S3,0,0.46772287,0.5542978,0.84381153,0
window,44,S3,isolation_forest,auto,primary,IMG_8418,normal,S3,0,0.45116097,0.5542978,0.81393246,0
window,44,S3,isolation_forest,auto,primary,IMG_8424,normal,S3,0,0.41514398,0.5542978,0.74895476,0
window,44,S3,isolation_forest,auto,primary,IMG_8424,normal,S3,0,0.44683555,0.5542978,0.80612904,0
window,44,S3,isolation_forest,auto,primary,IMG_8424,normal,S3,0,0.38820648,0.5542978,0.70035725,0
window,44,S3,isolation_forest,auto,primary,IMG_8425,normal,S3,0,0.46258585,0.5542978,0.83454391,0
window,44,S3,isolation_forest,auto,primary,IMG_8425,normal,S3,0,0.45150674,0.5542978,0.81455626,0
window,44,S3,isolation_forest,auto,primary,IMG_8425,normal,S3,0,0.51342187,0.5542978,0.92625638,0
window,44,S3,isolation_forest,auto,primary,IMG_8426,normal,S3,0,0.44698778,0.5542978,0.80640368,0
window,44,S3,isolation_forest,auto,primary,IMG_8426,normal,S3,0,0.42487071,0.5542978,0.76650261,0
window,44,S3,isolation_forest,auto,primary,IMG_8426,normal,S3,0,0.47763239,0.5542978,0.86168914,0
window,44,S3,isolation_forest,auto,primary,IMG_8436,3g,S5,1,0.64215404,0.5542978,1.15850008,1
window,44,S3,isolation_forest,auto,primary,IMG_8436,3g,S5,1,0.65510004,0.5542978,1.18185575,1
window,44,S3,isolation_forest,auto,primary,IMG_8436,3g,S5,1,0.65440296,0.5542978,1.18059816,1
window,44,S3,isolation_forest,auto,primary,IMG_8437,3g,S5,1,0.64437931,0.5542978,1.16251466,1
window,44,S3,isolation_forest,auto,primary,IMG_8437,3g,S5,1,0.64633396,0.5542978,1.166041,1
window,44,S3,isolation_forest,auto,primary,IMG_8437,3g,S5,1,0.64325062,0.5542978,1.1604784,1
window,44,S3,isolation_forest,auto,primary,IMG_8438,3g,S5,1,0.6472776,0.5542978,1.16774341,1
window,44,S3,isolation_forest,auto,primary,IMG_8438,3g,S5,1,0.63972155,0.5542978,1.15411165,1
window,44,S3,isolation_forest,auto,primary,IMG_8438,3g,S5,1,0.64010353,0.5542978,1.15480079,1
window,44,S3,isolation_forest,auto,primary,IMG_8439,3g,S5,1,0.64390009,0.5542978,1.16165009,1
window,44,S3,isolation_forest,auto,primary,IMG_8439,3g,S5,1,0.66560226,0.5542978,1.20080264,1
window,44,S3,isolation_forest,auto,primary,IMG_8439,3g,S5,1,0.64236833,0.5542978,1.15888667,1
window,44,S3,isolation_forest,auto,primary,IMG_8440,3g,S5,1,0.65138561,0.5542978,1.1751546,1
window,44,S3,isolation_forest,auto,primary,IMG_8440,3g,S5,1,0.6591096,0.5542978,1.18908933,1
window,44,S3,isolation_forest,auto,primary,IMG_8440,3g,S5,1,0.65527325,0.5542978,1.18216823,1
window,44,S3,isolation_forest,auto,primary,IMG_8441,3g,S5,1,0.64885927,0.5542978,1.17059688,1
window,44,S3,isolation_forest,auto,primary,IMG_8441,3g,S5,1,0.65033478,0.5542978,1.17325882,1
window,44,S3,isolation_forest,auto,primary,IMG_8441,3g,S5,1,0.64167969,0.5542978,1.15764431,1
window,44,S3,isolation_forest,auto,primary,IMG_8442,3g,S5,1,0.64909776,0.5542978,1.17102712,1
window,44,S3,isolation_forest,auto,primary,IMG_8442,3g,S5,1,0.65239169,0.5542978,1.17696965,1
window,44,S3,isolation_forest,auto,primary,IMG_8442,3g,S5,1,0.64849831,0.5542978,1.16994568,1
window,44,S3,isolation_forest,auto,primary,IMG_8443,3g,S5,1,0.64809261,0.5542978,1.16921376,1
window,44,S3,isolation_forest,auto,primary,IMG_8443,3g,S5,1,0.65803785,0.5542978,1.18715581,1
window,44,S3,isolation_forest,auto,primary,IMG_8443,3g,S5,1,0.66419465,0.5542978,1.19826319,1
window,44,S3,isolation_forest,auto,primary,IMG_8444,under3g,S6,1,0.70288878,0.5542978,1.26807067,1
window,44,S3,isolation_forest,auto,primary,IMG_8444,under3g,S6,1,0.62423301,0.5542978,1.12616903,1
window,44,S3,isolation_forest,auto,primary,IMG_8444,under3g,S6,1,0.60109458,0.5542978,1.08442535,1
window,44,S3,isolation_forest,auto,primary,IMG_8445,under3g,S6,1,0.59914506,0.5542978,1.08090824,1
window,44,S3,isolation_forest,auto,primary,IMG_8445,under3g,S6,1,0.55324042,0.5542978,0.9980924,0
window,44,S3,isolation_forest,auto,primary,IMG_8445,under3g,S6,1,0.5769086,0.5542978,1.04079179,1
window,44,S3,isolation_forest,auto,primary,IMG_8446,under3g,S6,1,0.59983791,0.5542978,1.08215821,1
window,44,S3,isolation_forest,auto,primary,IMG_8446,under3g,S6,1,0.61468016,0.5542978,1.10893488,1
window,44,S3,isolation_forest,auto,primary,IMG_8446,under3g,S6,1,0.57751578,0.5542978,1.0418872,1
window,44,S3,isolation_forest,auto,primary,IMG_8447,under3g,S6,1,0.59291834,0.5542978,1.06967471,1
window,44,S3,isolation_forest,auto,primary,IMG_8447,under3g,S6,1,0.57789983,0.5542978,1.04258006,1
window,44,S3,isolation_forest,auto,primary,IMG_8447,under3g,S6,1,0.58605666,0.5542978,1.05729566,1
window,44,S3,isolation_forest,auto,primary,IMG_8448,under3g,S6,1,0.54180959,0.5542978,0.97747022,0
window,44,S3,isolation_forest,auto,primary,IMG_8448,under3g,S6,1,0.54670321,0.5542978,0.98629871,0
window,44,S3,isolation_forest,auto,primary,IMG_8448,under3g,S6,1,0.56397012,0.5542978,1.01744969,1
window,44,S3,isolation_forest,auto,primary,IMG_8449,under3g,S6,1,0.56467246,0.5542978,1.01871676,1
window,44,S3,isolation_forest,auto,primary,IMG_8449,under3g,S6,1,0.51924987,0.5542978,0.93677058,0
window,44,S3,isolation_forest,auto,primary,IMG_8449,under3g,S6,1,0.5656912,0.5542978,1.02055466,1
window,44,S3,isolation_forest,auto,primary,IMG_8450,under3g,S6,1,0.58242032,0.5542978,1.0507354,1
window,44,S3,isolation_forest,auto,primary,IMG_8450,under3g,S6,1,0.57707688,0.5542978,1.04109538,1
window,44,S3,isolation_forest,auto,primary,IMG_8450,under3g,S6,1,0.59270291,0.5542978,1.06928607,1
window,44,S3,isolation_forest,auto,primary,IMG_8451,under3g,S6,1,0.65409014,0.5542978,1.1800338,1
window,44,S3,isolation_forest,auto,primary,IMG_8451,under3g,S6,1,0.60320782,0.5542978,1.08823781,1
window,44,S3,isolation_forest,auto,primary,IMG_8451,under3g,S6,1,0.62621524,0.5542978,1.12974514,1
window,44,S3,isolation_forest,auto,primary,IMG_8453,under3g,S6,1,0.66377791,0.5542978,1.19751136,1
window,44,S3,isolation_forest,auto,primary,IMG_8453,under3g,S6,1,0.65823314,0.5542978,1.18750813,1
window,44,S3,isolation_forest,auto,primary,IMG_8453,under3g,S6,1,0.65910942,0.5542978,1.18908901,1
window,44,S3,isolation_forest,auto,primary,IMG_8454,under3g,S6,1,0.66173299,0.5542978,1.19382216,1
window,44,S3,isolation_forest,auto,primary,IMG_8454,under3g,S6,1,0.66069862,0.5542978,1.19195607,1
window,44,S3,isolation_forest,auto,primary,IMG_8454,under3g,S6,1,0.65962066,0.5542978,1.19001133,1
window,44,S3,isolation_forest,auto,primary,IMG_8455,under3g,S6,1,0.63126509,0.5542978,1.1388555,1
window,44,S3,isolation_forest,auto,primary,IMG_8455,under3g,S6,1,0.6538571,0.5542978,1.17961337,1
window,44,S3,isolation_forest,auto,primary,IMG_8455,under3g,S6,1,0.64231629,0.5542978,1.15879279,1
window,44,S3,isolation_forest,auto,primary,IMG_8456,under3g,S6,1,0.61153825,0.5542978,1.10326661,1
window,44,S3,isolation_forest,auto,primary,IMG_8456,under3g,S6,1,0.64003348,0.5542978,1.15467441,1
window,44,S3,isolation_forest,auto,primary,IMG_8456,under3g,S6,1,0.63805467,0.5542978,1.15110447,1
window,44,S3,isolation_forest,auto,primary,IMG_8457,under3g,S6,1,0.63114094,0.5542978,1.13863152,1
window,44,S3,isolation_forest,auto,primary,IMG_8457,under3g,S6,1,0.62596447,0.5542978,1.12929272,1
window,44,S3,isolation_forest,auto,primary,IMG_8457,under3g,S6,1,0.62354976,0.5542978,1.12493639,1
window,44,S3,isolation_forest,auto,primary,IMG_8458,under3g,S6,1,0.65952948,0.5542978,1.18984683,1
window,44,S3,isolation_forest,auto,primary,IMG_8458,under3g,S6,1,0.65903042,0.5542978,1.18894648,1
window,44,S3,isolation_forest,auto,primary,IMG_8458,under3g,S6,1,0.66232285,0.5542978,1.19488632,1
window,44,S3,isolation_forest,auto,primary,IMG_8459,under3g,S6,1,0.65482413,0.5542978,1.18135798,1
window,44,S3,isolation_forest,auto,primary,IMG_8459,under3g,S6,1,0.6657301,0.5542978,1.20103327,1
window,44,S3,isolation_forest,auto,primary,IMG_8459,under3g,S6,1,0.66143265,0.5542978,1.19328031,1
window,44,S3,isolation_forest,auto,primary,IMG_8460,under3g,S6,1,0.64755087,0.5542978,1.16823642,1
window,44,S3,isolation_forest,auto,primary,IMG_8460,under3g,S6,1,0.65648262,0.5542978,1.18435005,1
window,44,S3,isolation_forest,auto,primary,IMG_8460,under3g,S6,1,0.65864524,0.5542978,1.18825158,1
window,44,S4,isolation_forest,auto,primary,IMG_8419,normal,S4,0,0.45202334,0.55074556,0.82074805,0
window,44,S4,isolation_forest,auto,primary,IMG_8419,normal,S4,0,0.40141584,0.55074556,0.72885897,0
window,44,S4,isolation_forest,auto,primary,IMG_8419,normal,S4,0,0.41925572,0.55074556,0.7612512,0
window,44,S4,isolation_forest,auto,primary,IMG_8420,normal,S4,0,0.41939187,0.55074556,0.76149842,0
window,44,S4,isolation_forest,auto,primary,IMG_8420,normal,S4,0,0.42024091,0.55074556,0.76304003,0
window,44,S4,isolation_forest,auto,primary,IMG_8420,normal,S4,0,0.42970214,0.55074556,0.78021899,0
window,44,S4,isolation_forest,auto,primary,IMG_8421,normal,S4,0,0.45914784,0.55074556,0.83368414,0
window,44,S4,isolation_forest,auto,primary,IMG_8421,normal,S4,0,0.48143152,0.55074556,0.87414508,0
window,44,S4,isolation_forest,auto,primary,IMG_8421,normal,S4,0,0.55479545,0.55074556,1.00735347,1
window,44,S4,isolation_forest,auto,primary,IMG_8422,normal,S4,0,0.40437796,0.55074556,0.73423735,0
window,44,S4,isolation_forest,auto,primary,IMG_8422,normal,S4,0,0.42458635,0.55074556,0.77093014,0
window,44,S4,isolation_forest,auto,primary,IMG_8422,normal,S4,0,0.4158224,0.55074556,0.75501726,0
window,44,S4,isolation_forest,auto,primary,IMG_8423,normal,S4,0,0.41527906,0.55074556,0.75403071,0
window,44,S4,isolation_forest,auto,primary,IMG_8423,normal,S4,0,0.39932158,0.55074556,0.72505639,0
window,44,S4,isolation_forest,auto,primary,IMG_8423,normal,S4,0,0.43628901,0.55074556,0.79217891,0
window,44,S4,isolation_forest,auto,primary,IMG_8436,3g,S5,1,0.63223937,0.55074556,1.14796999,1
window,44,S4,isolation_forest,auto,primary,IMG_8436,3g,S5,1,0.6475906,0.55074556,1.17584353,1
window,44,S4,isolation_forest,auto,primary,IMG_8436,3g,S5,1,0.64549296,0.55074556,1.17203481,1
window,44,S4,isolation_forest,auto,primary,IMG_8437,3g,S5,1,0.63568915,0.55074556,1.15423383,1
window,44,S4,isolation_forest,auto,primary,IMG_8437,3g,S5,1,0.63910707,0.55074556,1.16043982,1
window,44,S4,isolation_forest,auto,primary,IMG_8437,3g,S5,1,0.63730948,0.55074556,1.1571759,1
window,44,S4,isolation_forest,auto,primary,IMG_8438,3g,S5,1,0.64029659,0.55074556,1.16259965,1
window,44,S4,isolation_forest,auto,primary,IMG_8438,3g,S5,1,0.63361903,0.55074556,1.15047507,1
window,44,S4,isolation_forest,auto,primary,IMG_8438,3g,S5,1,0.63456242,0.55074556,1.152188,1
window,44,S4,isolation_forest,auto,primary,IMG_8439,3g,S5,1,0.63732568,0.55074556,1.15720531,1
window,44,S4,isolation_forest,auto,primary,IMG_8439,3g,S5,1,0.65564295,0.55074556,1.19046435,1
window,44,S4,isolation_forest,auto,primary,IMG_8439,3g,S5,1,0.6353168,0.55074556,1.15355774,1
window,44,S4,isolation_forest,auto,primary,IMG_8440,3g,S5,1,0.64315373,0.55074556,1.16778741,1
window,44,S4,isolation_forest,auto,primary,IMG_8440,3g,S5,1,0.64908061,0.55074556,1.17854898,1
window,44,S4,isolation_forest,auto,primary,IMG_8440,3g,S5,1,0.64803608,0.55074556,1.1766524,1
window,44,S4,isolation_forest,auto,primary,IMG_8441,3g,S5,1,0.64037307,0.55074556,1.16273852,1
window,44,S4,isolation_forest,auto,primary,IMG_8441,3g,S5,1,0.64103182,0.55074556,1.16393462,1
window,44,S4,isolation_forest,auto,primary,IMG_8441,3g,S5,1,0.6320177,0.55074556,1.1475675,1
window,44,S4,isolation_forest,auto,primary,IMG_8442,3g,S5,1,0.63893216,0.55074556,1.16012223,1
window,44,S4,isolation_forest,auto,primary,IMG_8442,3g,S5,1,0.6393926,0.55074556,1.16095826,1
window,44,S4,isolation_forest,auto,primary,IMG_8442,3g,S5,1,0.63633181,0.55074556,1.15540071,1
window,44,S4,isolation_forest,auto,primary,IMG_8443,3g,S5,1,0.64131744,0.55074556,1.16445323,1
window,44,S4,isolation_forest,auto,primary,IMG_8443,3g,S5,1,0.64801815,0.55074556,1.17661985,1
window,44,S4,isolation_forest,auto,primary,IMG_8443,3g,S5,1,0.65448548,0.55074556,1.18836272,1
window,44,S4,isolation_forest,auto,primary,IMG_8444,under3g,S6,1,0.691574,0.55074556,1.25570509,1
window,44,S4,isolation_forest,auto,primary,IMG_8444,under3g,S6,1,0.61822433,0.55074556,1.1225226,1
window,44,S4,isolation_forest,auto,primary,IMG_8444,under3g,S6,1,0.59196125,0.55074556,1.07483617,1
window,44,S4,isolation_forest,auto,primary,IMG_8445,under3g,S6,1,0.59075748,0.55074556,1.07265047,1
window,44,S4,isolation_forest,auto,primary,IMG_8445,under3g,S6,1,0.54472481,0.55074556,0.989068,0
window,44,S4,isolation_forest,auto,primary,IMG_8445,under3g,S6,1,0.5604796,0.55074556,1.0176743,1
window,44,S4,isolation_forest,auto,primary,IMG_8446,under3g,S6,1,0.59745853,0.55074556,1.08481771,1
window,44,S4,isolation_forest,auto,primary,IMG_8446,under3g,S6,1,0.61087537,0.55074556,1.10917893,1
window,44,S4,isolation_forest,auto,primary,IMG_8446,under3g,S6,1,0.56912495,0.55074556,1.03337185,1
window,44,S4,isolation_forest,auto,primary,IMG_8447,under3g,S6,1,0.58372071,0.55074556,1.05987366,1
window,44,S4,isolation_forest,auto,primary,IMG_8447,under3g,S6,1,0.57382085,0.55074556,1.04189828,1
window,44,S4,isolation_forest,auto,primary,IMG_8447,under3g,S6,1,0.57963733,0.55074556,1.05245939,1
window,44,S4,isolation_forest,auto,primary,IMG_8448,under3g,S6,1,0.54562949,0.55074556,0.99071065,0
window,44,S4,isolation_forest,auto,primary,IMG_8448,under3g,S6,1,0.54676371,0.55074556,0.99277008,0
window,44,S4,isolation_forest,auto,primary,IMG_8448,under3g,S6,1,0.54808431,0.55074556,0.99516792,0
window,44,S4,isolation_forest,auto,primary,IMG_8449,under3g,S6,1,0.56040163,0.55074556,1.01753273,1
window,44,S4,isolation_forest,auto,primary,IMG_8449,under3g,S6,1,0.5253234,0.55074556,0.95384047,0
window,44,S4,isolation_forest,auto,primary,IMG_8449,under3g,S6,1,0.56692862,0.55074556,1.02938392,1
window,44,S4,isolation_forest,auto,primary,IMG_8450,under3g,S6,1,0.57844775,0.55074556,1.05029945,1
window,44,S4,isolation_forest,auto,primary,IMG_8450,under3g,S6,1,0.56720257,0.55074556,1.02988133,1
window,44,S4,isolation_forest,auto,primary,IMG_8450,under3g,S6,1,0.58881361,0.55074556,1.06912095,1
window,44,S4,isolation_forest,auto,primary,IMG_8451,under3g,S6,1,0.65282527,0.55074556,1.18534823,1
window,44,S4,isolation_forest,auto,primary,IMG_8451,under3g,S6,1,0.60431128,0.55074556,1.09726038,1
window,44,S4,isolation_forest,auto,primary,IMG_8451,under3g,S6,1,0.62217415,0.55074556,1.12969436,1
window,44,S4,isolation_forest,auto,primary,IMG_8453,under3g,S6,1,0.66211971,0.55074556,1.20222434,1
window,44,S4,isolation_forest,auto,primary,IMG_8453,under3g,S6,1,0.65065463,0.55074556,1.18140695,1
window,44,S4,isolation_forest,auto,primary,IMG_8453,under3g,S6,1,0.64803068,0.55074556,1.17664259,1
window,44,S4,isolation_forest,auto,primary,IMG_8454,under3g,S6,1,0.65062088,0.55074556,1.18134568,1
window,44,S4,isolation_forest,auto,primary,IMG_8454,under3g,S6,1,0.65603282,0.55074556,1.19117225,1
window,44,S4,isolation_forest,auto,primary,IMG_8454,under3g,S6,1,0.65019246,0.55074556,1.18056779,1
window,44,S4,isolation_forest,auto,primary,IMG_8455,under3g,S6,1,0.6167258,0.55074556,1.11980169,1
window,44,S4,isolation_forest,auto,primary,IMG_8455,under3g,S6,1,0.65077999,0.55074556,1.18163457,1
window,44,S4,isolation_forest,auto,primary,IMG_8455,under3g,S6,1,0.63564161,0.55074556,1.15414751,1
window,44,S4,isolation_forest,auto,primary,IMG_8456,under3g,S6,1,0.6038992,0.55074556,1.09651216,1
window,44,S4,isolation_forest,auto,primary,IMG_8456,under3g,S6,1,0.62991708,0.55074556,1.14375337,1
window,44,S4,isolation_forest,auto,primary,IMG_8456,under3g,S6,1,0.62942484,0.55074556,1.14285959,1
window,44,S4,isolation_forest,auto,primary,IMG_8457,under3g,S6,1,0.62623787,0.55074556,1.13707295,1
window,44,S4,isolation_forest,auto,primary,IMG_8457,under3g,S6,1,0.62411389,0.55074556,1.13321639,1
window,44,S4,isolation_forest,auto,primary,IMG_8457,under3g,S6,1,0.62162244,0.55074556,1.12869262,1
window,44,S4,isolation_forest,auto,primary,IMG_8458,under3g,S6,1,0.65400619,0.55074556,1.18749245,1
window,44,S4,isolation_forest,auto,primary,IMG_8458,under3g,S6,1,0.64655275,0.55074556,1.17395909,1
window,44,S4,isolation_forest,auto,primary,IMG_8458,under3g,S6,1,0.65249151,0.55074556,1.18474222,1
window,44,S4,isolation_forest,auto,primary,IMG_8459,under3g,S6,1,0.64638378,0.55074556,1.17365229,1
window,44,S4,isolation_forest,auto,primary,IMG_8459,under3g,S6,1,0.65529833,0.55074556,1.18983862,1
window,44,S4,isolation_forest,auto,primary,IMG_8459,under3g,S6,1,0.65088131,0.55074556,1.18181854,1
window,44,S4,isolation_forest,auto,primary,IMG_8460,under3g,S6,1,0.63725667,0.55074556,1.15708001,1
window,44,S4,isolation_forest,auto,primary,IMG_8460,under3g,S6,1,0.65011145,0.55074556,1.18042069,1
window,44,S4,isolation_forest,auto,primary,IMG_8460,under3g,S6,1,0.65014804,0.55074556,1.18048713,1
window,45,S1,mahalanobis,3,all,IMG_8390,normal,S1,0,2.8199263,2.48344041,1.13549183,1
window,45,S1,mahalanobis,3,all,IMG_8390,normal,S1,0,2.36104935,2.48344041,0.95071713,0
window,45,S1,mahalanobis,3,all,IMG_8390,normal,S1,0,1.7742128,2.48344041,0.7144173,0
window,45,S1,mahalanobis,3,all,IMG_8391,normal,S1,0,3.49768333,2.48344041,1.40840236,1
window,45,S1,mahalanobis,3,all,IMG_8391,normal,S1,0,2.61241772,2.48344041,1.05193493,1
window,45,S1,mahalanobis,3,all,IMG_8391,normal,S1,0,2.09546883,2.48344041,0.84377657,0
window,45,S1,mahalanobis,3,all,IMG_8392,normal,S1,0,1.42902938,2.48344041,0.57542326,0
window,45,S1,mahalanobis,3,all,IMG_8392,normal,S1,0,1.83844643,2.48344041,0.74028208,0
window,45,S1,mahalanobis,3,all,IMG_8392,normal,S1,0,0.85265675,2.48344041,0.34333691,0
window,45,S1,mahalanobis,3,all,IMG_8393,normal,S1,0,2.73439685,2.48344041,1.10105193,1
window,45,S1,mahalanobis,3,all,IMG_8393,normal,S1,0,1.4651403,2.48344041,0.58996394,0
window,45,S1,mahalanobis,3,all,IMG_8393,normal,S1,0,2.305335,2.48344041,0.92828279,0
window,45,S1,mahalanobis,3,all,IMG_8394,normal,S1,0,2.24987234,2.48344041,0.9059498,0
window,45,S1,mahalanobis,3,all,IMG_8394,normal,S1,0,3.28195279,2.48344041,1.32153475,1
window,45,S1,mahalanobis,3,all,IMG_8394,normal,S1,0,1.99008075,2.48344041,0.80134025,0
window,45,S1,mahalanobis,3,all,IMG_8395,normal,S1,0,1.92504072,2.48344041,0.77515076,0
window,45,S1,mahalanobis,3,all,IMG_8395,normal,S1,0,2.59011513,2.48344041,1.04295441,1
window,45,S1,mahalanobis,3,all,IMG_8395,normal,S1,0,1.58729172,2.48344041,0.63915031,0
window,45,S1,mahalanobis,3,all,IMG_8396,normal,S1,0,3.41646176,2.48344041,1.3756971,1
window,45,S1,mahalanobis,3,all,IMG_8396,normal,S1,0,2.24598277,2.48344041,0.9043836,0
window,45,S1,mahalanobis,3,all,IMG_8396,normal,S1,0,2.29796777,2.48344041,0.92531625,0
window,45,S1,mahalanobis,3,all,IMG_8397,normal,S1,0,1.07364528,2.48344041,0.43232174,0
window,45,S1,mahalanobis,3,all,IMG_8397,normal,S1,0,0.63836217,2.48344041,0.25704751,0
window,45,S1,mahalanobis,3,all,IMG_8397,normal,S1,0,0.87310891,2.48344041,0.35157232,0
window,45,S1,mahalanobis,3,all,IMG_8398,normal,S1,0,2.85694514,2.48344041,1.1503981,1
window,45,S1,mahalanobis,3,all,IMG_8398,normal,S1,0,1.0002179,2.48344041,0.40275494,0
window,45,S1,mahalanobis,3,all,IMG_8398,normal,S1,0,2.14726695,2.48344041,0.86463397,0
window,45,S1,mahalanobis,3,all,IMG_8399,normal,S1,0,2.20458281,2.48344041,0.88771319,0
window,45,S1,mahalanobis,3,all,IMG_8399,normal,S1,0,0.78173277,2.48344041,0.31477815,0
window,45,S1,mahalanobis,3,all,IMG_8399,normal,S1,0,0.90615689,2.48344041,0.36487966,0
window,45,S1,mahalanobis,3,all,IMG_8400,normal,S1,0,1.51468634,2.48344041,0.60991451,0
window,45,S1,mahalanobis,3,all,IMG_8400,normal,S1,0,0.38621396,2.48344041,0.15551569,0
window,45,S1,mahalanobis,3,all,IMG_8400,normal,S1,0,0.79823116,2.48344041,0.32142151,0
window,45,S1,mahalanobis,3,all,IMG_8401,normal,S1,0,3.74874029,2.48344041,1.50949476,1
window,45,S1,mahalanobis,3,all,IMG_8401,normal,S1,0,0.74927127,2.48344041,0.30170696,0
window,45,S1,mahalanobis,3,all,IMG_8401,normal,S1,0,1.22002545,2.48344041,0.49126423,0
window,45,S1,mahalanobis,3,all,IMG_8402,normal,S1,0,1.89743219,2.48344041,0.76403371,0
window,45,S1,mahalanobis,3,all,IMG_8402,normal,S1,0,1.6926257,2.48344041,0.68156485,0
window,45,S1,mahalanobis,3,all,IMG_8402,normal,S1,0,0.92426949,2.48344041,0.37217301,0
window,45,S1,mahalanobis,3,all,IMG_8403,normal,S1,0,2.87290464,2.48344041,1.15682447,1
window,45,S1,mahalanobis,3,all,IMG_8403,normal,S1,0,2.55639771,2.48344041,1.02937751,1
window,45,S1,mahalanobis,3,all,IMG_8403,normal,S1,0,1.32975048,2.48344041,0.5354469,0
window,45,S1,mahalanobis,3,all,IMG_8404,normal,S1,0,1.80582383,2.48344041,0.72714603,0
window,45,S1,mahalanobis,3,all,IMG_8404,normal,S1,0,1.40246928,2.48344041,0.56472838,0
window,45,S1,mahalanobis,3,all,IMG_8404,normal,S1,0,1.00610978,2.48344041,0.40512741,0
window,45,S1,mahalanobis,3,all,IMG_8405,normal,S1,0,1.55032982,2.48344041,0.62426697,0
window,45,S1,mahalanobis,3,all,IMG_8405,normal,S1,0,1.26347577,2.48344041,0.50876025,0
window,45,S1,mahalanobis,3,all,IMG_8405,normal,S1,0,1.48642283,2.48344041,0.59853372,0
window,45,S1,mahalanobis,3,all,IMG_8406,normal,S1,0,1.02059454,2.48344041,0.41095995,0
window,45,S1,mahalanobis,3,all,IMG_8406,normal,S1,0,1.87041918,2.48344041,0.75315646,0
window,45,S1,mahalanobis,3,all,IMG_8406,normal,S1,0,1.44514183,2.48344041,0.58191122,0
window,45,S1,mahalanobis,3,all,IMG_8407,normal,S1,0,2.65394254,2.48344041,1.06865561,1
window,45,S1,mahalanobis,3,all,IMG_8407,normal,S1,0,0.50346493,2.48344041,0.20272881,0
window,45,S1,mahalanobis,3,all,IMG_8407,normal,S1,0,2.30553648,2.48344041,0.92836392,0
window,45,S1,mahalanobis,3,all,IMG_8408,normal,S1,0,1.89451676,2.48344041,0.76285976,0
window,45,S1,mahalanobis,3,all,IMG_8408,normal,S1,0,1.34421385,2.48344041,0.54127083,0
window,45,S1,mahalanobis,3,all,IMG_8408,normal,S1,0,1.9471014,2.48344041,0.78403387,0
window,45,S1,mahalanobis,3,all,IMG_8409,normal,S1,0,1.53725212,2.48344041,0.61900101,0
window,45,S1,mahalanobis,3,all,IMG_8409,normal,S1,0,1.04810385,2.48344041,0.42203704,0
window,45,S1,mahalanobis,3,all,IMG_8409,normal,S1,0,2.61208445,2.48344041,1.05180074,1
window,45,S1,mahalanobis,3,all,IMG_8410,normal,S1,0,0.99983833,2.48344041,0.4026021,0
window,45,S1,mahalanobis,3,all,IMG_8410,normal,S1,0,0.89821909,2.48344041,0.36168337,0
window,45,S1,mahalanobis,3,all,IMG_8410,normal,S1,0,1.36828249,2.48344041,0.55096248,0
window,45,S1,mahalanobis,3,all,IMG_8411,normal,S1,0,1.77908444,2.48344041,0.71637895,0
window,45,S1,mahalanobis,3,all,IMG_8411,normal,S1,0,1.49814418,2.48344041,0.60325353,0
window,45,S1,mahalanobis,3,all,IMG_8411,normal,S1,0,2.2920793,2.48344041,0.92294516,0
window,45,S1,mahalanobis,3,all,IMG_8412,normal,S1,0,1.24153063,2.48344041,0.49992366,0
window,45,S1,mahalanobis,3,all,IMG_8412,normal,S1,0,2.71004047,2.48344041,1.09124441,1
window,45,S1,mahalanobis,3,all,IMG_8412,normal,S1,0,1.23153733,2.48344041,0.49589969,0
window,45,S1,mahalanobis,3,all,IMG_8413,normal,S1,0,0.63188517,2.48344041,0.25443943,0
window,45,S1,mahalanobis,3,all,IMG_8413,normal,S1,0,1.52293095,2.48344041,0.61323434,0
window,45,S1,mahalanobis,3,all,IMG_8413,normal,S1,0,1.55013113,2.48344041,0.62418696,0
window,45,S1,mahalanobis,3,all,IMG_8414,normal,S1,0,2.46919144,2.48344041,0.99426241,0
window,45,S1,mahalanobis,3,all,IMG_8414,normal,S1,0,2.94823244,2.48344041,1.1871565,1
window,45,S1,mahalanobis,3,all,IMG_8414,normal,S1,0,2.24163683,2.48344041,0.90263363,0
window,45,S1,mahalanobis,3,all,IMG_8415,normal,S1,0,2.15702475,2.48344041,0.86856312,0
window,45,S1,mahalanobis,3,all,IMG_8415,normal,S1,0,1.22803557,2.48344041,0.49448964,0
window,45,S1,mahalanobis,3,all,IMG_8415,normal,S1,0,1.75520104,2.48344041,0.70676189,0
window,45,S1,mahalanobis,3,all,IMG_8436,3g,S5,1,7.03781663,2.48344041,2.83389793,1
window,45,S1,mahalanobis,3,all,IMG_8436,3g,S5,1,7.74987072,2.48344041,3.12061875,1
window,45,S1,mahalanobis,3,all,IMG_8436,3g,S5,1,7.53120486,2.48344041,3.03256918,1
window,45,S1,mahalanobis,3,all,IMG_8437,3g,S5,1,6.77540566,2.48344041,2.72823363,1
window,45,S1,mahalanobis,3,all,IMG_8437,3g,S5,1,6.78100465,2.48344041,2.73048817,1
window,45,S1,mahalanobis,3,all,IMG_8437,3g,S5,1,6.65029891,2.48344041,2.67785725,1
window,45,S1,mahalanobis,3,all,IMG_8438,3g,S5,1,7.32972535,2.48344041,2.95143999,1
window,45,S1,mahalanobis,3,all,IMG_8438,3g,S5,1,8.01248607,2.48344041,3.22636534,1
window,45,S1,mahalanobis,3,all,IMG_8438,3g,S5,1,7.407288,2.48344041,2.98267193,1
window,45,S1,mahalanobis,3,all,IMG_8439,3g,S5,1,7.33932583,2.48344041,2.95530579,1
window,45,S1,mahalanobis,3,all,IMG_8439,3g,S5,1,7.38983945,2.48344041,2.97564597,1
window,45,S1,mahalanobis,3,all,IMG_8439,3g,S5,1,6.82770515,2.48344041,2.74929292,1
window,45,S1,mahalanobis,3,all,IMG_8440,3g,S5,1,7.40605067,2.48344041,2.9821737,1
window,45,S1,mahalanobis,3,all,IMG_8440,3g,S5,1,7.82966673,2.48344041,3.15274999,1
window,45,S1,mahalanobis,3,all,IMG_8440,3g,S5,1,7.47412502,2.48344041,3.009585,1
window,45,S1,mahalanobis,3,all,IMG_8441,3g,S5,1,7.68295499,2.48344041,3.09367398,1
window,45,S1,mahalanobis,3,all,IMG_8441,3g,S5,1,7.02218048,2.48344041,2.82760176,1
window,45,S1,mahalanobis,3,all,IMG_8441,3g,S5,1,7.30565513,2.48344041,2.9417477,1
window,45,S1,mahalanobis,3,all,IMG_8442,3g,S5,1,7.17763375,2.48344041,2.89019769,1
window,45,S1,mahalanobis,3,all,IMG_8442,3g,S5,1,7.23195034,2.48344041,2.9120692,1
window,45,S1,mahalanobis,3,all,IMG_8442,3g,S5,1,7.40570618,2.48344041,2.98203498,1
window,45,S1,mahalanobis,3,all,IMG_8443,3g,S5,1,7.46383053,2.48344041,3.00543975,1
window,45,S1,mahalanobis,3,all,IMG_8443,3g,S5,1,7.3552077,2.48344041,2.9617009,1
window,45,S1,mahalanobis,3,all,IMG_8443,3g,S5,1,7.64470309,2.48344041,3.0782712,1
window,45,S1,mahalanobis,3,all,IMG_8444,under3g,S6,1,9.14449362,2.48344041,3.68218765,1
window,45,S1,mahalanobis,3,all,IMG_8444,under3g,S6,1,4.66195671,2.48344041,1.87721706,1
window,45,S1,mahalanobis,3,all,IMG_8444,under3g,S6,1,5.05956111,2.48344041,2.03731931,1
window,45,S1,mahalanobis,3,all,IMG_8445,under3g,S6,1,3.95475371,2.48344041,1.59244961,1
window,45,S1,mahalanobis,3,all,IMG_8445,under3g,S6,1,3.02926913,2.48344041,1.21978732,1
window,45,S1,mahalanobis,3,all,IMG_8445,under3g,S6,1,2.64601063,2.48344041,1.06546169,1
window,45,S1,mahalanobis,3,all,IMG_8446,under3g,S6,1,3.10046442,2.48344041,1.24845533,1
window,45,S1,mahalanobis,3,all,IMG_8446,under3g,S6,1,4.42436212,2.48344041,1.78154551,1
window,45,S1,mahalanobis,3,all,IMG_8446,under3g,S6,1,3.93694966,2.48344041,1.5852805,1
window,45,S1,mahalanobis,3,all,IMG_8447,under3g,S6,1,4.00893038,2.48344041,1.61426478,1
window,45,S1,mahalanobis,3,all,IMG_8447,under3g,S6,1,3.92413571,2.48344041,1.58012074,1
window,45,S1,mahalanobis,3,all,IMG_8447,under3g,S6,1,2.38200961,2.48344041,0.95915714,0
window,45,S1,mahalanobis,3,all,IMG_8448,under3g,S6,1,1.91401199,2.48344041,0.77070985,0
window,45,S1,mahalanobis,3,all,IMG_8448,under3g,S6,1,1.91940244,2.48344041,0.77288041,0
window,45,S1,mahalanobis,3,all,IMG_8448,under3g,S6,1,2.41080853,2.48344041,0.97075352,0
window,45,S1,mahalanobis,3,all,IMG_8449,under3g,S6,1,2.60868056,2.48344041,1.0504301,1
window,45,S1,mahalanobis,3,all,IMG_8449,under3g,S6,1,0.98449986,2.48344041,0.3964258,0
window,45,S1,mahalanobis,3,all,IMG_8449,under3g,S6,1,2.43748583,2.48344041,0.9814956,0
window,45,S1,mahalanobis,3,all,IMG_8450,under3g,S6,1,3.18306112,2.48344041,1.28171431,1
window,45,S1,mahalanobis,3,all,IMG_8450,under3g,S6,1,4.13698911,2.48344041,1.66582983,1
window,45,S1,mahalanobis,3,all,IMG_8450,under3g,S6,1,3.4379602,2.48344041,1.38435381,1
window,45,S1,mahalanobis,3,all,IMG_8451,under3g,S6,1,6.50938428,2.48344041,2.62111555,1
window,45,S1,mahalanobis,3,all,IMG_8451,under3g,S6,1,4.21181882,2.48344041,1.6959613,1
window,45,S1,mahalanobis,3,all,IMG_8451,under3g,S6,1,4.73769959,2.48344041,1.90771624,1
window,45,S1,mahalanobis,3,all,IMG_8453,under3g,S6,1,5.29497537,2.48344041,2.13211291,1
window,45,S1,mahalanobis,3,all,IMG_8453,under3g,S6,1,5.47345611,2.48344041,2.20398125,1
window,45,S1,mahalanobis,3,all,IMG_8453,under3g,S6,1,5.21207428,2.48344041,2.09873136,1
window,45,S1,mahalanobis,3,all,IMG_8454,under3g,S6,1,5.07391942,2.48344041,2.04310093,1
window,45,S1,mahalanobis,3,all,IMG_8454,under3g,S6,1,5.36995058,2.48344041,2.16230297,1
window,45,S1,mahalanobis,3,all,IMG_8454,under3g,S6,1,5.04064284,2.48344041,2.02970154,1
window,45,S1,mahalanobis,3,all,IMG_8455,under3g,S6,1,5.78406927,2.48344041,2.32905499,1
window,45,S1,mahalanobis,3,all,IMG_8455,under3g,S6,1,5.34347945,2.48344041,2.15164392,1
window,45,S1,mahalanobis,3,all,IMG_8455,under3g,S6,1,5.36327587,2.48344041,2.15961529,1
window,45,S1,mahalanobis,3,all,IMG_8456,under3g,S6,1,5.66783534,2.48344041,2.28225139,1
window,45,S1,mahalanobis,3,all,IMG_8456,under3g,S6,1,5.20372678,2.48344041,2.0953701,1
window,45,S1,mahalanobis,3,all,IMG_8456,under3g,S6,1,5.37915896,2.48344041,2.16601089,1
window,45,S1,mahalanobis,3,all,IMG_8457,under3g,S6,1,5.18724903,2.48344041,2.08873505,1
window,45,S1,mahalanobis,3,all,IMG_8457,under3g,S6,1,5.26321731,2.48344041,2.11932498,1
window,45,S1,mahalanobis,3,all,IMG_8457,under3g,S6,1,5.36604538,2.48344041,2.16073048,1
window,45,S1,mahalanobis,3,all,IMG_8458,under3g,S6,1,5.30135258,2.48344041,2.13468081,1
window,45,S1,mahalanobis,3,all,IMG_8458,under3g,S6,1,5.7520199,2.48344041,2.31614975,1
window,45,S1,mahalanobis,3,all,IMG_8458,under3g,S6,1,5.35676521,2.48344041,2.15699365,1
window,45,S1,mahalanobis,3,all,IMG_8459,under3g,S6,1,4.84630535,2.48344041,1.95144821,1
window,45,S1,mahalanobis,3,all,IMG_8459,under3g,S6,1,5.12664607,2.48344041,2.06433222,1
window,45,S1,mahalanobis,3,all,IMG_8459,under3g,S6,1,5.63964673,2.48344041,2.27090077,1
window,45,S1,mahalanobis,3,all,IMG_8460,under3g,S6,1,5.23168888,2.48344041,2.10662952,1
window,45,S1,mahalanobis,3,all,IMG_8460,under3g,S6,1,5.60505194,2.48344041,2.25697058,1
window,45,S1,mahalanobis,3,all,IMG_8460,under3g,S6,1,5.55783156,2.48344041,2.23795648,1
window,45,S2,isolation_forest,auto,primary,IMG_8427,normal,S2,0,0.41727967,0.54984578,0.75890311,0
window,45,S2,isolation_forest,auto,primary,IMG_8427,normal,S2,0,0.42722982,0.54984578,0.77699936,0
window,45,S2,isolation_forest,auto,primary,IMG_8427,normal,S2,0,0.41618423,0.54984578,0.75691084,0
window,45,S2,isolation_forest,auto,primary,IMG_8428,normal,S2,0,0.40651023,0.54984578,0.73931681,0
window,45,S2,isolation_forest,auto,primary,IMG_8428,normal,S2,0,0.42534419,0.54984578,0.77356998,0
window,45,S2,isolation_forest,auto,primary,IMG_8428,normal,S2,0,0.42118468,0.54984578,0.76600511,0
window,45,S2,isolation_forest,auto,primary,IMG_8429,normal,S2,0,0.49724295,0.54984578,0.90433167,0
window,45,S2,isolation_forest,auto,primary,IMG_8429,normal,S2,0,0.43296778,0.54984578,0.78743494,0
window,45,S2,isolation_forest,auto,primary,IMG_8429,normal,S2,0,0.42256052,0.54984578,0.76850735,0
window,45,S2,isolation_forest,auto,primary,IMG_8431,normal,S2,0,0.47457001,0.54984578,0.86309657,0
window,45,S2,isolation_forest,auto,primary,IMG_8431,normal,S2,0,0.42639797,0.54984578,0.77548648,0
window,45,S2,isolation_forest,auto,primary,IMG_8431,normal,S2,0,0.44591629,0.54984578,0.8109843,0
window,45,S2,isolation_forest,auto,primary,IMG_8432,normal,S2,0,0.4922121,0.54984578,0.8951821,0
window,45,S2,isolation_forest,auto,primary,IMG_8432,normal,S2,0,0.41272182,0.54984578,0.75061379,0
window,45,S2,isolation_forest,auto,primary,IMG_8432,normal,S2,0,0.44922638,0.54984578,0.81700433,0
window,45,S2,isolation_forest,auto,primary,IMG_8436,3g,S5,1,0.63024291,0.54984578,1.1462176,1
window,45,S2,isolation_forest,auto,primary,IMG_8436,3g,S5,1,0.64401082,0.54984578,1.17125718,1
window,45,S2,isolation_forest,auto,primary,IMG_8436,3g,S5,1,0.64393168,0.54984578,1.17111325,1
window,45,S2,isolation_forest,auto,primary,IMG_8437,3g,S5,1,0.63616946,0.54984578,1.15699617,1
window,45,S2,isolation_forest,auto,primary,IMG_8437,3g,S5,1,0.62967264,0.54984578,1.14518045,1
window,45,S2,isolation_forest,auto,primary,IMG_8437,3g,S5,1,0.63530332,0.54984578,1.15542092,1
window,45,S2,isolation_forest,auto,primary,IMG_8438,3g,S5,1,0.6361174,0.54984578,1.15690148,1
window,45,S2,isolation_forest,auto,primary,IMG_8438,3g,S5,1,0.63414641,0.54984578,1.15331687,1
window,45,S2,isolation_forest,auto,primary,IMG_8438,3g,S5,1,0.63245753,0.54984578,1.1502453,1
window,45,S2,isolation_forest,auto,primary,IMG_8439,3g,S5,1,0.63647203,0.54984578,1.15754645,1
window,45,S2,isolation_forest,auto,primary,IMG_8439,3g,S5,1,0.64820868,0.54984578,1.1788918,1
window,45,S2,isolation_forest,auto,primary,IMG_8439,3g,S5,1,0.63545449,0.54984578,1.15569585,1
window,45,S2,isolation_forest,auto,primary,IMG_8440,3g,S5,1,0.64662367,0.54984578,1.17600916,1
window,45,S2,isolation_forest,auto,primary,IMG_8440,3g,S5,1,0.64580231,0.54984578,1.17451535,1
window,45,S2,isolation_forest,auto,primary,IMG_8440,3g,S5,1,0.64765308,0.54984578,1.17788133,1
window,45,S2,isolation_forest,auto,primary,IMG_8441,3g,S5,1,0.63889166,0.54984578,1.16194701,1
window,45,S2,isolation_forest,auto,primary,IMG_8441,3g,S5,1,0.6406484,0.54984578,1.16514198,1
window,45,S2,isolation_forest,auto,primary,IMG_8441,3g,S5,1,0.633797,0.54984578,1.15268139,1
window,45,S2,isolation_forest,auto,primary,IMG_8442,3g,S5,1,0.64312085,0.54984578,1.1696386,1
window,45,S2,isolation_forest,auto,primary,IMG_8442,3g,S5,1,0.6415114,0.54984578,1.1667115,1
window,45,S2,isolation_forest,auto,primary,IMG_8442,3g,S5,1,0.64165739,0.54984578,1.16697702,1
window,45,S2,isolation_forest,auto,primary,IMG_8443,3g,S5,1,0.6458293,0.54984578,1.17456445,1
window,45,S2,isolation_forest,auto,primary,IMG_8443,3g,S5,1,0.64767788,0.54984578,1.17792643,1
window,45,S2,isolation_forest,auto,primary,IMG_8443,3g,S5,1,0.65702525,0.54984578,1.19492642,1
window,45,S2,isolation_forest,auto,primary,IMG_8444,under3g,S6,1,0.6851411,0.54984578,1.24606049,1
window,45,S2,isolation_forest,auto,primary,IMG_8444,under3g,S6,1,0.60639665,0.54984578,1.10284861,1
window,45,S2,isolation_forest,auto,primary,IMG_8444,under3g,S6,1,0.58608333,0.54984578,1.06590494,1
window,45,S2,isolation_forest,auto,primary,IMG_8445,under3g,S6,1,0.58236174,0.54984578,1.05913651,1
window,45,S2,isolation_forest,auto,primary,IMG_8445,under3g,S6,1,0.54887992,0.54984578,0.99824339,0
window,45,S2,isolation_forest,auto,primary,IMG_8445,under3g,S6,1,0.56396617,0.54984578,1.02568064,1
window,45,S2,isolation_forest,auto,primary,IMG_8446,under3g,S6,1,0.58592753,0.54984578,1.06562159,1
window,45,S2,isolation_forest,auto,primary,IMG_8446,under3g,S6,1,0.60555182,0.54984578,1.10131211,1
window,45,S2,isolation_forest,auto,primary,IMG_8446,under3g,S6,1,0.55883436,0.54984578,1.01634746,1
window,45,S2,isolation_forest,auto,primary,IMG_8447,under3g,S6,1,0.57268458,0.54984578,1.04153674,1
window,45,S2,isolation_forest,auto,primary,IMG_8447,under3g,S6,1,0.5663678,0.54984578,1.03004846,1
window,45,S2,isolation_forest,auto,primary,IMG_8447,under3g,S6,1,0.57483577,0.54984578,1.04544908,1
window,45,S2,isolation_forest,auto,primary,IMG_8448,under3g,S6,1,0.54068991,0.54984578,0.9833483,0
window,45,S2,isolation_forest,auto,primary,IMG_8448,under3g,S6,1,0.53996859,0.54984578,0.98203644,0
window,45,S2,isolation_forest,auto,primary,IMG_8448,under3g,S6,1,0.55680445,0.54984578,1.01265568,1
window,45,S2,isolation_forest,auto,primary,IMG_8449,under3g,S6,1,0.54495756,0.54984578,0.99110983,0
window,45,S2,isolation_forest,auto,primary,IMG_8449,under3g,S6,1,0.52318431,0.54984578,0.951511,0
window,45,S2,isolation_forest,auto,primary,IMG_8449,under3g,S6,1,0.5642094,0.54984578,1.02612299,1
window,45,S2,isolation_forest,auto,primary,IMG_8450,under3g,S6,1,0.56999377,0.54984578,1.03664298,1
window,45,S2,isolation_forest,auto,primary,IMG_8450,under3g,S6,1,0.55462224,0.54984578,1.0086869,1
window,45,S2,isolation_forest,auto,primary,IMG_8450,under3g,S6,1,0.58119347,0.54984578,1.05701179,1
window,45,S2,isolation_forest,auto,primary,IMG_8451,under3g,S6,1,0.651053,0.54984578,1.18406473,1
window,45,S2,isolation_forest,auto,primary,IMG_8451,under3g,S6,1,0.60446694,0.54984578,1.09933905,1
window,45,S2,isolation_forest,auto,primary,IMG_8451,under3g,S6,1,0.62615213,0.54984578,1.13877772,1
window,45,S2,isolation_forest,auto,primary,IMG_8453,under3g,S6,1,0.64143632,0.54984578,1.16657496,1
window,45,S2,isolation_forest,auto,primary,IMG_8453,under3g,S6,1,0.64258872,0.54984578,1.16867082,1
window,45,S2,isolation_forest,auto,primary,IMG_8453,under3g,S6,1,0.64796499,0.54984578,1.1784486,1
window,45,S2,isolation_forest,auto,primary,IMG_8454,under3g,S6,1,0.64867304,0.54984578,1.17973633,1
window,45,S2,isolation_forest,auto,primary,IMG_8454,under3g,S6,1,0.65054183,0.54984578,1.18313508,1
window,45,S2,isolation_forest,auto,primary,IMG_8454,under3g,S6,1,0.64185621,0.54984578,1.16733861,1
window,45,S2,isolation_forest,auto,primary,IMG_8455,under3g,S6,1,0.61651395,0.54984578,1.12124886,1
window,45,S2,isolation_forest,auto,primary,IMG_8455,under3g,S6,1,0.63861437,0.54984578,1.16144271,1
window,45,S2,isolation_forest,auto,primary,IMG_8455,under3g,S6,1,0.63274181,0.54984578,1.15076233,1
window,45,S2,isolation_forest,auto,primary,IMG_8456,under3g,S6,1,0.60242566,0.54984578,1.0956266,1
window,45,S2,isolation_forest,auto,primary,IMG_8456,under3g,S6,1,0.64201735,0.54984578,1.16763168,1
window,45,S2,isolation_forest,auto,primary,IMG_8456,under3g,S6,1,0.62375758,0.54984578,1.13442279,1
window,45,S2,isolation_forest,auto,primary,IMG_8457,under3g,S6,1,0.62525831,0.54984578,1.13715214,1
window,45,S2,isolation_forest,auto,primary,IMG_8457,under3g,S6,1,0.62969485,0.54984578,1.14522084,1
window,45,S2,isolation_forest,auto,primary,IMG_8457,under3g,S6,1,0.61887385,0.54984578,1.12554078,1
window,45,S2,isolation_forest,auto,primary,IMG_8458,under3g,S6,1,0.643503,0.54984578,1.17033362,1
window,45,S2,isolation_forest,auto,primary,IMG_8458,under3g,S6,1,0.64273148,0.54984578,1.16893046,1
window,45,S2,isolation_forest,auto,primary,IMG_8458,under3g,S6,1,0.64944926,0.54984578,1.18114804,1
window,45,S2,isolation_forest,auto,primary,IMG_8459,under3g,S6,1,0.64705031,0.54984578,1.17678509,1
window,45,S2,isolation_forest,auto,primary,IMG_8459,under3g,S6,1,0.64894822,0.54984578,1.18023678,1
window,45,S2,isolation_forest,auto,primary,IMG_8459,under3g,S6,1,0.650714,0.54984578,1.1834482,1
window,45,S2,isolation_forest,auto,primary,IMG_8460,under3g,S6,1,0.63115607,0.54984578,1.14787836,1
window,45,S2,isolation_forest,auto,primary,IMG_8460,under3g,S6,1,0.65004533,0.54984578,1.18223209,1
window,45,S2,isolation_forest,auto,primary,IMG_8460,under3g,S6,1,0.65298145,0.54984578,1.18757199,1
window,45,S3,isolation_forest,auto,primary,IMG_8418,normal,S3,0,0.47923826,0.55547526,0.86275357,0
window,45,S3,isolation_forest,auto,primary,IMG_8418,normal,S3,0,0.46588531,0.55547526,0.83871479,0
window,45,S3,isolation_forest,auto,primary,IMG_8418,normal,S3,0,0.45094879,0.55547526,0.81182517,0
window,45,S3,isolation_forest,auto,primary,IMG_8424,normal,S3,0,0.40771289,0.55547526,0.73398929,0
window,45,S3,isolation_forest,auto,primary,IMG_8424,normal,S3,0,0.4515662,0.55547526,0.81293667,0
window,45,S3,isolation_forest,auto,primary,IMG_8424,normal,S3,0,0.3901565,0.55547526,0.70238322,0
window,45,S3,isolation_forest,auto,primary,IMG_8425,normal,S3,0,0.47115537,0.55547526,0.84820227,0
window,45,S3,isolation_forest,auto,primary,IMG_8425,normal,S3,0,0.46745011,0.55547526,0.84153183,0
window,45,S3,isolation_forest,auto,primary,IMG_8425,normal,S3,0,0.50644757,0.55547526,0.9117374,0
window,45,S3,isolation_forest,auto,primary,IMG_8426,normal,S3,0,0.46742151,0.55547526,0.84148035,0
window,45,S3,isolation_forest,auto,primary,IMG_8426,normal,S3,0,0.4216843,0.55547526,0.75914146,0
window,45,S3,isolation_forest,auto,primary,IMG_8426,normal,S3,0,0.47681993,0.55547526,0.85839995,0
window,45,S3,isolation_forest,auto,primary,IMG_8436,3g,S5,1,0.63196441,0.55547526,1.13770037,1
window,45,S3,isolation_forest,auto,primary,IMG_8436,3g,S5,1,0.64728399,0.55547526,1.16527961,1
window,45,S3,isolation_forest,auto,primary,IMG_8436,3g,S5,1,0.64651026,0.55547526,1.16388669,1
window,45,S3,isolation_forest,auto,primary,IMG_8437,3g,S5,1,0.6395845,0.55547526,1.15141852,1
window,45,S3,isolation_forest,auto,primary,IMG_8437,3g,S5,1,0.63253439,0.55547526,1.13872649,1
window,45,S3,isolation_forest,auto,primary,IMG_8437,3g,S5,1,0.63662054,0.55547526,1.14608263,1
window,45,S3,isolation_forest,auto,primary,IMG_8438,3g,S5,1,0.63833922,0.55547526,1.1491767,1
window,45,S3,isolation_forest,auto,primary,IMG_8438,3g,S5,1,0.63633689,0.55547526,1.14557197,1
window,45,S3,isolation_forest,auto,primary,IMG_8438,3g,S5,1,0.63256107,0.55547526,1.13877451,1
window,45,S3,isolation_forest,auto,primary,IMG_8439,3g,S5,1,0.6389185,0.55547526,1.15021954,1
window,45,S3,isolation_forest,auto,primary,IMG_8439,3g,S5,1,0.65556218,0.55547526,1.18018249,1
window,45,S3,isolation_forest,auto,primary,IMG_8439,3g,S5,1,0.63848787,0.55547526,1.1494443,1
window,45,S3,isolation_forest,auto,primary,IMG_8440,3g,S5,1,0.65002067,0.55547526,1.17020635,1
window,45,S3,isolation_forest,auto,primary,IMG_8440,3g,S5,1,0.64801288,0.55547526,1.16659179,1
window,45,S3,isolation_forest,auto,primary,IMG_8440,3g,S5,1,0.64799628,0.55547526,1.16656192,1
window,45,S3,isolation_forest,auto,primary,IMG_8441,3g,S5,1,0.64039137,0.55547526,1.1528711,1
window,45,S3,isolation_forest,auto,primary,IMG_8441,3g,S5,1,0.64514439,0.55547526,1.16142778,1
window,45,S3,isolation_forest,auto,primary,IMG_8441,3g,S5,1,0.6317714,0.55547526,1.13735291,1
window,45,S3,isolation_forest,auto,primary,IMG_8442,3g,S5,1,0.64637745,0.55547526,1.1636476,1
window,45,S3,isolation_forest,auto,primary,IMG_8442,3g,S5,1,0.64518576,0.55547526,1.16150224,1
window,45,S3,isolation_forest,auto,primary,IMG_8442,3g,S5,1,0.64097221,0.55547526,1.15391676,1
window,45,S3,isolation_forest,auto,primary,IMG_8443,3g,S5,1,0.64142911,0.55547526,1.15473929,1
window,45,S3,isolation_forest,auto,primary,IMG_8443,3g,S5,1,0.65107322,0.55547526,1.1721012,1
window,45,S3,isolation_forest,auto,primary,IMG_8443,3g,S5,1,0.65733568,0.55547526,1.18337526,1
window,45,S3,isolation_forest,auto,primary,IMG_8444,under3g,S6,1,0.69621959,0.55547526,1.25337642,1
window,45,S3,isolation_forest,auto,primary,IMG_8444,under3g,S6,1,0.614801,0.55547526,1.10680177,1
window,45,S3,isolation_forest,auto,primary,IMG_8444,under3g,S6,1,0.59143325,0.55547526,1.06473374,1
window,45,S3,isolation_forest,auto,primary,IMG_8445,under3g,S6,1,0.59230743,0.55547526,1.06630749,1
window,45,S3,isolation_forest,auto,primary,IMG_8445,under3g,S6,1,0.54517381,0.55547526,0.98145471,0
window,45,S3,isolation_forest,auto,primary,IMG_8445,under3g,S6,1,0.56527989,0.55547526,1.01765089,1
window,45,S3,isolation_forest,auto,primary,IMG_8446,under3g,S6,1,0.59023241,0.55547526,1.06257191,1
window,45,S3,isolation_forest,auto,primary,IMG_8446,under3g,S6,1,0.61125805,0.55547526,1.10042353,1
window,45,S3,isolation_forest,auto,primary,IMG_8446,under3g,S6,1,0.56724733,0.55547526,1.02119279,1
window,45,S3,isolation_forest,auto,primary,IMG_8447,under3g,S6,1,0.57843227,0.55547526,1.04132859,1
window,45,S3,isolation_forest,auto,primary,IMG_8447,under3g,S6,1,0.57333302,0.55547526,1.03214861,1
window,45,S3,isolation_forest,auto,primary,IMG_8447,under3g,S6,1,0.57434401,0.55547526,1.03396865,1
window,45,S3,isolation_forest,auto,primary,IMG_8448,under3g,S6,1,0.54293821,0.55547526,0.97743005,0
window,45,S3,isolation_forest,auto,primary,IMG_8448,under3g,S6,1,0.54326787,0.55547526,0.97802353,0
window,45,S3,isolation_forest,auto,primary,IMG_8448,under3g,S6,1,0.55884094,0.55547526,1.0060591,1
window,45,S3,isolation_forest,auto,primary,IMG_8449,under3g,S6,1,0.55220516,0.55547526,0.99411298,0
window,45,S3,isolation_forest,auto,primary,IMG_8449,under3g,S6,1,0.52488119,0.55547526,0.94492272,0
window,45,S3,isolation_forest,auto,primary,IMG_8449,under3g,S6,1,0.56669182,0.55547526,1.02019274,1
window,45,S3,isolation_forest,auto,primary,IMG_8450,under3g,S6,1,0.5737406,0.55547526,1.03288236,1
window,45,S3,isolation_forest,auto,primary,IMG_8450,under3g,S6,1,0.56903719,0.55547526,1.02441501,1
window,45,S3,isolation_forest,auto,primary,IMG_8450,under3g,S6,1,0.5829999,0.55547526,1.04955151,1
window,45,S3,isolation_forest,auto,primary,IMG_8451,under3g,S6,1,0.64876862,0.55547526,1.16795233,1
window,45,S3,isolation_forest,auto,primary,IMG_8451,under3g,S6,1,0.60507705,0.55547526,1.08929613,1
window,45,S3,isolation_forest,auto,primary,IMG_8451,under3g,S6,1,0.62905906,0.55547526,1.13246999,1
window,45,S3,isolation_forest,auto,primary,IMG_8453,under3g,S6,1,0.65142148,0.55547526,1.17272817,1
window,45,S3,isolation_forest,auto,primary,IMG_8453,under3g,S6,1,0.64855053,0.55547526,1.1675597,1
window,45,S3,isolation_forest,auto,primary,IMG_8453,under3g,S6,1,0.65548235,0.55547526,1.18003878,1
window,45,S3,isolation_forest,auto,primary,IMG_8454,under3g,S6,1,0.65637188,0.55547526,1.18164017,1
window,45,S3,isolation_forest,auto,primary,IMG_8454,under3g,S6,1,0.6551782,0.55547526,1.17949123,1
window,45,S3,isolation_forest,auto,primary,IMG_8454,under3g,S6,1,0.65068706,0.55547526,1.17140601,1
window,45,S3,isolation_forest,auto,primary,IMG_8455,under3g,S6,1,0.61588357,0.55547526,1.10875067,1
window,45,S3,isolation_forest,auto,primary,IMG_8455,under3g,S6,1,0.64359658,0.55547526,1.15864132,1
window,45,S3,isolation_forest,auto,primary,IMG_8455,under3g,S6,1,0.63674617,0.55547526,1.14630879,1
window,45,S3,isolation_forest,auto,primary,IMG_8456,under3g,S6,1,0.59910018,0.55547526,1.07853621,1
window,45,S3,isolation_forest,auto,primary,IMG_8456,under3g,S6,1,0.64046743,0.55547526,1.15300802,1
window,45,S3,isolation_forest,auto,primary,IMG_8456,under3g,S6,1,0.63336083,0.55547526,1.14021429,1
window,45,S3,isolation_forest,auto,primary,IMG_8457,under3g,S6,1,0.62583726,0.55547526,1.12666991,1
window,45,S3,isolation_forest,auto,primary,IMG_8457,under3g,S6,1,0.62256966,0.55547526,1.12078738,1
window,45,S3,isolation_forest,auto,primary,IMG_8457,under3g,S6,1,0.62416948,0.55547526,1.12366746,1
window,45,S3,isolation_forest,auto,primary,IMG_8458,under3g,S6,1,0.65032409,0.55547526,1.17075257,1
window,45,S3,isolation_forest,auto,primary,IMG_8458,under3g,S6,1,0.65239509,0.55547526,1.17448091,1
window,45,S3,isolation_forest,auto,primary,IMG_8458,under3g,S6,1,0.65644881,0.55547526,1.18177867,1
window,45,S3,isolation_forest,auto,primary,IMG_8459,under3g,S6,1,0.6524932,0.55547526,1.17465754,1
window,45,S3,isolation_forest,auto,primary,IMG_8459,under3g,S6,1,0.65819159,0.55547526,1.18491611,1
window,45,S3,isolation_forest,auto,primary,IMG_8459,under3g,S6,1,0.65993801,0.55547526,1.18806012,1
window,45,S3,isolation_forest,auto,primary,IMG_8460,under3g,S6,1,0.6379636,0.55547526,1.14850048,1
window,45,S3,isolation_forest,auto,primary,IMG_8460,under3g,S6,1,0.65523491,0.55547526,1.17959333,1
window,45,S3,isolation_forest,auto,primary,IMG_8460,under3g,S6,1,0.65744764,0.55547526,1.18357682,1
window,45,S4,isolation_forest,auto,primary,IMG_8419,normal,S4,0,0.45683179,0.55335378,0.82556911,0
window,45,S4,isolation_forest,auto,primary,IMG_8419,normal,S4,0,0.39908546,0.55335378,0.72121212,0
window,45,S4,isolation_forest,auto,primary,IMG_8419,normal,S4,0,0.42268876,0.55335378,0.76386712,0
window,45,S4,isolation_forest,auto,primary,IMG_8420,normal,S4,0,0.42433745,0.55335378,0.76684657,0
window,45,S4,isolation_forest,auto,primary,IMG_8420,normal,S4,0,0.42990074,0.55335378,0.77690034,0
window,45,S4,isolation_forest,auto,primary,IMG_8420,normal,S4,0,0.43221469,0.55335378,0.78108201,0
window,45,S4,isolation_forest,auto,primary,IMG_8421,normal,S4,0,0.46214461,0.55335378,0.83517024,0
window,45,S4,isolation_forest,auto,primary,IMG_8421,normal,S4,0,0.48259358,0.55335378,0.87212484,0
window,45,S4,isolation_forest,auto,primary,IMG_8421,normal,S4,0,0.55330461,0.55335378,0.99991113,0
window,45,S4,isolation_forest,auto,primary,IMG_8422,normal,S4,0,0.40282938,0.55335378,0.727978,0
window,45,S4,isolation_forest,auto,primary,IMG_8422,normal,S4,0,0.42085267,0.55335378,0.76054902,0
window,45,S4,isolation_forest,auto,primary,IMG_8422,normal,S4,0,0.4149811,0.55335378,0.74993812,0
window,45,S4,isolation_forest,auto,primary,IMG_8423,normal,S4,0,0.41000985,0.55335378,0.74095428,0
window,45,S4,isolation_forest,auto,primary,IMG_8423,normal,S4,0,0.4006294,0.55335378,0.72400228,0
window,45,S4,isolation_forest,auto,primary,IMG_8423,normal,S4,0,0.43638326,0.55335378,0.7886153,0
window,45,S4,isolation_forest,auto,primary,IMG_8436,3g,S5,1,0.63276772,0.55335378,1.14351386,1
window,45,S4,isolation_forest,auto,primary,IMG_8436,3g,S5,1,0.64436005,0.55335378,1.16446309,1
window,45,S4,isolation_forest,auto,primary,IMG_8436,3g,S5,1,0.64258182,0.55335378,1.16124953,1
window,45,S4,isolation_forest,auto,primary,IMG_8437,3g,S5,1,0.6438883,0.55335378,1.16361055,1
window,45,S4,isolation_forest,auto,primary,IMG_8437,3g,S5,1,0.63410579,0.55335378,1.14593196,1
window,45,S4,isolation_forest,auto,primary,IMG_8437,3g,S5,1,0.63912562,0.55335378,1.15500362,1
window,45,S4,isolation_forest,auto,primary,IMG_8438,3g,S5,1,0.64011263,0.55335378,1.15678731,1
window,45,S4,isolation_forest,auto,primary,IMG_8438,3g,S5,1,0.63916749,0.55335378,1.15507927,1
window,45,S4,isolation_forest,auto,primary,IMG_8438,3g,S5,1,0.63650727,0.55335378,1.15027184,1
window,45,S4,isolation_forest,auto,primary,IMG_8439,3g,S5,1,0.64151286,0.55335378,1.15931774,1
window,45,S4,isolation_forest,auto,primary,IMG_8439,3g,S5,1,0.65126607,0.55335378,1.17694337,1
window,45,S4,isolation_forest,auto,primary,IMG_8439,3g,S5,1,0.6418696,0.55335378,1.15996243,1
window,45,S4,isolation_forest,auto,primary,IMG_8440,3g,S5,1,0.64863838,0.55335378,1.17219471,1
window,45,S4,isolation_forest,auto,primary,IMG_8440,3g,S5,1,0.64595624,0.55335378,1.16734764,1
window,45,S4,isolation_forest,auto,primary,IMG_8440,3g,S5,1,0.64499536,0.55335378,1.16561118,1
window,45,S4,isolation_forest,auto,primary,IMG_8441,3g,S5,1,0.64150298,0.55335378,1.15929989,1
window,45,S4,isolation_forest,auto,primary,IMG_8441,3g,S5,1,0.64802584,0.55335378,1.17108776,1
window,45,S4,isolation_forest,auto,primary,IMG_8441,3g,S5,1,0.63567439,0.55335378,1.14876668,1
window,45,S4,isolation_forest,auto,primary,IMG_8442,3g,S5,1,0.64735417,0.55335378,1.16987393,1
window,45,S4,isolation_forest,auto,primary,IMG_8442,3g,S5,1,0.64655635,0.55335378,1.16843216,1
window,45,S4,isolation_forest,auto,primary,IMG_8442,3g,S5,1,0.64114117,0.55335378,1.15864604,1
window,45,S4,isolation_forest,auto,primary,IMG_8443,3g,S5,1,0.64237504,0.55335378,1.16087584,1
window,45,S4,isolation_forest,auto,primary,IMG_8443,3g,S5,1,0.65085657,0.55335378,1.17620334,1
window,45,S4,isolation_forest,auto,primary,IMG_8443,3g,S5,1,0.65720161,0.55335378,1.18766986,1
window,45,S4,isolation_forest,auto,primary,IMG_8444,under3g,S6,1,0.69237925,0.55335378,1.25124157,1
window,45,S4,isolation_forest,auto,primary,IMG_8444,under3g,S6,1,0.61533296,0.55335378,1.11200641,1
window,45,S4,isolation_forest,auto,primary,IMG_8444,under3g,S6,1,0.59640264,0.55335378,1.07779627,1
window,45,S4,isolation_forest,auto,primary,IMG_8445,under3g,S6,1,0.5835256,0.55335378,1.05452536,1
window,45,S4,isolation_forest,auto,primary,IMG_8445,under3g,S6,1,0.55337362,0.55335378,1.00003584,1
window,45,S4,isolation_forest,auto,primary,IMG_8445,under3g,S6,1,0.5725185,0.55335378,1.03463375,1
window,45,S4,isolation_forest,auto,primary,IMG_8446,under3g,S6,1,0.59373236,0.55335378,1.07297064,1
window,45,S4,isolation_forest,auto,primary,IMG_8446,under3g,S6,1,0.6129033,0.55335378,1.10761563,1
window,45,S4,isolation_forest,auto,primary,IMG_8446,under3g,S6,1,0.56509581,0.55335378,1.02121974,1
window,45,S4,isolation_forest,auto,primary,IMG_8447,under3g,S6,1,0.5823122,0.55335378,1.05233256,1
window,45,S4,isolation_forest,auto,primary,IMG_8447,under3g,S6,1,0.57844569,0.55335378,1.04534515,1
window,45,S4,isolation_forest,auto,primary,IMG_8447,under3g,S6,1,0.58027666,0.55335378,1.04865401,1
window,45,S4,isolation_forest,auto,primary,IMG_8448,under3g,S6,1,0.54702543,0.55335378,0.98856364,0
window,45,S4,isolation_forest,auto,primary,IMG_8448,under3g,S6,1,0.54732777,0.55335378,0.98911001,0
window,45,S4,isolation_forest,auto,primary,IMG_8448,under3g,S6,1,0.56400616,0.55335378,1.01925058,1
window,45,S4,isolation_forest,auto,primary,IMG_8449,under3g,S6,1,0.55367407,0.55335378,1.00057881,1
window,45,S4,isolation_forest,auto,primary,IMG_8449,under3g,S6,1,0.51708427,0.55335378,0.93445512,0
window,45,S4,isolation_forest,auto,primary,IMG_8449,under3g,S6,1,0.57122956,0.55335378,1.03230442,1
window,45,S4,isolation_forest,auto,primary,IMG_8450,under3g,S6,1,0.57710047,0.55335378,1.04291411,1
window,45,S4,isolation_forest,auto,primary,IMG_8450,under3g,S6,1,0.56250554,0.55335378,1.01653871,1
window,45,S4,isolation_forest,auto,primary,IMG_8450,under3g,S6,1,0.59320929,0.55335378,1.07202537,1
window,45,S4,isolation_forest,auto,primary,IMG_8451,under3g,S6,1,0.63930961,0.55335378,1.15533611,1
window,45,S4,isolation_forest,auto,primary,IMG_8451,under3g,S6,1,0.60076807,0.55335378,1.0856853,1
window,45,S4,isolation_forest,auto,primary,IMG_8451,under3g,S6,1,0.6236796,0.55335378,1.12709015,1
window,45,S4,isolation_forest,auto,primary,IMG_8453,under3g,S6,1,0.64907401,0.55335378,1.17298198,1
window,45,S4,isolation_forest,auto,primary,IMG_8453,under3g,S6,1,0.64523658,0.55335378,1.16604712,1
window,45,S4,isolation_forest,auto,primary,IMG_8453,under3g,S6,1,0.6518562,0.55335378,1.17800983,1
window,45,S4,isolation_forest,auto,primary,IMG_8454,under3g,S6,1,0.65221225,0.55335378,1.17865328,1
window,45,S4,isolation_forest,auto,primary,IMG_8454,under3g,S6,1,0.65445933,0.55335378,1.18271412,1
window,45,S4,isolation_forest,auto,primary,IMG_8454,under3g,S6,1,0.64595195,0.55335378,1.1673399,1
window,45,S4,isolation_forest,auto,primary,IMG_8455,under3g,S6,1,0.62535658,0.55335378,1.13012072,1
window,45,S4,isolation_forest,auto,primary,IMG_8455,under3g,S6,1,0.63576017,0.55335378,1.14892171,1
window,45,S4,isolation_forest,auto,primary,IMG_8455,under3g,S6,1,0.63141146,0.55335378,1.14106287,1
window,45,S4,isolation_forest,auto,primary,IMG_8456,under3g,S6,1,0.59969211,0.55335378,1.08374086,1
window,45,S4,isolation_forest,auto,primary,IMG_8456,under3g,S6,1,0.63758543,0.55335378,1.15222025,1
window,45,S4,isolation_forest,auto,primary,IMG_8456,under3g,S6,1,0.6313221,0.55335378,1.14090138,1
window,45,S4,isolation_forest,auto,primary,IMG_8457,under3g,S6,1,0.62983467,0.55335378,1.13821336,1
window,45,S4,isolation_forest,auto,primary,IMG_8457,under3g,S6,1,0.62363476,0.55335378,1.12700911,1
window,45,S4,isolation_forest,auto,primary,IMG_8457,under3g,S6,1,0.622926,0.55335378,1.12572828,1
window,45,S4,isolation_forest,auto,primary,IMG_8458,under3g,S6,1,0.64831189,0.55335378,1.17160469,1
window,45,S4,isolation_forest,auto,primary,IMG_8458,under3g,S6,1,0.64742831,0.55335378,1.17000792,1
window,45,S4,isolation_forest,auto,primary,IMG_8458,under3g,S6,1,0.65235479,0.55335378,1.17891087,1
window,45,S4,isolation_forest,auto,primary,IMG_8459,under3g,S6,1,0.65112066,0.55335378,1.17668059,1
window,45,S4,isolation_forest,auto,primary,IMG_8459,under3g,S6,1,0.65328112,0.55335378,1.18058489,1
window,45,S4,isolation_forest,auto,primary,IMG_8459,under3g,S6,1,0.65012453,0.55335378,1.17488043,1
window,45,S4,isolation_forest,auto,primary,IMG_8460,under3g,S6,1,0.63317314,0.55335378,1.14424653,1
window,45,S4,isolation_forest,auto,primary,IMG_8460,under3g,S6,1,0.64866517,0.55335378,1.17224312,1
window,45,S4,isolation_forest,auto,primary,IMG_8460,under3g,S6,1,0.65281611,0.55335378,1.17974454,1
window,46,S1,mahalanobis,3,all,IMG_8390,normal,S1,0,2.8199263,2.48344041,1.13549183,1
window,46,S1,mahalanobis,3,all,IMG_8390,normal,S1,0,2.36104935,2.48344041,0.95071713,0
window,46,S1,mahalanobis,3,all,IMG_8390,normal,S1,0,1.7742128,2.48344041,0.7144173,0
window,46,S1,mahalanobis,3,all,IMG_8391,normal,S1,0,3.49768333,2.48344041,1.40840236,1
window,46,S1,mahalanobis,3,all,IMG_8391,normal,S1,0,2.61241772,2.48344041,1.05193493,1
window,46,S1,mahalanobis,3,all,IMG_8391,normal,S1,0,2.09546883,2.48344041,0.84377657,0
window,46,S1,mahalanobis,3,all,IMG_8392,normal,S1,0,1.42902938,2.48344041,0.57542326,0
window,46,S1,mahalanobis,3,all,IMG_8392,normal,S1,0,1.83844643,2.48344041,0.74028208,0
window,46,S1,mahalanobis,3,all,IMG_8392,normal,S1,0,0.85265675,2.48344041,0.34333691,0
window,46,S1,mahalanobis,3,all,IMG_8393,normal,S1,0,2.73439685,2.48344041,1.10105193,1
window,46,S1,mahalanobis,3,all,IMG_8393,normal,S1,0,1.4651403,2.48344041,0.58996394,0
window,46,S1,mahalanobis,3,all,IMG_8393,normal,S1,0,2.305335,2.48344041,0.92828279,0
window,46,S1,mahalanobis,3,all,IMG_8394,normal,S1,0,2.24987234,2.48344041,0.9059498,0
window,46,S1,mahalanobis,3,all,IMG_8394,normal,S1,0,3.28195279,2.48344041,1.32153475,1
window,46,S1,mahalanobis,3,all,IMG_8394,normal,S1,0,1.99008075,2.48344041,0.80134025,0
window,46,S1,mahalanobis,3,all,IMG_8395,normal,S1,0,1.92504072,2.48344041,0.77515076,0
window,46,S1,mahalanobis,3,all,IMG_8395,normal,S1,0,2.59011513,2.48344041,1.04295441,1
window,46,S1,mahalanobis,3,all,IMG_8395,normal,S1,0,1.58729172,2.48344041,0.63915031,0
window,46,S1,mahalanobis,3,all,IMG_8396,normal,S1,0,3.41646176,2.48344041,1.3756971,1
window,46,S1,mahalanobis,3,all,IMG_8396,normal,S1,0,2.24598277,2.48344041,0.9043836,0
window,46,S1,mahalanobis,3,all,IMG_8396,normal,S1,0,2.29796777,2.48344041,0.92531625,0
window,46,S1,mahalanobis,3,all,IMG_8397,normal,S1,0,1.07364528,2.48344041,0.43232174,0
window,46,S1,mahalanobis,3,all,IMG_8397,normal,S1,0,0.63836217,2.48344041,0.25704751,0
window,46,S1,mahalanobis,3,all,IMG_8397,normal,S1,0,0.87310891,2.48344041,0.35157232,0
window,46,S1,mahalanobis,3,all,IMG_8398,normal,S1,0,2.85694514,2.48344041,1.1503981,1
window,46,S1,mahalanobis,3,all,IMG_8398,normal,S1,0,1.0002179,2.48344041,0.40275494,0
window,46,S1,mahalanobis,3,all,IMG_8398,normal,S1,0,2.14726695,2.48344041,0.86463397,0
window,46,S1,mahalanobis,3,all,IMG_8399,normal,S1,0,2.20458281,2.48344041,0.88771319,0
window,46,S1,mahalanobis,3,all,IMG_8399,normal,S1,0,0.78173277,2.48344041,0.31477815,0
window,46,S1,mahalanobis,3,all,IMG_8399,normal,S1,0,0.90615689,2.48344041,0.36487966,0
window,46,S1,mahalanobis,3,all,IMG_8400,normal,S1,0,1.51468634,2.48344041,0.60991451,0
window,46,S1,mahalanobis,3,all,IMG_8400,normal,S1,0,0.38621396,2.48344041,0.15551569,0
window,46,S1,mahalanobis,3,all,IMG_8400,normal,S1,0,0.79823116,2.48344041,0.32142151,0
window,46,S1,mahalanobis,3,all,IMG_8401,normal,S1,0,3.74874029,2.48344041,1.50949476,1
window,46,S1,mahalanobis,3,all,IMG_8401,normal,S1,0,0.74927127,2.48344041,0.30170696,0
window,46,S1,mahalanobis,3,all,IMG_8401,normal,S1,0,1.22002545,2.48344041,0.49126423,0
window,46,S1,mahalanobis,3,all,IMG_8402,normal,S1,0,1.89743219,2.48344041,0.76403371,0
window,46,S1,mahalanobis,3,all,IMG_8402,normal,S1,0,1.6926257,2.48344041,0.68156485,0
window,46,S1,mahalanobis,3,all,IMG_8402,normal,S1,0,0.92426949,2.48344041,0.37217301,0
window,46,S1,mahalanobis,3,all,IMG_8403,normal,S1,0,2.87290464,2.48344041,1.15682447,1
window,46,S1,mahalanobis,3,all,IMG_8403,normal,S1,0,2.55639771,2.48344041,1.02937751,1
window,46,S1,mahalanobis,3,all,IMG_8403,normal,S1,0,1.32975048,2.48344041,0.5354469,0
window,46,S1,mahalanobis,3,all,IMG_8404,normal,S1,0,1.80582383,2.48344041,0.72714603,0
window,46,S1,mahalanobis,3,all,IMG_8404,normal,S1,0,1.40246928,2.48344041,0.56472838,0
window,46,S1,mahalanobis,3,all,IMG_8404,normal,S1,0,1.00610978,2.48344041,0.40512741,0
window,46,S1,mahalanobis,3,all,IMG_8405,normal,S1,0,1.55032982,2.48344041,0.62426697,0
window,46,S1,mahalanobis,3,all,IMG_8405,normal,S1,0,1.26347577,2.48344041,0.50876025,0
window,46,S1,mahalanobis,3,all,IMG_8405,normal,S1,0,1.48642283,2.48344041,0.59853372,0
window,46,S1,mahalanobis,3,all,IMG_8406,normal,S1,0,1.02059454,2.48344041,0.41095995,0
window,46,S1,mahalanobis,3,all,IMG_8406,normal,S1,0,1.87041918,2.48344041,0.75315646,0
window,46,S1,mahalanobis,3,all,IMG_8406,normal,S1,0,1.44514183,2.48344041,0.58191122,0
window,46,S1,mahalanobis,3,all,IMG_8407,normal,S1,0,2.65394254,2.48344041,1.06865561,1
window,46,S1,mahalanobis,3,all,IMG_8407,normal,S1,0,0.50346493,2.48344041,0.20272881,0
window,46,S1,mahalanobis,3,all,IMG_8407,normal,S1,0,2.30553648,2.48344041,0.92836392,0
window,46,S1,mahalanobis,3,all,IMG_8408,normal,S1,0,1.89451676,2.48344041,0.76285976,0
window,46,S1,mahalanobis,3,all,IMG_8408,normal,S1,0,1.34421385,2.48344041,0.54127083,0
window,46,S1,mahalanobis,3,all,IMG_8408,normal,S1,0,1.9471014,2.48344041,0.78403387,0
window,46,S1,mahalanobis,3,all,IMG_8409,normal,S1,0,1.53725212,2.48344041,0.61900101,0
window,46,S1,mahalanobis,3,all,IMG_8409,normal,S1,0,1.04810385,2.48344041,0.42203704,0
window,46,S1,mahalanobis,3,all,IMG_8409,normal,S1,0,2.61208445,2.48344041,1.05180074,1
window,46,S1,mahalanobis,3,all,IMG_8410,normal,S1,0,0.99983833,2.48344041,0.4026021,0
window,46,S1,mahalanobis,3,all,IMG_8410,normal,S1,0,0.89821909,2.48344041,0.36168337,0
window,46,S1,mahalanobis,3,all,IMG_8410,normal,S1,0,1.36828249,2.48344041,0.55096248,0
window,46,S1,mahalanobis,3,all,IMG_8411,normal,S1,0,1.77908444,2.48344041,0.71637895,0
window,46,S1,mahalanobis,3,all,IMG_8411,normal,S1,0,1.49814418,2.48344041,0.60325353,0
window,46,S1,mahalanobis,3,all,IMG_8411,normal,S1,0,2.2920793,2.48344041,0.92294516,0
window,46,S1,mahalanobis,3,all,IMG_8412,normal,S1,0,1.24153063,2.48344041,0.49992366,0
window,46,S1,mahalanobis,3,all,IMG_8412,normal,S1,0,2.71004047,2.48344041,1.09124441,1
window,46,S1,mahalanobis,3,all,IMG_8412,normal,S1,0,1.23153733,2.48344041,0.49589969,0
window,46,S1,mahalanobis,3,all,IMG_8413,normal,S1,0,0.63188517,2.48344041,0.25443943,0
window,46,S1,mahalanobis,3,all,IMG_8413,normal,S1,0,1.52293095,2.48344041,0.61323434,0
window,46,S1,mahalanobis,3,all,IMG_8413,normal,S1,0,1.55013113,2.48344041,0.62418696,0
window,46,S1,mahalanobis,3,all,IMG_8414,normal,S1,0,2.46919144,2.48344041,0.99426241,0
window,46,S1,mahalanobis,3,all,IMG_8414,normal,S1,0,2.94823244,2.48344041,1.1871565,1
window,46,S1,mahalanobis,3,all,IMG_8414,normal,S1,0,2.24163683,2.48344041,0.90263363,0
window,46,S1,mahalanobis,3,all,IMG_8415,normal,S1,0,2.15702475,2.48344041,0.86856312,0
window,46,S1,mahalanobis,3,all,IMG_8415,normal,S1,0,1.22803557,2.48344041,0.49448964,0
window,46,S1,mahalanobis,3,all,IMG_8415,normal,S1,0,1.75520104,2.48344041,0.70676189,0
window,46,S1,mahalanobis,3,all,IMG_8436,3g,S5,1,7.03781663,2.48344041,2.83389793,1
window,46,S1,mahalanobis,3,all,IMG_8436,3g,S5,1,7.74987072,2.48344041,3.12061875,1
window,46,S1,mahalanobis,3,all,IMG_8436,3g,S5,1,7.53120486,2.48344041,3.03256918,1
window,46,S1,mahalanobis,3,all,IMG_8437,3g,S5,1,6.77540566,2.48344041,2.72823363,1
window,46,S1,mahalanobis,3,all,IMG_8437,3g,S5,1,6.78100465,2.48344041,2.73048817,1
window,46,S1,mahalanobis,3,all,IMG_8437,3g,S5,1,6.65029891,2.48344041,2.67785725,1
window,46,S1,mahalanobis,3,all,IMG_8438,3g,S5,1,7.32972535,2.48344041,2.95143999,1
window,46,S1,mahalanobis,3,all,IMG_8438,3g,S5,1,8.01248607,2.48344041,3.22636534,1
window,46,S1,mahalanobis,3,all,IMG_8438,3g,S5,1,7.407288,2.48344041,2.98267193,1
window,46,S1,mahalanobis,3,all,IMG_8439,3g,S5,1,7.33932583,2.48344041,2.95530579,1
window,46,S1,mahalanobis,3,all,IMG_8439,3g,S5,1,7.38983945,2.48344041,2.97564597,1
window,46,S1,mahalanobis,3,all,IMG_8439,3g,S5,1,6.82770515,2.48344041,2.74929292,1
window,46,S1,mahalanobis,3,all,IMG_8440,3g,S5,1,7.40605067,2.48344041,2.9821737,1
window,46,S1,mahalanobis,3,all,IMG_8440,3g,S5,1,7.82966673,2.48344041,3.15274999,1
window,46,S1,mahalanobis,3,all,IMG_8440,3g,S5,1,7.47412502,2.48344041,3.009585,1
window,46,S1,mahalanobis,3,all,IMG_8441,3g,S5,1,7.68295499,2.48344041,3.09367398,1
window,46,S1,mahalanobis,3,all,IMG_8441,3g,S5,1,7.02218048,2.48344041,2.82760176,1
window,46,S1,mahalanobis,3,all,IMG_8441,3g,S5,1,7.30565513,2.48344041,2.9417477,1
window,46,S1,mahalanobis,3,all,IMG_8442,3g,S5,1,7.17763375,2.48344041,2.89019769,1
window,46,S1,mahalanobis,3,all,IMG_8442,3g,S5,1,7.23195034,2.48344041,2.9120692,1
window,46,S1,mahalanobis,3,all,IMG_8442,3g,S5,1,7.40570618,2.48344041,2.98203498,1
window,46,S1,mahalanobis,3,all,IMG_8443,3g,S5,1,7.46383053,2.48344041,3.00543975,1
window,46,S1,mahalanobis,3,all,IMG_8443,3g,S5,1,7.3552077,2.48344041,2.9617009,1
window,46,S1,mahalanobis,3,all,IMG_8443,3g,S5,1,7.64470309,2.48344041,3.0782712,1
window,46,S1,mahalanobis,3,all,IMG_8444,under3g,S6,1,9.14449362,2.48344041,3.68218765,1
window,46,S1,mahalanobis,3,all,IMG_8444,under3g,S6,1,4.66195671,2.48344041,1.87721706,1
window,46,S1,mahalanobis,3,all,IMG_8444,under3g,S6,1,5.05956111,2.48344041,2.03731931,1
window,46,S1,mahalanobis,3,all,IMG_8445,under3g,S6,1,3.95475371,2.48344041,1.59244961,1
window,46,S1,mahalanobis,3,all,IMG_8445,under3g,S6,1,3.02926913,2.48344041,1.21978732,1
window,46,S1,mahalanobis,3,all,IMG_8445,under3g,S6,1,2.64601063,2.48344041,1.06546169,1
window,46,S1,mahalanobis,3,all,IMG_8446,under3g,S6,1,3.10046442,2.48344041,1.24845533,1
window,46,S1,mahalanobis,3,all,IMG_8446,under3g,S6,1,4.42436212,2.48344041,1.78154551,1
window,46,S1,mahalanobis,3,all,IMG_8446,under3g,S6,1,3.93694966,2.48344041,1.5852805,1
window,46,S1,mahalanobis,3,all,IMG_8447,under3g,S6,1,4.00893038,2.48344041,1.61426478,1
window,46,S1,mahalanobis,3,all,IMG_8447,under3g,S6,1,3.92413571,2.48344041,1.58012074,1
window,46,S1,mahalanobis,3,all,IMG_8447,under3g,S6,1,2.38200961,2.48344041,0.95915714,0
window,46,S1,mahalanobis,3,all,IMG_8448,under3g,S6,1,1.91401199,2.48344041,0.77070985,0
window,46,S1,mahalanobis,3,all,IMG_8448,under3g,S6,1,1.91940244,2.48344041,0.77288041,0
window,46,S1,mahalanobis,3,all,IMG_8448,under3g,S6,1,2.41080853,2.48344041,0.97075352,0
window,46,S1,mahalanobis,3,all,IMG_8449,under3g,S6,1,2.60868056,2.48344041,1.0504301,1
window,46,S1,mahalanobis,3,all,IMG_8449,under3g,S6,1,0.98449986,2.48344041,0.3964258,0
window,46,S1,mahalanobis,3,all,IMG_8449,under3g,S6,1,2.43748583,2.48344041,0.9814956,0
window,46,S1,mahalanobis,3,all,IMG_8450,under3g,S6,1,3.18306112,2.48344041,1.28171431,1
window,46,S1,mahalanobis,3,all,IMG_8450,under3g,S6,1,4.13698911,2.48344041,1.66582983,1
window,46,S1,mahalanobis,3,all,IMG_8450,under3g,S6,1,3.4379602,2.48344041,1.38435381,1
window,46,S1,mahalanobis,3,all,IMG_8451,under3g,S6,1,6.50938428,2.48344041,2.62111555,1
window,46,S1,mahalanobis,3,all,IMG_8451,under3g,S6,1,4.21181882,2.48344041,1.6959613,1
window,46,S1,mahalanobis,3,all,IMG_8451,under3g,S6,1,4.73769959,2.48344041,1.90771624,1
window,46,S1,mahalanobis,3,all,IMG_8453,under3g,S6,1,5.29497537,2.48344041,2.13211291,1
window,46,S1,mahalanobis,3,all,IMG_8453,under3g,S6,1,5.47345611,2.48344041,2.20398125,1
window,46,S1,mahalanobis,3,all,IMG_8453,under3g,S6,1,5.21207428,2.48344041,2.09873136,1
window,46,S1,mahalanobis,3,all,IMG_8454,under3g,S6,1,5.07391942,2.48344041,2.04310093,1
window,46,S1,mahalanobis,3,all,IMG_8454,under3g,S6,1,5.36995058,2.48344041,2.16230297,1
window,46,S1,mahalanobis,3,all,IMG_8454,under3g,S6,1,5.04064284,2.48344041,2.02970154,1
window,46,S1,mahalanobis,3,all,IMG_8455,under3g,S6,1,5.78406927,2.48344041,2.32905499,1
window,46,S1,mahalanobis,3,all,IMG_8455,under3g,S6,1,5.34347945,2.48344041,2.15164392,1
window,46,S1,mahalanobis,3,all,IMG_8455,under3g,S6,1,5.36327587,2.48344041,2.15961529,1
window,46,S1,mahalanobis,3,all,IMG_8456,under3g,S6,1,5.66783534,2.48344041,2.28225139,1
window,46,S1,mahalanobis,3,all,IMG_8456,under3g,S6,1,5.20372678,2.48344041,2.0953701,1
window,46,S1,mahalanobis,3,all,IMG_8456,under3g,S6,1,5.37915896,2.48344041,2.16601089,1
window,46,S1,mahalanobis,3,all,IMG_8457,under3g,S6,1,5.18724903,2.48344041,2.08873505,1
window,46,S1,mahalanobis,3,all,IMG_8457,under3g,S6,1,5.26321731,2.48344041,2.11932498,1
window,46,S1,mahalanobis,3,all,IMG_8457,under3g,S6,1,5.36604538,2.48344041,2.16073048,1
window,46,S1,mahalanobis,3,all,IMG_8458,under3g,S6,1,5.30135258,2.48344041,2.13468081,1
window,46,S1,mahalanobis,3,all,IMG_8458,under3g,S6,1,5.7520199,2.48344041,2.31614975,1
window,46,S1,mahalanobis,3,all,IMG_8458,under3g,S6,1,5.35676521,2.48344041,2.15699365,1
window,46,S1,mahalanobis,3,all,IMG_8459,under3g,S6,1,4.84630535,2.48344041,1.95144821,1
window,46,S1,mahalanobis,3,all,IMG_8459,under3g,S6,1,5.12664607,2.48344041,2.06433222,1
window,46,S1,mahalanobis,3,all,IMG_8459,under3g,S6,1,5.63964673,2.48344041,2.27090077,1
window,46,S1,mahalanobis,3,all,IMG_8460,under3g,S6,1,5.23168888,2.48344041,2.10662952,1
window,46,S1,mahalanobis,3,all,IMG_8460,under3g,S6,1,5.60505194,2.48344041,2.25697058,1
window,46,S1,mahalanobis,3,all,IMG_8460,under3g,S6,1,5.55783156,2.48344041,2.23795648,1
window,46,S2,isolation_forest,auto,primary,IMG_8427,normal,S2,0,0.40809229,0.54721237,0.74576584,0
window,46,S2,isolation_forest,auto,primary,IMG_8427,normal,S2,0,0.42717872,0.54721237,0.78064522,0
window,46,S2,isolation_forest,auto,primary,IMG_8427,normal,S2,0,0.41851596,0.54721237,0.76481451,0
window,46,S2,isolation_forest,auto,primary,IMG_8428,normal,S2,0,0.40595777,0.54721237,0.74186513,0
window,46,S2,isolation_forest,auto,primary,IMG_8428,normal,S2,0,0.41515703,0.54721237,0.75867626,0
window,46,S2,isolation_forest,auto,primary,IMG_8428,normal,S2,0,0.40861037,0.54721237,0.74671259,0
window,46,S2,isolation_forest,auto,primary,IMG_8429,normal,S2,0,0.4891094,0.54721237,0.89382007,0
window,46,S2,isolation_forest,auto,primary,IMG_8429,normal,S2,0,0.4320527,0.54721237,0.78955214,0
window,46,S2,isolation_forest,auto,primary,IMG_8429,normal,S2,0,0.43027382,0.54721237,0.78630135,0
window,46,S2,isolation_forest,auto,primary,IMG_8431,normal,S2,0,0.47260006,0.54721237,0.86365018,0
window,46,S2,isolation_forest,auto,primary,IMG_8431,normal,S2,0,0.43845013,0.54721237,0.8012431,0
window,46,S2,isolation_forest,auto,primary,IMG_8431,normal,S2,0,0.44228001,0.54721237,0.80824199,0
window,46,S2,isolation_forest,auto,primary,IMG_8432,normal,S2,0,0.48798247,0.54721237,0.89176069,0
window,46,S2,isolation_forest,auto,primary,IMG_8432,normal,S2,0,0.40987674,0.54721237,0.74902682,0
window,46,S2,isolation_forest,auto,primary,IMG_8432,normal,S2,0,0.43863244,0.54721237,0.80157626,0
window,46,S2,isolation_forest,auto,primary,IMG_8436,3g,S5,1,0.63582063,0.54721237,1.16192664,1
window,46,S2,isolation_forest,auto,primary,IMG_8436,3g,S5,1,0.64100723,0.54721237,1.17140488,1
window,46,S2,isolation_forest,auto,primary,IMG_8436,3g,S5,1,0.64519023,0.54721237,1.17904906,1
window,46,S2,isolation_forest,auto,primary,IMG_8437,3g,S5,1,0.63759466,0.54721237,1.16516859,1
window,46,S2,isolation_forest,auto,primary,IMG_8437,3g,S5,1,0.62976551,0.54721237,1.15086125,1
window,46,S2,isolation_forest,auto,primary,IMG_8437,3g,S5,1,0.63712914,0.54721237,1.16431788,1
window,46,S2,isolation_forest,auto,primary,IMG_8438,3g,S5,1,0.63704326,0.54721237,1.16416094,1
window,46,S2,isolation_forest,auto,primary,IMG_8438,3g,S5,1,0.63423586,0.54721237,1.15903057,1
window,46,S2,isolation_forest,auto,primary,IMG_8438,3g,S5,1,0.63180916,0.54721237,1.1545959,1
window,46,S2,isolation_forest,auto,primary,IMG_8439,3g,S5,1,0.63394065,0.54721237,1.15849109,1
window,46,S2,isolation_forest,auto,primary,IMG_8439,3g,S5,1,0.65472855,0.54721237,1.19647981,1
window,46,S2,isolation_forest,auto,primary,IMG_8439,3g,S5,1,0.63759466,0.54721237,1.16516859,1
window,46,S2,isolation_forest,auto,primary,IMG_8440,3g,S5,1,0.64663316,0.54721237,1.18168595,1
window,46,S2,isolation_forest,auto,primary,IMG_8440,3g,S5,1,0.64723524,0.54721237,1.1827862,1
window,46,S2,isolation_forest,auto,primary,IMG_8440,3g,S5,1,0.64694943,0.54721237,1.1822639,1
window,46,S2,isolation_forest,auto,primary,IMG_8441,3g,S5,1,0.64166796,0.54721237,1.17261231,1
window,46,S2,isolation_forest,auto,primary,IMG_8441,3g,S5,1,0.64277661,0.54721237,1.17463831,1
window,46,S2,isolation_forest,auto,primary,IMG_8441,3g,S5,1,0.63541826,0.54721237,1.16119134,1
window,46,S2,isolation_forest,auto,primary,IMG_8442,3g,S5,1,0.64154866,0.54721237,1.1723943,1
window,46,S2,isolation_forest,auto,primary,IMG_8442,3g,S5,1,0.64020808,0.54721237,1.16994447,1
window,46,S2,isolation_forest,auto,primary,IMG_8442,3g,S5,1,0.63916756,0.54721237,1.16804298,1
window,46,S2,isolation_forest,auto,primary,IMG_8443,3g,S5,1,0.64137665,0.54721237,1.17207996,1
window,46,S2,isolation_forest,auto,primary,IMG_8443,3g,S5,1,0.65027547,0.54721237,1.18834206,1
window,46,S2,isolation_forest,auto,primary,IMG_8443,3g,S5,1,0.65403182,0.54721237,1.19520658,1
window,46,S2,isolation_forest,auto,primary,IMG_8444,under3g,S6,1,0.69734151,0.54721237,1.27435261,1
window,46,S2,isolation_forest,auto,primary,IMG_8444,under3g,S6,1,0.62363154,0.54721237,1.13965176,1
window,46,S2,isolation_forest,auto,primary,IMG_8444,under3g,S6,1,0.60413688,0.54721237,1.10402636,1
window,46,S2,isolation_forest,auto,primary,IMG_8445,under3g,S6,1,0.60608413,0.54721237,1.10758485,1
window,46,S2,isolation_forest,auto,primary,IMG_8445,under3g,S6,1,0.56229396,0.54721237,1.02756077,1
window,46,S2,isolation_forest,auto,primary,IMG_8445,under3g,S6,1,0.56656088,0.54721237,1.03535832,1
window,46,S2,isolation_forest,auto,primary,IMG_8446,under3g,S6,1,0.58936362,0.54721237,1.07702907,1
window,46,S2,isolation_forest,auto,primary,IMG_8446,under3g,S6,1,0.63000091,0.54721237,1.15129143,1
window,46,S2,isolation_forest,auto,primary,IMG_8446,under3g,S6,1,0.58162515,0.54721237,1.06288744,1
window,46,S2,isolation_forest,auto,primary,IMG_8447,under3g,S6,1,0.60289961,0.54721237,1.10176533,1
window,46,S2,isolation_forest,auto,primary,IMG_8447,under3g,S6,1,0.59450059,0.54721237,1.08641658,1
window,46,S2,isolation_forest,auto,primary,IMG_8447,under3g,S6,1,0.58717434,0.54721237,1.07302828,1
window,46,S2,isolation_forest,auto,primary,IMG_8448,under3g,S6,1,0.53847792,0.54721237,0.98403829,0
window,46,S2,isolation_forest,auto,primary,IMG_8448,under3g,S6,1,0.54637774,0.54721237,0.99847476,0
window,46,S2,isolation_forest,auto,primary,IMG_8448,under3g,S6,1,0.57192594,0.54721237,1.04516268,1
window,46,S2,isolation_forest,auto,primary,IMG_8449,under3g,S6,1,0.56763773,0.54721237,1.0373262,1
window,46,S2,isolation_forest,auto,primary,IMG_8449,under3g,S6,1,0.51790381,0.54721237,0.94644025,0
window,46,S2,isolation_forest,auto,primary,IMG_8449,under3g,S6,1,0.55911346,0.54721237,1.02174858,1
window,46,S2,isolation_forest,auto,primary,IMG_8450,under3g,S6,1,0.59135381,0.54721237,1.08066601,1
window,46,S2,isolation_forest,auto,primary,IMG_8450,under3g,S6,1,0.58844716,0.54721237,1.07535427,1
window,46,S2,isolation_forest,auto,primary,IMG_8450,under3g,S6,1,0.58813028,0.54721237,1.07477521,1
window,46,S2,isolation_forest,auto,primary,IMG_8451,under3g,S6,1,0.66253571,0.54721237,1.21074697,1
window,46,S2,isolation_forest,auto,primary,IMG_8451,under3g,S6,1,0.61331507,0.54721237,1.120799,1
window,46,S2,isolation_forest,auto,primary,IMG_8451,under3g,S6,1,0.63359233,0.54721237,1.15785456,1
window,46,S2,isolation_forest,auto,primary,IMG_8453,under3g,S6,1,0.65069798,0.54721237,1.18911418,1
window,46,S2,isolation_forest,auto,primary,IMG_8453,under3g,S6,1,0.64503224,0.54721237,1.17876036,1
window,46,S2,isolation_forest,auto,primary,IMG_8453,under3g,S6,1,0.65019473,0.54721237,1.18819452,1
window,46,S2,isolation_forest,auto,primary,IMG_8454,under3g,S6,1,0.6520996,0.54721237,1.19167556,1
window,46,S2,isolation_forest,auto,primary,IMG_8454,under3g,S6,1,0.65235796,0.54721237,1.1921477,1
window,46,S2,isolation_forest,auto,primary,IMG_8454,under3g,S6,1,0.64914871,0.54721237,1.18628298,1
window,46,S2,isolation_forest,auto,primary,IMG_8455,under3g,S6,1,0.62071854,0.54721237,1.13432842,1
window,46,S2,isolation_forest,auto,primary,IMG_8455,under3g,S6,1,0.64113636,0.54721237,1.17164085,1
window,46,S2,isolation_forest,auto,primary,IMG_8455,under3g,S6,1,0.62648378,0.54721237,1.14486408,1
window,46,S2,isolation_forest,auto,primary,IMG_8456,under3g,S6,1,0.61098688,0.54721237,1.11654436,1
window,46,S2,isolation_forest,auto,primary,IMG_8456,under3g,S6,1,0.63932791,0.54721237,1.168336,1
window,46,S2,isolation_forest,auto,primary,IMG_8456,under3g,S6,1,0.62711618,0.54721237,1.14601975,1
window,46,S2,isolation_forest,auto,primary,IMG_8457,under3g,S6,1,0.62878045,0.54721237,1.14906112,1
window,46,S2,isolation_forest,auto,primary,IMG_8457,under3g,S6,1,0.62541473,0.54721237,1.14291044,1
window,46,S2,isolation_forest,auto,primary,IMG_8457,under3g,S6,1,0.61730379,0.54721237,1.12808815,1
window,46,S2,isolation_forest,auto,primary,IMG_8458,under3g,S6,1,0.64557122,0.54721237,1.1797453,1
window,46,S2,isolation_forest,auto,primary,IMG_8458,under3g,S6,1,0.6494144,0.54721237,1.1867685,1
window,46,S2,isolation_forest,auto,primary,IMG_8458,under3g,S6,1,0.65272903,0.54721237,1.19282581,1
window,46,S2,isolation_forest,auto,primary,IMG_8459,under3g,S6,1,0.64714068,0.54721237,1.18261341,1
window,46,S2,isolation_forest,auto,primary,IMG_8459,under3g,S6,1,0.65387437,0.54721237,1.19491885,1
window,46,S2,isolation_forest,auto,primary,IMG_8459,under3g,S6,1,0.65495525,0.54721237,1.1968941,1
window,46,S2,isolation_forest,auto,primary,IMG_8460,under3g,S6,1,0.63359656,0.54721237,1.15786228,1
window,46,S2,isolation_forest,auto,primary,IMG_8460,under3g,S6,1,0.64978691,0.54721237,1.18744924,1
window,46,S2,isolation_forest,auto,primary,IMG_8460,under3g,S6,1,0.65178051,0.54721237,1.19109244,1
window,46,S3,isolation_forest,auto,primary,IMG_8418,normal,S3,0,0.4924266,0.55303553,0.8904068,0
window,46,S3,isolation_forest,auto,primary,IMG_8418,normal,S3,0,0.46490424,0.55303553,0.84064081,0
window,46,S3,isolation_forest,auto,primary,IMG_8418,normal,S3,0,0.43580791,0.55303553,0.78802876,0
window,46,S3,isolation_forest,auto,primary,IMG_8424,normal,S3,0,0.41277602,0.55303553,0.74638245,0
window,46,S3,isolation_forest,auto,primary,IMG_8424,normal,S3,0,0.4452714,0.55303553,0.80514067,0
window,46,S3,isolation_forest,auto,primary,IMG_8424,normal,S3,0,0.38865464,0.55303553,0.70276613,0
window,46,S3,isolation_forest,auto,primary,IMG_8425,normal,S3,0,0.46444813,0.55303553,0.83981607,0
window,46,S3,isolation_forest,auto,primary,IMG_8425,normal,S3,0,0.46383607,0.55303553,0.83870934,0
window,46,S3,isolation_forest,auto,primary,IMG_8425,normal,S3,0,0.51430876,0.55303553,0.92997417,0
window,46,S3,isolation_forest,auto,primary,IMG_8426,normal,S3,0,0.45480571,0.55303553,0.82238064,0
window,46,S3,isolation_forest,auto,primary,IMG_8426,normal,S3,0,0.42432801,0.55303553,0.7672708,0
window,46,S3,isolation_forest,auto,primary,IMG_8426,normal,S3,0,0.47513643,0.55303553,0.85914268,0
window,46,S3,isolation_forest,auto,primary,IMG_8436,3g,S5,1,0.64175966,0.55303553,1.16043116,1
window,46,S3,isolation_forest,auto,primary,IMG_8436,3g,S5,1,0.64658649,0.55303553,1.16915903,1
window,46,S3,isolation_forest,auto,primary,IMG_8436,3g,S5,1,0.64855452,0.55303553,1.17271764,1
window,46,S3,isolation_forest,auto,primary,IMG_8437,3g,S5,1,0.64098603,0.55303553,1.15903227,1
window,46,S3,isolation_forest,auto,primary,IMG_8437,3g,S5,1,0.63136067,0.55303553,1.14162767,1
window,46,S3,isolation_forest,auto,primary,IMG_8437,3g,S5,1,0.63822218,0.55303553,1.15403467,1
window,46,S3,isolation_forest,auto,primary,IMG_8438,3g,S5,1,0.64099551,0.55303553,1.15904942,1
window,46,S3,isolation_forest,auto,primary,IMG_8438,3g,S5,1,0.63434446,0.55303553,1.14702298,1
window,46,S3,isolation_forest,auto,primary,IMG_8438,3g,S5,1,0.63261864,0.55303553,1.14390233,1
window,46,S3,isolation_forest,auto,primary,IMG_8439,3g,S5,1,0.63841073,0.55303553,1.1543756,1
window,46,S3,isolation_forest,auto,primary,IMG_8439,3g,S5,1,0.66544401,0.55303553,1.20325724,1
window,46,S3,isolation_forest,auto,primary,IMG_8439,3g,S5,1,0.64129775,0.55303553,1.15959593,1
window,46,S3,isolation_forest,auto,primary,IMG_8440,3g,S5,1,0.65081105,0.55303553,1.17679788,1
window,46,S3,isolation_forest,auto,primary,IMG_8440,3g,S5,1,0.65156959,0.55303553,1.17816948,1
window,46,S3,isolation_forest,auto,primary,IMG_8440,3g,S5,1,0.65245642,0.55303553,1.17977305,1
window,46,S3,isolation_forest,auto,primary,IMG_8441,3g,S5,1,0.64347327,0.55303553,1.1635297,1
window,46,S3,isolation_forest,auto,primary,IMG_8441,3g,S5,1,0.64948244,0.55303553,1.1743955,1
window,46,S3,isolation_forest,auto,primary,IMG_8441,3g,S5,1,0.63526325,0.55303553,1.14868433,1
window,46,S3,isolation_forest,auto,primary,IMG_8442,3g,S5,1,0.64643617,0.55303553,1.16888722,1
window,46,S3,isolation_forest,auto,primary,IMG_8442,3g,S5,1,0.64827032,0.55303553,1.17220374,1
window,46,S3,isolation_forest,auto,primary,IMG_8442,3g,S5,1,0.64852211,0.55303553,1.17265903,1
window,46,S3,isolation_forest,auto,primary,IMG_8443,3g,S5,1,0.64637405,0.55303553,1.1687749,1
window,46,S3,isolation_forest,auto,primary,IMG_8443,3g,S5,1,0.65686698,0.55303553,1.18774824,1
window,46,S3,isolation_forest,auto,primary,IMG_8443,3g,S5,1,0.66356367,0.55303553,1.19985721,1
window,46,S3,isolation_forest,auto,primary,IMG_8444,under3g,S6,1,0.69853333,0.55303553,1.26308943,1
window,46,S3,isolation_forest,auto,primary,IMG_8444,under3g,S6,1,0.61906625,0.55303553,1.11939689,1
window,46,S3,isolation_forest,auto,primary,IMG_8444,under3g,S6,1,0.6017974,0.55303553,1.08817131,1
window,46,S3,isolation_forest,auto,primary,IMG_8445,under3g,S6,1,0.59589135,0.55303553,1.07749198,1
window,46,S3,isolation_forest,auto,primary,IMG_8445,under3g,S6,1,0.55521213,0.55303553,1.00393574,1
window,46,S3,isolation_forest,auto,primary,IMG_8445,under3g,S6,1,0.57315763,0.55303553,1.03638482,1
window,46,S3,isolation_forest,auto,primary,IMG_8446,under3g,S6,1,0.59155389,0.55303553,1.06964897,1
window,46,S3,isolation_forest,auto,primary,IMG_8446,under3g,S6,1,0.6258016,0.55303553,1.13157575,1
window,46,S3,isolation_forest,auto,primary,IMG_8446,under3g,S6,1,0.57509912,0.55303553,1.03989542,1
window,46,S3,isolation_forest,auto,primary,IMG_8447,under3g,S6,1,0.59310123,0.55303553,1.07244688,1
window,46,S3,isolation_forest,auto,primary,IMG_8447,under3g,S6,1,0.57977805,0.55303553,1.04835588,1
window,46,S3,isolation_forest,auto,primary,IMG_8447,under3g,S6,1,0.58786036,0.55303553,1.06297033,1
window,46,S3,isolation_forest,auto,primary,IMG_8448,under3g,S6,1,0.54132181,0.55303553,0.97881922,0
window,46,S3,isolation_forest,auto,primary,IMG_8448,under3g,S6,1,0.5526257,0.55303553,0.99925893,0
window,46,S3,isolation_forest,auto,primary,IMG_8448,under3g,S6,1,0.56518196,0.55303553,1.02196319,1
window,46,S3,isolation_forest,auto,primary,IMG_8449,under3g,S6,1,0.572571,0.55303553,1.03532406,1
window,46,S3,isolation_forest,auto,primary,IMG_8449,under3g,S6,1,0.51948391,0.55303553,0.93933189,0
window,46,S3,isolation_forest,auto,primary,IMG_8449,under3g,S6,1,0.5581294,0.55303553,1.00921074,1
window,46,S3,isolation_forest,auto,primary,IMG_8450,under3g,S6,1,0.58876576,0.55303553,1.06460747,1
window,46,S3,isolation_forest,auto,primary,IMG_8450,under3g,S6,1,0.57742358,0.55303553,1.04409852,1
window,46,S3,isolation_forest,auto,primary,IMG_8450,under3g,S6,1,0.58161647,0.55303553,1.0516801,1
window,46,S3,isolation_forest,auto,primary,IMG_8451,under3g,S6,1,0.66917489,0.55303553,1.21000342,1
window,46,S3,isolation_forest,auto,primary,IMG_8451,under3g,S6,1,0.60892614,0.55303553,1.10106151,1
window,46,S3,isolation_forest,auto,primary,IMG_8451,under3g,S6,1,0.62858677,0.55303553,1.13661191,1
window,46,S3,isolation_forest,auto,primary,IMG_8453,under3g,S6,1,0.65350989,0.55303553,1.18167793,1
window,46,S3,isolation_forest,auto,primary,IMG_8453,under3g,S6,1,0.64962651,0.55303553,1.174656,1
window,46,S3,isolation_forest,auto,primary,IMG_8453,under3g,S6,1,0.6582079,0.55303553,1.1901729,1
window,46,S3,isolation_forest,auto,primary,IMG_8454,under3g,S6,1,0.65939896,0.55303553,1.19232657,1
window,46,S3,isolation_forest,auto,primary,IMG_8454,under3g,S6,1,0.65614388,0.55303553,1.18644072,1
window,46,S3,isolation_forest,auto,primary,IMG_8454,under3g,S6,1,0.65880401,0.55303553,1.19125079,1
window,46,S3,isolation_forest,auto,primary,IMG_8455,under3g,S6,1,0.62201367,0.55303553,1.12472641,1
window,46,S3,isolation_forest,auto,primary,IMG_8455,under3g,S6,1,0.6525887,0.55303553,1.18001224,1
window,46,S3,isolation_forest,auto,primary,IMG_8455,under3g,S6,1,0.63365409,0.55303553,1.14577465,1
window,46,S3,isolation_forest,auto,primary,IMG_8456,under3g,S6,1,0.60713262,0.55303553,1.09781846,1
window,46,S3,isolation_forest,auto,primary,IMG_8456,under3g,S6,1,0.64407242,0.55303553,1.16461309,1
window,46,S3,isolation_forest,auto,primary,IMG_8456,under3g,S6,1,0.63299072,0.55303553,1.14457513,1
window,46,S3,isolation_forest,auto,primary,IMG_8457,under3g,S6,1,0.62482686,0.55303553,1.12981323,1
window,46,S3,isolation_forest,auto,primary,IMG_8457,under3g,S6,1,0.62849922,0.55303553,1.13645359,1
window,46,S3,isolation_forest,auto,primary,IMG_8457,under3g,S6,1,0.62032849,0.55303553,1.12167927,1
window,46,S3,isolation_forest,auto,primary,IMG_8458,under3g,S6,1,0.65124765,0.55303553,1.17758734,1
window,46,S3,isolation_forest,auto,primary,IMG_8458,under3g,S6,1,0.66050438,0.55303553,1.1943254,1
window,46,S3,isolation_forest,auto,primary,IMG_8458,under3g,S6,1,0.66264614,0.55303553,1.19819813,1
window,46,S3,isolation_forest,auto,primary,IMG_8459,under3g,S6,1,0.65646535,0.55303553,1.18702202,1
window,46,S3,isolation_forest,auto,primary,IMG_8459,under3g,S6,1,0.66395481,0.55303553,1.20056447,1
window,46,S3,isolation_forest,auto,primary,IMG_8459,under3g,S6,1,0.6625252,0.55303553,1.19797944,1
window,46,S3,isolation_forest,auto,primary,IMG_8460,under3g,S6,1,0.63936156,0.55303553,1.1560949,1
window,46,S3,isolation_forest,auto,primary,IMG_8460,under3g,S6,1,0.65811458,0.55303553,1.19000415,1
window,46,S3,isolation_forest,auto,primary,IMG_8460,under3g,S6,1,0.66191775,0.55303553,1.19688104,1
window,46,S4,isolation_forest,auto,primary,IMG_8419,normal,S4,0,0.45182917,0.55257015,0.81768653,0
window,46,S4,isolation_forest,auto,primary,IMG_8419,normal,S4,0,0.39547794,0.55257015,0.7157063,0
window,46,S4,isolation_forest,auto,primary,IMG_8419,normal,S4,0,0.41651842,0.55257015,0.75378378,0
window,46,S4,isolation_forest,auto,primary,IMG_8420,normal,S4,0,0.41277532,0.55257015,0.7470098,0
window,46,S4,isolation_forest,auto,primary,IMG_8420,normal,S4,0,0.42834113,0.55257015,0.77517963,0
window,46,S4,isolation_forest,auto,primary,IMG_8420,normal,S4,0,0.43250905,0.55257015,0.78272243,0
window,46,S4,isolation_forest,auto,primary,IMG_8421,normal,S4,0,0.4597647,0.55257015,0.83204766,0
window,46,S4,isolation_forest,auto,primary,IMG_8421,normal,S4,0,0.48680436,0.55257015,0.880982,0
window,46,S4,isolation_forest,auto,primary,IMG_8421,normal,S4,0,0.55259528,0.55257015,1.00004548,1
window,46,S4,isolation_forest,auto,primary,IMG_8422,normal,S4,0,0.40158644,0.55257015,0.72676101,0
window,46,S4,isolation_forest,auto,primary,IMG_8422,normal,S4,0,0.42189911,0.55257015,0.76352136,0
window,46,S4,isolation_forest,auto,primary,IMG_8422,normal,S4,0,0.40622387,0.55257015,0.73515348,0
window,46,S4,isolation_forest,auto,primary,IMG_8423,normal,S4,0,0.41193866,0.55257015,0.74549568,0
window,46,S4,isolation_forest,auto,primary,IMG_8423,normal,S4,0,0.40013843,0.55257015,0.7241405,0
window,46,S4,isolation_forest,auto,primary,IMG_8423,normal,S4,0,0.43231973,0.55257015,0.78237981,0
window,46,S4,isolation_forest,auto,primary,IMG_8436,3g,S5,1,0.63320911,0.55257015,1.14593434,1
window,46,S4,isolation_forest,auto,primary,IMG_8436,3g,S5,1,0.644343,0.55257015,1.16608362,1
window,46,S4,isolation_forest,auto,primary,IMG_8436,3g,S5,1,0.64559105,0.55257015,1.16834225,1
window,46,S4,isolation_forest,auto,primary,IMG_8437,3g,S5,1,0.64043948,0.55257015,1.15901931,1
window,46,S4,isolation_forest,auto,primary,IMG_8437,3g,S5,1,0.63829504,0.55257015,1.15513848,1
window,46,S4,isolation_forest,auto,primary,IMG_8437,3g,S5,1,0.6375254,0.55257015,1.15374563,1
window,46,S4,isolation_forest,auto,primary,IMG_8438,3g,S5,1,0.64050647,0.55257015,1.15914056,1
window,46,S4,isolation_forest,auto,primary,IMG_8438,3g,S5,1,0.63328268,0.55257015,1.14606748,1
window,46,S4,isolation_forest,auto,primary,IMG_8438,3g,S5,1,0.63476834,0.55257015,1.14875612,1
window,46,S4,isolation_forest,auto,primary,IMG_8439,3g,S5,1,0.63518406,0.55257015,1.14950845,1
window,46,S4,isolation_forest,auto,primary,IMG_8439,3g,S5,1,0.6591314,0.55257015,1.19284655,1
window,46,S4,isolation_forest,auto,primary,IMG_8439,3g,S5,1,0.64173537,0.55257015,1.16136453,1
window,46,S4,isolation_forest,auto,primary,IMG_8440,3g,S5,1,0.64737946,0.55257015,1.17157878,1
window,46,S4,isolation_forest,auto,primary,IMG_8440,3g,S5,1,0.64772569,0.55257015,1.17220536,1
window,46,S4,isolation_forest,auto,primary,IMG_8440,3g,S5,1,0.64604064,0.55257015,1.16915588,1
window,46,S4,isolation_forest,auto,primary,IMG_8441,3g,S5,1,0.64169863,0.55257015,1.16129802,1
window,46,S4,isolation_forest,auto,primary,IMG_8441,3g,S5,1,0.6449352,0.55257015,1.16715533,1
window,46,S4,isolation_forest,auto,primary,IMG_8441,3g,S5,1,0.63488834,0.55257015,1.14897328,1
window,46,S4,isolation_forest,auto,primary,IMG_8442,3g,S5,1,0.64343401,0.55257015,1.1644386,1
window,46,S4,isolation_forest,auto,primary,IMG_8442,3g,S5,1,0.64392392,0.55257015,1.16532519,1
window,46,S4,isolation_forest,auto,primary,IMG_8442,3g,S5,1,0.63849584,0.55257015,1.15550187,1
window,46,S4,isolation_forest,auto,primary,IMG_8443,3g,S5,1,0.639659,0.55257015,1.15760686,1
window,46,S4,isolation_forest,auto,primary,IMG_8443,3g,S5,1,0.64991803,0.55257015,1.17617288,1
window,46,S4,isolation_forest,auto,primary,IMG_8443,3g,S5,1,0.65265358,0.55257015,1.18112348,1
window,46,S4,isolation_forest,auto,primary,IMG_8444,under3g,S6,1,0.69666754,0.55257015,1.26077663,1
window,46,S4,isolation_forest,auto,primary,IMG_8444,under3g,S6,1,0.62182823,0.55257015,1.12533808,1
window,46,S4,isolation_forest,auto,primary,IMG_8444,under3g,S6,1,0.59496108,0.55257015,1.07671592,1
window,46,S4,isolation_forest,auto,primary,IMG_8445,under3g,S6,1,0.59869779,0.55257015,1.08347834,1
window,46,S4,isolation_forest,auto,primary,IMG_8445,under3g,S6,1,0.55980244,0.55257015,1.01308846,1
window,46,S4,isolation_forest,auto,primary,IMG_8445,under3g,S6,1,0.57091531,0.55257015,1.03319969,1
window,46,S4,isolation_forest,auto,primary,IMG_8446,under3g,S6,1,0.59054635,0.55257015,1.06872647,1
window,46,S4,isolation_forest,auto,primary,IMG_8446,under3g,S6,1,0.62134448,0.55257015,1.12446262,1
window,46,S4,isolation_forest,auto,primary,IMG_8446,under3g,S6,1,0.57705342,0.55257015,1.04430799,1
window,46,S4,isolation_forest,auto,primary,IMG_8447,under3g,S6,1,0.59862263,0.55257015,1.08334231,1
window,46,S4,isolation_forest,auto,primary,IMG_8447,under3g,S6,1,0.58510671,0.55257015,1.05888222,1
window,46,S4,isolation_forest,auto,primary,IMG_8447,under3g,S6,1,0.59410829,0.55257015,1.0751726,1
window,46,S4,isolation_forest,auto,primary,IMG_8448,under3g,S6,1,0.54065624,0.55257015,0.9784391,0
window,46,S4,isolation_forest,auto,primary,IMG_8448,under3g,S6,1,0.55657722,0.55257015,1.00725168,1
window,46,S4,isolation_forest,auto,primary,IMG_8448,under3g,S6,1,0.56538443,0.55257015,1.02319031,1
window,46,S4,isolation_forest,auto,primary,IMG_8449,under3g,S6,1,0.56826001,0.55257015,1.02839433,1
window,46,S4,isolation_forest,auto,primary,IMG_8449,under3g,S6,1,0.5243987,0.55257015,0.94901742,0
window,46,S4,isolation_forest,auto,primary,IMG_8449,under3g,S6,1,0.56698918,0.55257015,1.02609448,1
window,46,S4,isolation_forest,auto,primary,IMG_8450,under3g,S6,1,0.58523833,0.55257015,1.05912042,1
window,46,S4,isolation_forest,auto,primary,IMG_8450,under3g,S6,1,0.58136656,0.55257015,1.05211357,1
window,46,S4,isolation_forest,auto,primary,IMG_8450,under3g,S6,1,0.58889475,0.55257015,1.06573753,1
window,46,S4,isolation_forest,auto,primary,IMG_8451,under3g,S6,1,0.66179081,0.55257015,1.19765936,1
window,46,S4,isolation_forest,auto,primary,IMG_8451,under3g,S6,1,0.6099818,0.55257015,1.10389929,1
window,46,S4,isolation_forest,auto,primary,IMG_8451,under3g,S6,1,0.63023876,0.55257015,1.14055881,1
window,46,S4,isolation_forest,auto,primary,IMG_8453,under3g,S6,1,0.65803298,0.55257015,1.19085871,1
window,46,S4,isolation_forest,auto,primary,IMG_8453,under3g,S6,1,0.64983329,0.55257015,1.17601954,1
window,46,S4,isolation_forest,auto,primary,IMG_8453,under3g,S6,1,0.65193827,0.55257015,1.17982896,1
window,46,S4,isolation_forest,auto,primary,IMG_8454,under3g,S6,1,0.65505506,0.55257015,1.1854695,1
window,46,S4,isolation_forest,auto,primary,IMG_8454,under3g,S6,1,0.6585573,0.55257015,1.19180759,1
window,46,S4,isolation_forest,auto,primary,IMG_8454,under3g,S6,1,0.65056812,0.55257015,1.17734938,1
window,46,S4,isolation_forest,auto,primary,IMG_8455,under3g,S6,1,0.61636667,0.55257015,1.11545415,1
window,46,S4,isolation_forest,auto,primary,IMG_8455,under3g,S6,1,0.64232169,0.55257015,1.16242559,1
window,46,S4,isolation_forest,auto,primary,IMG_8455,under3g,S6,1,0.62839123,0.55257015,1.1372153,1
window,46,S4,isolation_forest,auto,primary,IMG_8456,under3g,S6,1,0.59994331,0.55257015,1.08573239,1
window,46,S4,isolation_forest,auto,primary,IMG_8456,under3g,S6,1,0.63685641,0.55257015,1.15253495,1
window,46,S4,isolation_forest,auto,primary,IMG_8456,under3g,S6,1,0.62622461,0.55257015,1.13329431,1
window,46,S4,isolation_forest,auto,primary,IMG_8457,under3g,S6,1,0.62582208,0.55257015,1.13256585,1
window,46,S4,isolation_forest,auto,primary,IMG_8457,under3g,S6,1,0.61936786,0.55257015,1.12088548,1
window,46,S4,isolation_forest,auto,primary,IMG_8457,under3g,S6,1,0.61341631,0.55257015,1.11011481,1
window,46,S4,isolation_forest,auto,primary,IMG_8458,under3g,S6,1,0.65290374,0.55257015,1.18157621,1
window,46,S4,isolation_forest,auto,primary,IMG_8458,under3g,S6,1,0.65196847,0.55257015,1.17988363,1
window,46,S4,isolation_forest,auto,primary,IMG_8458,under3g,S6,1,0.65524979,0.55257015,1.1858219,1
window,46,S4,isolation_forest,auto,primary,IMG_8459,under3g,S6,1,0.65121635,0.55257015,1.17852249,1
window,46,S4,isolation_forest,auto,primary,IMG_8459,under3g,S6,1,0.65715959,0.55257015,1.18927812,1
window,46,S4,isolation_forest,auto,primary,IMG_8459,under3g,S6,1,0.657587,0.55257015,1.19005162,1
window,46,S4,isolation_forest,auto,primary,IMG_8460,under3g,S6,1,0.63349329,0.55257015,1.14644862,1
window,46,S4,isolation_forest,auto,primary,IMG_8460,under3g,S6,1,0.65230767,0.55257015,1.18049748,1
window,46,S4,isolation_forest,auto,primary,IMG_8460,under3g,S6,1,0.65101015,0.55257015,1.17814933,1
